"CRN","ARRIVAL_TM","AUTOMOBILE_COUNT","BELTED_DEATH_COUNT","BELTED_SUSP_SERIOUS_INJ_COUNT","BICYCLE_COUNT","BICYCLE_DEATH_COUNT","BICYCLE_SUSP_SERIOUS_INJ_COUNT","BUS_COUNT","CHLDPAS_DEATH_COUNT","CHLDPAS_SUSP_SERIOUS_INJ_COUNT","COLLISION_TYPE","COMM_VEH_COUNT","CONS_ZONE_SPD_LIM","COUNTY","CRASH_MONTH","CRASH_YEAR","DAY_OF_WEEK","DEC_LATITUDE","DEC_LONGITUDE","DISPATCH_TM","DISTRICT","DRIVER_COUNT_16YR","DRIVER_COUNT_17YR","DRIVER_COUNT_18YR","DRIVER_COUNT_19YR","DRIVER_COUNT_20YR","DRIVER_COUNT_50_64YR","DRIVER_COUNT_65_74YR","DRIVER_COUNT_75PLUS","EST_HRS_CLOSED","FATAL_COUNT","HEAVY_TRUCK_COUNT","HORSE_BUGGY_COUNT","HOUR_OF_DAY","ILLUMINATION","INJURY_COUNT","INTERSECTION_RELATED","INTERSECT_TYPE","LANE_CLOSED","LATITUDE","LN_CLOSE_DIR","LOCATION_TYPE","LONGITUDE","MAX_SEVERITY_LEVEL","MCYCLE_DEATH_COUNT","MCYCLE_SUSP_SERIOUS_INJ_COUNT","MOTORCYCLE_COUNT","MUNICIPALITY","NONMOTR_COUNT","NONMOTR_DEATH_COUNT","NONMOTR_SUSP_SERIOUS_INJ_COUNT","NTFY_HIWY_MAINT","PED_COUNT","PED_DEATH_COUNT","PED_SUSP_SERIOUS_INJ_COUNT","PERSON_COUNT","POLICE_AGCY","POSSIBLE_INJ_COUNT","RDWY_SURF_TYPE_CD","RELATION_TO_ROAD","ROADWAY_CLEARED","ROAD_CONDITION","SCH_BUS_IND","SCH_ZONE_IND","SECONDARY_CRASH","SMALL_TRUCK_COUNT","SPEC_JURIS_CD","SUSP_MINOR_INJ_COUNT","SUSP_SERIOUS_INJ_COUNT","SUV_COUNT","TCD_FUNC_CD","TCD_TYPE","TFC_DETOUR_IND","TIME_OF_DAY","TOTAL_UNITS","TOT_INJ_COUNT","UNBELTED_OCC_COUNT","UNB_DEATH_COUNT","UNB_SUSP_SERIOUS_INJ_COUNT","UNK_INJ_DEG_COUNT","UNK_INJ_PER_COUNT","URBAN_RURAL","VAN_COUNT","VEHICLE_COUNT","WEATHER1","WEATHER2","WORKERS_PRES","WORK_ZONE_IND","WORK_ZONE_LOC","WORK_ZONE_TYPE","WZ_CLOSE_DETOUR","WZ_FLAGGER","WZ_LAW_OFFCR_IND","WZ_LN_CLOSURE","WZ_MOVING","WZ_OTHER","WZ_SHLDER_MDN","WZ_WORKERS_INJ_KILLED"
"2019025161","","1","0","0","0","0","0","0","0","0","7","0","","02","3","2019","1","40.329822","-79.945311","0536","11","0","0","0","0","0","0","0","0","2","0","0","0","","","1","","0","","40 19:47.360","2","0","79 56:43.118","3","0","0","0","2454","0","0","0","N","0","0","0","1","02454","0","","2.0","","1","N","N","","0","","1","0","0","","0","N","","1","1","0","0","0","0","0","2","0","1","","","","N","","","","","","","","","",""
"2019023601","","2","0","0","0","0","0","0","0","0","1","0","","02","2","2019","4","40.415463","-79.847936","1450","11","0","0","0","1","0","0","0","0","1","0","0","0","","","1","","0","","40 24:55.668","2","0","79 50:52.571","3","0","0","0","2431","0","0","0","N","0","0","0","2","02431","0","","1.0","","1","N","N","","0","","1","0","0","","0","N","","2","1","0","0","0","0","0","2","0","2","","","","N","","","","","","","","","",""
"2019021992","","1","0","0","0","0","0","0","0","0","7","0","","02","2","2019","6","40.533731","-79.989328","2226","11","0","0","0","1","0","0","0","0","","0","0","0","","","0","","0","","40 32:01.430","","0","79 59:21.581","0","0","0","0","2116","0","0","0","N","0","0","0","1","02116","0","","2.0","","2","N","N","","0","","0","0","0","","0","","","1","0","0","0","0","0","0","2","0","1","","","","N","","","","","","","","","",""
"2019023713","","1","0","0","0","0","0","0","0","0","99","1","","02","2","2019","4","40.512824","-79.793114","1501","11","0","0","0","0","0","1","0","0","","0","1","0","","","0","","0","","40 30:46.166","","0","79 47:35.212","0","0","0","0","2466","0","0","0","N","0","0","0","3","68T02","0","","1.0","","1","N","N","","0","","0","0","0","","0","","","2","0","0","0","0","0","0","2","0","2","","","","N","","","","","","","","","",""
"2019019806","","2","0","0","0","0","0","0","0","0","1","0","","02","2","2019","2","40.410025","-80.031603","0736","11","0","0","0","0","0","0","0","0","1","0","0","0","","","1","","2","","40 24:36.091","1","0","80 01:53.771","4","0","0","0","2301","0","0","0","N","0","0","0","2","02301","1","","1.0","","1","N","N","","0","","0","0","0","","0","N","","2","1","0","0","0","0","0","2","0","2","","","","N","","","","","","","","","",""
"2019019779","","2","0","0","0","0","0","0","0","0","4","0","","02","2","2019","2","40.388656","-79.830251","0626","11","0","0","0","0","0","1","0","0","2","0","0","0","","","0","","3","","40 23:19.161","7","0","79 49:48.903","0","0","0","0","2111","0","0","0","N","0","0","0","3","02111","0","","1.0","","1","N","N","","1","","0","0","0","","0","Y","","3","0","0","0","0","0","0","2","0","3","","","","N","","","","","","","","","",""
"2019021283","","1","0","0","0","0","0","0","0","0","1","0","","02","2","2019","4","40.410735","-80.070616","1011","11","0","0","0","0","0","0","0","0","","0","0","0","","","0","","0","","40 24:38.646","","0","80 04:14.218","0","0","0","0","2117","0","0","0","N","0","0","0","3","68B03","0","","1.0","","7","N","N","","0","","0","0","2","","0","","","3","0","0","0","0","0","0","2","0","3","","","","N","","","","","","","","","",""
"2019023009","","2","0","0","0","0","0","0","0","0","1","0","","02","2","2019","3","40.340567","-80.121303","1314","11","0","0","0","0","0","1","0","0","1","0","0","0","","","0","","0","","40 20:26.042","2","0","80 07:16.691","0","0","0","0","2119","0","0","0","N","0","0","0","2","02119","0","","1.0","","1","N","N","","0","","0","0","0","","0","N","","2","0","0","0","0","0","0","2","0","2","","","","N","","","","","","","","","",""
"2019020088","","2","0","0","0","0","0","0","0","0","1","0","","02","2","2019","2","40.489267","-80.295231","1820","11","0","0","0","0","0","2","0","0","","0","0","0","","","1","","1","","40 29:21.362","","0","80 17:42.831","4","0","0","0","2203","0","0","0","N","0","0","0","3","02203","1","","1.0","","9","N","N","","0","","0","0","0","","4","","","2","1","0","0","0","0","0","2","0","2","","","","N","","","","","","","","","",""
"2019024969","","1","0","0","0","0","0","0","0","0","7","0","","02","3","2019","1","40.477525","-79.877791","1641","11","0","0","0","0","0","0","0","0","","0","0","0","","","0","","0","","40 28:39.089","","0","79 52:40.049","9","0","0","0","2113","0","0","0","N","0","0","0","1","02113","0","","2.0","","6","N","N","","0","","0","0","0","","0","","","1","0","0","0","0","0","1","2","0","1","","","","N","","","","","","","","","",""
"2019023604","","2","0","0","0","0","0","0","0","0","4","0","","02","2","2019","4","40.452608","-79.924388","1808","11","0","0","0","0","0","0","1","0","","0","0","0","","","0","","1","","40 27:09.387","","0","79 55:27.797","0","0","0","0","2301","0","0","0","N","0","0","0","2","02301","0","","1.0","","1","N","N","","0","","0","0","0","","3","","","2","0","0","0","0","0","0","2","0","2","","","","N","","","","","","","","","",""
"2019019656","","0","0","0","0","0","0","0","0","0","7","0","","02","2","2019","6","40.375532","-79.796714","2146","11","0","0","0","0","0","0","0","0","3","0","0","0","","","1","","1","","40 22:31.915","4","0","79 47:48.169","4","0","0","0","2111","0","0","0","Y","0","0","0","3","02111","1","","4.0","","1","N","N","","0","","0","0","1","","2","Y","","1","1","3","0","0","0","0","2","0","1","","","","N","","","","","","","","","",""
"2019021287","","2","0","0","0","0","0","0","0","0","1","0","","02","2","2019","5","40.427781","-79.949243","0747","11","0","0","0","0","0","0","0","0","","0","0","0","","","0","","0","","40 25:40.011","","0","79 56:57.276","0","0","0","0","2301","0","0","0","N","0","0","0","2","68B03","0","","1.0","","1","N","N","","0","","0","0","0","","0","","","2","0","0","0","0","0","0","2","0","2","","","","N","","","","","","","","","",""
"2019023051","","1","0","0","0","0","0","0","0","0","4","0","","02","2","2019","6","40.51098","-80.21353","1905","11","0","0","0","0","0","0","0","1","1","0","0","0","","","2","","0","","40 30:39.528","6","7","80 12:48.707","3","0","0","0","2213","0","0","0","N","0","0","0","2","02213","0","","1.0","","1","N","N","","1","","2","0","0","","0","Y","","2","2","0","0","0","0","0","2","0","2","","","","N","","","","","","","","","",""
"2019019810","","1","0","0","0","0","0","0","0","0","4","0","","02","2","2019","2","40.456551","-79.823081","0750","11","0","0","0","1","0","0","0","0","2","0","0","0","","","2","","2","","40 27:23.584","5","0","79 49:23.091","2","0","0","0","2113","0","0","0","N","0","0","0","2","02113","0","","1.0","","9","N","N","","0","","1","1","1","","3","Y","","2","2","1","0","1","0","0","2","0","2","","","","N","","","","","","","","","",""
"2019021431","","1","0","0","0","0","0","0","0","0","4","0","","02","2","2019","4","40.443155","-80.057911","0045","11","0","0","0","0","0","1","0","0","","0","0","0","","","0","","1","","40 26:35.357","","0","80 03:28.479","0","0","0","0","2439","0","0","0","N","0","0","0","3","02439","0","","1.0","","1","N","N","","0","","0","0","1","","3","","","2","0","0","0","0","0","0","2","0","2","","","","N","","","","","","","","","",""
"2019023053","","2","0","0","0","0","0","0","0","0","5","0","","02","2","2019","3","40.539405","-80.220186","1617","11","0","0","0","0","0","2","0","0","2","0","0","0","","","1","","0","","40 32:21.859","5","0","80 13:12.669","3","0","0","0","2213","0","0","0","N","0","0","0","2","02213","0","","1.0","","1","N","N","","0","","1","0","0","","0","N","","2","1","0","0","0","0","0","2","0","2","","","","N","","","","","","","","","",""
"2019021690","","0","0","0","0","0","0","0","0","0","7","0","","02","2","2019","6","40.465315","-80.074639","0932","11","0","0","0","0","0","0","0","0","2","0","0","0","","","1","","3","","40 27:55.134","5","0","80 04:28.700","3","0","0","0","2444","0","0","0","N","0","0","0","1","02444","0","","1.0","","1","N","N","","0","","1","0","1","","0","Y","","1","1","1","0","0","0","0","2","0","1","","","","N","","","","","","","","","",""
"2019021732","","0","0","0","0","0","0","0","0","0","7","0","","02","2","2019","4","40.521981","-80.191133","0707","11","0","0","0","0","0","0","0","0","","0","0","0","","","0","","0","","40 31:19.130","","0","80 11:28.080","0","0","0","0","2213","0","0","0","N","0","0","0","1","02213","0","","5.0","","7","N","N","","0","","0","0","0","","0","","","1","0","0","0","0","0","0","2","1","1","","","","N","","","","","","","","","",""
"2019024779","","0","0","0","0","0","0","0","0","0","7","0","","02","3","2019","7","40.45948","-79.992984","2325","11","0","0","0","0","0","0","0","0","","0","0","0","","","0","","0","","40 27:34.127","","0","79 59:34.743","0","0","0","0","2301","0","0","0","N","0","0","0","1","02301","0","","2.0","","1","N","N","","0","","0","0","1","","0","","","1","0","0","0","0","0","0","2","0","1","","","","N","","","","","","","","","",""
"2019021459","","2","0","0","0","0","0","0","0","0","1","1","","02","2","2019","4","40.423869","-80.108937","1001","11","0","0","0","0","0","1","0","0","2","0","1","0","","","0","","0","","40 25:25.929","3","0","80 06:32.172","9","0","0","0","2115","0","0","0","N","0","0","0","4","68B03","0","","1.0","","7","N","N","","0","","0","0","0","","0","N","","3","0","0","0","0","0","1","2","0","3","","","","N","","","","","","","","","",""
"2019024835","","1","0","0","0","0","0","0","0","0","7","0","","02","2","2019","4","40.499591","-80.002305","1049","11","0","0","0","0","0","0","0","0","","0","0","0","","","0","","3","","40 29:58.527","","0","80 00:08.298","0","0","0","0","2116","0","0","0","N","0","0","0","1","02116","0","","5.0","","2","N","N","","0","","0","0","0","","0","","","1","0","0","0","0","0","0","2","0","1","","","","N","","","","","","","","","",""
"2019021461","","1","0","0","0","0","0","0","0","0","7","0","","02","2","2019","5","40.428493","-79.929623","0132","11","0","0","0","0","0","0","0","0","","0","0","0","","","0","","7","","40 25:42.575","","8","79 55:46.644","9","0","0","0","2301","0","0","0","N","0","0","0","1","68B03","0","","2.0","","1","N","N","","0","","0","0","0","","0","","","1","0","0","0","0","0","1","2","0","1","","","","N","","","","","","","","","",""
"2019021144","","1","0","0","0","0","0","0","0","0","7","0","90","02","2","2019","5","40.452683","-79.910373","0524","11","0","0","0","0","0","0","0","0","","0","0","0","","","1","","1","","40 27:09.659","","0","79 54:37.341","3","0","0","0","2301","0","0","0","N","0","0","0","1","02301","0","","1.0","","9","N","N","","0","","1","0","0","","0","","","1","1","0","0","0","0","0","2","0","1","","","Y","Y","4","1","","","N","Y","","","",""
"2019021294","","1","0","0","0","0","0","0","0","0","7","0","","02","2","2019","7","40.445312","-79.848645","0501","11","0","0","0","0","1","0","0","0","1","0","0","0","","","0","","0","","40 26:43.124","3","0","79 50:55.123","0","0","0","0","2419","0","0","0","N","0","0","0","1","68B03","0","","4.0","","1","N","N","","0","","0","0","0","","0","N","","1","0","0","0","0","0","0","2","0","1","","","","N","","","","","","","","","",""
"2019024642","","0","0","0","0","0","0","0","0","0","7","0","","02","2","2019","4","40.460464","-80.108494","1623","11","0","0","0","0","0","0","0","0","2","0","0","0","","","1","","0","","40 27:37.671","2","0","80 06:30.578","8","0","0","0","2126","0","0","0","N","0","0","0","1","02126","0","","5.0","","1","N","N","","1","","0","0","0","","0","N","","1","1","0","0","0","1","0","2","0","1","","","","N","","","","","","","","","",""
"2019021700","","1","0","0","0","0","0","0","0","0","1","0","","02","2","2019","5","40.389367","-79.868027","1840","11","0","0","0","0","0","0","0","1","1","0","0","0","","","0","","0","","40 23:21.720","1","0","79 52:04.897","9","0","0","0","2473","0","0","0","N","0","0","0","3","02473","0","","1.0","","1","N","N","","1","","0","0","0","","0","N","","2","0","0","0","0","0","1","2","0","2","","","","N","","","","","","","","","",""
"2019022781","","0","0","0","0","0","0","0","0","0","0","1","","02","2","2019","7","40.674021","-80.09435","0938","11","0","0","0","0","0","1","0","0","3","0","1","0","","","1","","0","","40 40:26.476","1","2","80 05:39.659","3","0","0","0","2212","0","0","0","N","0","0","0","1","68T02","0","","1.0","","1","N","N","","0","","1","0","0","","0","N","","1","1","0","0","0","0","0","2","0","1","","","","N","","","","","","","","","",""
"2019021702","","0","0","0","0","0","0","0","0","0","7","1","","02","2","2019","5","40.652306","-79.792583","1210","11","0","0","0","0","0","0","0","1","2","0","1","0","","","0","","1","","40 39:08.301","6","0","79 47:33.297","0","0","0","0","2202","0","0","0","Y","0","0","0","1","02202","0","","4.0","","1","N","N","","0","","0","0","0","","0","N","","1","0","0","0","0","0","0","1","0","1","","","","N","","","","","","","","","",""
"2019019682","","1","0","0","0","0","0","0","0","0","4","0","","02","2","2019","1","40.401545","-80.009418","2317","11","0","0","0","0","0","0","0","0","","0","0","0","","","0","","0","","40 24:05.563","","0","80 00:33.905","9","0","0","0","2301","0","0","0","N","0","0","0","1","02301","0","","1.0","","98","N","N","","0","","0","0","0","","0","","","2","0","0","0","0","0","1","2","0","2","","","","N","","","","","","","","","",""
"2019021151","","0","0","0","0","0","0","0","0","0","7","0","","02","2","2019","4","40.636713","-80.008575","1122","11","0","0","0","1","0","0","0","0","","0","0","0","","","0","","2","","40 38:12.165","","0","80 00:30.870","0","0","0","0","2216","0","0","0","N","0","0","0","1","02505","0","","5.0","","6","N","N","","1","","0","0","0","","0","","","1","0","0","0","0","0","0","2","0","1","","","","N","","","","","","","","","",""
"2019024657","","1","0","0","0","0","0","0","0","0","4","0","","02","3","2019","7","40.553155","-80.02229","1648","11","0","0","0","0","0","1","0","0","1","0","0","0","","","1","","0","","40 33:11.359","3","7","80 01:20.243","4","0","0","0","2116","0","0","0","N","0","0","0","3","02116","1","","1.0","","1","N","N","","0","","0","0","1","","0","N","","2","1","0","0","0","0","0","2","0","2","","","","N","","","","","","","","","",""
"2019024998","","2","0","0","0","0","0","0","0","0","4","0","","02","3","2019","1","40.440493","-79.960229","1820","11","0","0","0","0","0","0","0","0","2","0","0","0","","","0","","1","","40 26:25.775","4","0","79 57:36.823","0","0","0","0","2301","0","0","0","N","0","0","0","2","02301","0","","1.0","","9","N","N","","0","","0","0","0","","2","N","","2","0","0","0","0","0","0","2","0","2","","","","N","","","","","","","","","",""
"2019021713","","1","0","0","0","0","0","0","0","0","8","0","","02","1","2019","6","40.443462","-79.749958","1459","11","0","0","0","0","0","1","0","0","","0","0","0","","","1","","1","","40 26:36.463","","0","79 44:59.848","8","0","0","0","2446","1","0","0","N","1","0","0","2","02446","0","","1.0","","9","N","N","","0","","0","0","0","","3","","","2","1","0","0","0","1","0","2","0","1","","","","N","","","","","","","","","",""
"2019021181","","1","0","0","0","0","0","0","0","0","7","0","","02","2","2019","4","40.408635","-80.026154","0738","11","0","0","0","0","0","0","0","0","2","0","0","0","","","0","","0","","40 24:31.085","4","0","80 01:34.153","0","0","0","0","2301","0","0","0","N","0","0","0","1","02301","0","","5.0","","7","N","N","","0","","0","0","0","","0","Y","","1","0","0","0","0","0","0","2","0","1","","","","N","","","","","","","","","",""
"2019021303","","1","0","0","0","0","0","0","0","0","7","0","","02","2","2019","4","40.573449","-79.787706","1139","11","0","0","0","0","0","0","0","0","1","0","0","0","","","0","","0","","40 34:24.416","1","0","79 47:15.743","0","0","0","0","2104","0","0","0","N","0","0","0","1","68D02","0","","2.0","","6","N","N","","0","","0","0","0","","0","N","","1","0","0","0","0","0","0","2","0","1","","","","N","","","","","","","","","",""
"2019019833","","2","0","0","0","0","0","0","0","0","1","0","","02","2","2019","6","40.396409","-80.085474","1252","11","0","1","0","0","0","1","0","0","","0","0","0","","","0","","0","","40 23:47.071","","0","80 05:07.708","0","0","0","0","2102","0","0","0","N","0","0","0","4","02102","0","","1.0","","1","N","N","","0","","0","0","2","","0","","","4","0","0","0","0","0","0","2","0","4","","","","N","","","","","","","","","",""
"2019022933","","0","0","0","0","0","0","0","0","0","7","0","","02","2","2019","5","40.642566","-79.775054","0733","11","0","0","0","0","0","0","0","0","3","0","0","0","","","0","","0","","40 38:33.236","5","0","79 46:30.194","9","0","0","0","2202","0","0","0","N","0","0","0","1","68D02","0","","4.0","","1","N","N","","0","","0","0","1","","0","Y","","1","0","0","0","0","0","1","1","0","1","","","","N","","","","","","","","","",""
"2019025015","","2","0","0","0","0","0","0","0","0","7","0","","02","3","2019","1","40.461334","-79.888506","1805","11","0","0","0","1","0","0","0","0","","0","0","0","","","0","","2","","40 27:40.802","","0","79 53:18.620","9","0","0","0","2301","0","0","0","N","0","0","0","3","02301","0","","2.0","","2","N","N","","0","","0","0","0","","0","","","2","0","0","0","0","0","1","2","0","2","","","","N","","","","","","","","","",""
"2019024342","","0","0","0","0","0","0","0","0","0","7","0","","02","2","2019","4","40.506382","-80.073993","2108","11","0","0","0","0","0","0","0","0","2","0","0","0","","","0","","0","","40 30:22.976","7","0","80 04:26.375","0","0","0","0","2402","0","0","0","N","0","0","0","1","02402","0","","5.0","","1","N","N","","0","","0","0","1","","0","N","","1","0","0","0","0","0","0","2","0","1","","","","N","","","","","","","","","",""
"2019024522","","1","0","0","0","0","0","0","0","0","5","0","","02","3","2019","7","40.442789","-79.955051","0826","11","0","0","0","0","0","0","1","0","","0","0","0","","","0","","0","","40 26:34.041","","0","79 57:18.185","0","0","0","0","2301","0","0","0","N","0","0","0","2","02301","0","","1.0","","1","N","N","","0","","0","0","1","","0","","","2","0","0","0","0","0","0","2","0","2","","","","N","","","","","","","","","",""
"2019024715","","1","0","0","0","0","0","0","0","0","7","0","","02","3","2019","7","40.379623","-79.925521","0004","11","0","0","0","0","0","0","0","0","","0","0","0","","","0","","2","","40 22:46.644","","0","79 55:31.877","0","0","0","0","2301","0","0","0","N","0","0","0","1","02301","0","","1.0","","1","N","N","","0","","0","0","0","","2","","","1","0","1","0","0","0","0","2","0","1","","","","N","","","","","","","","","",""
"2019022645","","1","0","0","0","0","0","0","0","0","7","0","","02","2","2019","1","40.477269","-79.743873","1702","11","0","0","0","0","0","0","0","0","","0","0","0","","","0","","2","","40 28:38.167","","0","79 44:37.941","0","0","0","0","2466","0","0","0","N","0","0","0","1","02466","0","","5.0","","1","N","N","","0","","0","0","0","","3","","","1","0","0","0","0","0","0","2","0","1","","","","N","","","","","","","","","",""
"2019022799","","0","0","0","0","0","0","0","0","0","7","0","","02","2","2019","1","40.342189","-79.98064","2358","11","0","0","0","0","0","0","0","0","1","0","0","0","","","0","","0","","40 20:31.879","2","0","79 58:50.304","0","0","0","0","2403","0","0","0","N","0","0","0","1","02403","0","","5.0","","1","N","N","","0","","0","0","1","","0","N","","1","0","0","0","0","0","0","2","0","1","","","","N","","","","","","","","","",""
"2019025018","","1","0","0","0","0","0","0","0","0","7","0","","02","3","2019","1","40.384071","-79.989289","1731","11","0","0","1","0","0","0","0","0","2","0","0","0","","","0","","0","","40 23:02.654","4","0","79 59:21.439","0","0","0","0","2301","0","0","0","N","0","0","0","2","02301","0","","5.0","","7","N","N","","0","","0","0","0","","0","N","","1","0","0","0","0","0","0","2","0","1","","","","Y","","","","","","","","","",""
"2019025060","","1","0","0","0","0","0","0","0","0","7","0","","02","2","2019","2","40.495107","-79.980856","2327","11","0","0","0","1","0","0","0","0","2","0","0","0","","","0","","2","","40 29:42.386","7","0","79 58:51.083","0","0","0","0","2118","0","0","0","N","0","0","0","1","02118","0","","2.0","","1","N","N","","0","","0","0","0","","0","Y","","1","0","0","0","0","0","0","2","0","1","","","","N","","","","","","","","","",""
"2019022652","","1","0","0","0","0","0","0","0","0","2","0","","02","2","2019","2","40.419478","-79.724066","1542","11","0","0","0","0","0","2","0","0","","0","0","0","","","1","","0","","40 25:10.120","","0","79 43:26.639","8","0","0","0","2446","0","0","0","N","0","0","0","2","02446","0","","1.0","","1","N","N","","1","","0","0","0","","0","","","2","1","0","0","0","1","0","2","0","2","","","","N","","","","","","","","","",""
"2019023088","","1","0","0","0","0","0","0","0","0","7","0","","02","2","2019","3","40.467435","-79.846897","1816","11","0","0","0","0","0","1","0","0","1","0","0","0","","","0","","0","","40 28:02.765","5","0","79 50:48.828","0","0","0","0","2113","0","0","0","N","0","0","0","1","02113","0","","2.0","","1","N","N","","0","","0","0","0","","0","N","","1","0","0","0","0","0","0","2","0","1","","","","N","","","","","","","","","",""
"2019021199","","0","0","0","0","0","0","0","0","0","7","0","","02","2","2019","4","40.437481","-79.77702","1042","11","0","0","0","0","0","1","0","0","1","0","0","0","","","2","","0","","40 26:14.933","4","0","79 46:37.273","8","0","0","0","2446","0","0","0","N","0","0","0","2","02446","0","","5.0","","7","N","N","","1","","0","0","0","","0","N","","1","2","0","0","0","2","0","2","0","1","","","","N","","","","","","","","","",""
"2019021342","","1","0","0","0","0","0","0","0","0","7","0","","02","2","2019","6","40.323536","-79.898899","1807","11","0","0","0","0","0","0","0","0","1","0","0","0","","","0","","0","","40 19:24.729","2","0","79 53:56.035","0","0","0","0","2473","0","0","0","Y","0","0","0","2","02473","0","","2.0","","7","N","N","","0","","0","0","0","","0","Y","","1","0","0","0","0","0","0","2","0","1","","","","N","","","","","","","","","",""
"2019023101","","1","0","0","0","0","0","0","0","0","4","0","","02","2","2019","3","40.419207","-80.029712","1825","11","0","0","0","0","0","0","0","1","","0","0","0","","","1","","2","","40 25:09.146","","0","80 01:46.963","4","0","0","0","2301","0","0","0","N","0","0","0","3","02301","1","","1.0","","1","N","N","","0","","0","0","1","","0","","","2","1","0","0","0","0","0","2","0","2","","","","N","","","","","","","","","",""
"2019025080","","2","0","0","0","0","0","0","0","0","5","0","","02","3","2019","1","40.623798","-80.090719","1456","11","0","0","0","1","0","0","0","0","","0","0","0","","","0","","2","","40 37:25.672","","0","80 05:26.590","0","0","0","0","2212","0","0","0","N","0","0","0","3","02505","0","","1.0","","7","N","N","","0","","0","0","0","","0","","","2","0","0","0","0","0","0","2","0","2","","","","N","","","","","","","","","",""
"2019023102","","1","0","0","0","0","0","0","0","0","8","0","","02","2","2019","3","40.461685","-80.008756","1832","11","0","0","0","0","0","0","0","0","","0","0","0","","","1","","0","","40 27:42.067","","0","80 00:31.523","3","0","0","0","2301","1","0","0","N","1","0","0","2","02301","0","","1.0","","1","N","N","","0","","1","0","0","","0","","","2","1","0","0","0","0","0","2","0","1","","","","N","","","","","","","","","",""
"2019025084","","2","0","0","0","0","0","0","0","0","5","0","","02","3","2019","1","40.438639","-79.987329","2300","11","0","0","0","0","0","0","0","0","","0","0","0","","","0","","0","","40 26:19.099","","7","79 59:14.384","0","0","0","0","2301","0","0","0","N","0","0","0","2","02301","0","","1.0","","2","N","N","","0","","0","0","0","","0","","","2","0","1","0","0","0","0","2","0","2","","","","N","","","","","","","","","",""
"2019019851","","1","0","0","0","0","0","0","0","0","4","0","","02","2","2019","5","40.310528","-79.949797","1256","11","0","0","0","0","0","0","0","2","1","0","0","0","","","2","","1","","40 18:37.901","4","0","79 56:59.269","4","0","0","0","2440","0","0","0","N","0","0","0","2","02440","2","","1.0","","1","N","N","","0","","0","0","1","","3","N","","2","2","0","0","0","0","0","2","0","2","","","","N","","","","","","","","","",""
"2019022945","","0","0","0","0","0","0","0","0","0","7","0","","02","2","2019","1","40.492385","-79.910377","2120","11","0","1","0","0","0","0","0","0","","0","0","0","","","0","","7","","40 29:32.586","","8","79 54:37.358","0","0","0","0","2112","0","0","0","N","0","0","0","1","68D02","0","","4.0","","9","N","N","","0","","0","0","1","","0","","","1","0","0","0","0","0","0","2","0","1","","","","N","","","","","","","","","",""
"2019024368","","1","0","0","0","0","0","0","0","0","7","0","","02","3","2019","6","40.324425","-79.904867","0529","11","0","0","0","0","0","1","0","0","1","0","0","0","","","0","","0","","40 19:27.930","5","0","79 54:17.520","0","0","0","0","2473","0","0","0","Y","0","0","0","2","02473","0","","2.0","","6","N","N","","1","","0","0","0","","0","N","","2","0","0","0","0","0","0","2","0","2","","","","N","","","","","","","","","",""
"2019024541","","1","0","0","0","0","0","0","0","0","7","0","","02","3","2019","7","40.42228","-80.250179","1000","11","0","0","0","0","0","0","1","0","2","0","0","0","","","1","","0","","40 25:20.209","5","0","80 15:00.643","3","0","0","0","2214","0","0","0","N","0","0","0","1","02214","0","","5.0","","1","N","N","","0","","1","0","0","","0","N","","1","1","1","0","0","0","0","1","0","1","","","","N","","","","","","","","","",""
"2019021320","","0","0","0","0","0","0","0","0","0","7","0","","02","1","2019","1","40.341106","-80.127485","0106","11","0","0","0","0","0","0","0","0","","0","0","0","","","0","","0","","40 20:27.981","","0","80 07:38.947","0","0","0","0","2119","0","0","0","N","0","0","0","1","68B03","0","","4.0","","7","N","N","","1","","0","0","0","","0","","","1","0","0","0","0","0","0","2","0","1","","","","N","","","","","","","","","",""
"2019019892","","1","0","0","0","0","0","0","0","0","7","0","","02","1","2019","7","40.462294","-79.76073","1429","11","0","0","0","0","0","0","0","0","","0","0","0","","","0","","0","","40 27:44.260","","0","79 45:38.628","0","0","0","0","2466","0","0","0","N","0","0","0","1","68T02","0","","3.0","","9","N","N","","0","","0","0","0","","0","","","1","0","0","0","0","0","0","2","0","1","","","","N","","","","","","","","","",""
"2019023105","","1","0","0","1","0","0","0","0","0","8","0","","02","2","2019","3","40.426264","-79.963573","1933","11","0","0","0","0","0","0","0","0","","0","0","0","","","1","","1","","40 25:34.552","","0","79 57:48.863","4","0","0","0","2301","1","0","0","N","0","0","0","2","02301","1","","1.0","","1","N","N","","0","","0","0","0","","2","","","2","1","0","0","0","0","0","2","0","1","","","","N","","","","","","","","","",""
"2019020266","","1","0","0","0","0","0","0","0","0","7","0","","02","2","2019","3","40.32443","-79.83294","0655","11","0","0","0","0","0","1","0","0","2","0","0","0","","","0","","0","","40 19:27.949","6","0","79 49:58.583","0","0","0","0","2304","0","0","0","N","0","0","0","1","02304","0","","4.0","","2","N","N","","0","","0","0","0","","0","Y","","1","0","0","0","0","0","0","2","0","1","","","","N","","","","","","","","","",""