"CRN","ARRIVAL_TM","AUTOMOBILE_COUNT","BELTED_DEATH_COUNT","BELTED_SUSP_SERIOUS_INJ_COUNT","BICYCLE_COUNT","BICYCLE_DEATH_COUNT","BICYCLE_SUSP_SERIOUS_INJ_COUNT","BUS_COUNT","CHLDPAS_DEATH_COUNT","CHLDPAS_SUSP_SERIOUS_INJ_COUNT","COLLISION_TYPE","COMM_VEH_COUNT","CONS_ZONE_SPD_LIM","COUNTY","CRASH_MONTH","CRASH_YEAR","DAY_OF_WEEK","DEC_LATITUDE","DEC_LONGITUDE","DISPATCH_TM","DISTRICT","DRIVER_COUNT_16YR","DRIVER_COUNT_17YR","DRIVER_COUNT_18YR","DRIVER_COUNT_19YR","DRIVER_COUNT_20YR","DRIVER_COUNT_50_64YR","DRIVER_COUNT_65_74YR","DRIVER_COUNT_75PLUS","EST_HRS_CLOSED","FATAL_COUNT","HEAVY_TRUCK_COUNT","HORSE_BUGGY_COUNT","HOUR_OF_DAY","ILLUMINATION","INJURY_COUNT","INTERSECTION_RELATED","INTERSECT_TYPE","LANE_CLOSED","LATITUDE","LN_CLOSE_DIR","LOCATION_TYPE","LONGITUDE","MAX_SEVERITY_LEVEL","MCYCLE_DEATH_COUNT","MCYCLE_SUSP_SERIOUS_INJ_COUNT","MOTORCYCLE_COUNT","MUNICIPALITY","NONMOTR_COUNT","NONMOTR_DEATH_COUNT","NONMOTR_SUSP_SERIOUS_INJ_COUNT","NTFY_HIWY_MAINT","PED_COUNT","PED_DEATH_COUNT","PED_SUSP_SERIOUS_INJ_COUNT","PERSON_COUNT","POLICE_AGCY","POSSIBLE_INJ_COUNT","RDWY_SURF_TYPE_CD","RELATION_TO_ROAD","ROADWAY_CLEARED","ROAD_CONDITION","SCH_BUS_IND","SCH_ZONE_IND","SECONDARY_CRASH","SMALL_TRUCK_COUNT","SPEC_JURIS_CD","SUSP_MINOR_INJ_COUNT","SUSP_SERIOUS_INJ_COUNT","SUV_COUNT","TCD_FUNC_CD","TCD_TYPE","TFC_DETOUR_IND","TIME_OF_DAY","TOTAL_UNITS","TOT_INJ_COUNT","UNBELTED_OCC_COUNT","UNB_DEATH_COUNT","UNB_SUSP_SERIOUS_INJ_COUNT","UNK_INJ_DEG_COUNT","UNK_INJ_PER_COUNT","URBAN_RURAL","VAN_COUNT","VEHICLE_COUNT","WEATHER1","WEATHER2","WORKERS_PRES","WORK_ZONE_IND","WORK_ZONE_LOC","WORK_ZONE_TYPE","WZ_CLOSE_DETOUR","WZ_FLAGGER","WZ_LAW_OFFCR_IND","WZ_LN_CLOSURE","WZ_MOVING","WZ_OTHER","WZ_SHLDER_MDN","WZ_WORKERS_INJ_KILLED"
"2019025605","","1","0","0","0","0","0","0","0","0","7","0","","02","3","2019","1","40.355991","-79.936887","2130","11","0","0","0","0","0","0","0","0","1","0","0","0","","","0","","0","","40 21:21.567","1","0","79 56:12.793","0","0","0","0","2473","0","0","0","N","0","0","0","1","02473","0","","2.0","","6","N","N","","0","","0","0","0","","0","N","","1","0","0","0","0","0","0","2","0","1","","","","N","","","","","","","","","",""
"2019020547","","1","0","0","0","0","0","0","0","0","7","0","","02","2","2019","4","40.516468","-80.004441","1945","11","0","0","0","0","0","0","0","0","1","0","0","0","","","0","","0","","40 30:59.286","1","0","80 00:15.988","0","0","0","0","2116","0","0","0","Y","0","0","0","1","02116","0","","4.0","","1","N","N","","0","","0","0","0","","0","N","","1","0","0","0","0","0","0","2","0","1","","","","N","","","","","","","","","",""
"2019023929","","1","0","0","0","0","0","0","0","0","2","0","","02","2","2019","5","40.423261","-79.92749","1059","11","0","0","0","0","0","1","0","0","","0","0","0","","","0","","0","","40 25:23.741","","0","79 55:38.965","0","0","0","0","2301","0","0","0","N","0","0","0","2","02301","0","","1.0","","1","N","N","","0","","0","0","1","","0","","","2","0","0","0","0","0","0","2","0","2","","","","N","","","","","","","","","",""
"2019041937","","2","0","0","0","0","0","0","0","0","4","0","","02","4","2019","2","40.450889","-79.954946","2351","11","0","0","0","0","0","0","1","0","","0","0","0","","","1","","1","","40 27:03.200","","0","79 57:17.805","8","0","0","0","2301","0","0","0","N","0","0","0","3","02301","0","","1.0","","1","N","N","","0","","0","0","0","","2","","","2","1","0","0","0","1","0","2","0","2","","","","N","","","","","","","","","",""
"2019023636","","1","0","0","0","0","0","0","0","0","4","0","","02","2","2019","6","40.55709","-80.140606","1712","11","0","0","0","0","0","0","0","0","2","0","0","0","","","2","","0","","40 33:25.525","6","0","80 08:26.180","8","0","0","0","2459","0","0","0","N","0","0","0","2","02459","0","","1.0","","1","N","N","","0","","0","0","1","","0","Y","","2","2","0","0","0","2","0","1","0","2","","","","N","","","","","","","","","",""
"2019023669","","3","0","0","0","0","0","0","0","0","1","0","","02","2","2019","4","40.402407","-79.907366","0244","11","0","0","0","0","0","1","0","0","","0","0","0","","","0","","0","","40 24:08.664","","0","79 54:26.517","0","0","0","0","2438","0","0","0","N","0","0","0","1","02438","0","","4.0","","1","N","N","","0","","0","0","0","","0","","","3","0","0","0","0","0","0","2","0","3","","","","N","","","","","","","","","",""
"2019020550","","1","0","0","0","0","0","0","0","0","2","0","","02","2","2019","3","40.429171","-79.999274","1901","11","0","0","0","0","0","1","0","0","2","0","0","0","","","1","","1","","40 25:45.014","2","3","79 59:57.386","8","0","0","0","2301","0","0","0","Y","0","0","0","1","02301","0","","5.0","","1","N","N","","0","","0","0","1","","2","N","","2","1","0","0","0","1","0","2","0","2","","","","N","","","","","","","","","",""
"2019025611","","2","0","0","0","0","0","0","0","0","1","0","","02","3","2019","2","40.441039","-80.051571","1841","11","0","0","0","0","0","0","0","0","","0","0","0","","","1","","0","","40 26:27.741","","0","80 03:05.657","8","0","0","0","2301","0","0","0","N","0","0","0","3","02301","0","","1.0","","1","N","N","","0","","0","0","2","","0","","","4","1","0","0","0","1","0","2","0","4","","","","N","","","","","","","","","",""
"2019041942","","2","0","0","0","0","0","0","0","0","1","0","","02","4","2019","3","40.504444","-79.8325","0511","11","0","0","0","0","1","0","0","0","","0","0","0","","","0","","0","","40 30:16.000","","0","79 49:57.000","0","0","0","0","2113","0","0","0","N","0","0","0","1","02113","0","","1.0","","1","N","N","","0","","0","0","0","","0","","","2","0","0","0","0","0","0","2","0","2","","","","N","","","","","","","","","",""
"2019021899","","3","0","0","0","0","0","0","0","0","1","0","","02","2","2019","5","40.412284","-80.045898","1112","11","0","1","0","0","0","0","0","0","1","0","0","0","","","0","","2","","40 24:44.223","1","0","80 02:45.234","0","0","0","0","2435","0","0","0","N","0","0","0","4","02435","0","","1.0","","1","N","N","","0","","0","0","0","","0","N","","3","0","0","0","0","0","0","2","0","3","","","","N","","","","","","","","","",""
"2019043485","","2","0","0","0","0","0","0","0","0","5","0","","02","4","2019","7","40.438043","-79.921146","0922","11","0","0","0","0","0","0","0","0","","0","0","0","","","0","","0","","40 26:16.956","","0","79 55:16.126","0","0","0","0","2301","0","0","0","N","0","0","0","2","02301","0","","4.0","","1","N","N","","0","","0","0","0","","0","","","2","0","0","0","0","0","0","2","0","2","","","","N","","","","","","","","","",""
"2019040118","","0","0","0","0","0","0","0","0","0","7","0","","02","2","2019","7","40.472142","-80.211833","0624","11","0","0","0","0","0","1","0","0","","0","0","0","","","0","","0","","40 28:19.712","","0","80 12:42.597","0","0","0","0","2203","0","0","0","N","0","0","0","1","68B03","0","","4.0","","2","N","N","","0","","0","0","1","","0","","","1","0","1","0","0","0","0","2","0","1","","","","N","","","","","","","","","",""
"2019023643","","1","0","0","0","0","0","0","0","0","4","0","","02","2","2019","4","40.319152","-80.117563","1916","11","1","0","0","0","0","1","0","0","2","0","0","0","","","1","","1","","40 19:08.946","7","0","80 07:03.225","8","0","0","0","2119","0","0","0","N","0","0","0","3","02119","0","","1.0","","1","N","N","","0","","0","0","1","","2","Y","","2","1","2","0","0","1","0","2","0","2","","","","N","","","","","","","","","",""
"2019043488","","2","0","0","0","0","0","0","0","0","4","0","","02","4","2019","6","40.383975","-80.211253","1229","11","0","0","0","0","1","0","0","0","","0","0","0","","","1","","0","","40 23:02.310","","0","80 12:40.512","3","0","0","0","2214","0","0","0","N","0","0","0","2","02214","0","","1.0","","9","N","N","","0","","1","0","0","","0","","","2","1","0","0","0","0","0","2","0","2","","","","N","","","","","","","","","",""
"2019039970","","1","0","0","0","0","0","0","0","0","1","0","","02","4","2019","3","40.383617","-79.998224","1139","11","0","0","0","0","0","1","0","0","9","0","0","0","","","1","","2","","40 23:01.021","1","0","79 59:53.606","8","0","0","0","2301","0","0","0","N","0","0","0","2","02301","0","","1.0","","1","N","N","","0","","0","0","1","","7","N","","2","1","0","0","0","1","1","2","0","2","","","","Y","","","","","","","","","",""
"2019023937","","0","0","0","0","0","0","0","0","0","8","0","","02","2","2019","5","40.452244","-79.950851","0924","11","0","0","0","0","0","0","0","0","1","0","0","0","","","1","","1","","40 27:08.078","7","0","79 57:03.065","8","0","0","0","2301","1","0","0","N","1","0","0","2","02301","0","","1.0","","1","N","N","","1","","0","0","0","","2","Y","","2","1","0","0","0","1","0","2","0","1","","","","N","","","","","","","","","",""
"2019037982","","1","0","0","0","0","0","0","0","0","1","0","","02","4","2019","3","40.480839","-79.704793","0836","11","0","0","0","0","1","0","0","0","1","0","0","0","","","1","","2","","40 28:51.021","1","0","79 42:17.256","8","0","0","0","2466","0","0","0","N","0","0","0","3","02466","0","","1.0","","1","N","N","","0","","0","0","1","","0","N","","2","1","0","0","0","1","0","2","0","2","","","","N","","","","","","","","","",""
"2019020560","","1","0","0","0","0","0","0","0","0","7","0","","02","2","2019","7","40.415824","-80.012993","0400","11","0","0","0","0","0","0","0","0","","0","0","0","","","0","","3","","40 24:56.966","","0","80 00:46.774","0","0","0","0","2301","0","0","0","N","0","0","0","1","02301","0","","2.0","","1","N","N","","0","","0","0","0","","3","","","1","0","0","0","0","0","0","2","0","1","","","","N","","","","","","","","","",""
"2019037986","","1","0","0","0","0","0","0","0","0","1","0","","02","4","2019","4","40.451644","-79.826544","0704","11","0","0","0","0","0","0","0","0","2","0","0","0","","","0","","0","","40 27:05.919","2","0","79 49:35.560","0","0","0","0","2113","0","0","0","N","0","0","0","2","02113","0","","1.0","","1","N","N","","0","","0","0","1","","0","N","","2","0","0","0","0","0","0","2","0","2","","","","N","","","","","","","","","",""
"2019043635","","2","0","0","0","0","0","0","0","0","1","0","","02","4","2019","5","40.547273","-79.947087","1751","11","0","1","0","0","0","0","0","0","2","0","0","0","","","1","","2","","40 32:50.183","6","0","79 56:49.512","4","0","0","0","2118","0","0","0","Y","0","0","0","2","02118","1","","1.0","","1","N","N","","0","","0","0","0","","0","N","","2","1","1","0","0","0","0","2","0","2","","","","N","","","","","","","","","",""
"2019021935","","0","0","0","0","0","0","0","0","0","7","0","","02","2","2019","7","40.56444","-80.151407","0024","11","0","1","0","0","0","0","0","0","1","0","0","0","","","0","","0","","40 33:51.985","5","0","80 09:05.066","9","0","0","0","2459","0","0","0","N","0","0","0","2","02459","0","","5.0","","1","N","N","","0","","0","0","1","","0","N","","1","0","0","0","0","0","2","1","0","1","","","","N","","","","","","","","","",""
"2019025620","","1","0","0","0","0","0","0","0","0","1","0","","02","3","2019","2","40.444593","-79.828285","1654","11","0","0","0","0","0","0","0","0","2","0","0","0","","","0","","0","","40 26:40.533","2","0","79 49:41.825","0","0","0","0","2113","0","0","0","N","0","0","0","5","02113","0","","1.0","","1","N","N","","0","","0","0","2","","0","Y","","3","0","0","0","0","0","0","2","0","3","","","","N","","","","","","","","","",""
"2019043497","","1","0","0","0","0","0","0","0","0","5","0","","02","4","2019","7","40.399316","-80.044532","1111","11","0","0","0","0","0","1","0","1","","0","0","0","","","0","","3","","40 23:57.539","","0","80 02:40.316","0","0","0","0","2301","0","0","0","N","0","0","0","2","02301","0","","1.0","","1","N","N","","0","","0","0","1","","2","","","2","0","0","0","0","0","0","2","0","2","","","","N","","","","","","","","","",""
"2019020679","","2","0","0","0","0","0","0","0","0","1","0","","02","2","2019","4","40.449706","-80.025099","0641","11","0","0","0","0","0","1","0","0","1","0","0","0","","","1","","1","","40 26:58.940","2","3","80 01:30.356","4","0","0","0","2301","0","0","0","N","0","0","0","2","02301","1","","1.0","","7","N","N","","0","","0","0","0","","0","N","","2","1","0","0","0","0","0","2","0","2","","","","N","","","","","","","","","",""
"2019037991","","1","0","0","0","0","0","0","0","0","2","0","","02","4","2019","4","40.467663","-79.825403","0737","11","0","0","0","0","0","1","0","1","","0","0","0","","","0","","0","","40 28:03.587","","7","79 49:31.450","0","0","0","0","2113","0","0","0","N","0","0","0","3","02113","0","","1.0","","1","N","N","","0","","0","0","1","","0","","","2","0","0","0","0","0","0","2","0","2","","","","N","","","","","","","","","",""
"2019043639","","1","0","0","0","0","0","0","0","0","7","0","","02","4","2019","7","40.452411","-80.231006","0444","11","0","0","0","0","0","0","0","0","2","0","0","0","","","0","","0","","40 27:08.678","2","0","80 13:51.620","0","0","0","0","2214","0","0","0","N","0","0","0","2","02214","0","","5.0","","1","N","N","","0","","0","0","0","","0","N","","1","0","0","0","0","0","0","2","0","1","","","","N","","","","","","","","","",""
"2019020569","","1","0","0","0","0","0","0","0","0","4","0","","02","2","2019","3","40.389686","-80.133467","1958","11","0","0","1","0","0","0","1","0","1","0","0","0","","","1","","1","","40 23:22.871","4","0","80 08:00.482","4","0","0","0","2102","0","0","0","N","0","0","0","3","02102","1","","1.0","","1","N","N","","0","","0","0","1","","3","N","","2","1","0","0","0","0","0","2","0","2","","","","N","","","","","","","","","",""
"2019020680","","1","0","0","0","0","0","0","0","0","4","0","","02","2","2019","1","40.440695","-80.154524","1322","11","0","0","0","0","0","0","0","0","1","0","0","0","","","0","","0","","40 26:26.502","5","7","80 09:16.286","0","0","0","0","2115","0","0","0","N","0","0","0","2","02115","0","","1.0","","1","N","N","","0","","0","0","0","","3","N","","2","0","0","0","0","0","0","2","1","2","","","","N","","","","","","","","","",""
"2019043501","","2","0","0","0","0","0","0","0","0","1","0","","02","4","2019","7","40.484222","-79.907838","1145","11","0","0","0","0","0","0","1","1","","0","0","0","","","0","","1","","40 29:03.199","","0","79 54:28.216","0","0","0","0","2301","0","0","0","N","0","0","0","2","02301","0","","1.0","","1","N","N","","0","","0","0","0","","2","","","2","0","0","0","0","0","0","2","0","2","","","","N","","","","","","","","","",""
"2019043642","","2","0","0","0","0","0","0","0","0","4","0","","02","4","2019","7","40.477664","-79.785484","2220","11","0","0","0","0","0","0","1","0","2","0","0","0","","","0","","1","","40 28:39.592","7","0","79 47:07.743","0","0","0","0","2113","0","0","0","Y","0","0","0","2","02113","0","","1.0","","9","N","N","","0","","0","0","0","","2","N","","2","0","0","0","0","0","0","2","0","2","","","","N","","","","","","","","","",""
"2019025233","","1","0","0","0","0","0","0","0","0","1","0","","02","3","2019","2","40.336539","-79.971518","0819","11","0","0","0","0","0","1","0","0","1","0","0","0","","","0","","1","","40 20:11.539","4","0","79 58:17.466","0","0","0","0","2454","0","0","0","N","0","0","0","3","02454","0","","1.0","","1","N","N","","0","","0","0","2","","2","N","","3","0","0","0","0","0","0","2","0","3","","","","N","","","","","","","","","",""
"2019023945","","1","0","0","0","0","0","0","0","0","4","0","","02","2","2019","5","40.321078","-79.94215","1533","11","0","0","0","0","0","1","1","0","1","0","0","0","","","0","N","0","","40 19:15.880","4","7","79 56:31.741","0","0","0","0","2454","0","0","0","N","0","0","0","2","02454","0","","1.0","9999.0","1","N","N","N","0","","0","0","1","","0","N","","2","0","0","0","0","0","0","2","0","2","","","","N","","","","","","","","","",""
"2019025235","","0","0","0","0","0","0","0","0","0","2","0","","02","3","2019","2","40.470278","-79.828889","0806","11","0","0","0","0","0","0","1","0","2","0","0","0","","","0","","0","","40 28:13.000","6","0","79 49:44.000","0","0","0","0","2113","0","0","0","N","0","0","0","2","02113","0","","1.0","","2","N","N","","1","","0","0","1","","0","Y","","2","0","0","0","0","0","0","2","0","2","","","","N","","","","","","","","","",""
"2019023804","","1","0","0","0","0","0","0","0","0","5","0","","02","2","2019","1","40.379818","-79.818964","0829","11","0","0","0","0","0","0","0","0","1","0","0","0","","","0","","0","","40 22:47.346","2","0","79 49:08.270","0","0","0","0","2111","0","0","0","N","0","0","0","1","02111","0","","2.0","","1","N","N","","1","","0","0","0","","0","N","","2","0","0","0","0","0","0","2","0","2","","","","N","","","","","","","","","",""
"2019021916","","1","0","0","0","0","0","0","0","0","7","0","","02","2","2019","4","40.488407","-79.937161","1443","11","0","0","0","0","0","0","0","0","1","0","0","0","","","1","","0","","40 29:18.266","1","0","79 56:13.781","8","0","0","0","2301","1","0","0","N","1","0","0","2","02301","0","","2.0","","7","N","N","","0","","0","0","0","","0","N","","2","1","0","0","0","1","0","2","0","1","","","","N","","","","","","","","","",""
"2019025270","","1","0","0","0","0","0","0","0","0","7","0","","02","3","2019","2","40.589319","-80.035781","0002","11","0","0","0","0","0","0","0","0","","0","0","0","","","0","","2","","40 35:21.548","","0","80 02:08.811","0","0","0","0","2108","0","0","0","N","0","0","0","1","02108","0","","4.0","","7","N","N","","0","","0","0","0","","0","","","1","0","0","0","0","0","0","2","0","1","","","","N","","","","","","","","","",""
"2019020684","","0","0","0","0","0","0","0","0","0","0","0","","02","2","2019","4","40.601979","-79.887792","0704","11","0","0","0","0","0","0","0","0","1","0","0","0","","","0","","0","","40 36:07.126","4","0","79 53:16.052","0","0","0","0","2220","0","0","0","N","0","0","0","1","02220","0","","5.0","","7","N","N","","0","","0","0","0","","0","Y","","1","0","0","0","0","0","0","1","1","1","","","","N","","","","","","","","","",""
"2019043507","","0","0","0","0","0","0","1","0","0","8","1","","02","4","2019","6","40.480028","-80.076472","1653","11","0","0","0","0","0","0","0","0","","0","0","0","","","1","","0","","40 28:48.100","","0","80 04:35.300","3","0","0","0","2122","1","0","0","N","1","0","0","2","02503","0","","1.0","","1","N","N","","0","","1","0","0","","4","","","2","1","0","0","0","0","0","2","0","1","","","","N","","","","","","","","","",""
"2019025240","","1","0","0","0","0","0","0","0","0","5","0","","02","3","2019","2","40.390611","-79.986241","0800","11","0","0","0","0","0","0","0","0","1","0","0","0","","","0","","0","","40 23:26.199","5","0","79 59:10.468","9","0","0","0","2301","0","0","0","N","0","0","0","1","02301","0","","1.0","","9","N","N","","0","","0","0","2","","0","Y","","3","0","0","0","0","0","1","2","0","3","","","","N","","","","","","","","","",""
"2019022230","","0","0","0","0","0","0","0","0","0","7","0","","02","2","2019","6","40.362656","-80.110449","0806","11","0","0","0","0","0","1","0","0","","0","0","0","","","0","","0","","40 21:45.563","","0","80 06:37.618","0","0","0","0","2414","0","0","0","N","0","0","0","1","02414","0","","5.0","","1","N","N","","0","","0","0","1","","2","","","1","0","0","0","0","0","0","2","0","1","","","","N","","","","","","","","","",""
"2019023975","","2","0","0","0","0","0","0","0","0","4","0","","02","2","2019","7","40.46368","-79.949967","1815","11","0","0","0","0","0","1","0","0","1","0","0","0","","","1","","1","","40 27:49.248","5","0","79 56:59.881","3","0","0","0","2301","0","0","0","N","0","0","0","3","02301","0","","1.0","","1","N","N","","0","","1","0","0","","0","Y","","2","1","0","0","0","0","0","2","0","2","","","","N","","","","","","","","","",""
"2019038017","","1","0","0","0","0","0","0","0","0","4","0","","02","4","2019","4","40.455059","-80.008601","0922","11","0","0","0","0","0","1","0","0","","0","0","0","","","1","","1","","40 27:18.212","","0","80 00:30.965","8","0","0","0","2301","0","0","0","N","0","0","0","2","02301","0","","1.0","","1","N","N","","0","","0","0","1","","2","","","2","1","0","0","0","1","0","2","0","2","","","","N","","","","","","","","","",""
"2019025245","","2","0","0","0","0","0","0","0","0","1","0","","02","2","2019","2","40.529762","-79.779078","1404","11","0","0","0","0","0","0","0","0","2","0","0","0","","","0","","2","","40 31:47.144","6","0","79 46:44.682","0","0","0","0","2466","0","0","0","N","0","0","0","2","02466","0","","1.0","","1","N","N","","0","","0","0","0","","0","Y","","2","0","0","0","0","0","0","2","0","2","","","","N","","","","","","","","","",""
"2019020692","","0","0","0","0","0","0","0","0","0","7","0","","02","2","2019","4","40.498495","-79.855386","0724","11","0","0","0","0","0","0","0","0","","0","0","0","","","0","","0","","40 29:54.581","","0","79 51:19.390","0","0","0","0","2112","0","0","0","N","0","0","0","2","02112","0","","4.0","","7","N","N","","0","","0","0","1","","0","","","1","0","0","0","0","0","0","2","0","1","","","","N","","","","","","","","","",""
"2019022232","","1","0","0","0","0","0","0","0","0","5","1","","02","2","2019","6","40.358332","-80.105266","1558","11","0","0","0","0","0","0","0","0","","0","1","0","","","0","","2","","40 21:29.995","","0","80 06:18.957","0","0","0","0","2414","0","0","0","N","0","0","0","3","02414","0","","1.0","","1","N","N","","0","","0","0","0","","0","","","2","0","0","0","0","0","0","2","0","2","","","","N","","","","","","","","","",""
"2019023977","","0","0","0","0","0","0","0","0","0","7","0","","02","2","2019","7","40.37929","-80.045332","0346","11","0","0","0","0","0","0","0","0","","0","0","0","","","0","","0","","40 22:45.444","","0","80 02:43.196","0","0","0","0","2109","0","0","0","N","0","0","0","1","02109","0","","5.0","","1","N","N","","0","","0","0","1","","0","","","1","0","0","0","0","0","0","2","0","1","","","","N","","","","","","","","","",""
"2019025247","","1","0","0","0","0","0","0","0","0","7","0","","02","3","2019","2","40.511705","-79.792318","0709","11","0","0","0","0","0","0","0","0","1","0","0","0","","","2","","0","","40 30:42.139","2","0","79 47:32.343","8","0","0","0","2466","0","0","0","N","0","0","0","2","02466","0","","5.0","","2","N","N","","0","","0","0","0","","0","N","","1","2","0","0","0","2","0","2","0","1","","","","N","","","","","","","","","",""
"2019021924","","2","0","0","0","0","0","0","0","0","1","0","","02","2","2019","5","40.317007","-80.045713","1956","11","0","0","0","0","0","0","0","0","","0","0","0","","","0","","0","","40 19:01.226","","0","80 02:44.565","0","0","0","0","2407","0","0","0","N","0","0","0","1","02407","0","","2.0","","1","N","N","","0","","0","0","0","","0","","","2","0","0","0","0","0","0","2","0","2","","","","N","","","","","","","","","",""
"2019022233","","0","0","0","0","0","0","0","0","0","7","0","","02","2","2019","1","40.354305","-80.109607","0214","11","0","0","0","0","0","0","0","0","","0","0","0","","","0","","2","","40 21:15.497","","0","80 06:34.585","0","0","0","0","2414","0","0","0","N","0","0","0","2","02414","0","","2.0","","1","N","N","","0","","0","0","1","","0","","","1","0","0","0","0","0","0","2","0","1","","","","N","","","","","","","","","",""
"2019020738","","1","0","0","0","0","0","0","0","0","7","0","","02","2","2019","4","40.51139","-80.100897","1140","11","0","0","0","0","0","0","0","0","","0","0","0","","","1","","0","","40 30:41.005","","0","80 06:03.228","8","0","0","0","2211","0","0","0","N","0","0","0","1","02215","0","","5.0","","6","N","N","","0","","0","0","0","","0","","","1","1","0","0","0","1","0","2","0","1","","","","N","","","","","","","","","",""
"2019023978","","2","0","0","0","0","0","0","0","0","5","0","","02","2","2019","4","40.364497","-80.027356","0625","11","0","0","0","0","0","0","0","0","1","0","0","0","","","0","","0","","40 21:52.190","7","0","80 01:38.480","0","0","0","0","2416","0","0","0","N","0","0","0","2","02416","0","","1.0","","1","N","N","","0","","0","0","0","","0","Y","","2","0","0","0","0","0","0","2","0","2","","","","N","","","","","","","","","",""
"2019020700","","2","0","0","0","0","0","0","0","0","4","0","","02","2","2019","4","40.333482","-79.983992","0651","11","0","0","0","0","0","0","0","0","","0","0","0","","","0","","0","","40 20:00.534","","0","79 59:02.371","0","0","0","0","2403","0","0","0","N","0","0","0","2","02403","0","","1.0","","7","N","N","","0","","0","0","0","","0","","","2","0","0","0","0","0","0","2","0","2","","","","N","","","","","","","","","",""
"2019023979","","0","0","0","0","0","0","0","0","0","4","1","","02","2","2019","5","40.44139","-80.040458","1641","11","0","0","0","0","0","0","0","0","","0","1","0","","","0","","2","","40 26:29.003","","0","80 02:25.648","0","0","0","0","2301","0","0","0","N","0","0","0","2","02301","0","","1.0","","1","N","N","","0","","0","0","1","","0","","","2","0","0","0","0","0","0","2","0","2","","","","N","","","","","","","","","",""
"2019025279","","0","0","0","0","0","0","0","0","0","7","0","","02","3","2019","1","40.466877","-79.842482","1846","11","0","0","0","0","0","1","0","0","","0","0","0","","","1","","0","","40 28:00.757","","0","79 50:32.934","3","0","0","0","2113","0","0","0","N","0","0","0","1","02113","0","","4.0","","2","N","N","","0","","1","0","1","","0","","","1","1","0","0","0","0","0","2","0","1","","","","N","","","","","","","","","",""
"2019020745","","0","0","0","0","0","0","0","0","0","7","0","","02","2","2019","4","40.410444","-80.0156","1128","11","0","0","0","0","0","0","0","0","2","0","0","0","","","1","","2","","40 24:37.597","2","0","80 00:56.159","3","0","0","0","2301","0","0","0","N","0","0","0","1","02301","0","","5.0","","6","N","N","","0","","1","0","1","","2","N","","1","1","0","0","0","0","0","2","0","1","","","","N","","","","","","","","","",""
"2019025284","","2","0","0","0","0","0","0","0","0","1","0","","02","2","2019","5","40.422571","-79.928865","1835","11","0","0","0","0","0","0","0","0","","0","0","0","","","1","","0","","40 25:21.254","","7","79 55:43.914","8","0","0","0","2301","0","0","0","N","0","0","0","2","02301","0","","6.0","","1","N","N","","0","","0","0","0","","0","","","2","1","0","0","0","1","1","2","0","2","","","","N","","","","","","","","","",""
"2019023835","","1","0","0","0","0","0","0","0","0","1","0","","02","2","2019","5","40.513648","-79.803957","1206","11","0","0","0","0","0","0","0","0","","0","0","0","","","0","","2","","40 30:49.131","","0","79 48:14.246","0","0","0","0","2113","0","0","0","N","0","0","0","3","02113","0","","1.0","","1","N","N","","1","","0","0","0","","0","","","3","0","0","0","0","0","0","2","1","3","","","","N","","","","","","","","","",""
"2019022288","","1","0","0","0","0","0","0","0","0","7","0","","02","2","2019","1","40.460828","-79.872328","0651","11","0","0","0","0","0","1","0","0","1","0","0","0","","","1","","0","","40 27:38.981","7","0","79 52:20.381","8","0","0","0","2301","0","0","0","N","0","0","0","2","02301","0","","2.0","","9","N","N","","0","","0","0","0","","0","N","","1","1","0","0","0","1","0","2","0","1","","","","N","","","","","","","","","",""
"2019040020","","2","0","0","0","0","0","0","0","0","2","0","","02","4","2019","7","40.568769","-79.892993","0438","11","0","0","0","0","0","0","0","0","","0","0","0","","","1","","3","","40 34:07.568","","0","79 53:34.774","3","0","0","0","2209","0","0","0","N","0","0","0","2","02209","0","","5.0","","1","N","N","","0","","1","0","0","","0","","","2","1","0","0","0","0","0","2","0","2","","","","N","","","","","","","","","",""
"2019023836","","2","0","0","0","0","0","0","0","0","4","0","","02","2","2019","5","40.496008","-80.00793","1140","11","0","0","0","0","0","0","1","0","","0","0","0","","","0","","1","","40 29:45.628","","0","80 00:28.547","0","0","0","0","2301","0","0","0","N","0","0","0","2","02301","0","","1.0","","1","N","N","","0","","0","0","0","","3","","","2","0","0","0","0","0","0","2","0","2","","","","N","","","","","","","","","",""
"2019025264","","0","0","0","0","0","0","0","0","0","0","0","","02","3","2019","7","40.591475","-80.047557","1314","11","0","0","0","0","0","0","0","0","1","0","0","0","","","0","","2","","40 35:29.311","2","0","80 02:51.206","0","0","0","0","2108","0","0","0","N","0","0","0","1","02108","0","","1.0","","1","N","N","","1","","0","0","0","","0","N","","1","0","0","0","0","0","0","2","0","1","","","","N","","","","","","","","","",""
"2019022148","","1","0","0","0","0","0","0","0","0","4","0","","02","2","2019","6","40.544114","-80.192911","0907","11","0","0","0","0","0","1","0","0","1","0","0","0","","","1","","1","","40 32:38.809","2","0","80 11:34.478","3","0","0","0","2427","0","0","0","N","0","0","0","2","02427","0","","1.0","","1","N","N","","0","","1","0","1","","2","N","","2","1","0","0","0","0","0","2","0","2","","","","N","","","","","","","","","",""