"CRN","ARRIVAL_TM","AUTOMOBILE_COUNT","BELTED_DEATH_COUNT","BELTED_SUSP_SERIOUS_INJ_COUNT","BICYCLE_COUNT","BICYCLE_DEATH_COUNT","BICYCLE_SUSP_SERIOUS_INJ_COUNT","BUS_COUNT","CHLDPAS_DEATH_COUNT","CHLDPAS_SUSP_SERIOUS_INJ_COUNT","COLLISION_TYPE","COMM_VEH_COUNT","CONS_ZONE_SPD_LIM","COUNTY","CRASH_MONTH","CRASH_YEAR","DAY_OF_WEEK","DEC_LATITUDE","DEC_LONGITUDE","DISPATCH_TM","DISTRICT","DRIVER_COUNT_16YR","DRIVER_COUNT_17YR","DRIVER_COUNT_18YR","DRIVER_COUNT_19YR","DRIVER_COUNT_20YR","DRIVER_COUNT_50_64YR","DRIVER_COUNT_65_74YR","DRIVER_COUNT_75PLUS","EST_HRS_CLOSED","FATAL_COUNT","HEAVY_TRUCK_COUNT","HORSE_BUGGY_COUNT","HOUR_OF_DAY","ILLUMINATION","INJURY_COUNT","INTERSECTION_RELATED","INTERSECT_TYPE","LANE_CLOSED","LATITUDE","LN_CLOSE_DIR","LOCATION_TYPE","LONGITUDE","MAX_SEVERITY_LEVEL","MCYCLE_DEATH_COUNT","MCYCLE_SUSP_SERIOUS_INJ_COUNT","MOTORCYCLE_COUNT","MUNICIPALITY","NONMOTR_COUNT","NONMOTR_DEATH_COUNT","NONMOTR_SUSP_SERIOUS_INJ_COUNT","NTFY_HIWY_MAINT","PED_COUNT","PED_DEATH_COUNT","PED_SUSP_SERIOUS_INJ_COUNT","PERSON_COUNT","POLICE_AGCY","POSSIBLE_INJ_COUNT","RDWY_SURF_TYPE_CD","RELATION_TO_ROAD","ROADWAY_CLEARED","ROAD_CONDITION","SCH_BUS_IND","SCH_ZONE_IND","SECONDARY_CRASH","SMALL_TRUCK_COUNT","SPEC_JURIS_CD","SUSP_MINOR_INJ_COUNT","SUSP_SERIOUS_INJ_COUNT","SUV_COUNT","TCD_FUNC_CD","TCD_TYPE","TFC_DETOUR_IND","TIME_OF_DAY","TOTAL_UNITS","TOT_INJ_COUNT","UNBELTED_OCC_COUNT","UNB_DEATH_COUNT","UNB_SUSP_SERIOUS_INJ_COUNT","UNK_INJ_DEG_COUNT","UNK_INJ_PER_COUNT","URBAN_RURAL","VAN_COUNT","VEHICLE_COUNT","WEATHER1","WEATHER2","WORKERS_PRES","WORK_ZONE_IND","WORK_ZONE_LOC","WORK_ZONE_TYPE","WZ_CLOSE_DETOUR","WZ_FLAGGER","WZ_LAW_OFFCR_IND","WZ_LN_CLOSURE","WZ_MOVING","WZ_OTHER","WZ_SHLDER_MDN","WZ_WORKERS_INJ_KILLED"
"2019008725","","1","0","0","0","0","0","0","0","0","4","0","","02","1","2019","3","40.336573","-79.853334","1747","11","0","0","0","0","0","2","0","0","","0","0","0","","","1","","0","","40 20:11.663","","7","79 51:12.001","8","0","0","0","2304","0","0","0","N","0","0","0","2","02304","0","","1.0","","1","N","N","","1","","0","0","0","","0","","","2","1","0","0","0","1","0","2","0","2","","","","N","","","","","","","","","",""
"2019011867","","1","0","0","0","0","0","0","0","0","1","0","","02","1","2019","5","40.461094","-79.955141","1655","11","0","0","0","0","0","0","0","0","2","0","0","0","","","0","N","0","","40 27:39.937","1","3","79 57:18.506","0","0","0","0","2301","0","0","0","N","0","0","0","3","02301","0","","1.0","","1","N","N","","0","","0","0","1","","2","N","","2","0","0","0","0","0","0","2","0","2","","","","N","","","","","","","","","",""
"2019010685","","1","0","0","0","0","0","0","0","0","4","0","","02","1","2019","3","40.455426","-79.711929","0748","11","0","0","0","0","1","0","1","0","","0","0","0","","","0","","0","","40 27:19.532","","7","79 42:42.946","0","0","0","0","2466","0","0","0","N","0","0","0","2","02466","0","","1.0","","1","N","N","","0","","0","0","1","","0","N","","2","0","0","0","0","0","0","2","0","2","","","","N","","","","","","","","","",""
"2019007596","","2","0","0","0","0","0","0","0","0","4","0","","02","1","2019","2","40.456904","-79.758798","1707","11","0","0","0","0","0","1","0","0","","0","0","0","","","1","","3","","40 27:24.855","","0","79 45:31.673","8","0","0","0","2446","0","0","0","N","0","0","0","4","02446","0","","1.0","","1","N","N","","0","","0","0","0","","0","","","2","1","0","0","0","1","0","2","0","2","","","","N","","","","","","","","","",""
"2019007086","","2","0","0","0","0","0","0","0","0","4","0","","02","1","2019","7","40.449839","-79.929647","1829","11","0","0","0","0","0","0","0","0","2","0","0","0","","","0","","1","","40 26:59.420","1","0","79 55:46.729","0","0","0","0","2301","0","0","0","N","0","0","0","3","02301","0","","1.0","","9","N","N","","0","","0","0","0","","2","Y","","2","0","0","0","0","0","0","2","0","2","","","","N","","","","","","","","","",""
"2019008693","","2","0","0","0","0","0","0","0","0","6","0","","02","1","2019","1","40.445866","-79.713835","1824","11","0","0","0","0","0","0","0","0","2","0","0","0","","","2","","0","","40 26:45.118","2","0","79 42:49.807","3","0","0","0","2446","0","0","0","N","0","0","0","4","02446","0","","1.0","","9","N","N","","0","","2","0","0","","2","N","","2","2","2","0","0","0","0","2","0","2","","","","N","","","","","","","","","",""
"2019010388","","2","0","0","0","0","0","0","0","0","5","0","","02","1","2019","2","40.409355","-80.032093","1513","11","0","0","0","0","0","1","0","0","2","0","0","0","","","0","","1","","40 24:33.679","2","0","80 01:55.535","0","0","0","0","2301","0","0","0","N","0","0","0","2","02301","0","","1.0","","1","N","N","","0","","0","0","0","","0","N","","2","0","0","0","0","0","0","2","0","2","","","","N","","","","","","","","","",""
"2019012157","","1","0","0","0","0","0","0","0","0","7","0","","02","2","2019","6","40.513659","-79.803982","1252","11","0","0","0","0","0","0","1","0","1","0","0","0","","","0","","0","","40 30:49.171","1","0","79 48:14.334","0","0","0","0","2113","0","0","0","N","0","0","0","1","02113","0","","5.0","","6","N","N","","0","","0","0","0","","0","N","","1","0","0","0","0","0","0","2","0","1","","","","N","","","","","","","","","",""
"2019012312","","0","0","0","0","0","0","0","0","0","7","1","","02","1","2019","5","40.344797","-79.961179","1804","11","0","0","0","0","0","1","0","0","3","0","1","0","","","0","","1","","40 20:41.268","3","0","79 57:40.244","0","0","0","0","2473","0","0","0","Y","0","0","0","1","02473","0","","5.0","","1","N","N","","0","","0","0","0","","3","Y","","1","0","0","0","0","0","0","2","0","1","","","","N","","","","","","","","","",""
"2019008462","","0","0","0","0","0","0","0","0","0","4","0","","02","1","2019","2","40.56796","-80.049493","1409","11","0","0","0","0","0","1","0","0","","0","0","0","","","0","","1","","40 34:04.655","","0","80 02:58.174","0","0","0","0","2108","0","0","0","N","0","0","0","4","02108","0","","1.0","","9","N","N","","0","","0","0","2","","8","","","2","0","0","0","0","0","0","2","0","2","","","","N","","","","","","","","","",""
"2019010698","","0","0","0","0","0","0","0","0","0","4","0","","02","1","2019","7","40.299299","-80.047473","1438","11","0","0","0","0","0","2","0","0","","0","0","0","","","0","","1","","40 17:57.477","","0","80 02:50.902","0","0","0","0","2407","0","0","0","N","0","0","0","4","02407","0","","1.0","","9","N","N","","0","","0","0","2","","0","","","2","0","0","0","0","0","0","2","0","2","","","","N","","","","","","","","","",""
"2019007607","","2","0","0","0","0","0","0","0","0","4","0","","02","1","2019","2","40.528994","-79.990288","1458","11","0","0","0","0","0","2","0","1","2","0","0","0","","","0","","2","","40 31:44.380","4","0","79 59:25.038","0","0","0","0","2116","0","0","0","N","0","0","0","3","02116","0","","1.0","","1","N","N","","1","","0","0","0","","0","N","","3","0","0","0","0","0","0","2","0","3","","","","N","","","","","","","","","",""
"2019012158","","1","0","0","0","0","0","0","0","0","7","0","","02","2","2019","6","40.319956","-79.959515","1235","11","0","1","0","0","0","0","0","0","1","0","0","0","","","0","","0","","40 19:11.841","4","0","79 57:34.254","0","0","0","0","2454","0","0","0","N","0","0","0","1","02454","0","","2.0","","6","N","N","","0","","0","0","0","","0","Y","","1","0","0","0","0","0","0","2","0","1","","","","N","","","","","","","","","",""
"2019011578","","1","0","1","0","0","0","0","0","0","2","0","","02","1","2019","5","40.46401","-79.965039","0219","11","0","0","0","1","0","1","0","0","2","0","0","0","","","5","","3","","40 27:50.437","7","0","79 57:54.141","2","0","0","0","2301","0","0","0","N","0","0","0","5","02301","0","","1.0","","1","N","N","","0","","2","3","1","","0","N","","2","5","4","0","2","0","0","2","0","2","","","","N","","","","","","","","","",""
"2019007195","","1","0","0","0","0","0","0","0","0","7","0","","02","1","2019","1","40.438073","-79.994419","0224","11","0","0","0","0","0","0","0","0","","0","0","0","","","1","","2","","40 26:17.061","","1","79 59:39.910","3","0","0","0","2301","0","0","0","N","0","0","0","1","02301","0","","4.0","","9","N","N","","0","","1","0","0","","2","","","1","1","0","0","0","0","0","2","0","1","","","","N","","","","","","","","","",""
"2019008698","","1","0","0","0","0","0","0","0","0","4","0","","02","1","2019","3","40.482993","-80.035602","1553","11","0","0","0","0","0","1","0","0","1","0","0","0","","","0","","0","","40 28:58.775","3","0","80 02:08.167","0","0","0","0","2301","0","0","0","N","0","0","0","2","02301","0","","1.0","","1","N","N","","0","","0","0","1","","0","N","","2","0","0","0","0","0","0","2","0","2","","","","N","","","","","","","","","",""
"2019011883","","0","0","0","0","0","0","0","0","0","7","0","","02","1","2019","5","40.40308","-79.942013","1827","11","0","0","0","0","0","0","0","0","1","0","0","0","","","1","","0","","40 24:11.087","3","0","79 56:31.248","8","0","0","0","2301","0","0","0","N","0","0","0","2","02301","0","","4.0","","1","Y","N","","1","","0","0","0","","0","N","","1","1","0","0","0","1","0","2","0","1","","","","N","","","","","","","","","",""
"2019007610","","2","0","0","0","0","0","0","0","0","1","0","","02","1","2019","2","40.337886","-79.951873","1621","11","0","0","0","0","0","1","0","0","","0","0","0","","","0","","0","","40 20:16.388","","0","79 57:06.743","0","0","0","0","2473","0","0","0","N","0","0","0","3","02473","0","","1.0","","1","N","N","","0","","0","0","1","","0","","","3","0","0","0","0","0","0","2","0","3","","","","N","","","","","","","","","",""
"2019012159","","1","0","0","0","0","0","0","0","0","7","0","","02","2","2019","6","40.474016","-79.904422","1208","11","0","0","0","0","1","0","0","0","1","0","0","0","","","0","","2","","40 28:26.458","1","0","79 54:15.920","0","0","0","0","2301","0","0","0","N","0","0","0","1","02301","0","","5.0","","6","N","N","","0","","0","0","0","","0","Y","","1","0","0","0","0","0","0","2","0","1","","","","N","","","","","","","","","",""
"2019008742","","1","0","0","0","0","0","0","0","0","5","0","","02","1","2019","4","40.43866","-79.76861","1750","11","0","0","0","0","0","0","0","0","","0","0","0","","","1","","0","","40 26:19.176","","0","79 46:06.995","3","0","0","0","2446","0","0","0","N","0","0","0","2","02446","0","","1.0","","9","N","N","","0","","1","0","1","","0","","","2","1","0","0","0","0","0","2","0","2","","","","N","","","","","","","","","",""
"2019010734","","0","0","0","0","0","0","0","0","0","1","0","","02","1","2019","3","40.635079","-80.060932","0932","11","0","0","0","0","0","1","0","0","","0","0","0","","","1","","0","","40 38:06.284","","0","80 03:39.355","4","0","0","0","2216","0","0","0","N","0","0","0","2","02505","1","","1.0","","1","N","N","","1","","0","0","1","","0","","","2","1","0","0","0","0","0","2","0","2","","","","N","","","","","","","","","",""
"2019010140","","1","0","0","0","0","0","0","0","0","4","0","","02","1","2019","1","40.544586","-80.035882","1347","11","1","0","0","0","1","2","0","0","2","0","0","0","","","2","","1","","40 32:40.510","3","2","80 02:09.174","8","0","0","0","2116","0","0","0","N","0","0","0","7","02116","0","","1.0","","1","N","N","","0","","0","0","4","","2","Y","","5","2","0","0","0","2","0","2","0","5","","","","N","","","","","","","","","",""
"2019011583","","0","0","0","0","0","0","0","0","0","4","0","","02","1","2019","5","40.382317","-80.044013","1907","11","0","0","0","0","0","0","0","0","","0","0","0","","","1","","2","","40 22:56.341","","0","80 02:38.448","4","0","0","0","2109","0","0","0","N","0","0","0","2","02109","1","","1.0","","1","N","N","","0","","0","0","1","","2","","","2","1","0","0","0","0","0","2","1","2","","","","N","","","","","","","","","",""
"2019007254","","0","0","0","0","0","0","0","0","0","7","0","","02","1","2019","1","40.468408","-80.033442","0949","11","0","0","0","0","0","0","0","0","","0","0","0","","","0","","0","","40 28:06.269","","0","80 02:00.392","0","0","0","0","2301","0","0","0","Y","0","0","0","2","02301","0","","2.0","","2","N","N","","0","","0","0","1","","0","","","1","0","0","0","0","0","0","2","0","1","","","","N","","","","","","","","","",""
"2019007099","","2","0","0","0","0","0","0","0","0","1","0","","02","1","2019","7","40.429156","-79.731506","1838","11","0","0","0","0","0","0","0","0","2","0","0","0","","","0","","0","","40 25:44.963","3","0","79 43:53.423","0","0","0","0","2446","0","0","0","N","0","0","0","3","02446","0","","2.0","","7","N","N","","0","","0","0","0","","0","N","","2","0","0","0","0","0","0","2","0","2","","","","N","","","","","","","","","",""
"2019011889","","2","0","0","0","0","0","0","0","0","1","0","","02","1","2019","5","40.458635","-79.957464","1908","11","0","0","0","0","0","0","0","0","2","0","0","0","","","0","","3","","40 27:31.087","3","0","79 57:26.872","0","0","0","0","2301","0","0","0","N","0","0","0","2","02301","0","","1.0","","1","N","N","","0","","0","0","0","","0","N","","2","0","0","0","0","0","0","2","0","2","","","","N","","","","","","","","","",""
"2019007386","","1","0","0","0","0","0","0","0","0","4","0","","02","1","2019","1","40.468686","-80.009613","1710","11","0","0","0","0","0","1","0","0","","0","0","0","","","0","","0","","40 28:07.269","","0","80 00:34.605","0","0","0","0","2301","0","0","0","N","0","0","0","1","02301","0","","1.0","","7","N","N","","0","","0","0","1","","0","","","2","0","0","0","0","0","0","2","0","2","","","","N","","","","","","","","","",""
"2019007616","","1","0","0","0","0","0","0","0","0","7","0","","02","1","2019","2","40.444232","-80.028216","1959","11","0","0","0","0","0","0","0","0","1","0","0","0","","","0","","3","","40 26:39.234","3","0","80 01:41.577","0","0","0","0","2301","0","0","0","N","0","0","0","1","02301","0","","2.0","","2","N","N","","0","","0","0","0","","0","N","","1","0","0","0","0","0","0","2","0","1","","","","N","","","","","","","","","",""
"2019011483","","2","0","0","0","0","0","0","0","0","4","0","","02","1","2019","2","40.356635","-79.896455","0614","11","0","0","0","0","0","0","0","0","1","0","0","0","","","0","","1","","40 21:23.886","3","0","79 53:47.238","9","0","0","0","2423","0","0","0","N","0","0","0","2","02304","0","","1.0","","1","N","N","","0","","0","0","0","","0","N","","2","0","0","0","0","0","1","2","0","2","","","","N","","","","","","","","","",""
"2019006956","","1","0","0","0","0","0","0","0","0","4","0","","02","1","2019","6","40.449721","-80.108073","1423","11","0","0","0","0","0","1","0","0","1","0","0","0","","","0","","1","","40 26:58.995","3","0","80 06:29.062","0","0","0","0","2115","0","0","0","N","0","0","0","2","02115","0","","1.0","","1","N","N","","0","","0","0","1","","2","N","","2","0","0","0","0","0","0","2","0","2","","","","N","","","","","","","","","",""
"2019007261","","0","0","0","0","0","0","0","0","0","7","0","","02","1","2019","1","40.655811","-80.050165","0804","11","0","0","0","0","0","1","0","0","1","0","0","0","","","0","","1","","40 39:20.918","4","0","80 03:00.595","0","0","0","0","2216","0","0","0","Y","0","0","0","3","02505","0","","5.0","","7","N","N","","0","","0","0","1","","0","N","","1","0","0","0","0","0","0","2","0","1","","","","N","","","","","","","","","",""
"2019011996","","1","0","0","0","0","0","0","0","0","7","0","","02","2","2019","6","40.443633","-80.027929","0230","11","0","0","0","0","0","0","0","0","1","0","0","0","","","1","N","0","","40 26:37.077","1","0","80 01:40.544","3","0","0","0","2301","0","0","0","N","0","0","0","2","02301","0","","4.0","","1","N","N","","0","","1","0","0","","0","N","","1","1","0","0","0","0","1","2","0","1","","","","N","","","","","","","","","",""
"2019007618","","3","0","0","0","0","0","0","0","0","2","0","","02","1","2019","2","40.284971","-79.823177","1856","11","1","0","0","0","0","0","0","0","2","0","0","0","","","1","","0","","40 17:05.894","6","0","79 49:23.438","3","0","0","0","2105","0","0","0","N","0","0","0","3","02105","0","","1.0","","1","N","N","","0","","1","0","0","","3","Y","","3","1","2","0","0","0","0","2","0","3","","","","N","","","","","","","","","",""
"2019011484","","1","0","0","0","0","0","0","0","0","4","0","","02","1","2019","4","40.431658","-79.952821","2146","11","0","0","0","0","1","0","0","0","","0","0","0","","","0","","1","","40 25:53.970","","0","79 57:10.154","9","0","0","0","2301","0","0","0","N","0","0","0","3","02301","0","","1.0","","1","N","N","","0","","0","0","1","","3","","","2","0","0","0","0","0","1","2","0","2","","","","N","","","","","","","","","",""
"2019011485","","1","0","0","0","0","0","0","0","0","7","0","","02","1","2019","4","40.458654","-79.998334","0215","11","0","0","0","0","0","0","0","0","3","0","0","0","","","1","","2","","40 27:31.155","1","0","79 59:54.003","3","0","0","0","2301","0","0","0","N","0","0","0","1","02301","0","","2.0","","1","N","N","","0","","1","0","0","","8","Y","","1","1","0","0","0","0","0","2","0","1","","","","N","","","","","","","","","",""
"2019010156","","1","0","0","0","0","0","0","0","0","7","0","","02","1","2019","1","40.285457","-80.014829","1129","11","0","0","0","0","0","1","0","0","","0","0","0","","","0","","2","","40 17:07.645","","0","80 00:53.384","0","0","0","0","2219","0","0","0","N","0","0","0","1","02219","0","","5.0","","9","N","N","","0","","0","0","0","","3","","","1","0","0","0","0","0","0","2","0","1","","","","N","","","","","","","","","",""
"2019010441","","1","0","0","0","0","0","0","0","0","7","0","","02","1","2019","6","40.421581","-79.890237","0215","11","0","0","0","0","0","0","0","0","","0","0","0","","","0","","0","","40 25:17.692","","0","79 53:24.852","0","0","0","0","2463","0","0","0","N","0","0","0","1","02463","0","","2.0","","9","N","N","","0","","0","0","0","","0","","","1","0","0","0","0","0","0","2","0","1","","","","N","","","","","","","","","",""
"2019008928","","1","0","0","0","0","0","0","0","0","7","0","","02","1","2019","2","40.323861","-79.781847","1417","11","0","0","0","0","0","0","0","0","1","0","0","0","","","1","","0","","40 19:25.901","4","0","79 46:54.649","3","0","0","0","2477","0","0","0","Y","0","0","0","1","02477","0","","4.0","","2","N","N","","0","","1","0","0","","0","Y","","1","1","0","0","0","0","0","2","0","1","","","","N","","","","","","","","","",""
"2019006966","","0","0","0","0","0","0","0","0","0","4","0","","02","1","2019","1","40.540193","-80.03615","0852","11","0","0","0","0","0","1","0","0","1","0","1","0","","","1","","2","","40 32:24.693","1","0","80 02:10.139","3","0","0","0","2116","0","0","0","N","0","0","0","4","02116","0","","1.0","","9","N","N","","0","","1","0","0","","0","N","","2","1","0","0","0","0","0","2","1","2","","","","N","","","","","","","","","",""
"2019008488","","1","0","0","0","0","0","0","0","0","7","0","","02","1","2019","3","40.566186","-80.038019","0919","11","0","0","0","0","0","1","0","0","","0","0","0","","","0","","2","","40 33:58.270","","0","80 02:16.868","0","0","0","0","2108","0","0","0","N","0","0","0","1","02108","0","","2.0","","2","N","N","","0","","0","0","0","","2","","","1","0","0","0","0","0","0","2","0","1","","","","N","","","","","","","","","",""
"2019008774","","0","0","0","0","0","0","0","0","0","8","0","","02","1","2019","4","40.417245","-79.974519","2200","11","0","0","0","0","0","0","0","0","2","1","0","0","","","0","","1","","40 25:02.081","7","0","79 58:28.269","1","0","0","0","2301","1","1","0","N","1","1","0","2","02301","0","2","1.0","","9","N","N","","0","0","0","0","0","","3","Y","","2","0","0","0","0","0","1","2","0","1","","","","N","","","","","","","","","",""
"2019007404","","2","0","0","0","0","0","0","0","0","4","0","","02","1","2019","1","40.398349","-79.87849","1607","11","0","0","0","1","0","0","0","0","2","0","0","0","","","3","","2","","40 23:54.058","7","0","79 52:42.563","8","0","0","0","2473","0","0","0","N","0","0","0","3","02473","0","","2.0","","3","N","N","","0","","0","0","0","","0","Y","","2","3","0","0","0","3","0","2","0","2","","","","N","","","","","","","","","",""
"2019012039","","0","0","0","0","0","0","0","0","0","7","0","","02","2","2019","6","40.445281","-79.813181","0651","11","0","0","0","0","0","1","0","0","1","0","0","0","","","0","","0","","40 26:43.013","1","0","79 48:47.450","0","0","0","0","2113","0","0","0","N","0","0","0","1","02113","0","","2.0","","7","N","N","","0","","0","0","1","","0","N","","1","0","0","0","0","0","0","2","0","1","","","","N","","","","","","","","","",""
"2019010452","","1","0","0","0","0","0","0","0","0","4","0","","02","1","2019","6","40.331101","-80.070311","1518","11","0","0","0","0","1","0","0","1","2","0","0","0","","","1","","0","","40 19:51.963","2","0","80 04:13.119","8","0","0","0","2123","0","0","0","N","0","0","0","2","02123","0","","1.0","","1","N","N","","0","","0","0","1","","3","Y","","2","1","0","0","0","1","0","2","0","2","","","","N","","","","","","","","","",""
"2019008901","","1","0","0","0","0","0","0","0","0","4","0","","02","1","2019","4","40.542962","-80.044745","1157","11","0","0","0","0","0","0","1","1","1","0","0","0","","","0","","0","","40 32:34.662","6","0","80 02:41.083","0","0","0","0","2116","0","0","0","N","0","0","0","4","02116","0","","1.0","","9","N","N","","0","","0","0","1","","0","Y","","2","0","0","0","0","0","0","2","0","2","","","","N","","","","","","","","","",""
"2019009092","","2","0","0","0","0","0","0","0","0","1","0","","02","1","2019","2","40.515226","-80.160012","2006","11","0","0","0","0","0","0","0","0","","0","0","0","","","0","","0","","40 30:54.812","","0","80 09:36.043","0","0","0","0","2420","0","0","0","N","0","0","0","1","02420","0","","6.0","","1","N","N","","0","","0","0","0","","0","","","2","0","0","0","0","0","0","2","0","2","","","","N","","","","","","","","","",""
"2019006977","","1","0","0","0","0","0","0","0","0","4","1","","02","1","2019","3","40.327525","-80.038892","1312","11","0","0","0","0","0","1","0","1","1","0","1","0","","","0","","0","","40 19:39.091","2","0","80 02:20.010","0","0","0","0","2407","0","0","0","N","0","0","0","2","02407","0","","1.0","","1","N","N","","0","","0","0","0","","0","N","","2","0","0","0","0","0","0","2","0","2","","","","N","","","","","","","","","",""
"2019008496","","0","0","0","0","0","0","0","0","0","1","0","","02","1","2019","3","40.549721","-79.959341","0828","11","0","0","0","0","0","1","0","0","2","0","0","0","","","0","","1","","40 32:58.997","5","0","79 57:33.628","9","0","0","0","2118","0","0","0","N","0","0","0","2","02118","0","","1.0","","1","N","N","","0","","0","0","1","","2","Y","","2","0","0","0","0","0","1","2","1","2","","","","N","","","","","","","","","",""
"2019008903","","0","0","0","0","0","0","0","0","0","0","0","","02","1","2019","2","40.451385","-80.054462","1255","11","0","0","0","0","0","1","0","0","3","0","1","0","","","1","","0","","40 27:04.987","5","0","80 03:16.064","3","0","0","0","2301","0","0","0","N","0","0","0","1","02301","0","","1.0","","7","N","N","","0","","1","0","0","","0","N","","1","1","0","0","0","0","0","2","0","1","","","","N","","","","","","","","","",""
"2019010577","","0","0","0","0","0","0","0","0","0","6","2","55","02","1","2019","4","40.430419","-79.743711","0329","11","0","0","0","0","0","0","0","0","3","0","1","0","","","0","","0","","40 25:49.507","4","0","79 44:37.360","0","0","0","0","2446","0","0","0","N","0","0","0","2","68T09","0","","1.0","","1","N","N","","1","","0","0","0","","1","N","","2","0","0","0","0","0","0","2","0","2","","","Y","Y","4","1","N","N","Y","Y","N","N","N",""
"2019007640","","2","0","0","0","0","0","0","0","0","1","0","","02","1","2019","2","40.436034","-79.922897","0645","11","0","0","0","0","0","1","0","1","","0","0","0","","","0","","1","","40 26:09.722","","0","79 55:22.429","0","0","0","0","2301","0","0","0","N","0","0","0","3","02301","0","","1.0","","2","N","N","","0","","0","0","0","","2","","","2","0","0","0","0","0","0","2","0","2","","","","N","","","","","","","","","",""
"2019008497","","2","0","0","0","0","0","0","0","0","4","0","","02","1","2019","3","40.355918","-79.817362","1227","11","0","0","0","0","0","1","0","0","1","0","0","0","","","2","","0","","40 21:21.304","6","0","79 49:02.502","8","0","0","0","2477","0","0","0","N","0","0","0","2","02477","0","","1.0","","1","N","N","","0","","0","0","0","","0","Y","","2","2","0","0","0","2","0","2","0","2","","","","N","","","","","","","","","",""
"2019010594","","0","0","0","0","0","0","0","0","0","7","0","","02","1","2019","3","40.580113","-79.966346","0049","11","0","0","0","0","0","1","0","0","2","0","0","0","","","0","","0","","40 34:48.406","3","0","79 57:58.847","0","0","0","0","2207","0","0","0","N","0","0","0","1","02207","0","","4.0","","2","N","N","","1","","0","0","0","","0","Y","","1","0","0","0","0","0","0","2","0","1","","","","N","","","","","","","","","",""
"2019010463","","2","0","0","0","0","0","0","0","0","6","0","","02","1","2019","2","40.437552","-79.982671","2045","11","0","0","0","1","0","1","0","0","1","0","0","0","","","1","","1","","40 26:15.186","3","0","79 58:57.615","3","0","0","0","2301","0","0","0","N","0","0","0","2","02301","0","","1.0","","1","N","N","","0","","1","0","0","","3","N","","2","1","0","0","0","0","0","2","0","2","","","","N","","","","","","","","","",""
"2019010033","","1","0","0","0","0","0","0","0","0","7","0","","02","1","2019","1","40.393024","-80.063382","0332","11","0","0","0","0","0","0","0","0","","0","0","0","","","0","","0","","40 23:34.888","","0","80 03:48.174","0","0","0","0","2117","0","0","0","N","0","0","0","1","02117","0","","5.0","","1","N","N","","0","","0","0","0","","0","","","1","0","0","0","0","0","0","2","0","1","","","","N","","","","","","","","","",""
"2019008916","","1","0","0","0","0","0","0","0","0","7","0","","02","1","2019","5","40.451754","-80.122085","0920","11","0","0","0","1","0","0","0","0","","0","0","0","","","1","","0","","40 27:06.313","","0","80 07:19.507","8","0","0","0","2115","0","0","0","N","0","0","0","1","02115","0","","5.0","","7","N","N","","0","","0","0","0","","0","","","1","1","0","0","0","1","0","2","0","1","","","","N","","","","","","","","","",""
"2019011608","","1","0","0","0","0","0","0","0","0","7","0","","02","1","2019","2","40.340753","-80.079596","0908","11","0","0","0","0","0","0","0","1","","0","0","0","","","1","","0","","40 20:26.709","","0","80 04:46.544","3","0","0","0","2123","0","0","0","N","0","0","0","1","02123","0","","2.0","","2","N","N","","0","","1","0","0","","0","","","1","1","0","0","0","0","0","2","0","1","","","","N","","","","","","","","","",""
"2019008636","","0","0","0","0","0","0","0","0","0","2","0","","02","1","2019","6","40.495769","-79.911374","1826","11","0","0","0","0","0","0","0","0","","0","0","0","","","0","","3","","40 29:44.767","","0","79 54:40.948","0","0","0","0","2112","0","0","0","N","0","0","0","2","68D02","0","","1.0","","1","N","N","","0","","0","0","2","","0","","","2","0","0","0","0","0","0","2","0","2","","","","N","","","","","","","","","",""
"2019010183","","3","0","0","0","0","0","0","0","0","6","0","","02","1","2019","2","40.471532","-79.961586","0919","11","0","0","0","0","0","0","1","0","","0","0","0","","","0","","1","","40 28:17.515","","0","79 57:41.709","0","0","0","0","2301","0","0","0","N","0","0","0","3","02301","0","","1.0","","1","N","N","","0","","0","0","0","","3","","","3","0","0","0","0","0","0","2","0","3","","","","N","","","","","","","","","",""
"2019008944","","2","0","0","0","0","0","0","0","0","4","0","","02","1","2019","3","40.438325","-79.772526","1247","11","0","0","0","0","0","1","1","0","","0","0","0","","","1","","0","","40 26:17.971","","7","79 46:21.092","3","0","0","0","2446","0","0","0","N","0","0","0","2","02446","0","","1.0","","1","N","N","","0","","1","0","0","","0","","","2","1","0","0","0","0","0","2","0","2","","","","N","","","","","","","","","",""
"2019006991","","0","0","0","0","0","0","0","0","0","7","0","","02","1","2019","6","40.485994","-79.778956","1004","11","0","0","0","0","0","0","0","0","","0","0","0","","","0","","0","","40 29:09.580","","7","79 46:44.243","9","0","0","0","2466","0","0","0","N","0","0","0","1","02466","0","","5.0","","9","N","N","","0","","0","0","1","","0","","","1","0","0","0","0","0","1","2","0","1","","","","N","","","","","","","","","",""
"2019008520","","1","0","0","0","0","0","0","0","0","1","0","","02","1","2019","4","40.450153","-80.117359","0712","11","0","1","2","0","0","0","0","0","3","0","0","0","","","0","","0","","40 27:00.552","3","0","80 07:02.492","0","0","0","0","2115","0","0","0","N","0","0","0","3","02115","0","","1.0","","9","N","N","","0","","0","0","2","","0","N","","3","0","0","0","0","0","0","2","0","3","","","","N","","","","","","","","","",""