"CRN","ARRIVAL_TM","AUTOMOBILE_COUNT","BELTED_DEATH_COUNT","BELTED_SUSP_SERIOUS_INJ_COUNT","BICYCLE_COUNT","BICYCLE_DEATH_COUNT","BICYCLE_SUSP_SERIOUS_INJ_COUNT","BUS_COUNT","CHLDPAS_DEATH_COUNT","CHLDPAS_SUSP_SERIOUS_INJ_COUNT","COLLISION_TYPE","COMM_VEH_COUNT","CONS_ZONE_SPD_LIM","COUNTY","CRASH_MONTH","CRASH_YEAR","DAY_OF_WEEK","DEC_LATITUDE","DEC_LONGITUDE","DISPATCH_TM","DISTRICT","DRIVER_COUNT_16YR","DRIVER_COUNT_17YR","DRIVER_COUNT_18YR","DRIVER_COUNT_19YR","DRIVER_COUNT_20YR","DRIVER_COUNT_50_64YR","DRIVER_COUNT_65_74YR","DRIVER_COUNT_75PLUS","EST_HRS_CLOSED","FATAL_COUNT","HEAVY_TRUCK_COUNT","HORSE_BUGGY_COUNT","HOUR_OF_DAY","ILLUMINATION","INJURY_COUNT","INTERSECTION_RELATED","INTERSECT_TYPE","LANE_CLOSED","LATITUDE","LN_CLOSE_DIR","LOCATION_TYPE","LONGITUDE","MAX_SEVERITY_LEVEL","MCYCLE_DEATH_COUNT","MCYCLE_SUSP_SERIOUS_INJ_COUNT","MOTORCYCLE_COUNT","MUNICIPALITY","NONMOTR_COUNT","NONMOTR_DEATH_COUNT","NONMOTR_SUSP_SERIOUS_INJ_COUNT","NTFY_HIWY_MAINT","PED_COUNT","PED_DEATH_COUNT","PED_SUSP_SERIOUS_INJ_COUNT","PERSON_COUNT","POLICE_AGCY","POSSIBLE_INJ_COUNT","RDWY_SURF_TYPE_CD","RELATION_TO_ROAD","ROADWAY_CLEARED","ROAD_CONDITION","SCH_BUS_IND","SCH_ZONE_IND","SECONDARY_CRASH","SMALL_TRUCK_COUNT","SPEC_JURIS_CD","SUSP_MINOR_INJ_COUNT","SUSP_SERIOUS_INJ_COUNT","SUV_COUNT","TCD_FUNC_CD","TCD_TYPE","TFC_DETOUR_IND","TIME_OF_DAY","TOTAL_UNITS","TOT_INJ_COUNT","UNBELTED_OCC_COUNT","UNB_DEATH_COUNT","UNB_SUSP_SERIOUS_INJ_COUNT","UNK_INJ_DEG_COUNT","UNK_INJ_PER_COUNT","URBAN_RURAL","VAN_COUNT","VEHICLE_COUNT","WEATHER1","WEATHER2","WORKERS_PRES","WORK_ZONE_IND","WORK_ZONE_LOC","WORK_ZONE_TYPE","WZ_CLOSE_DETOUR","WZ_FLAGGER","WZ_LAW_OFFCR_IND","WZ_LN_CLOSURE","WZ_MOVING","WZ_OTHER","WZ_SHLDER_MDN","WZ_WORKERS_INJ_KILLED"
"2019010122","","0","0","0","0","0","0","0","0","0","7","0","","02","1","2019","1","40.365608","-80.041051","1025","11","0","0","0","0","0","1","0","0","","0","0","0","","","0","","2","","40 21:56.188","","0","80 02:27.783","0","0","0","0","2109","0","0","0","N","0","0","0","1","02109","0","","5.0","","7","N","N","","0","","0","0","1","","3","","","1","0","0","0","0","0","0","2","0","1","","","","N","","","","","","","","","",""
"2019010408","","0","0","0","0","0","0","0","0","0","7","0","","02","1","2019","6","40.491186","-80.193852","2114","11","0","1","0","0","0","0","0","0","1","0","0","0","","","1","","0","","40 29:28.270","1","0","80 11:37.867","3","0","0","0","2213","0","0","0","N","0","0","0","1","02213","0","","4.0","","2","N","N","","1","","1","0","0","","0","N","","1","1","0","0","0","0","0","2","0","1","","","","N","","","","","","","","","",""
"2019008844","","0","0","0","0","0","0","0","0","0","1","1","","02","1","2019","6","40.623199","-79.923163","0428","11","0","0","0","0","0","1","0","0","","0","1","0","","","1","","1","","40 37:23.517","","0","79 55:23.386","8","0","0","0","2217","0","0","0","N","0","0","0","2","02505","0","","1.0","","9","N","N","","0","","0","0","1","","2","","","2","1","0","0","0","1","0","2","0","2","","","","N","","","","","","","","","",""
"2019012148","","0","0","0","0","0","0","1","0","0","4","1","","02","2","2019","6","40.461119","-79.927482","1122","11","0","0","0","0","0","1","0","0","","0","0","0","","","0","","2","","40 27:40.028","","0","79 55:38.935","0","0","0","0","2301","0","0","0","N","0","0","0","2","02503","0","","1.0","","7","N","N","","0","","0","0","1","","3","","","2","0","0","0","0","0","0","2","0","2","","","","N","","","","","","","","","",""
"2019008687","","1","0","0","0","0","0","0","0","0","4","0","","02","1","2019","3","40.327341","-79.840235","1736","11","0","0","0","0","0","1","0","0","1","0","0","0","","","0","","1","","40 19:38.428","5","0","79 50:24.845","0","0","0","0","2304","0","0","0","N","0","0","0","2","02304","0","","1.0","","1","N","N","","0","","0","0","0","","2","N","","2","0","0","0","0","0","0","2","1","2","","","","N","","","","","","","","","",""
"2019008845","","1","0","0","0","0","0","0","0","0","7","0","","02","1","2019","5","40.343461","-79.863215","0412","11","0","0","0","0","0","0","0","0","","0","0","0","","","0","","0","","40 20:36.459","","0","79 51:47.574","0","0","0","0","2304","0","0","0","N","0","0","0","1","02304","0","","5.0","","9","N","N","","0","","0","0","0","","0","","","1","0","0","0","0","0","0","2","0","1","","","","N","","","","","","","","","",""
"2019012119","","1","0","0","0","0","0","0","0","0","7","0","","02","2","2019","6","40.407083","-79.943273","1015","11","0","0","0","0","0","0","0","0","","0","0","0","","","0","","2","","40 24:25.498","","0","79 56:35.783","0","0","0","0","2301","0","0","0","N","0","0","0","1","02301","0","","2.0","","6","N","N","","0","","0","0","0","","3","","","1","0","0","0","0","0","0","2","0","1","","","","N","","","","","","","","","",""
"2019012768","","2","0","0","0","0","0","0","0","0","1","0","","02","2","2019","7","40.459786","-79.907136","1529","11","0","0","0","0","0","1","0","0","1","0","0","0","","","0","","2","","40 27:35.229","2","0","79 54:25.689","0","0","0","0","2301","0","0","0","N","0","0","0","2","02301","0","","1.0","","9","N","N","","0","","0","0","0","","0","N","","2","0","0","0","0","0","0","2","0","2","","","","N","","","","","","","","","",""
"2019032735","","2","0","0","0","0","0","0","0","0","4","0","","02","3","2019","1","40.432862","-80.013449","1318","11","0","0","0","0","0","0","0","1","","0","0","0","","","0","","1","","40 25:58.303","","0","80 00:48.417","9","0","0","0","2301","0","0","0","N","0","0","0","2","02301","0","","1.0","","1","N","N","","0","","0","0","0","","0","","","2","0","0","0","0","0","1","2","0","2","","","","N","","","","","","","","","",""
"2019034474","","1","0","0","0","0","0","0","0","0","7","0","","02","3","2019","7","40.671479","-80.094583","1700","11","0","0","0","0","1","0","0","0","","0","0","0","","","1","","0","","40 40:17.325","","0","80 05:40.500","3","0","0","0","2212","0","0","0","N","0","0","0","1","68B03","0","","4.0","","7","N","N","","0","","1","0","0","","0","","","1","1","0","0","0","0","0","2","0","1","","","","N","","","","","","","","","",""
"2019009198","","1","0","0","0","0","0","0","0","0","8","0","","02","1","2019","5","40.436245","-79.919127","0628","11","0","0","0","0","0","0","0","0","","0","0","0","","","1","","2","","40 26:10.482","","0","79 55:08.857","2","0","0","0","2301","1","0","1","N","1","0","1","2","02301","0","","1.0","","9","N","N","","0","","0","1","0","","0","","","2","1","0","0","0","0","0","2","0","1","","","","N","","","","","","","","","",""
"2019012310","","1","0","0","0","0","0","0","0","0","4","0","","02","2","2019","6","40.480183","-79.933862","1615","11","0","0","0","0","0","0","0","0","","0","0","0","","","0","","0","","40 28:48.660","","0","79 56:01.903","9","0","0","0","2301","0","0","0","N","0","0","0","5","02301","0","","1.0","","2","N","N","","0","","0","0","1","","2","","","2","0","0","0","0","0","1","2","0","2","","","","N","","","","","","","","","",""
"2019009685","","0","0","0","0","0","0","0","0","0","1","0","","02","1","2019","6","40.414639","-80.062044","1848","11","0","0","0","0","1","0","0","0","2","0","0","0","","","5","","0","","40 24:52.701","3","0","80 03:43.358","4","0","0","0","2435","0","0","0","N","0","0","0","5","68B03","5","","1.0","","1","N","N","","0","","0","0","2","","0","N","","2","5","0","0","0","0","0","2","0","2","","","","N","","","","","","","","","",""
"2019012882","","1","0","0","0","0","0","0","0","0","7","0","","02","2","2019","1","40.461033","-79.819487","0235","11","0","0","0","0","0","0","0","0","2","0","0","0","","","0","","0","","40 27:39.719","1","0","79 49:10.152","0","0","0","0","2113","0","0","0","N","0","0","0","1","02113","0","","2.0","","9","N","N","","0","","0","0","0","","0","N","","1","0","0","0","0","0","0","2","0","1","","","","N","","","","","","","","","",""
"2019036113","","1","0","0","0","0","0","0","0","0","1","1","","02","4","2019","4","40.429936","-80.028684","0627","11","0","0","0","0","0","1","0","0","","0","1","0","","","0","","3","","40 25:47.769","","2","80 01:43.261","0","0","0","0","2301","0","0","0","N","0","0","0","3","02301","0","","1.0","","1","N","N","","0","","0","0","1","","4","","","3","0","0","0","0","0","0","2","0","3","","","","N","","","","","","","","","",""
"2019009667","","1","0","0","0","0","0","0","0","0","1","0","","02","1","2019","3","40.422158","-80.045971","0812","11","0","0","0","0","0","0","0","0","","0","0","0","","","1","","0","","40 25:19.769","","0","80 02:45.494","8","0","0","0","2435","0","0","0","N","0","0","0","2","02435","0","","1.0","","1","N","N","","1","","0","0","0","","0","","","2","1","0","0","0","1","0","2","0","2","","","","N","","","","","","","","","",""
"2019009810","","1","0","0","0","0","0","0","0","0","1","0","","02","1","2019","7","40.42575","-79.910477","1113","11","0","0","0","0","0","0","0","0","2","0","0","0","","","0","","0","","40 25:32.699","4","4","79 54:37.718","0","0","0","0","2301","0","0","0","N","0","0","0","6","68B03","0","","1.0","","9","N","N","","0","","0","0","1","","0","N","","3","0","1","0","0","0","0","2","1","3","","","","N","","","","","","","","","",""
"2019012314","","1","0","0","0","0","0","1","0","0","1","1","","02","2","2019","6","40.366726","-79.984329","1620","11","0","0","0","1","0","0","0","0","","0","0","0","","","0","","1","","40 22:00.212","","0","79 59:03.583","0","0","0","0","2413","0","0","0","N","0","0","0","2","02503","0","","1.0","","9","N","N","","0","","0","0","0","","0","","","2","0","0","0","0","0","0","2","0","2","","","","N","","","","","","","","","",""
"2019009351","","2","0","0","0","0","0","0","0","0","4","0","","02","1","2019","3","40.642749","-80.067546","0736","11","0","0","0","0","0","0","1","0","1","0","0","0","","","0","","0","","40 38:33.897","2","0","80 04:03.165","0","0","0","0","2216","0","0","0","N","0","0","0","3","02505","0","","1.0","","1","N","N","","0","","0","0","0","","2","Y","","2","0","0","0","0","0","0","2","0","2","","","","N","","","","","","","","","",""
"2019009542","","1","0","0","0","0","0","1","0","0","4","1","","02","1","2019","6","40.416044","-79.946739","2336","11","0","0","0","0","0","1","1","0","","0","0","0","","","0","","1","","40 24:57.759","","0","79 56:48.261","0","0","0","0","2301","0","0","0","N","0","0","0","2","02503","0","","1.0","","9","N","","","0","","0","0","0","","0","","","2","0","0","0","0","0","0","2","0","2","","","","N","","","","","","","","","",""
"2019009671","","2","0","0","0","0","0","0","0","0","7","0","","02","1","2019","1","40.396497","-79.998436","1941","11","0","0","0","0","0","1","0","0","1","0","0","0","","","0","","0","","40 23:47.390","2","0","79 59:54.369","0","0","0","0","2301","0","0","0","N","0","0","0","1","02301","0","","5.0","","2","N","N","","0","","0","0","0","","0","N","","2","0","0","0","0","0","0","2","0","2","","","","N","","","","","","","","","",""
"2019012316","","1","0","0","0","0","0","0","0","0","1","0","","02","1","2019","5","40.634318","-80.060438","0745","11","0","0","0","0","0","1","0","0","1","0","0","0","","","0","","0","","40 38:03.544","2","0","80 03:37.575","0","0","0","0","2216","0","0","0","N","0","0","0","2","02505","0","","1.0","","6","N","N","","0","","0","0","1","","0","N","","2","0","0","0","0","0","0","2","0","2","","","","N","","","","","","","","","",""
"2019009382","","0","0","0","0","0","0","0","0","0","5","1","","02","1","2019","5","40.420603","-80.032158","1206","11","0","0","0","0","0","2","0","0","2","0","1","0","","","0","","0","","40 25:14.172","6","0","80 01:55.768","0","0","0","0","2301","0","0","0","N","0","0","0","2","68B03","0","","1.0","","1","N","N","","0","","0","0","1","","0","N","","2","0","0","0","0","0","0","2","0","2","","","","N","","","","","","","","","",""
"2019012354","","1","0","0","0","0","0","0","0","0","7","0","","02","1","2019","5","40.532241","-79.959786","2212","11","0","0","0","0","0","0","0","0","","0","0","0","","","1","","0","","40 31:56.066","","0","79 57:35.230","3","0","0","0","2118","0","0","0","N","0","0","0","1","02118","0","","5.0","","2","N","N","","0","","1","0","0","","0","","","1","1","0","0","0","0","0","2","0","1","","","","N","","","","","","","","","",""
"2019012614","","2","0","0","0","0","0","0","0","0","4","0","","02","2","2019","7","40.364363","-79.983606","1109","11","0","0","0","0","0","0","0","0","1","0","0","0","","","1","","2","","40 21:51.707","1","0","79 59:00.982","8","0","0","0","2413","0","0","0","N","0","0","0","3","02413","0","","1.0","","9","N","N","","0","","0","0","0","","3","N","","2","1","0","0","0","1","0","2","0","2","","","","N","","","","","","","","","",""
"2019012783","","2","0","0","0","0","0","0","0","0","1","0","","02","2","2019","7","40.447435","-79.942465","1821","11","0","0","0","0","0","1","0","0","1","0","0","0","","","0","","1","","40 26:50.767","6","0","79 56:32.873","0","0","0","0","2301","0","0","0","N","0","0","0","5","02301","0","","1.0","","9","N","N","","0","","0","0","0","","2","N","","2","0","0","0","0","0","0","2","0","2","","","","N","","","","","","","","","",""
"2019036128","","1","0","0","0","0","0","0","0","0","1","0","","02","4","2019","5","40.430814","-80.01154","0239","11","0","0","0","0","0","0","0","0","2","0","0","0","","","0","","0","","40 25:50.932","6","0","80 00:41.543","0","0","0","0","2301","0","0","0","N","0","0","0","1","02301","0","","6.0","","1","N","N","","0","","0","0","1","","0","N","","2","0","0","0","0","0","0","2","0","2","","","","N","","","","","","","","","",""
"2019036168","","2","0","0","0","0","0","0","0","0","1","0","","02","4","2019","4","40.6312","-79.998573","1401","11","0","0","0","0","0","1","0","0","2","0","0","0","","","1","","0","","40 37:52.321","3","0","79 59:54.863","4","0","0","0","2216","0","0","0","N","0","0","0","2","02505","1","","1.0","","1","N","N","","0","","0","0","0","","0","N","","2","1","0","0","0","0","0","1","0","2","","","","N","","","","","","","","","",""
"2019012323","","2","0","0","0","0","0","0","0","0","4","0","","02","2","2019","6","40.360485","-79.90769","1818","11","0","0","0","0","0","1","0","0","1","0","0","0","","","1","","2","","40 21:37.746","4","0","79 54:27.685","3","0","0","0","2473","0","0","0","N","0","0","0","3","02473","0","","1.0","","1","N","N","","0","","1","0","0","","2","N","","2","1","0","0","0","0","0","2","0","2","","","","N","","","","","","","","","",""
"2019012359","","2","0","0","0","0","0","0","0","0","4","0","","02","2","2019","6","40.409428","-79.994113","2112","11","0","0","0","0","0","0","0","0","1","0","0","0","","","1","","0","","40 24:33.940","7","0","79 59:38.808","3","0","0","0","2301","0","0","0","N","0","0","0","3","02301","0","","1.0","","2","N","N","","0","","1","0","0","","0","N","","3","1","0","0","0","0","0","2","1","3","","","","N","","","","","","","","","",""
"2019011127","","1","0","0","0","0","0","0","0","0","7","0","","02","1","2019","4","40.419689","-79.928264","0707","11","0","0","0","0","0","0","0","0","","0","0","0","","","0","","2","","40 25:10.880","","0","79 55:41.750","0","0","0","0","2301","0","0","0","N","0","0","0","2","02301","0","","2.0","","7","N","N","","0","","0","0","0","","0","","","1","0","0","0","0","0","0","2","0","1","","","","N","","","","","","","","","",""
"2019009692","","1","0","0","0","0","0","0","0","0","7","0","","02","1","2019","1","40.426776","-79.892271","0512","11","0","0","0","0","0","0","0","0","","0","0","0","","","1","","0","","40 25:36.393","","0","79 53:32.174","8","0","0","0","2301","0","0","0","N","0","0","0","1","68B03","0","","2.0","","6","N","N","","0","","0","0","0","","0","","","1","1","0","0","0","1","0","2","0","1","","","","N","","","","","","","","","",""
"2019012791","","2","0","0","0","0","0","0","0","0","4","0","","02","2","2019","7","40.472999","-79.888855","1952","11","0","0","0","0","0","0","0","0","","0","0","0","","","0","","1","","40 28:22.796","","0","79 53:19.878","0","0","0","0","2301","0","0","0","N","0","0","0","5","02301","0","","1.0","","1","N","N","","0","","0","0","0","","3","","","2","0","0","0","0","0","0","2","0","2","","","","N","","","","","","","","","",""
"2019012922","","0","0","0","0","0","0","0","0","0","4","0","","02","2","2019","6","40.345366","-80.15479","1710","11","0","0","1","0","0","0","0","0","","0","0","0","","","0","","1","","40 20:43.317","","0","80 09:17.244","0","0","0","0","2119","0","0","0","N","0","0","0","4","02119","0","","1.0","","6","N","N","","0","","0","0","2","","0","","","2","0","0","0","0","0","0","2","0","2","","","","N","","","","","","","","","",""
"2019012360","","1","0","0","0","0","0","0","0","0","7","0","","02","2","2019","6","40.462233","-79.924522","1928","11","0","0","0","0","0","1","0","0","","0","0","0","","","0","","0","","40 27:44.037","","0","79 55:28.280","0","0","0","0","2301","0","0","0","Y","0","0","0","1","02301","0","","2.0","","6","N","N","","0","","0","0","0","","0","N","","1","0","0","0","0","0","0","2","0","1","","","","N","","","","","","","","","",""
"2019009823","","0","0","0","0","0","0","0","0","0","1","0","","02","1","2019","4","40.459942","-79.999556","0852","11","0","0","0","0","0","1","0","0","","0","0","0","","","0","","0","","40 27:35.790","","0","79 59:58.400","0","0","0","0","2301","0","0","0","N","0","0","0","2","68B03","0","","1.0","","9","N","N","","0","","0","0","2","","0","","","2","0","0","0","0","0","0","2","0","2","","","","N","","","","","","","","","",""
"2019012797","","1","0","0","0","0","0","0","0","0","7","0","","02","1","2019","3","40.540556","-79.990833","2141","11","0","1","0","0","0","0","0","0","1","0","0","0","","","0","","0","","40 32:26.000","1","0","79 59:27.000","0","0","0","0","2116","0","0","0","N","0","0","0","1","02116","0","","5.0","","2","N","N","","0","","0","0","0","","0","N","","1","0","0","0","0","0","0","2","0","1","","","","N","","","","","","","","","",""
"2019012339","","1","0","0","0","0","0","0","0","0","7","0","","02","2","2019","6","40.393259","-79.987278","1938","11","0","0","0","0","0","0","0","0","","0","0","0","","","0","","2","","40 23:35.732","","0","79 59:14.200","0","0","0","0","2301","0","0","0","N","0","0","0","1","02301","0","","5.0","","6","N","N","","0","","0","0","0","","0","N","","1","0","0","0","0","0","0","2","0","1","","","","N","","","","","","","","","",""
"2019012802","","0","0","0","0","0","0","0","0","0","7","0","","02","1","2019","7","40.447263","-79.730976","2113","11","0","1","0","0","0","0","0","0","2","0","0","0","","","0","","0","","40 26:50.146","1","0","79 43:51.513","0","0","0","0","2446","0","0","0","N","0","0","0","1","02446","0","","4.0","","6","N","N","","0","","0","0","1","","0","N","","1","0","0","0","0","0","0","2","0","1","","","","N","","","","","","","","","",""
"2019012604","","1","0","0","0","0","0","0","0","0","4","0","","02","2","2019","7","40.451143","-79.868211","1132","11","0","0","0","0","0","0","0","0","1","0","0","0","","","1","","2","","40 27:04.114","7","0","79 52:05.558","8","0","0","0","2301","0","0","0","N","0","0","0","3","02301","0","","1.0","","9","N","N","","0","","0","0","1","","3","N","","2","1","1","0","0","1","0","2","0","2","","","","N","","","","","","","","","",""
"2019009832","","1","0","0","0","0","0","0","0","0","7","0","","02","1","2019","1","40.255065","-79.846757","0024","11","0","0","0","0","0","0","0","0","2","0","0","0","","","0","","0","","40 15:18.234","5","0","79 50:48.326","0","0","0","0","2105","0","0","0","N","0","0","0","1","02105","0","","5.0","","9","N","N","","0","","0","0","0","","0","N","","1","0","0","0","0","0","0","1","0","1","","","","N","","","","","","","","","",""
"2019009428","","3","0","0","0","0","0","0","0","0","4","0","","02","1","2019","6","40.437886","-79.929891","1636","11","0","0","0","0","0","0","0","0","3","0","0","0","","","1","","0","","40 26:16.389","3","0","79 55:47.606","8","0","0","0","2301","0","0","0","N","0","0","0","1","02301","0","","1.0","","1","N","N","","0","","0","0","0","","0","N","","3","1","1","0","0","1","0","2","0","3","","","","N","","","","","","","","","",""
"2019011108","","1","0","0","0","0","0","0","0","0","4","0","","02","1","2019","3","40.450027","-79.934214","1039","11","0","0","0","0","0","0","0","0","2","0","0","0","","","0","","2","","40 27:00.097","4","0","79 56:03.170","0","0","0","0","2301","0","0","0","N","0","0","0","2","02301","0","","1.0","","9","N","N","","0","","0","0","1","","3","Y","","2","0","0","0","0","0","0","2","0","2","","","","N","","","","","","","","","",""
"2019012605","","0","0","0","0","0","0","0","0","0","7","1","","02","2","2019","6","40.367847","-79.863087","1008","11","0","0","0","0","0","1","0","0","","0","1","0","","","0","","2","","40 22:04.249","","0","79 51:47.113","0","0","0","0","2473","0","0","0","N","0","0","0","1","02473","0","","2.0","","1","N","N","","0","","0","0","0","","0","","","1","0","0","0","0","0","0","2","0","1","","","","N","","","","","","","","","",""
"2019008142","","2","0","0","0","0","0","0","0","0","4","0","","02","1","2019","2","40.430393","-79.791902","1726","11","1","0","0","0","1","0","0","0","","0","0","0","","","1","","2","","40 25:49.414","","0","79 47:30.847","4","0","0","0","2446","0","0","0","N","0","0","0","2","02446","1","","1.0","","1","N","N","","0","","0","0","0","","2","","","2","1","0","0","0","0","0","2","0","2","","","","N","","","","","","","","","",""
"2019009844","","0","0","0","0","0","0","0","0","0","7","1","","02","1","2019","6","40.433847","-79.885269","1100","11","0","0","0","0","1","0","0","0","2","0","1","0","","","0","","0","","40 26:01.850","6","1","79 53:06.970","0","0","0","0","2426","0","0","0","N","0","0","0","1","02426","0","","5.0","","1","N","N","","0","","0","0","0","","2","Y","","1","0","0","0","0","0","0","2","0","1","","","","N","","","","","","","","","",""
"2019012374","","1","0","0","0","0","0","0","0","0","4","0","","02","2","2019","6","40.457239","-79.997836","2317","11","0","0","0","0","0","0","0","0","","0","0","0","","","0","","1","","40 27:26.061","","0","79 59:52.208","0","0","0","0","2301","0","0","0","N","0","0","0","2","02301","0","","1.0","","6","N","N","","0","","0","0","0","","2","","","2","0","0","0","0","0","0","2","1","2","","","","N","","","","","","","","","",""
"2019012812","","2","0","0","0","0","0","0","0","0","4","0","","02","2","2019","7","40.547222","-80.028611","1610","11","0","0","0","0","0","0","0","0","1","0","0","0","","","1","","0","","40 32:50.000","5","7","80 01:43.000","3","0","0","0","2116","0","0","0","N","0","0","0","2","02116","0","","1.0","","1","N","N","","0","","1","0","0","","0","N","","2","1","0","0","0","0","0","2","0","2","","","","N","","","","","","","","","",""
"2019009434","","1","0","0","0","0","0","0","0","0","4","0","","02","1","2019","5","40.339413","-79.967998","2022","11","0","0","0","0","0","0","0","0","2","0","0","0","","","2","","2","","40 20:21.888","7","0","79 58:04.792","3","0","0","0","2454","0","0","0","Y","0","0","0","2","02454","0","","1.0","","1","N","N","","0","","2","0","1","","3","N","","2","2","0","0","0","0","0","2","0","2","","","","N","","","","","","","","","",""
"2019009704","","1","0","0","0","0","0","0","0","0","7","0","","02","1","2019","3","40.420794","-80.093607","0647","11","0","0","0","0","1","0","0","0","","0","0","0","","","1","","0","","40 25:14.858","","3","80 05:36.984","4","0","0","0","2457","0","0","0","N","0","0","0","1","68B03","1","","2.0","","1","N","N","","0","","0","0","0","","0","","","1","1","0","0","0","0","0","2","0","1","","","","N","","","","","","","","","",""
"2019012377","","1","0","0","0","0","0","0","0","0","7","0","","02","2","2019","6","40.3225","-79.930278","2244","11","0","0","1","0","0","0","0","0","2","0","0","0","","","1","","0","","40 19:21.000","4","0","79 55:49.000","3","0","0","0","2440","0","0","0","N","0","0","0","1","02440","0","","2.0","","2","N","N","","0","","1","0","0","","0","N","","1","1","1","0","0","0","0","2","0","1","","","","N","","","","","","","","","",""
"2019012459","","0","0","0","0","0","0","0","0","0","1","1","","02","1","2019","5","40.613706","-79.957209","1300","11","0","0","0","0","1","0","0","0","1","0","1","0","","","1","","0","","40 36:49.340","3","0","79 57:25.951","8","0","0","0","2207","0","0","0","N","0","0","0","2","68T02","0","","1.0","","9","N","N","","0","","0","0","1","","0","N","","2","1","0","0","0","1","0","2","0","2","","","","N","","","","","","","","","",""
"2019008019","","0","0","0","0","0","0","0","0","0","2","0","","02","1","2019","6","40.496153","-79.912308","1824","11","0","0","0","0","0","2","0","0","2","0","0","0","","","1","","0","","40 29:46.152","2","0","79 54:44.308","4","0","0","0","2112","0","0","0","N","0","0","0","3","68D02","1","","5.0","","1","N","N","","1","","0","0","1","","0","N","","2","1","0","0","0","0","0","2","0","2","","","","N","","","","","","","","","",""
"2019010881","","3","0","0","0","0","0","0","0","0","4","1","","02","1","2019","3","40.454118","-79.890785","2130","11","0","0","0","0","0","1","1","0","3","0","1","0","","","0","","1","","40 27:14.824","7","0","79 53:26.826","9","0","0","0","2301","0","0","0","N","0","0","0","2","02301","0","","1.0","","1","N","N","","0","","0","0","0","","3","Y","","4","0","0","0","0","0","1","2","0","4","","","","N","","","","","","","","","",""
"2019008164","","0","0","0","0","0","0","0","0","0","7","0","","02","1","2019","3","40.424804","-79.990109","1545","11","0","0","0","0","0","1","0","0","2","0","0","0","","","0","","0","","40 25:29.296","5","0","79 59:24.391","0","0","0","0","2301","0","0","0","Y","0","0","0","1","02301","0","","4.0","","6","N","N","","0","","0","0","0","","0","Y","","1","0","0","0","0","0","0","2","1","1","","","","N","","","","","","","","","",""
"2019009228","","0","0","0","0","0","0","0","0","0","7","0","","02","1","2019","5","40.640206","-80.107536","0500","11","0","0","0","0","0","0","0","0","3","0","0","0","","","0","","0","","40 38:24.740","5","0","80 06:27.131","0","0","0","0","2212","0","0","0","N","0","0","0","1","02505","0","","5.0","","9","N","N","","0","","0","0","1","","0","Y","","1","0","0","0","0","0","0","2","0","1","","05","","N","","","","","","","","","",""
"2019009444","","1","0","0","0","0","0","0","0","0","0","0","","02","1","2019","6","40.408244","-80.00472","1606","11","0","0","0","0","0","0","0","0","3","0","0","0","","","1","","0","","40 24:29.680","2","0","80 00:16.991","3","0","0","0","2301","0","0","0","N","0","0","0","1","02301","0","","1.0","","9","N","N","","0","","1","0","0","","0","N","","1","1","0","0","0","0","0","2","0","1","","","","N","","","","","","","","","",""
"2019030687","","1","0","0","0","0","0","0","0","0","6","0","","02","3","2019","6","40.349984","-79.885528","0336","11","0","0","0","0","0","0","0","0","1","0","0","0","","","0","","0","","40 20:59.944","1","0","79 53:07.902","0","0","0","0","2423","0","0","0","N","0","0","0","2","02304","0","","1.0","","9","N","N","","1","","0","0","0","","0","N","","2","0","0","0","0","0","0","2","0","2","","","","N","","","","","","","","","",""
"2019034228","","2","0","0","0","0","0","0","0","0","4","0","","02","3","2019","2","40.34837","-79.944808","1215","11","0","0","0","0","0","1","0","0","","0","0","0","","","0","","1","","40 20:54.133","","0","79 56:41.310","0","0","0","0","2473","0","0","0","N","0","0","0","2","02473","0","","1.0","","9","N","N","","0","","0","0","0","","2","","","2","0","0","0","0","0","0","2","0","2","","","","N","","","","","","","","","",""
"2019009229","","1","0","0","0","0","0","0","0","0","7","0","","02","1","2019","2","40.379625","-80.20521","0109","11","0","0","0","0","0","0","0","0","2","0","0","0","","","0","","0","","40 22:46.649","4","0","80 12:18.755","0","0","0","0","2119","0","0","0","N","0","0","0","1","02119","0","","5.0","","7","N","N","","0","","0","0","0","","0","N","","1","0","0","0","0","0","0","1","0","1","","","","N","","","","","","","","","",""
"2019011009","","0","0","0","0","0","0","0","0","0","7","0","","02","1","2019","2","40.426673","-79.917832","1517","11","0","0","0","0","0","0","0","0","1","0","0","0","","","1","","0","","40 25:36.022","3","0","79 55:04.195","3","0","0","0","2301","0","0","0","N","0","0","0","1","68B03","0","","2.0","","1","N","N","","1","","1","0","0","","0","N","","1","1","0","0","0","0","0","2","0","1","","","","N","","","","","","","","","",""
"2019009590","","2","0","0","0","0","0","0","0","0","4","0","","02","1","2019","7","40.428082","-79.934777","0400","11","0","0","0","0","0","0","0","0","","0","0","0","","","0","","0","","40 25:41.096","","0","79 56:05.197","0","0","0","0","2301","0","0","0","N","0","0","0","1","02301","0","","6.0","","2","N","N","","0","","0","0","0","","0","","","2","0","0","0","0","0","0","2","0","2","","","","N","","","","","","","","","",""
"2019009894","","4","0","2","0","0","0","0","0","0","2","0","","02","1","2019","3","40.500499","-80.073508","0632","11","0","0","0","0","0","1","0","1","2","0","0","0","","","3","","2","","40 30:01.797","5","0","80 04:24.629","2","0","0","0","2402","0","0","0","N","0","0","0","4","02402","0","","1.0","","2","N","N","","0","","1","2","0","","8","Y","","4","3","0","0","0","0","0","2","0","4","","","","N","","","","","","","","","",""