"CRN","ARRIVAL_TM","AUTOMOBILE_COUNT","BELTED_DEATH_COUNT","BELTED_SUSP_SERIOUS_INJ_COUNT","BICYCLE_COUNT","BICYCLE_DEATH_COUNT","BICYCLE_SUSP_SERIOUS_INJ_COUNT","BUS_COUNT","CHLDPAS_DEATH_COUNT","CHLDPAS_SUSP_SERIOUS_INJ_COUNT","COLLISION_TYPE","COMM_VEH_COUNT","CONS_ZONE_SPD_LIM","COUNTY","CRASH_MONTH","CRASH_YEAR","DAY_OF_WEEK","DEC_LATITUDE","DEC_LONGITUDE","DISPATCH_TM","DISTRICT","DRIVER_COUNT_16YR","DRIVER_COUNT_17YR","DRIVER_COUNT_18YR","DRIVER_COUNT_19YR","DRIVER_COUNT_20YR","DRIVER_COUNT_50_64YR","DRIVER_COUNT_65_74YR","DRIVER_COUNT_75PLUS","EST_HRS_CLOSED","FATAL_COUNT","HEAVY_TRUCK_COUNT","HORSE_BUGGY_COUNT","HOUR_OF_DAY","ILLUMINATION","INJURY_COUNT","INTERSECTION_RELATED","INTERSECT_TYPE","LANE_CLOSED","LATITUDE","LN_CLOSE_DIR","LOCATION_TYPE","LONGITUDE","MAX_SEVERITY_LEVEL","MCYCLE_DEATH_COUNT","MCYCLE_SUSP_SERIOUS_INJ_COUNT","MOTORCYCLE_COUNT","MUNICIPALITY","NONMOTR_COUNT","NONMOTR_DEATH_COUNT","NONMOTR_SUSP_SERIOUS_INJ_COUNT","NTFY_HIWY_MAINT","PED_COUNT","PED_DEATH_COUNT","PED_SUSP_SERIOUS_INJ_COUNT","PERSON_COUNT","POLICE_AGCY","POSSIBLE_INJ_COUNT","RDWY_SURF_TYPE_CD","RELATION_TO_ROAD","ROADWAY_CLEARED","ROAD_CONDITION","SCH_BUS_IND","SCH_ZONE_IND","SECONDARY_CRASH","SMALL_TRUCK_COUNT","SPEC_JURIS_CD","SUSP_MINOR_INJ_COUNT","SUSP_SERIOUS_INJ_COUNT","SUV_COUNT","TCD_FUNC_CD","TCD_TYPE","TFC_DETOUR_IND","TIME_OF_DAY","TOTAL_UNITS","TOT_INJ_COUNT","UNBELTED_OCC_COUNT","UNB_DEATH_COUNT","UNB_SUSP_SERIOUS_INJ_COUNT","UNK_INJ_DEG_COUNT","UNK_INJ_PER_COUNT","URBAN_RURAL","VAN_COUNT","VEHICLE_COUNT","WEATHER1","WEATHER2","WORKERS_PRES","WORK_ZONE_IND","WORK_ZONE_LOC","WORK_ZONE_TYPE","WZ_CLOSE_DETOUR","WZ_FLAGGER","WZ_LAW_OFFCR_IND","WZ_LN_CLOSURE","WZ_MOVING","WZ_OTHER","WZ_SHLDER_MDN","WZ_WORKERS_INJ_KILLED"
"2019033288","","0","0","0","0","0","0","0","0","0","7","1","","02","2","2019","4","40.429154","-79.941262","1221","11","0","0","0","0","0","0","0","0","1","0","1","0","","","1","","0","","40 25:44.954","3","0","79 56:28.543","4","0","0","0","2301","0","0","0","N","0","0","0","3","68B03","1","","3.0","","6","N","N","","0","","0","0","2","","0","N","","3","1","0","0","0","0","0","2","0","3","","","","N","","","","","","","","","",""
"2019035041","","1","0","0","0","0","0","0","0","0","7","1","","02","4","2019","2","40.468386","-80.035916","0641","11","0","0","0","0","0","1","1","0","3","0","1","0","","","1","","0","","40 28:06.190","2","0","80 02:09.299","4","0","0","0","2301","0","0","0","N","0","0","0","4","02301","1","","4.0","","1","N","N","","1","","0","0","0","","0","Y","","4","1","0","0","0","0","0","2","1","4","","","","N","","","","","","","","","",""
"2019031239","","0","0","0","0","0","0","0","0","0","1","1","","02","3","2019","6","40.342421","-79.862119","1439","11","0","0","0","0","0","0","0","1","2","0","1","0","","","2","","1","","40 20:32.714","1","0","79 51:43.630","8","0","0","0","2304","0","0","0","N","0","0","0","5","02304","0","","1.0","","1","Y","N","","0","","0","0","0","","0","Y","","2","2","3","0","0","2","0","2","1","2","","","","N","","","","","","","","","",""
"2019034901","","2","0","0","0","0","0","0","0","0","1","0","","02","3","2019","1","40.448933","-79.932572","1647","11","0","0","0","0","0","0","0","0","1","0","0","0","","","0","","2","","40 26:56.158","3","0","79 55:57.259","0","0","0","0","2301","0","0","0","N","0","0","0","2","02301","0","","1.0","","1","N","N","","0","","0","0","0","","0","N","","2","0","0","0","0","0","0","2","0","2","","","","N","","","","","","","","","",""
"2019035082","","1","0","0","0","0","0","0","0","0","1","1","","02","4","2019","2","40.419194","-79.926944","0844","11","0","0","0","0","0","1","0","0","","0","0","0","","","0","","0","","40 25:09.100","","0","79 55:37.000","0","0","0","0","2301","0","0","0","N","0","0","0","3","02301","0","","1.0","","1","N","N","","0","","0","0","1","","2","","","2","0","0","0","0","0","0","2","0","2","","","","N","","","","","","","","","",""
"2019032650","","1","0","0","0","0","0","0","0","0","2","0","","02","3","2019","7","40.493967","-80.056449","1359","11","0","0","0","0","0","1","0","0","","0","0","0","","","0","","2","","40 29:38.281","","0","80 03:23.216","0","0","0","0","2404","0","0","0","N","0","0","0","2","02404","0","","1.0","","1","N","N","","1","","0","0","0","","3","","","2","0","0","0","0","0","0","2","0","2","","","","N","","","","","","","","","",""
"2019034550","","0","0","0","0","0","0","0","0","0","4","1","","02","3","2019","4","40.366699","-80.057485","1012","11","0","0","0","0","0","0","0","1","1","0","1","0","","","0","","2","","40 22:00.116","2","0","80 03:26.946","0","0","0","0","2109","0","0","0","N","0","0","0","2","02109","0","","1.0","","1","N","N","","0","","0","0","1","","0","N","","2","0","1","0","0","0","0","2","0","2","","","","N","","","","","","","","","",""
"2019034903","","1","0","0","0","0","0","0","0","0","7","0","","02","3","2019","7","40.389622","-80.05155","0555","11","0","0","1","0","0","0","0","0","2","0","0","0","","","0","","0","","40 23:22.640","5","0","80 03:05.580","0","0","0","0","2109","0","0","0","N","0","0","0","2","02109","0","","5.0","","1","N","N","","0","","0","0","0","","0","Y","","1","0","0","0","0","0","0","2","0","1","","","","N","","","","","","","","","",""
"2019029660","","1","0","0","0","0","0","0","0","0","7","0","","02","3","2019","3","40.560754","-79.96981","1713","11","0","0","0","0","0","1","0","0","2","0","0","0","","","1","","0","","40 33:38.716","5","0","79 58:11.315","8","0","0","0","2207","0","0","0","N","0","0","0","1","02207","0","","5.0","","1","N","N","","0","","0","0","0","","0","Y","","1","1","1","0","0","1","0","2","0","1","","","","N","","","","","","","","","",""
"2019034423","","0","0","0","0","0","0","0","0","0","7","0","","02","3","2019","5","40.490572","-79.825863","2303","11","0","0","0","0","0","1","0","0","2","0","0","0","","","0","","0","","40 29:26.059","5","0","79 49:33.106","0","0","0","0","2113","0","0","0","N","0","0","0","1","02113","0","","5.0","","9","N","N","","0","","0","0","1","","0","N","","1","0","0","0","0","0","0","2","0","1","","","","N","","","","","","","","","",""
"2019034904","","1","0","0","0","0","0","0","0","0","4","0","","02","3","2019","7","40.385771","-80.050122","2353","11","0","0","1","0","0","0","0","0","2","0","0","0","","","2","","1","","40 23:08.775","6","0","80 03:00.439","3","0","0","0","2109","0","0","0","N","0","0","0","3","02109","0","","1.0","","9","N","N","","0","","2","0","1","","3","Y","","2","2","0","0","0","0","0","2","0","2","","","","N","","","","","","","","","",""
"2019034905","","1","0","0","0","0","0","0","0","0","1","0","","02","3","2019","1","40.380271","-80.052555","0850","11","0","0","0","0","0","0","0","1","2","0","0","0","","","1","","2","","40 22:48.976","3","0","80 03:09.199","8","0","0","0","2109","0","0","0","N","0","0","0","2","02109","0","","1.0","","9","N","N","","0","","0","0","1","","2","N","","2","1","0","0","0","1","0","2","0","2","","","","N","","","","","","","","","",""
"2019035093","","2","0","0","0","0","0","0","0","0","4","0","","02","3","2019","6","40.572019","-80.016386","1312","11","0","0","1","0","0","1","0","0","2","0","0","0","","","2","","1","","40 34:19.267","1","0","80 00:58.989","8","0","0","0","2108","0","0","0","N","0","0","0","3","02108","0","","1.0","","1","N","N","","0","","0","0","0","","2","N","","2","2","0","0","0","2","0","2","0","2","","","","N","","","","","","","","","",""
"2019034733","","0","0","0","0","0","0","0","0","0","1","0","","02","3","2019","7","40.425765","-80.01976","2051","11","0","0","0","0","0","0","0","0","1","0","0","0","","","0","","1","","40 25:32.754","4","0","80 01:11.135","0","0","0","0","2301","0","0","0","N","0","0","0","4","02301","0","","1.0","","1","N","N","","0","","0","0","2","","2","N","","2","0","0","0","0","0","0","2","0","2","","","","N","","","","","","","","","",""
"2019033137","","2","0","0","0","0","0","0","0","0","5","0","","02","3","2019","3","40.443436","-80.009015","1355","11","0","0","0","0","0","0","0","0","1","0","0","0","","","3","","0","","40 26:36.368","2","3","80 00:32.453","3","0","0","0","2301","0","0","0","N","0","0","0","3","68B03","2","","1.0","","1","N","N","","0","","1","0","0","","0","N","","2","3","1","0","0","0","0","2","0","2","","","","N","","","","","","","","","",""
"2019033294","","1","0","0","0","0","0","0","0","0","7","0","","02","3","2019","6","40.467913","-80.241066","0610","11","0","0","0","0","0","0","0","0","","0","0","0","","","0","","0","","40 28:04.486","","3","80 14:27.837","0","0","0","0","2203","0","0","0","Y","0","0","0","1","68B03","0","","3.0","","6","N","N","","0","","0","0","0","","0","","","1","0","0","0","0","0","0","2","0","1","","","","N","","","","","","","","","",""
"2019032665","","1","0","0","0","0","0","0","0","0","7","0","","02","3","2019","1","40.359701","-80.072681","0853","11","0","0","0","0","0","0","0","1","","0","0","0","","","1","","0","","40 21:34.924","","0","80 04:21.653","3","0","0","0","2123","0","0","0","N","0","0","0","2","02123","0","","5.0","","1","N","N","","0","","1","0","0","","0","","","1","1","0","0","0","0","0","2","0","1","","","","N","","","","","","","","","",""
"2019033139","","2","0","0","0","0","0","0","0","0","1","0","","02","3","2019","4","40.340894","-80.128463","0857","11","0","0","0","0","0","0","0","0","1","0","0","0","","","0","","0","","40 20:27.220","2","0","80 07:42.468","0","0","0","0","2119","0","0","0","N","0","0","0","3","68B03","0","","1.0","","1","N","N","","0","","0","0","0","","0","N","","2","0","0","0","0","0","0","2","0","2","","","","N","","","","","","","","","",""
"2019031416","","0","0","0","0","0","0","0","0","0","1","0","","02","3","2019","4","40.355491","-79.834758","1612","11","0","0","0","0","0","1","0","0","","0","0","0","","","0","","0","","40 21:19.768","","0","79 50:05.128","0","0","0","0","2304","0","0","0","N","0","0","0","3","02304","0","","1.0","","1","N","N","","1","","0","0","1","","0","","","2","0","0","0","0","0","0","2","0","2","","","","N","","","","","","","","","",""
"2019033317","","0","0","0","0","0","0","0","0","0","7","0","","02","3","2019","7","40.529653","-80.272529","0604","11","0","0","0","0","0","0","0","0","","0","0","0","","","1","","0","","40 31:46.752","","0","80 16:21.104","3","0","0","0","2203","0","0","0","Y","0","0","0","1","68B03","0","","2.0","","1","N","N","","0","","1","0","1","","0","","","1","1","0","0","0","0","0","1","0","1","","","","N","","","","","","","","","",""
"2019033301","","1","0","0","0","0","0","0","0","0","5","1","","02","3","2019","6","40.432335","-79.960139","0905","11","0","0","0","0","0","0","0","0","","0","1","0","","","1","","0","","40 25:56.406","","0","79 57:36.502","3","0","0","0","2301","0","0","0","Y","0","0","0","2","68B03","0","","1.0","","1","N","N","","0","","1","0","0","","0","","","2","1","0","0","0","0","0","2","0","2","","","","N","","","","","","","","","",""
"2019029679","","1","0","0","0","0","0","0","0","0","5","0","","02","3","2019","6","40.436086","-79.964538","1007","11","0","0","0","0","0","1","0","0","","0","0","0","","","0","","0","","40 26:09.909","","7","79 57:52.337","0","0","0","0","2301","0","0","0","N","0","0","0","4","02301","0","","1.0","","1","N","N","","0","","0","0","0","","0","","","2","0","0","0","0","0","0","2","1","2","","","","N","","","","","","","","","",""
"2019029702","","1","0","0","0","0","0","0","0","0","1","0","","02","3","2019","6","40.394939","-80.184235","0805","11","0","0","0","1","0","0","0","0","","0","0","0","","","0","","0","","40 23:41.780","","0","80 11:03.245","0","0","0","0","2450","0","0","0","N","0","0","0","2","02450","0","","1.0","","1","N","N","","1","","0","0","0","","0","","","2","0","0","0","0","0","0","2","0","2","","","","N","","","","","","","","","",""
"2019029028","","2","0","0","0","0","0","0","0","0","4","0","","02","3","2019","4","40.358049","-80.008048","1754","11","0","0","0","0","0","0","0","0","","0","0","0","","","0","","2","","40 21:28.976","","0","80 00:28.972","0","0","0","0","2476","0","0","0","N","0","0","0","3","02476","0","","1.0","","1","N","N","","0","","0","0","0","","3","","","2","0","0","0","0","0","0","2","0","2","","","","N","","","","","","","","","",""
"2019031143","","1","0","0","0","0","0","0","0","0","7","0","","02","3","2019","6","40.444247","-80.132577","2236","11","0","0","0","0","0","1","0","0","2","0","0","0","","","0","","0","","40 26:39.289","3","0","80 07:57.277","0","0","0","0","2115","0","0","0","N","0","0","0","1","02115","0","","4.0","","1","N","N","","0","","0","0","0","","0","N","","1","0","0","0","0","0","0","2","0","1","","","","N","","","","","","","","","",""
"2019034920","","2","0","0","0","0","0","0","0","0","2","0","","02","3","2019","1","40.454043","-79.912443","1716","11","0","0","0","0","0","1","0","0","1","0","0","0","","","0","","1","","40 27:14.553","7","0","79 54:44.793","0","0","0","0","2301","0","0","0","N","0","0","0","4","02301","0","","1.0","","1","N","N","","0","","0","0","0","","2","N","","2","0","1","0","0","0","0","2","0","2","","","","N","","","","","","","","","",""
"2019031428","","1","0","0","0","0","0","0","0","0","1","0","","02","3","2019","3","40.670674","-80.097621","1743","11","0","0","0","0","0","0","0","0","2","0","0","0","","","3","","0","","40 40:14.427","2","0","80 05:51.435","3","0","0","0","2212","0","0","0","Y","0","0","0","7","02505","0","","1.0","","1","N","N","","0","","3","0","1","","0","N","","3","3","0","0","0","0","0","2","1","3","","","","N","","","","","","","","","",""
"2019031115","","2","0","0","0","0","0","0","0","0","4","0","","02","3","2019","3","40.442806","-80.082316","1820","11","0","0","0","0","1","1","0","0","","0","0","0","","","1","","0","","40 26:34.100","","0","80 04:56.338","4","0","0","0","2301","0","0","0","N","0","0","0","2","02301","1","","1.0","","1","N","N","","0","","0","0","0","","0","","","2","1","0","0","0","0","0","2","0","2","","","","N","","","","","","","","","",""
"2019034926","","2","0","0","0","0","0","0","0","0","2","0","","02","3","2019","7","40.449765","-79.912976","2154","11","0","0","0","0","0","0","0","0","","0","0","0","","","0","","1","","40 26:59.153","","0","79 54:46.713","0","0","0","0","2301","0","0","0","N","0","0","0","3","02301","0","","1.0","","1","N","N","","0","","0","0","0","","0","","","2","0","0","0","0","0","0","2","0","2","","","","N","","","","","","","","","",""
"2019029683","","2","0","0","0","0","0","0","0","0","4","0","","02","3","2019","6","40.449213","-79.901323","1042","11","0","0","0","0","0","0","0","0","","0","0","0","","","0","","1","","40 26:57.168","","0","79 54:04.761","0","0","0","0","2301","0","0","0","N","0","0","0","2","02301","0","","1.0","","1","N","N","","0","","0","0","0","","2","","","2","0","0","0","0","0","0","2","0","2","","","","N","","","","","","","","","",""
"2019032684","","1","0","0","0","0","0","0","0","0","7","0","","02","3","2019","6","40.669122","-80.105489","1407","11","0","0","0","0","0","0","0","0","","0","0","0","","","0","","0","","40 40:08.840","","0","80 06:19.760","0","0","0","0","2212","0","0","0","N","0","0","0","1","02505","0","","2.0","","9","N","N","","0","","0","0","0","","0","","","1","0","0","0","0","0","0","2","0","1","","","","N","","","","","","","","","",""
"2019032846","","1","0","0","0","0","0","0","0","0","7","0","","02","3","2019","2","40.464441","-79.800085","0035","11","0","0","0","0","0","0","0","0","","0","0","0","","","1","","0","","40 27:51.989","","0","79 48:00.306","3","0","0","0","2113","0","0","0","N","0","0","0","1","02113","0","","4.0","","9","N","N","","0","","1","0","0","","0","","","1","1","0","0","0","0","0","2","0","1","","","","N","","","","","","","","","",""
"2019031117","","0","0","0","0","0","0","0","0","0","1","0","","02","3","2019","3","40.45558","-79.966254","1803","11","0","0","0","0","0","0","0","0","","0","0","0","","","1","","1","","40 27:20.089","","0","79 57:58.514","4","0","0","0","2301","0","0","0","N","0","0","0","2","02301","1","","1.0","","1","N","N","","1","","0","0","1","","2","","","2","1","0","0","0","0","0","2","0","2","","","","N","","","","","","","","","",""
"2019034607","","0","0","0","0","0","0","0","0","0","0","0","","02","3","2019","7","40.389591","-79.938491","1046","11","0","0","0","0","0","1","0","0","1","0","0","0","","","1","","0","","40 23:22.527","7","0","79 56:18.568","3","0","0","0","2301","0","0","0","N","0","0","0","2","02301","0","","1.0","","1","N","N","","0","","1","0","1","","0","N","","1","1","0","0","0","0","0","2","0","1","","","","N","","","","","","","","","",""
"2019033003","","1","0","0","0","0","0","0","0","0","1","0","","02","3","2019","7","40.568099","-80.021893","1752","11","0","0","0","0","0","0","0","0","","0","0","0","","","1","","1","","40 34:05.157","","0","80 01:18.816","8","0","0","0","2108","0","0","0","N","0","0","0","3","02108","0","","1.0","","1","N","N","","0","","0","0","1","","2","","","2","1","0","0","0","1","0","2","0","2","","","","N","","","","","","","","","",""
"2019030854","","1","0","0","0","0","0","0","0","0","7","0","","02","3","2019","5","40.385542","-79.874056","2343","11","0","0","0","0","0","0","0","0","","0","0","0","","","0","","0","","40 23:07.950","","0","79 52:26.600","9","0","0","0","2473","0","0","0","N","0","0","0","2","02473","0","","2.0","","1","N","N","","0","","0","0","0","","0","","","1","0","0","0","0","0","1","2","0","1","","","","N","","","","","","","","","",""
"2019034445","","2","0","0","0","0","0","0","0","0","4","0","","02","3","2019","6","40.461698","-79.966495","1726","11","0","0","0","0","0","0","0","0","1","0","0","0","","","0","","0","","40 27:42.113","4","7","79 57:59.381","0","0","0","0","2301","0","0","0","N","0","0","0","3","02301","0","","1.0","","1","N","N","","0","","0","0","0","","0","N","","2","0","0","0","0","0","0","2","0","2","","","","N","","","","","","","","","",""
"2019034610","","1","0","0","0","0","0","0","0","0","7","0","","02","3","2019","6","40.350077","-79.97647","0832","11","0","0","0","0","0","1","0","0","2","0","0","0","","","0","","2","","40 21:00.277","2","0","79 58:35.292","0","0","0","0","2476","0","0","0","Y","0","0","0","1","02476","0","","5.0","","1","N","N","","0","","0","0","0","","0","Y","","1","0","0","0","0","0","0","2","0","1","","","","N","","","","","","","","","",""
"2019033331","","0","0","0","0","0","0","0","0","0","0","1","","02","3","2019","3","40.372568","-80.110534","1801","11","0","0","0","0","0","1","0","0","3","0","1","0","","","1","","6","","40 22:21.244","2","2","80 06:37.923","4","0","0","0","2102","0","0","0","N","0","0","0","1","68B03","1","","1.0","","1","N","N","","0","","0","0","0","","0","N","","1","1","0","0","0","0","0","2","0","1","","","","N","","","","","","","","","",""
"2019034316","","1","0","0","0","0","0","0","0","0","7","0","","02","3","2019","5","40.348959","-80.017361","1538","11","0","0","0","0","0","1","0","0","1","0","0","0","","","1","","0","","40 20:56.253","7","0","80 01:02.499","3","0","0","0","2407","0","0","0","Y","0","0","0","1","02407","0","","2.0","","1","N","N","","0","","1","0","0","","0","N","","1","1","0","0","0","0","0","2","0","1","","","","N","","","","","","","","","",""
"2019034617","","2","0","0","0","0","0","0","0","0","4","0","","02","3","2019","7","40.408892","-79.905443","1020","11","0","0","0","0","0","0","0","0","2","0","0","0","","","1","","1","","40 24:32.010","3","0","79 54:19.595","8","0","0","0","2448","0","0","0","N","0","0","0","2","02448","0","","1.0","","1","N","N","","0","","0","0","0","","2","N","","2","1","0","0","0","1","0","2","0","2","","","","N","","","","","","","","","",""
"2019031282","","0","0","0","0","0","0","1","0","0","5","1","","02","3","2019","5","40.384833","-79.823417","0711","11","0","0","0","0","0","0","1","0","","0","0","0","","","2","","0","","40 23:05.400","","7","79 49:24.300","3","0","0","0","2111","0","0","0","N","0","0","0","5","02503","0","","1.0","","1","N","N","","0","","2","0","1","","0","","","2","2","0","0","0","0","0","2","0","2","","","","N","","","","","","","","","",""
"2019030864","","0","0","0","0","0","0","0","0","0","4","0","","02","3","2019","2","40.388089","-80.051163","0834","11","0","0","0","1","0","0","1","0","1","0","0","0","","","0","","1","","40 23:17.120","4","0","80 03:04.186","0","0","0","0","2109","0","0","0","N","0","0","0","4","02109","0","","1.0","","1","N","N","","0","","0","0","2","","3","Y","","2","0","0","0","0","0","0","2","0","2","","","","N","","","","","","","","","",""
"2019034779","","3","0","0","0","0","0","0","0","0","1","0","","02","3","2019","2","40.443621","-79.757456","1419","11","0","0","0","0","0","0","0","0","","0","0","0","","","0","","1","","40 26:37.035","","0","79 45:26.842","0","0","0","0","2446","0","0","0","N","0","0","0","3","02446","0","","1.0","","9","N","N","","0","","0","0","0","","2","","","3","0","0","0","0","0","0","2","0","3","","","","N","","","","","","","","","",""
"2019033157","","0","0","0","0","0","0","0","0","0","7","0","","02","3","2019","7","40.356786","-80.119949","0941","11","0","0","0","0","0","1","0","0","","0","0","0","","","0","","6","","40 21:24.430","","2","80 07:11.817","0","0","0","0","2119","0","0","0","Y","0","0","0","1","68B03","0","","2.0","","1","N","N","","1","","0","0","0","","0","","","1","0","0","0","0","0","0","2","0","1","","","","N","","","","","","","","","",""
"2019034452","","0","0","0","0","0","0","0","0","0","0","0","","02","3","2019","6","40.483022","-80.003802","1603","11","0","0","0","0","0","1","0","0","","0","0","0","","","0","","2","","40 28:58.879","","0","80 00:13.688","0","0","0","0","2301","0","0","0","N","0","0","0","1","02301","0","","1.0","","9","N","N","","1","","0","0","0","","0","","","1","0","0","0","0","0","0","2","0","1","","","","N","","","","","","","","","",""
"2019034619","","4","0","0","0","0","0","0","0","0","4","0","","02","3","2019","7","40.444801","-79.985139","1249","11","0","0","0","0","0","0","0","0","1","0","0","0","","","0","","2","","40 26:41.283","2","0","79 59:06.502","0","0","0","0","2301","0","0","0","N","0","0","0","2","02301","0","","1.0","","1","N","N","","0","","0","0","0","","3","N","","4","0","0","0","0","0","0","2","0","4","","","","N","","","","","","","","","",""
"2019029694","","2","0","0","0","0","0","0","0","0","2","0","","02","3","2019","6","40.469832","-79.963717","1041","11","0","0","0","0","0","0","0","0","1","0","0","0","","","0","","2","","40 28:11.396","3","0","79 57:49.382","0","0","0","0","2301","0","0","0","N","0","0","0","4","02301","0","","1.0","","1","N","N","","0","","0","0","0","","3","N","","2","0","0","0","0","0","0","2","0","2","","","","N","","","","","","","","","",""
"2019035145","","1","0","0","0","0","0","0","0","0","2","0","","02","3","2019","1","40.429276","-79.943548","0127","11","0","0","0","0","0","0","0","0","","0","0","0","","","0","","0","","40 25:45.394","","0","79 56:36.773","0","0","0","0","2301","0","0","0","N","0","0","0","1","68B03","0","","1.0","","9","N","N","","0","","0","0","0","","0","","","2","0","0","0","0","0","0","2","0","2","","","","N","","","","","","","","","",""
"2019034296","","1","0","0","0","0","0","1","0","0","4","1","","02","3","2019","6","40.416423","-79.997213","0822","11","0","1","0","0","0","1","0","0","1","0","0","0","","","1","","2","","40 24:59.122","3","0","79 59:49.966","8","0","0","0","2301","0","0","0","N","0","0","0","31","02301","0","","1.0","","9","Y","N","","0","","0","0","0","","3","N","","2","1","0","0","0","1","0","2","0","2","","","","N","","","","","","","","","",""
"2019034592","","2","0","0","0","0","0","1","0","0","5","1","","02","3","2019","7","40.443882","-79.938809","0724","11","0","0","0","0","0","0","0","0","3","0","0","0","","","0","","2","","40 26:37.974","1","0","79 56:19.714","0","0","0","0","2301","0","0","0","N","0","0","0","1","02503","0","","1.0","","1","N","N","","0","","0","0","0","","0","N","","3","0","0","0","0","0","0","2","0","3","","","","N","","","","","","","","","",""
"2019034792","","0","0","0","0","0","0","0","0","0","7","0","","02","3","2019","4","40.415733","-79.938987","1859","11","0","0","0","0","0","0","0","0","1","0","0","0","","","0","","0","","40 24:56.637","1","0","79 56:20.352","0","0","0","0","2301","0","0","0","N","0","0","0","1","02301","0","","5.0","","1","N","N","","0","","0","0","1","","0","Y","","1","0","0","0","0","0","0","2","0","1","","","","N","","","","","","","","","",""
"2019031295","","1","0","0","0","0","0","1","0","0","4","1","","02","3","2019","4","40.459174","-79.90998","0952","11","0","0","0","0","0","1","0","0","","0","0","0","","","1","","2","","40 27:33.026","","0","79 54:35.927","3","0","0","0","2301","0","0","0","N","0","0","0","3","02503","0","","1.0","","1","Y","N","","0","","1","0","0","","0","","","2","1","0","0","0","0","0","2","0","2","","","","N","","","","","","","","","",""
"2019034329","","2","0","0","0","0","0","0","0","0","4","0","","02","3","2019","4","40.323614","-79.838883","1200","11","0","0","0","0","0","1","1","0","1","0","0","0","","","1","","2","","40 19:25.011","7","0","79 50:19.979","3","0","0","0","2304","0","0","0","N","0","0","0","2","02304","0","","1.0","","1","N","N","","0","","1","0","0","","3","Y","","2","1","0","0","0","0","0","2","0","2","","","","N","","","","","","","","","",""
"2019033033","","2","0","0","0","0","0","0","0","0","4","0","","02","3","2019","2","40.516229","-79.842937","1657","11","0","0","0","0","0","1","0","0","","0","0","0","","","1","","1","","40 30:58.424","","0","79 50:34.573","4","0","0","0","2451","0","0","0","N","0","0","0","3","02451","1","","1.0","","9","N","N","","0","","0","0","0","","3","","","2","1","2","0","0","0","0","2","0","2","","","","N","","","","","","","","","",""
"2019034303","","0","0","0","0","0","0","0","0","0","4","0","","02","3","2019","6","40.384659","-79.824328","1307","11","0","0","0","0","0","1","0","0","2","0","0","0","","","1","","1","","40 23:04.773","6","0","79 49:27.579","8","0","0","0","2111","0","0","0","N","0","0","0","2","02111","0","","1.0","","1","N","N","","0","","0","0","2","","2","N","","2","1","0","0","0","1","0","2","0","2","","","","N","","","","","","","","","",""
"2019033034","","2","0","0","0","0","0","0","0","0","1","0","","02","3","2019","2","40.358007","-79.997079","1634","11","0","0","0","0","0","1","0","0","2","0","0","0","","","0","","0","","40 21:28.826","4","0","79 59:49.484","0","0","0","0","2476","0","0","0","N","0","0","0","2","02476","0","","1.0","","9","N","N","","0","","0","0","0","","0","N","","2","0","0","0","0","0","0","2","0","2","","","","N","","","","","","","","","",""
"2019031299","","1","0","0","0","0","0","0","0","0","7","0","","02","3","2019","4","40.330954","-79.910256","0954","11","0","0","0","0","0","0","0","0","","0","0","0","","","0","","0","","40 19:51.435","","0","79 54:36.920","0","0","0","0","2473","0","0","0","N","0","0","0","1","02473","0","","5.0","","2","N","N","","0","","0","0","0","","0","","","1","0","0","0","0","0","0","2","0","1","","","","N","","","","","","","","","",""
"2019034602","","1","0","0","0","0","0","0","0","0","1","0","","02","3","2019","7","40.478908","-80.043019","0858","11","0","0","0","0","0","0","0","0","1","0","0","0","","","1","","1","","40 28:44.067","1","3","80 02:34.868","3","0","0","0","2301","0","0","0","N","0","0","0","4","02301","0","","1.0","","1","N","N","","0","","1","0","1","","2","N","","2","1","0","0","0","0","0","2","0","2","","","","N","","","","","","","","","",""
"2019032903","","0","0","0","0","0","0","0","0","0","6","0","","02","3","2019","2","40.385548","-80.010013","0804","11","0","0","0","0","0","0","0","0","","0","0","0","","","1","","0","","40 23:07.971","","0","80 00:36.047","3","0","0","0","2301","0","0","0","N","0","0","0","3","02301","0","","1.0","","9","N","N","","0","","1","0","1","","0","N","","2","1","0","0","0","0","0","2","1","2","","","","N","","","","","","","","","",""
"2019034465","","1","0","0","0","0","0","0","0","0","7","0","","02","2","2019","4","40.518454","-80.133127","1550","11","0","0","0","0","0","0","0","0","","0","0","0","","","0","","0","","40 31:06.433","","0","80 07:59.258","0","0","0","0","2434","0","0","0","N","0","0","0","1","68B03","0","","4.0","","6","N","N","","0","","0","0","0","","0","","","1","0","0","0","0","0","0","1","0","1","","","","N","","","","","","","","","",""
"2019032880","","2","0","0","0","0","0","0","0","0","6","0","","02","3","2019","1","40.313019","-79.819713","0705","11","0","0","0","0","0","0","0","0","","0","0","0","","","0","","0","","40 18:46.869","","0","79 49:10.966","0","0","0","0","2105","0","0","0","N","0","0","0","1","02105","0","","2.0","","1","N","N","","0","","0","0","1","","0","","","3","0","0","0","0","0","0","2","0","3","","","","N","","","","","","","","","",""