"CRN","ARRIVAL_TM","AUTOMOBILE_COUNT","BELTED_DEATH_COUNT","BELTED_SUSP_SERIOUS_INJ_COUNT","BICYCLE_COUNT","BICYCLE_DEATH_COUNT","BICYCLE_SUSP_SERIOUS_INJ_COUNT","BUS_COUNT","CHLDPAS_DEATH_COUNT","CHLDPAS_SUSP_SERIOUS_INJ_COUNT","COLLISION_TYPE","COMM_VEH_COUNT","CONS_ZONE_SPD_LIM","COUNTY","CRASH_MONTH","CRASH_YEAR","DAY_OF_WEEK","DEC_LATITUDE","DEC_LONGITUDE","DISPATCH_TM","DISTRICT","DRIVER_COUNT_16YR","DRIVER_COUNT_17YR","DRIVER_COUNT_18YR","DRIVER_COUNT_19YR","DRIVER_COUNT_20YR","DRIVER_COUNT_50_64YR","DRIVER_COUNT_65_74YR","DRIVER_COUNT_75PLUS","EST_HRS_CLOSED","FATAL_COUNT","HEAVY_TRUCK_COUNT","HORSE_BUGGY_COUNT","HOUR_OF_DAY","ILLUMINATION","INJURY_COUNT","INTERSECTION_RELATED","INTERSECT_TYPE","LANE_CLOSED","LATITUDE","LN_CLOSE_DIR","LOCATION_TYPE","LONGITUDE","MAX_SEVERITY_LEVEL","MCYCLE_DEATH_COUNT","MCYCLE_SUSP_SERIOUS_INJ_COUNT","MOTORCYCLE_COUNT","MUNICIPALITY","NONMOTR_COUNT","NONMOTR_DEATH_COUNT","NONMOTR_SUSP_SERIOUS_INJ_COUNT","NTFY_HIWY_MAINT","PED_COUNT","PED_DEATH_COUNT","PED_SUSP_SERIOUS_INJ_COUNT","PERSON_COUNT","POLICE_AGCY","POSSIBLE_INJ_COUNT","RDWY_SURF_TYPE_CD","RELATION_TO_ROAD","ROADWAY_CLEARED","ROAD_CONDITION","SCH_BUS_IND","SCH_ZONE_IND","SECONDARY_CRASH","SMALL_TRUCK_COUNT","SPEC_JURIS_CD","SUSP_MINOR_INJ_COUNT","SUSP_SERIOUS_INJ_COUNT","SUV_COUNT","TCD_FUNC_CD","TCD_TYPE","TFC_DETOUR_IND","TIME_OF_DAY","TOTAL_UNITS","TOT_INJ_COUNT","UNBELTED_OCC_COUNT","UNB_DEATH_COUNT","UNB_SUSP_SERIOUS_INJ_COUNT","UNK_INJ_DEG_COUNT","UNK_INJ_PER_COUNT","URBAN_RURAL","VAN_COUNT","VEHICLE_COUNT","WEATHER1","WEATHER2","WORKERS_PRES","WORK_ZONE_IND","WORK_ZONE_LOC","WORK_ZONE_TYPE","WZ_CLOSE_DETOUR","WZ_FLAGGER","WZ_LAW_OFFCR_IND","WZ_LN_CLOSURE","WZ_MOVING","WZ_OTHER","WZ_SHLDER_MDN","WZ_WORKERS_INJ_KILLED"
"2019033229","","1","0","0","0","0","0","0","0","0","1","1","","02","3","2019","3","40.34837","-79.944808","0740","11","0","0","0","0","0","1","0","0","","0","1","0","","","0","","1","","40 20:54.133","","0","79 56:41.310","0","0","0","0","2473","0","0","0","N","0","0","0","2","02473","0","","1.0","","1","N","N","","0","","0","0","0","","2","","","2","0","0","0","0","0","0","2","0","2","","","","N","","","","","","","","","",""
"2019029747","","2","0","0","0","0","0","0","0","0","1","0","","02","3","2019","6","40.447716","-79.938629","1158","11","0","0","0","0","0","0","1","0","","0","0","0","","","0","","0","","40 26:51.778","","0","79 56:19.066","0","0","0","0","2301","0","0","0","N","0","0","0","6","02301","0","","1.0","","1","N","N","","0","","0","0","0","","0","","","2","0","0","0","0","0","0","2","0","2","","","","N","","","","","","","","","",""
"2019032916","","2","0","0","0","0","0","0","0","0","2","0","","02","3","2019","2","40.340046","-79.980934","1101","11","0","0","0","0","1","0","0","0","","0","0","0","","","0","","0","","40 20:24.165","","7","79 58:51.361","0","0","0","0","2403","0","0","0","N","0","0","0","2","02403","0","","1.0","","9","N","N","","0","","0","0","0","","0","","","2","0","0","0","0","0","0","2","0","2","","","","N","","","","","","","","","",""
"2019030127","","2","0","0","0","0","0","0","0","0","1","0","","02","3","2019","7","40.461719","-79.965355","0129","11","0","0","0","0","0","0","0","0","","0","0","0","","","0","","0","","40 27:42.189","","0","79 57:55.278","0","0","0","0","2301","0","0","0","N","0","0","0","1","02301","0","","6.0","","9","N","N","","0","","0","0","0","","0","N","","2","0","0","0","0","0","0","2","0","2","","","","N","","","","","","","","","",""
"2019030322","","1","0","0","0","0","0","0","0","0","7","0","","02","3","2019","7","40.362291","-79.826111","1713","11","0","0","0","0","0","0","0","0","","0","0","0","","","0","","3","","40 21:44.246","","0","79 49:33.998","0","0","0","0","2111","0","0","0","N","0","0","0","2","02111","0","","5.0","","1","N","N","","0","","0","0","0","","0","","","1","0","1","0","0","0","0","2","0","1","","","","N","","","","","","","","","",""
"2019016125","","2","0","0","0","0","0","0","0","0","4","0","","02","2","2019","1","40.301762","-79.973267","1053","11","0","0","0","0","0","0","2","0","","0","0","0","","","0","","2","","40 18:06.343","","0","79 58:23.761","0","0","0","0","2440","0","0","0","N","0","0","0","2","02440","0","","1.0","","1","N","N","","0","","0","0","0","","3","","","2","0","0","0","0","0","0","2","0","2","","","","N","","","","","","","","","",""
"2019035362","","3","0","0","0","0","0","0","0","0","4","0","","02","3","2019","7","40.46401","-79.965039","2318","11","0","0","0","0","0","1","1","0","2","0","0","0","","","0","","1","","40 27:50.437","4","0","79 57:54.141","0","0","0","0","2301","0","0","0","N","0","0","0","3","02301","0","","1.0","","1","N","N","","0","","0","0","0","","0","N","","3","0","0","0","0","0","0","2","0","3","","","","N","","","","","","","","","",""
"2019034087","","1","0","0","0","0","0","0","0","0","7","0","","02","3","2019","5","40.477086","-79.809843","1701","11","1","0","0","0","0","0","0","0","1","0","0","0","","","0","","0","","40 28:37.508","5","0","79 48:35.433","0","0","0","0","2113","0","0","0","N","0","0","0","1","02113","0","","5.0","","1","N","N","","0","","0","0","0","","0","N","","1","0","0","0","0","0","0","2","0","1","","","","N","","","","","","","","","",""
"2019030301","","1","0","0","0","0","0","0","0","0","5","0","","02","3","2019","4","40.44148","-79.858131","1541","11","0","0","0","0","0","0","1","0","2","0","0","0","","","0","","0","","40 26:29.328","4","0","79 51:29.270","0","0","0","0","2419","0","0","0","N","0","0","0","2","68B03","0","","1.0","","1","N","N","","1","","0","0","0","","0","N","","2","0","0","0","0","0","0","2","0","2","","","","N","","","","","","","","","",""
"2019035171","","2","0","0","0","0","0","0","0","0","4","0","","02","4","2019","2","40.475895","-79.789511","1514","11","0","0","0","0","0","0","1","1","2","0","0","0","","","2","","0","","40 28:33.223","3","7","79 47:22.241","3","0","0","0","2113","0","0","0","N","0","0","0","2","02113","0","","1.0","","1","N","N","","0","","2","0","0","","3","Y","","2","2","0","0","0","0","0","2","0","2","","","","N","","","","","","","","","",""
"2019033560","","0","0","0","0","0","0","0","0","0","4","0","","02","3","2019","2","40.518716","-80.054849","2109","11","0","0","0","0","0","1","0","0","","0","0","0","","","0","","0","","40 31:07.379","","0","80 03:17.458","0","0","0","0","2116","0","0","0","Y","0","0","0","2","68B03","0","","1.0","","1","N","N","","0","","0","0","2","","0","","","2","0","0","0","0","0","0","2","0","2","","","","N","","","","","","","","","",""
"2019014565","","1","0","0","0","0","0","0","0","0","7","0","","02","2","2019","4","40.4968","-80.01126","2343","11","0","0","0","0","0","0","0","0","2","0","0","0","","","0","","2","","40 29:48.480","1","0","80 00:40.536","0","0","0","0","2301","0","0","0","N","0","0","0","1","02301","0","","2.0","","9","N","N","","0","","0","0","0","","0","Y","","1","0","0","0","0","0","0","2","0","1","","","","N","","","","","","","","","",""
"2019033402","","2","0","0","0","0","0","0","0","0","2","0","","02","3","2019","3","40.438605","-79.953444","1620","11","0","0","0","0","0","0","0","0","1","0","0","0","","","0","","1","","40 26:18.978","3","0","79 57:12.399","0","0","0","0","2301","0","0","0","N","0","0","0","2","02301","0","","1.0","","1","N","N","","0","","0","0","0","","0","N","","2","0","0","0","0","0","0","2","0","2","","","","N","","","","","","","","","",""
"2019034125","","1","0","0","0","0","0","1","0","0","4","1","","02","3","2019","5","40.456911","-79.916636","1836","11","0","0","0","0","0","0","0","0","","0","0","0","","","0","","0","","40 27:24.880","","0","79 54:59.888","0","0","0","0","2301","0","0","0","N","0","0","0","2","02301","0","","1.0","","1","N","N","","0","","0","0","0","","0","","","2","0","0","0","0","0","0","2","0","2","","","","Y","","","","","","","","","",""
"2019030308","","0","0","0","0","0","0","0","0","0","5","0","","02","3","2019","1","40.428308","-79.932235","1307","11","0","0","0","0","0","0","1","0","","0","0","0","","","0","","0","","40 25:41.908","","0","79 55:56.047","0","0","0","0","2301","0","0","0","N","0","0","0","3","02301","0","","1.0","","1","N","N","","0","","0","0","2","","0","","","2","0","1","0","0","0","0","2","0","2","","","","N","","","","","","","","","",""
"2019034127","","1","0","0","0","0","0","0","0","0","0","1","","02","1","2019","4","40.414032","-80.105225","1317","11","0","0","0","0","0","1","0","0","","0","1","0","","","0","","0","","40 24:50.516","","0","80 06:18.811","0","0","0","0","2115","0","0","0","N","0","0","0","5","68B03","0","","1.0","","7","N","N","","0","","0","0","1","","0","","","3","0","0","0","0","0","0","2","0","3","","","","N","","","","","","","","","",""
"2019035384","","2","0","0","0","0","0","0","0","0","1","0","","02","3","2019","5","40.362097","-79.988644","1528","11","0","0","0","0","1","1","0","0","2","0","0","0","","","0","","0","","40 21:43.550","6","0","79 59:19.120","0","0","0","0","2476","0","0","0","N","0","0","0","3","02476","0","","1.0","","1","N","N","","1","","0","0","0","","0","N","","3","0","0","0","0","0","0","2","0","3","","","","N","","","","","","","","","",""
"2019030346","","2","0","0","0","0","0","0","0","0","1","0","","02","3","2019","1","40.439676","-79.897635","1721","11","0","0","0","0","0","0","0","1","","0","0","0","","","2","","1","","40 26:22.833","","0","79 53:51.486","3","0","0","0","2301","0","0","0","N","0","0","0","2","02301","0","","1.0","","1","N","N","","0","","2","0","0","","2","","","2","2","0","0","0","0","0","2","0","2","","","","N","","","","","","","","","",""
"2019035920","","2","0","0","0","0","0","0","0","0","1","0","","02","4","2019","3","40.38101","-79.927198","1425","11","0","0","1","0","0","1","0","0","","0","0","0","","","0","","0","","40 22:51.636","","0","79 55:37.914","0","0","0","0","2301","0","0","0","N","0","0","0","3","02301","0","","1.0","","1","N","N","","0","","0","0","0","","0","","","2","0","0","0","0","0","0","2","0","2","","","","N","","","","","","","","","",""
"2019033406","","2","0","0","0","0","0","0","0","0","1","0","","02","3","2019","4","40.656776","-80.089031","1652","11","0","1","0","0","0","0","1","0","","0","0","0","","","0","","0","","40 39:24.394","","0","80 05:20.512","0","0","0","0","2212","0","0","0","N","0","0","0","3","02505","0","","1.0","","1","N","N","","0","","0","0","0","","0","","","2","0","0","0","0","0","0","2","0","2","","","","N","","","","","","","","","",""
"2019029971","","0","0","0","0","0","0","0","0","0","8","0","","02","3","2019","6","40.363761","-79.984152","2332","11","0","0","0","0","0","0","0","0","","0","0","0","","","1","","1","","40 21:49.540","","0","79 59:02.946","8","0","0","0","2413","1","0","0","N","1","0","0","2","02413","0","","1.0","","9","N","N","","0","","0","0","1","","2","","","2","1","0","0","0","1","0","2","0","1","","","","N","","","","","","","","","",""
"2019030348","","1","0","0","0","0","0","0","0","0","0","0","","02","3","2019","1","40.411015","-80.005934","2311","11","0","0","0","0","0","0","0","0","","0","0","0","","","0","","2","","40 24:39.653","","0","80 00:21.363","0","0","0","0","2301","0","0","0","N","0","0","0","1","02301","0","","5.0","","1","N","N","","0","","0","0","0","","0","","","1","0","0","0","0","0","0","2","0","1","","","","N","","","","","","","","","",""
"2019032184","","1","0","0","0","0","0","0","0","0","7","0","","02","3","2019","3","40.356628","-79.900834","0115","11","0","0","0","0","0","0","0","0","2","0","0","0","","","0","","0","","40 21:23.859","3","0","79 54:03.002","0","0","0","0","2473","0","0","0","N","0","0","0","1","02473","0","","5.0","","1","N","N","","0","","0","0","0","","0","N","","1","0","0","0","0","0","0","2","0","1","","","","N","","","","","","","","","",""
"2019019285","","0","0","0","0","0","0","0","0","0","7","0","","02","2","2019","2","40.327281","-80.052024","0726","11","0","0","1","0","0","0","0","0","","0","0","0","","","0","","0","","40 19:38.212","","0","80 03:07.287","0","0","0","0","2407","0","0","0","N","0","0","0","1","02407","0","","2.0","","2","N","N","","0","","0","0","1","","0","","","1","0","0","0","0","0","0","2","0","1","","","","N","","","","","","","","","",""
"2019035256","","1","0","0","0","0","0","0","0","0","4","0","","02","4","2019","2","40.441032","-79.993814","1810","11","0","0","0","0","0","0","0","0","1","0","0","0","","","0","","3","","40 26:27.714","3","0","79 59:37.731","0","0","0","0","2301","0","0","0","N","0","0","0","4","02301","0","","1.0","","1","N","N","","0","","0","0","1","","2","N","","2","0","0","0","0","0","0","2","0","2","","","","N","","","","","","","","","",""
"2019030361","","2","0","0","0","0","0","0","0","0","1","0","","02","3","2019","6","40.401323","-79.90615","1655","11","0","0","0","0","0","0","0","0","","0","0","0","","","1","","0","","40 24:04.764","","0","79 54:22.139","4","0","0","0","2438","0","0","0","N","0","0","0","2","02438","1","","1.0","","1","N","N","","0","","0","0","0","","0","N","","2","1","0","0","0","0","0","2","0","2","","","","N","","","","","","","","","",""
"2019030503","","1","0","0","0","0","0","0","0","0","1","0","","02","3","2019","2","40.380856","-79.81101","0651","11","0","0","0","0","0","0","0","0","","0","0","0","","","0","","2","","40 22:51.080","","0","79 48:39.636","0","0","0","0","2424","0","0","0","N","0","0","0","2","02424","0","","1.0","","1","N","N","","0","","0","0","1","","0","N","","2","0","1","0","0","0","0","2","0","2","","","","N","","","","","","","","","",""
"2019019287","","1","0","0","0","0","0","1","0","0","1","1","","02","2","2019","6","40.45831","-79.933847","1533","11","0","0","0","0","0","1","0","0","","0","0","0","","","1","","1","","40 27:29.915","","0","79 56:01.850","3","0","0","0","2301","0","0","0","N","0","0","0","3","02503","0","","1.0","","1","Y","N","","0","","1","0","0","","2","","","2","1","0","0","0","0","0","2","0","2","","","","N","","","","","","","","","",""
"2019035257","","1","0","0","0","0","0","0","0","0","5","0","","02","4","2019","2","40.424648","-79.943148","1826","11","0","0","0","0","0","0","0","0","","0","0","0","","","0","","0","","40 25:28.733","","0","79 56:35.334","0","0","0","0","2301","0","0","0","N","0","0","0","1","02301","0","","1.0","","1","N","N","","1","","0","0","0","","0","","","2","0","1","0","0","0","0","2","0","2","","","","N","","","","","","","","","",""
"2019030167","","1","0","0","0","0","0","0","0","0","0","0","","02","2","2019","7","40.498871","-80.120606","0855","11","0","1","0","0","0","0","0","0","2","0","0","0","","","1","","0","","40 29:55.935","1","0","80 07:14.183","3","0","0","0","2115","0","0","0","N","0","0","0","1","68B03","0","","4.0","","1","N","N","","0","","1","0","0","","0","N","","1","1","0","0","0","0","0","2","0","1","","","","N","","","","","","","","","",""
"2019035621","","2","0","0","0","0","0","0","0","0","1","0","","02","3","2019","6","40.437976","-80.004565","0754","11","0","0","0","0","0","1","0","1","1","0","0","0","","","0","","0","","40 26:16.713","4","0","80 00:16.435","0","0","0","0","2301","0","0","0","N","0","0","0","4","68B03","0","","1.0","","9","N","N","","0","","0","0","1","","0","N","","3","0","0","0","0","0","0","2","0","3","","","","N","","","","","","","","","",""
"2019030364","","1","0","0","0","0","0","0","0","0","1","0","","02","3","2019","1","40.338929","-79.960388","1851","11","0","0","0","0","0","0","1","0","","0","0","0","","","1","","1","","40 20:20.143","","0","79 57:37.395","8","0","0","0","2454","0","0","0","N","0","0","0","4","02454","0","","1.0","","1","N","N","","0","","0","0","1","","2","","","2","1","0","0","0","1","0","2","0","2","","","","N","","","","","","","","","",""
"2019030169","","1","0","0","0","0","0","0","0","0","0","1","","02","2","2019","3","40.626273","-80.096692","1611","11","0","0","0","0","1","0","0","0","1","0","1","0","","","1","","0","","40 37:34.583","1","0","80 05:48.091","3","0","0","0","2212","0","0","0","N","0","0","0","2","68B03","0","","1.0","","1","N","N","","0","","1","0","0","","0","N","","2","1","0","0","0","0","0","2","0","2","","","","N","","","","","","","","","",""
"2019030519","","1","0","0","0","0","0","0","0","0","1","0","","02","3","2019","6","40.557268","-80.022979","1645","11","0","0","0","0","0","1","0","0","","0","0","0","","","1","","2","","40 33:26.164","","0","80 01:22.723","8","0","0","0","2108","0","0","0","N","0","0","0","3","02108","0","","1.0","","1","N","N","","0","","0","0","0","","0","","","2","1","0","0","0","1","0","2","1","2","","","","N","","","","","","","","","",""
"2019030556","","2","0","0","0","0","0","0","0","0","7","0","","02","3","2019","7","40.572128","-80.023673","2312","11","0","0","0","0","0","1","0","0","2","0","0","0","","","1","","1","","40 34:19.660","2","0","80 01:25.221","8","0","0","0","2108","0","0","0","N","0","0","0","4","02108","0","","2.0","","1","N","N","","0","","0","0","1","","2","N","","3","1","0","0","0","1","0","2","0","3","","","","N","","","","","","","","","",""
"2019033387","","1","0","0","0","0","0","0","0","0","4","1","","02","3","2019","3","40.435786","-79.981592","1440","11","0","0","0","0","0","0","0","0","","0","0","0","","","0","","2","","40 26:08.831","","0","79 58:53.731","9","0","0","0","2301","0","0","0","N","0","0","0","1","02301","0","","1.0","","1","N","N","","0","","0","0","0","","0","","","2","0","0","0","0","0","1","2","0","2","","","","N","","","","","","","","","",""
"2019035269","","1","0","0","0","0","0","0","0","0","7","0","","02","2","2019","6","40.428192","-80.130692","0318","11","0","0","0","0","0","0","0","0","","0","0","0","","","0","","0","","40 25:41.492","","0","80 07:50.492","0","0","0","0","2102","0","0","0","N","0","0","0","1","68B03","0","","2.0","","1","N","N","","0","","0","0","0","","0","","","1","0","0","0","0","0","0","2","0","1","","","","N","","","","","","","","","",""
"2019030532","","2","0","0","0","0","0","0","0","0","4","0","","02","3","2019","2","40.347248","-79.887876","0907","11","0","0","0","0","0","1","0","0","","0","0","0","","","1","","0","","40 20:50.094","","0","79 53:16.352","8","0","0","0","2423","0","0","0","N","0","0","0","2","02304","0","","1.0","","1","N","N","","0","","0","0","0","","0","","","2","1","0","0","0","1","0","2","0","2","","","","N","","","","","","","","","",""
"2019033394","","0","0","0","0","0","0","0","0","0","8","0","","02","3","2019","3","40.376189","-80.004777","1500","11","0","0","0","0","0","1","0","0","","0","0","0","","","1","","0","","40 22:34.281","","7","80 00:17.196","8","0","0","0","2301","1","0","0","N","1","0","0","2","02301","0","","4.0","","1","N","N","","1","","0","0","0","","0","","","2","1","0","0","0","1","0","2","0","1","","","","N","","","","","","","","","",""
"2019033768","","1","0","0","0","0","0","0","0","0","0","0","","02","3","2019","1","40.398418","-79.876446","1549","11","0","0","0","0","1","0","0","0","2","0","0","0","","","0","","0","","40 23:54.305","7","0","79 52:35.205","0","0","0","0","2473","0","0","0","N","0","0","0","1","02473","0","","2.0","","1","N","N","","0","","0","0","0","","0","N","","1","0","0","0","0","0","0","2","0","1","","","","N","","","","","","","","","",""
"2019033910","","1","0","0","0","0","0","0","0","0","1","0","","02","3","2019","3","40.501976","-79.861565","1646","11","0","0","0","0","0","0","0","0","1","0","0","0","","","0","","0","","40 30:07.113","1","0","79 51:41.634","0","0","0","0","2112","0","0","0","N","0","0","0","3","68D02","0","","1.0","","1","N","N","","0","","0","0","1","","0","N","","2","0","0","0","0","0","0","2","0","2","","","","N","","","","","","","","","",""
"2019029996","","1","0","0","0","0","0","0","0","0","0","1","","02","3","2019","5","40.402015","-80.000595","1223","11","0","0","0","0","0","1","0","0","3","0","1","0","","","0","","1","","40 24:07.255","1","0","80 00:02.143","0","0","0","0","2301","0","0","0","N","0","0","0","2","02301","0","","1.0","","1","N","N","","0","","0","0","0","","2","N","","2","0","0","0","0","0","0","2","0","2","","","","N","","","","","","","","","",""
"2019035403","","2","0","0","0","0","0","0","0","0","5","0","","02","4","2019","3","40.453313","-79.907511","0416","11","0","0","0","0","0","0","0","0","","0","0","0","","","0","","0","","40 27:11.928","","0","79 54:27.038","0","0","0","0","2301","0","0","0","N","0","0","0","1","02301","0","","6.0","","1","N","N","","1","","0","0","1","","0","N","","4","0","0","0","0","0","0","2","0","4","","","","N","","","","","","","","","",""
"2019030204","","1","0","0","0","0","0","0","0","0","4","0","","02","3","2019","1","40.388565","-79.912321","0001","11","0","0","0","0","0","0","0","0","2","0","0","0","","","0","","0","","40 23:18.833","4","0","79 54:44.355","0","0","0","0","2448","0","0","0","N","0","0","0","1","02448","0","","1.0","","1","N","N","","0","","0","0","1","","0","N","","2","0","0","0","0","0","0","2","0","2","","","","N","","","","","","","","","",""
"2019033912","","2","0","0","0","0","0","0","0","0","1","0","","02","3","2019","4","40.415103","-80.061058","0748","11","0","0","0","0","0","1","0","0","","0","0","0","","","0","","0","","40 24:54.370","","0","80 03:39.807","0","0","0","0","2435","0","0","0","N","0","0","0","2","68B03","0","","1.0","","1","N","N","","0","","0","0","0","","0","","","2","0","0","0","0","0","0","2","0","2","","","","N","","","","","","","","","",""
"2019030565","","1","0","0","0","0","0","0","0","0","7","0","","02","3","2019","2","40.466882","-80.025031","1200","11","0","0","0","0","0","0","0","1","1","0","0","0","","","1","","1","","40 28:00.774","2","0","80 01:30.112","3","0","0","0","2301","0","0","0","N","0","0","0","1","02301","0","","5.0","","1","N","N","","0","","1","0","0","","0","N","","1","1","0","0","0","0","0","2","0","1","","","","N","","","","","","","","","",""
"2019031562","","1","0","0","0","0","0","0","0","0","6","1","","02","3","2019","5","40.603629","-79.763955","0738","11","0","0","0","0","0","0","0","0","3","0","1","0","","","0","","2","","40 36:13.064","7","0","79 45:50.238","0","0","0","0","2464","0","0","0","N","0","0","0","1","02464","0","","1.0","","1","N","N","","0","","0","0","0","","8","Y","","2","0","0","0","0","0","0","2","0","2","","","","N","","","","","","","","","",""
"2019029997","","0","0","0","0","0","0","0","0","0","7","0","","02","3","2019","7","40.378708","-79.962458","0714","11","0","1","0","0","0","0","0","0","4","0","0","0","","","0","","0","","40 22:43.348","5","0","79 57:44.847","0","0","0","0","2403","0","0","0","N","0","0","0","2","02403","0","","5.0","","9","N","N","","0","","0","0","1","","0","Y","","1","0","0","0","0","0","0","2","0","1","","","","N","","","","","","","","","",""
"2019035409","","1","0","0","0","0","0","0","0","0","4","1","","02","3","2019","6","40.503871","-80.139423","1400","11","0","0","0","0","0","1","0","0","1","0","1","0","","","0","","2","","40 30:13.937","1","0","80 08:21.922","0","0","0","0","2115","0","0","0","N","0","0","0","2","02115","0","","1.0","","1","N","N","","0","","0","0","0","","3","Y","","2","0","0","0","0","0","0","2","0","2","","","","N","","","","","","","","","",""
"2019030207","","0","0","0","0","0","0","0","0","0","4","1","","02","3","2019","4","40.355269","-79.937934","0130","11","0","0","0","0","0","0","1","0","9","0","1","0","","","1","","0","","40 21:18.967","1","0","79 56:16.561","3","0","0","0","2473","0","0","0","N","0","0","0","2","02473","0","","1.0","","1","N","N","","0","","1","0","1","","0","Y","","2","1","0","0","0","0","0","2","0","2","","","","N","","","","","","","","","",""
"2019031856","","1","0","1","0","0","0","0","0","0","4","1","","02","3","2019","6","40.401555","-80.042568","0218","11","0","0","0","0","0","1","0","0","1","0","1","0","","","1","","0","","40 24:05.598","2","7","80 02:33.246","2","0","0","0","2301","0","0","0","N","0","0","0","2","02301","0","","1.0","","1","N","N","","0","","0","1","0","","0","Y","","2","1","0","0","0","0","0","2","0","2","","","","N","","","","","","","","","",""
"2019033776","","0","0","0","0","0","0","0","0","0","5","0","","02","3","2019","4","40.355472","-79.839709","1523","11","0","0","0","0","0","1","0","0","1","0","0","0","","","0","","2","","40 21:19.700","4","0","79 50:22.953","0","0","0","0","2304","0","0","0","N","0","0","0","3","02304","0","","1.0","","1","N","N","","0","","0","0","2","","0","N","","2","0","0","0","0","0","0","2","0","2","","","","N","","","","","","","","","",""
"2019035630","","1","0","0","0","0","0","0","0","0","7","0","","02","3","2019","7","40.555532","-79.810067","0458","11","0","0","0","0","0","0","0","0","","0","0","0","","","0","","7","","40 33:19.915","","0","79 48:36.242","0","0","0","0","2121","0","0","0","Y","0","0","0","1","68D02","0","","4.0","","9","N","N","","0","","0","0","0","","0","","","1","0","0","0","0","0","0","2","0","1","","","","N","","","","","","","","","",""
"2019035800","","1","0","0","0","0","0","0","0","0","4","0","","02","3","2019","1","40.432074","-79.789396","1900","11","0","0","0","0","0","0","0","0","","0","0","0","","","0","","0","","40 25:55.465","","0","79 47:21.825","0","0","0","0","2446","0","0","0","N","0","0","0","4","02446","0","","1.0","","1","N","N","","0","","0","0","1","","0","","","2","0","0","0","0","0","0","2","0","2","","","","N","","","","","","","","","",""
"2019035068","","1","0","1","0","0","0","0","0","0","1","0","","02","4","2019","2","40.451451","-79.90819","0912","11","0","0","0","0","0","1","0","0","","0","0","0","","","2","","1","","40 27:05.223","","0","79 54:29.484","2","0","0","0","2301","0","0","0","N","0","0","0","4","02301","0","","1.0","","1","Y","N","","0","","1","1","0","","2","","","2","2","0","0","0","0","1","2","1","2","","","","N","","","","","","","","","",""
"2019030209","","1","0","0","0","0","0","0","0","0","1","0","","02","3","2019","7","40.34837","-79.944808","2241","11","0","0","0","0","0","0","0","0","1","0","0","0","","","2","","1","","40 20:54.133","1","0","79 56:41.310","4","0","0","0","2473","0","0","0","N","0","0","0","3","02473","2","","1.0","","1","N","N","","1","","0","0","0","","2","Y","","2","2","0","0","0","0","0","2","0","2","","","","N","","","","","","","","","",""
"2019030543","","0","0","0","0","0","0","0","0","0","7","0","","02","3","2019","7","40.583427","-80.030328","1955","11","0","0","0","0","0","0","0","0","","0","0","0","","","0","N","0","","40 35:00.337","","0","80 01:49.180","0","0","0","0","2108","0","0","0","Y","0","0","0","1","02108","0","","5.0","","1","N","N","","1","","0","0","0","","0","","","1","0","0","0","0","0","0","2","0","1","","","","N","","","","","","","","","",""
"2019030186","","1","0","0","0","0","0","0","0","0","4","0","","02","3","2019","1","40.429238","-79.942725","1410","11","0","0","0","0","0","0","0","0","2","0","0","0","","","4","","0","","40 25:45.256","3","0","79 56:33.811","4","0","0","0","2301","0","0","0","N","0","0","0","4","68B03","3","","1.0","","1","N","N","","0","","0","0","1","","0","N","","2","4","0","0","0","1","0","2","0","2","","","","N","","","","","","","","","",""
"2019029850","","1","0","0","0","0","0","0","0","0","4","0","","02","3","2019","6","40.485183","-79.856869","1821","11","0","0","0","0","0","0","1","0","","0","0","0","","","0","","2","","40 29:06.657","","0","79 51:24.730","0","0","0","0","2113","0","0","0","N","0","0","0","2","02113","0","","1.0","","1","N","N","","1","","0","0","0","","2","","","2","0","0","0","0","0","0","2","0","2","","","","N","","","","","","","","","",""
"2019033455","","1","0","0","0","0","0","0","0","0","4","0","","02","3","2019","1","40.361721","-80.088402","1257","11","0","0","0","1","0","0","0","0","2","0","0","0","","","3","","0","","40 21:42.194","2","0","80 05:18.248","3","0","0","0","2123","0","0","0","N","0","0","0","4","02123","0","","1.0","","1","N","N","","0","","3","0","1","","0","N","","2","3","0","0","0","0","0","2","0","2","","","","N","","","","","","","","","",""
"2019031687","","1","0","0","0","0","0","0","0","0","7","0","","02","3","2019","5","40.218156","-79.844036","1242","11","0","0","0","0","0","0","0","1","2","0","0","0","","","2","","6","","40 13:05.362","1","2","79 50:38.531","3","0","0","0","2204","0","0","0","Y","0","0","0","2","02204","0","","5.0","","1","N","N","","0","","2","0","0","","3","Y","","1","2","0","0","0","0","0","2","0","1","","","","N","","","","","","","","","",""
"2019030187","","1","0","0","0","0","0","0","0","0","1","0","","02","3","2019","1","40.428897","-79.931232","1513","11","0","0","0","1","0","0","1","0","2","0","0","0","","","3","","0","","40 25:44.028","3","0","79 55:52.436","4","0","0","0","2301","0","0","0","N","0","0","0","3","68B03","3","","1.0","","1","N","N","","0","","0","0","1","","0","N","","2","3","0","0","0","0","0","2","0","2","","","","N","","","","","","","","","",""
"2019030216","","1","0","0","0","0","0","0","0","0","7","0","","02","3","2019","1","40.396106","-80.024058","0318","11","0","0","0","0","0","0","0","0","2","0","0","0","","","2","","2","","40 23:45.983","4","0","80 01:26.609","8","0","0","0","2301","0","0","0","N","0","0","0","2","02301","0","","5.0","","1","N","N","","0","","0","0","0","","0","N","","1","2","0","0","0","2","0","2","0","1","","","","N","","","","","","","","","",""