"CRN","ARRIVAL_TM","AUTOMOBILE_COUNT","BELTED_DEATH_COUNT","BELTED_SUSP_SERIOUS_INJ_COUNT","BICYCLE_COUNT","BICYCLE_DEATH_COUNT","BICYCLE_SUSP_SERIOUS_INJ_COUNT","BUS_COUNT","CHLDPAS_DEATH_COUNT","CHLDPAS_SUSP_SERIOUS_INJ_COUNT","COLLISION_TYPE","COMM_VEH_COUNT","CONS_ZONE_SPD_LIM","COUNTY","CRASH_MONTH","CRASH_YEAR","DAY_OF_WEEK","DEC_LATITUDE","DEC_LONGITUDE","DISPATCH_TM","DISTRICT","DRIVER_COUNT_16YR","DRIVER_COUNT_17YR","DRIVER_COUNT_18YR","DRIVER_COUNT_19YR","DRIVER_COUNT_20YR","DRIVER_COUNT_50_64YR","DRIVER_COUNT_65_74YR","DRIVER_COUNT_75PLUS","EST_HRS_CLOSED","FATAL_COUNT","HEAVY_TRUCK_COUNT","HORSE_BUGGY_COUNT","HOUR_OF_DAY","ILLUMINATION","INJURY_COUNT","INTERSECTION_RELATED","INTERSECT_TYPE","LANE_CLOSED","LATITUDE","LN_CLOSE_DIR","LOCATION_TYPE","LONGITUDE","MAX_SEVERITY_LEVEL","MCYCLE_DEATH_COUNT","MCYCLE_SUSP_SERIOUS_INJ_COUNT","MOTORCYCLE_COUNT","MUNICIPALITY","NONMOTR_COUNT","NONMOTR_DEATH_COUNT","NONMOTR_SUSP_SERIOUS_INJ_COUNT","NTFY_HIWY_MAINT","PED_COUNT","PED_DEATH_COUNT","PED_SUSP_SERIOUS_INJ_COUNT","PERSON_COUNT","POLICE_AGCY","POSSIBLE_INJ_COUNT","RDWY_SURF_TYPE_CD","RELATION_TO_ROAD","ROADWAY_CLEARED","ROAD_CONDITION","SCH_BUS_IND","SCH_ZONE_IND","SECONDARY_CRASH","SMALL_TRUCK_COUNT","SPEC_JURIS_CD","SUSP_MINOR_INJ_COUNT","SUSP_SERIOUS_INJ_COUNT","SUV_COUNT","TCD_FUNC_CD","TCD_TYPE","TFC_DETOUR_IND","TIME_OF_DAY","TOTAL_UNITS","TOT_INJ_COUNT","UNBELTED_OCC_COUNT","UNB_DEATH_COUNT","UNB_SUSP_SERIOUS_INJ_COUNT","UNK_INJ_DEG_COUNT","UNK_INJ_PER_COUNT","URBAN_RURAL","VAN_COUNT","VEHICLE_COUNT","WEATHER1","WEATHER2","WORKERS_PRES","WORK_ZONE_IND","WORK_ZONE_LOC","WORK_ZONE_TYPE","WZ_CLOSE_DETOUR","WZ_FLAGGER","WZ_LAW_OFFCR_IND","WZ_LN_CLOSURE","WZ_MOVING","WZ_OTHER","WZ_SHLDER_MDN","WZ_WORKERS_INJ_KILLED"
"2019017586","","1","0","0","0","0","0","0","0","0","5","0","","02","2","2019","4","40.44862","-80.02567","1026","11","0","0","0","0","0","1","0","0","","0","0","0","","","0","N","0","","40 26:55.033","","3","80 01:32.413","0","0","0","0","2301","0","0","0","N","0","0","0","3","02301","0","","1.0","","7","N","N","","0","","0","0","1","","0","","","2","0","0","0","0","0","0","2","0","2","","","","N","","","","","","","","","",""
"2019016383","","1","0","0","0","0","0","0","0","0","7","0","","02","2","2019","1","40.449513","-80.072821","2007","11","0","0","0","0","0","0","0","0","1","0","0","0","","","0","","0","","40 26:58.247","2","0","80 04:22.157","0","0","0","0","2301","0","0","0","N","0","0","0","1","02301","0","","2.0","","7","N","N","","0","","0","0","0","","0","N","","1","0","0","0","0","0","0","2","0","1","","","","N","","","","","","","","","",""
"2019017596","","0","0","0","0","0","0","0","0","0","7","0","","02","2","2019","4","40.434265","-79.952223","1029","11","0","0","0","0","0","0","0","0","2","0","0","0","","","0","","1","","40 26:03.353","4","0","79 57:08.002","0","0","0","0","2301","0","0","0","N","0","0","0","2","02301","0","","5.0","","7","N","N","","0","","0","0","1","","0","N","","1","0","0","0","0","0","0","2","0","1","","","","N","","","","","","","","","",""
"2019014737","","0","0","0","0","0","0","0","0","0","0","0","","02","2","2019","2","40.313755","-80.089712","1423","11","0","0","0","0","0","0","0","0","2","0","0","0","","","1","","1","","40 18:49.517","1","0","80 05:22.963","2","0","0","0","2123","0","0","0","N","0","0","0","2","02123","0","","1.0","","1","N","N","","0","","0","1","0","","2","N","","1","1","0","0","0","0","0","2","0","1","","","","N","","","","","","","","","",""
"2019017615","","1","0","0","0","0","0","0","0","0","4","0","","02","2","2019","3","40.44869","-80.023916","1421","11","0","0","0","0","0","1","0","0","3","0","0","0","","","1","","1","","40 26:55.285","5","0","80 01:26.096","3","0","0","0","2301","0","0","0","N","0","0","0","3","02301","0","","1.0","","1","N","N","","0","","1","0","1","","2","N","","2","1","0","0","0","0","0","2","0","2","","","","N","","","","","","","","","",""
"2019013545","","2","0","0","0","0","0","0","0","0","1","0","","02","2","2019","1","40.388278","-79.880979","2305","11","0","0","0","0","0","1","0","0","1","0","0","0","","","1","","2","","40 23:17.800","5","0","79 52:51.524","4","0","0","0","2473","0","0","0","N","0","0","0","2","02473","1","","1.0","","1","N","N","","0","","0","0","0","","0","Y","","2","1","0","0","0","0","1","2","0","2","","","","N","","","","","","","","","",""
"2019014633","","1","0","0","0","0","0","0","0","0","7","0","","02","2","2019","6","40.587724","-79.776881","1420","11","0","0","0","0","0","0","0","0","2","0","0","0","","","0","","0","","40 35:15.807","1","0","79 46:36.770","0","0","0","0","2104","0","0","0","N","0","0","0","1","68D02","0","","4.0","","9","N","N","","0","","0","0","0","","0","N","","1","0","0","0","0","0","0","2","0","1","","","","N","","","","","","","","","",""
"2019013234","","3","0","0","0","0","0","0","0","0","4","0","","02","2","2019","1","40.407928","-80.025451","2315","11","0","0","0","1","0","0","0","0","3","0","0","0","","","3","","0","","40 24:28.541","6","0","80 01:31.624","3","0","0","0","2301","0","0","0","N","0","0","0","4","02301","0","","1.0","","1","N","N","","0","","3","0","0","","0","Y","","3","3","1","0","0","0","1","2","0","3","","","","N","","","","","","","","","",""
"2019014926","","1","0","0","0","0","0","0","0","0","7","0","","02","2","2019","4","40.617032","-79.945907","2139","11","0","0","0","0","0","0","0","0","2","0","0","0","","","1","","2","","40 37:01.315","1","0","79 56:45.264","3","0","0","0","2217","0","0","0","N","0","0","0","1","02505","0","","5.0","","9","N","N","","0","","1","0","0","","0","N","","1","1","0","0","0","0","0","2","0","1","","05","","N","","","","","","","","","",""
"2019013548","","1","0","0","0","0","0","0","0","0","6","0","","02","1","2019","3","40.360105","-79.870231","1832","11","0","0","0","0","0","0","0","0","2","0","0","0","","","0","","0","","40 21:36.379","4","0","79 52:12.833","0","0","0","0","2473","0","0","0","N","0","0","0","4","02473","0","","1.0","","9","N","N","","0","","0","0","1","","0","N","","2","0","0","0","0","0","0","2","0","2","","","","N","","","","","","","","","",""
"2019013579","","0","0","0","0","0","0","0","0","0","7","1","","02","2","2019","2","40.468489","-79.766903","0530","11","0","0","0","0","0","1","0","0","","0","1","0","","","1","","0","","40 28:06.562","","0","79 46:00.852","3","0","0","0","2466","0","0","0","N","0","0","0","1","02466","0","","5.0","","1","N","N","","0","","1","0","0","","0","","","1","1","0","0","0","0","0","2","0","1","","","","N","","","","","","","","","",""
"2019016376","","1","0","0","0","0","0","0","0","0","7","0","","02","2","2019","1","40.461937","-79.764514","1740","11","0","0","0","0","0","0","0","0","1","0","0","0","","","0","","0","","40 27:42.974","4","0","79 45:52.252","0","0","0","0","2466","0","0","0","N","0","0","0","1","02466","0","","5.0","","7","N","N","","0","","0","0","0","","0","N","","1","0","0","0","0","0","0","2","0","1","","","","N","","","","","","","","","",""
"2019016099","","1","0","0","0","0","0","0","0","0","7","0","","02","2","2019","6","40.502767","-80.002248","1744","11","0","0","0","0","0","0","0","0","2","0","0","0","","","0","","0","","40 30:09.960","1","0","80 00:08.094","0","0","0","0","2116","0","0","0","Y","0","0","0","1","02116","0","","4.0","","2","N","N","","0","","0","0","0","","0","N","","1","0","0","0","0","0","0","2","0","1","","","","N","","","","","","","","","",""
"2019013555","","2","0","0","0","0","0","0","0","0","4","0","","02","2","2019","2","40.466884","-79.958461","1856","11","0","0","0","0","0","0","0","1","","0","0","0","","","0","","0","","40 28:00.783","","0","79 57:30.461","0","0","0","0","2301","0","0","0","N","0","0","0","1","02301","0","","1.0","","1","N","N","","0","","0","0","0","","0","","","2","0","0","0","0","0","0","2","0","2","","","","N","","","","","","","","","",""
"2019016781","","1","0","0","0","0","0","0","0","0","4","0","","02","2","2019","3","40.462228","-79.911088","0103","11","0","0","0","0","0","0","0","0","","0","0","0","","","1","","1","","40 27:44.020","","0","79 54:39.916","3","0","0","0","2301","0","0","0","N","0","0","0","3","02301","0","","1.0","","9","N","N","","1","","1","0","0","","3","","","2","1","2","0","0","0","0","2","0","2","","","","N","","","","","","","","","",""
"2019014940","","2","0","0","0","0","0","0","0","0","4","0","","02","2","2019","6","40.386663","-80.046159","0912","11","0","0","0","0","0","0","1","0","2","0","0","0","","","2","","1","","40 23:11.986","3","0","80 02:46.172","3","0","0","0","2109","0","0","0","N","0","0","0","4","02109","1","","1.0","","7","N","N","","0","","1","0","0","","3","N","","2","2","0","0","0","0","0","2","0","2","","","","N","","","","","","","","","",""
"2019018038","","2","0","0","0","0","0","0","0","0","4","0","","02","2","2019","4","40.533437","-80.178025","1820","11","0","0","0","0","0","1","0","0","1","0","0","0","","","0","","2","","40 32:00.374","1","0","80 10:40.890","0","0","0","0","2458","0","0","0","N","0","0","0","5","02458","0","","1.0","","1","N","N","","0","","0","0","0","","3","Y","","2","0","0","0","0","0","0","2","0","2","","","","N","","","","","","","","","",""
"2019014321","","0","0","0","0","0","0","0","0","0","4","0","","02","2","2019","4","40.442571","-79.807175","1203","11","0","0","0","0","1","1","0","0","1","0","0","0","","","1","","2","","40 26:33.255","4","0","79 48:25.829","4","0","0","0","2113","0","0","0","N","0","0","0","3","02113","1","","1.0","","9","N","N","","0","","0","0","1","","0","N","","2","1","0","0","0","0","0","2","1","2","","","","N","","","","","","","","","",""
"2019015991","","0","0","0","0","0","0","0","0","0","7","0","","02","2","2019","1","40.201167","-79.910516","2040","11","0","0","0","0","0","0","0","0","3","0","0","0","","","1","","0","","40 12:04.201","4","0","79 54:37.856","8","0","0","0","2204","0","0","0","N","0","0","0","1","02204","0","","4.0","","7","N","N","","0","","0","0","1","","0","N","","1","1","0","0","0","1","0","1","0","1","","","","N","","","","","","","","","",""
"2019014440","","1","0","0","0","0","0","0","0","0","7","0","","02","2","2019","4","40.488081","-79.921128","1120","11","0","0","0","0","0","0","0","0","1","0","0","0","","","1","","0","","40 29:17.090","3","0","79 55:16.060","3","0","0","0","2301","0","0","0","N","0","0","0","1","02301","0","","2.0","","9","N","N","","0","","1","0","0","","0","N","","1","1","1","0","0","0","0","2","0","1","","","","N","","","","","","","","","",""
"2019050350","","1","0","0","0","0","0","0","0","0","1","0","","02","5","2019","5","40.330894","-79.843529","2051","11","0","0","0","0","0","0","0","0","","0","0","0","","","1","","0","","40 19:51.220","","0","79 50:36.704","8","0","0","1","2304","0","0","0","N","0","0","0","2","02304","0","","1.0","","1","N","N","","0","","0","0","0","","0","","","2","1","0","0","0","1","0","2","0","2","","","","N","","","","","","","","","",""
"2019015574","","1","0","0","0","0","0","0","0","0","1","0","","02","1","2019","4","40.42939","-79.876958","0759","11","0","0","1","0","0","0","0","0","","0","0","0","","","0","","0","","40 25:45.804","","0","79 52:37.049","0","0","0","0","2426","0","0","0","N","0","0","0","2","68B03","0","","1.0","","7","N","N","","1","","0","0","0","","0","","","2","0","0","0","0","0","0","2","0","2","","","","N","","","","","","","","","",""
"2019017522","","1","0","0","0","0","0","0","0","0","5","1","","02","2","2019","3","40.413805","-80.009432","1137","11","0","0","0","0","0","1","0","0","1","0","1","0","","","0","","0","","40 24:49.699","2","3","80 00:33.955","0","0","0","0","2301","0","0","0","N","0","0","0","2","02301","0","","1.0","","1","N","N","","0","","0","0","0","","0","N","","2","0","0","0","0","0","0","2","0","2","","","","N","","","","","","","","","",""
"2019018331","","2","0","0","0","0","0","0","0","0","1","0","","02","2","2019","4","40.630601","-79.972347","0728","11","0","0","0","0","0","1","0","0","","0","0","0","","","0","","1","","40 37:50.163","","0","79 58:20.448","0","0","0","0","2217","0","0","0","N","0","0","0","2","02505","0","","1.0","","9","N","N","","0","","0","0","0","","0","","","2","0","0","0","0","0","0","2","0","2","","","","N","","","","","","","","","",""
"2019013992","","1","0","0","0","0","0","0","0","0","7","0","","02","2","2019","6","40.374761","-80.036045","0528","11","0","0","0","0","0","0","0","0","2","0","0","0","","","0","","0","","40 22:29.140","2","0","80 02:09.762","0","0","0","0","2109","0","0","0","N","0","0","0","1","02109","0","","4.0","","7","N","N","","0","","0","0","0","","0","N","","1","0","0","0","0","0","0","2","0","1","","","","N","","","","","","","","","",""
"2019015575","","0","0","0","0","0","0","0","0","0","7","0","","02","1","2019","4","40.411031","-80.069614","0936","11","0","0","0","0","0","0","0","0","","0","0","0","","","0","","0","","40 24:39.711","","0","80 04:10.612","0","0","0","0","2117","0","0","0","N","0","0","0","1","68B03","0","","4.0","","7","N","N","","1","","0","0","0","","0","","","1","0","0","0","0","0","0","2","0","1","","","","N","","","","","","","","","",""
"2019018332","","2","0","0","0","0","0","0","0","0","1","0","","02","2","2019","5","40.454008","-79.885641","1006","11","0","0","0","0","0","1","0","0","2","0","0","0","","","2","","1","","40 27:14.427","4","0","79 53:08.306","3","0","0","0","2301","0","0","0","N","0","0","0","3","02301","0","","1.0","","1","N","N","","0","","2","0","1","","2","Y","","3","2","1","0","0","0","0","2","0","3","","","","N","","","","","","","","","",""
"2019015576","","2","0","0","0","0","0","0","0","0","1","0","","02","1","2019","4","40.424907","-80.118311","1027","11","0","0","0","0","0","1","0","0","","0","0","0","","","0","","0","","40 25:29.665","","0","80 07:05.920","0","0","0","0","2102","0","0","0","N","0","0","0","3","68B03","0","","1.0","","2","N","N","","1","","0","0","0","","0","","","3","0","0","0","0","0","0","2","0","3","","","","N","","","","","","","","","",""
"2019014333","","0","0","0","0","0","0","0","0","0","1","0","","02","2","2019","4","40.527464","-79.846748","0755","11","0","0","0","0","0","1","0","0","","0","0","0","","","0","N","0","","40 31:38.870","","3","79 50:48.292","0","0","0","0","2208","0","0","0","N","0","0","0","2","02208","0","","1.0","","9","N","N","","0","","0","0","1","","0","N","","2","0","0","0","0","0","0","1","1","2","","","","N","","","","","","","","","",""
"2019015577","","1","0","0","0","0","0","0","0","0","7","0","","02","1","2019","4","40.43148","-79.872224","1211","11","0","0","0","0","0","0","0","0","2","0","0","0","","","0","","0","","40 25:53.327","3","0","79 52:20.008","0","0","0","0","2411","0","0","0","N","0","0","0","1","68B03","0","","3.0","","6","N","N","","0","","0","0","0","","0","N","","1","0","0","0","0","0","0","2","0","1","","","","N","","","","","","","","","",""
"2019015594","","1","0","0","0","0","0","0","0","0","1","0","","02","2","2019","3","40.444217","-79.841184","0716","11","0","0","0","0","1","0","1","0","1","0","0","0","","","0","","0","","40 26:39.181","4","0","79 50:28.263","0","0","0","0","2419","0","0","0","N","0","0","0","3","68B03","0","","1.0","","9","N","N","","0","","0","0","1","","0","N","","2","0","0","0","0","0","0","2","0","2","","","","N","","","","","","","","","",""
"2019015578","","1","0","0","0","0","0","0","0","0","7","0","","02","1","2019","5","40.569405","-80.090305","1058","11","0","0","0","0","0","0","0","0","","0","0","0","","","0","","0","","40 34:09.858","","0","80 05:25.098","0","0","0","0","2481","0","0","0","N","0","0","0","1","68B03","0","","4.0","","1","N","N","","0","","0","0","0","","0","","","1","0","0","0","0","0","0","2","0","1","","","","N","","","","","","","","","",""
"2019015596","","0","0","0","0","0","0","0","0","0","1","0","","02","2","2019","4","40.439526","-80.153845","1606","11","0","0","0","0","0","0","0","0","1","0","0","0","","","1","","0","","40 26:22.293","4","0","80 09:13.841","8","0","0","0","2115","0","0","0","N","0","0","0","2","68B03","0","","1.0","","9","N","N","","1","","0","0","1","","0","N","","2","1","0","0","0","1","0","2","0","2","","","","N","","","","","","","","","",""
"2019018441","","1","0","0","0","0","0","0","0","0","2","0","","02","2","2019","5","40.392829","-79.965303","1455","11","0","0","0","0","0","0","1","1","","0","0","0","","","0","","2","","40 23:34.184","","0","79 57:55.090","0","0","0","0","2403","0","0","0","N","0","0","0","3","02403","0","","1.0","","1","N","N","","0","","0","0","1","","3","","","2","0","0","0","0","0","0","2","0","2","","","","N","","","","","","","","","",""
"2019018992","","1","0","0","0","0","0","0","0","0","7","0","","02","2","2019","1","40.304857","-79.863441","2108","11","0","0","0","0","0","0","0","0","","0","0","0","","","0","","0","","40 18:17.484","","0","79 51:48.387","0","0","0","0","2443","0","0","0","N","0","0","0","1","02443","0","","2.0","","7","N","N","","0","","0","0","0","","0","","","1","0","0","0","0","0","0","1","0","1","","","","N","","","","","","","","","",""
"2019017387","","1","0","0","0","0","0","0","0","0","99","0","","02","2","2019","1","40.512762","-79.792992","1441","11","0","0","0","0","0","1","0","0","","0","0","0","","","0","","0","","40 30:45.942","","0","79 47:34.771","0","0","0","0","2466","0","0","0","N","0","0","0","1","68T02","0","","1.0","","1","N","N","","0","","0","0","0","","0","","","1","0","0","0","0","0","0","2","0","1","","","","N","","","","","","","","","",""
"2019019048","","1","0","0","0","0","0","0","0","0","7","0","","02","2","2019","1","40.300862","-79.865993","1949","11","0","0","0","0","0","0","0","0","","0","0","0","","","0","","0","","40 18:03.103","","0","79 51:57.575","9","0","0","0","2443","0","0","0","N","0","0","0","2","02443","0","","5.0","","7","N","N","","0","","0","0","0","","9","","","1","0","0","0","0","0","1","1","0","1","","","","N","","","","","","","","","",""
"2019015581","","0","0","0","0","0","0","0","0","0","7","0","","02","2","2019","6","40.587906","-80.099746","0600","11","0","0","0","0","0","0","0","0","","0","0","0","","","0","","0","","40 35:16.461","","0","80 05:59.087","0","0","0","0","2481","0","0","0","N","0","0","0","1","68B03","0","","2.0","","7","N","N","","0","","0","0","1","","0","","","1","0","0","0","0","0","0","2","0","1","","","","N","","","","","","","","","",""
"2019015601","","1","0","0","0","0","0","1","0","0","1","1","","02","2","2019","5","40.428528","-79.888998","1617","11","0","0","0","0","0","1","0","0","","0","0","0","","","0","","0","","40 25:42.701","","2","79 53:20.391","0","0","0","0","2426","0","0","0","N","0","0","0","9","68B03","0","","1.0","","9","Y","N","","0","","0","0","0","","0","","","2","0","0","0","0","0","0","2","0","2","","","","N","","","","","","","","","",""
"2019015468","","1","0","0","0","0","0","0","0","0","1","0","90","02","1","2019","5","40.50474","-80.022084","1656","11","0","0","0","0","0","0","0","0","1","0","0","0","","","0","","0","","40 30:17.063","1","0","80 01:19.501","0","0","0","0","2116","0","0","0","N","0","0","0","1","02116","0","","1.0","","1","N","N","","1","","0","0","0","","7","N","","2","0","0","0","0","0","0","2","0","2","","","Y","Y","4","3","","Y","N","Y","","","Y",""
"2019017393","","0","0","0","0","0","0","0","0","0","7","0","","02","2","2019","1","40.587523","-79.777091","2354","11","0","0","0","1","0","0","0","0","","0","0","0","","","0","","0","","40 35:15.083","","0","79 46:37.528","0","0","0","0","2104","0","0","0","N","0","0","0","1","68D02","0","","2.0","","6","N","N","","0","","0","0","1","","0","","","1","0","0","0","0","0","0","2","0","1","","","","N","","","","","","","","","",""
"2019015583","","1","0","0","0","0","0","0","0","0","7","0","","02","2","2019","6","40.435143","-79.867528","1550","11","0","0","0","0","0","0","0","0","","0","0","0","","","0","","6","","40 26:06.515","","0","79 52:03.101","9","0","0","0","2478","0","0","0","N","0","0","0","1","68B03","0","","2.0","","6","N","N","","0","","0","0","0","","0","","","1","0","0","0","0","0","1","2","0","1","","","","N","","","","","","","","","",""
"2019014376","","0","0","0","0","0","0","0","0","0","1","0","","02","2","2019","6","40.556428","-79.809238","0713","11","0","0","0","0","0","1","0","0","2","0","0","0","","","1","","0","","40 33:23.141","2","0","79 48:33.255","8","0","0","0","2121","0","0","0","N","0","0","0","2","68D02","0","","1.0","","7","N","N","","1","","0","0","1","","0","N","","2","1","0","0","0","1","0","2","0","2","","","","N","","","","","","","","","",""
"2019017538","","0","0","0","0","0","0","0","0","0","7","0","","02","2","2019","4","40.498652","-79.835541","0906","11","0","0","1","0","0","0","0","0","","0","0","0","","","0","","0","","40 29:55.146","","0","79 50:07.947","0","0","0","0","2113","0","0","0","N","0","0","0","2","02113","0","","2.0","","2","N","N","","0","","0","0","1","","0","","","1","0","0","0","0","0","0","2","0","1","","","","N","","","","","","","","","",""
"2019018350","","1","0","0","0","0","0","0","0","0","8","0","","02","2","2019","5","40.463881","-79.828154","1310","11","0","0","0","0","0","0","1","0","","0","0","0","","","1","","0","","40 27:49.972","","7","79 49:41.356","4","0","0","0","2113","1","0","0","N","1","0","0","2","02113","1","","1.0","","1","N","N","","0","","0","0","0","","0","","","2","1","0","0","0","0","0","2","0","1","","","","N","","","","","","","","","",""
"2019015472","","2","0","0","0","0","0","0","0","0","4","0","","02","2","2019","6","40.366001","-79.949448","1453","11","0","0","0","0","0","0","0","0","3","0","0","0","","","0","","2","","40 21:57.603","4","0","79 56:58.013","0","0","0","0","2403","0","0","0","N","0","0","0","2","02403","0","","1.0","","1","N","N","","0","","0","0","0","","0","N","","2","0","1","0","0","0","0","2","0","2","","","","N","","","","","","","","","",""
"2019015584","","1","0","0","0","0","0","0","0","0","7","0","","02","2","2019","6","40.425175","-80.030924","1850","11","0","0","0","0","0","0","0","0","","0","0","0","","","0","N","0","","40 25:30.629","","3","80 01:51.326","0","0","0","0","2301","0","0","0","N","0","0","0","1","68B03","0","","5.0","","6","N","N","","0","","0","0","0","","0","","","1","0","0","0","0","0","0","2","0","1","","","","N","","","","","","","","","",""
"2019018878","","1","0","0","0","0","0","0","0","0","4","0","","02","2","2019","7","40.340614","-80.052267","0853","11","0","0","0","0","0","1","0","0","1","0","0","0","","","0","","2","","40 20:26.210","1","0","80 03:08.161","0","0","0","0","2407","0","0","0","N","0","0","0","2","02407","0","","1.0","","1","N","N","","1","","0","0","0","","2","N","","2","0","0","0","0","0","0","2","0","2","","","","N","","","","","","","","","",""
"2019015337","","1","0","0","0","0","0","0","0","0","0","0","","02","2","2019","6","40.384396","-80.186693","1800","11","0","0","0","0","0","0","0","0","","0","0","0","","","0","","0","","40 23:03.826","","0","80 11:12.096","0","0","0","0","2119","0","0","0","N","0","0","0","1","02119","0","","2.0","","2","N","N","","0","","0","0","0","","0","","","1","0","0","0","0","0","0","1","0","1","","","","N","","","","","","","","","",""
"2019018352","","1","0","0","0","0","0","0","0","0","1","1","","02","2","2019","5","40.463794","-79.817599","0825","11","0","0","0","0","0","0","0","1","2","0","0","0","","","1","","2","","40 27:49.658","4","0","79 49:03.356","3","0","0","0","2113","0","0","0","N","0","0","0","5","02113","0","","1.0","","1","Y","N","","0","","1","0","0","","0","Y","","2","1","0","0","0","0","0","2","1","2","","","","N","","","","","","","","","",""
"2019015585","","1","0","0","0","0","0","0","0","0","7","0","","02","2","2019","7","40.488848","-80.269602","0746","11","0","0","0","0","0","1","0","0","2","0","0","0","","","0","","0","","40 29:19.854","3","2","80 16:10.567","0","0","0","0","2203","0","0","0","Y","0","0","0","1","68B03","0","","4.0","","98","N","N","","0","","0","0","0","","0","N","","1","0","0","0","0","0","0","1","0","1","","","","N","","","","","","","","","",""
"2019018882","","1","0","0","0","0","0","0","0","0","1","0","","02","2","2019","3","40.454043","-79.912443","1407","11","0","0","0","0","0","1","0","0","1","0","0","0","","","0","","1","","40 27:14.553","3","0","79 54:44.793","0","0","0","0","2301","0","0","0","N","0","0","0","3","02301","0","","1.0","","9","N","N","","0","","0","0","1","","2","N","","2","0","0","0","0","0","0","2","0","2","","","","N","","","","","","","","","",""
"2019018353","","2","0","0","0","0","0","0","0","0","4","0","","02","2","2019","5","40.416943","-80.01456","1125","11","0","0","0","0","0","0","0","0","","0","0","0","","","0","","2","","40 25:00.993","","0","80 00:52.416","9","0","0","0","2301","0","0","0","N","0","0","0","2","02301","0","","1.0","","1","N","N","","0","","0","0","0","","2","","","2","0","0","0","0","0","1","2","0","2","","","","N","","","","","","","","","",""
"2019017543","","1","0","0","0","0","0","0","0","0","7","0","","02","2","2019","3","40.491976","-79.848181","1323","11","0","0","0","0","0","0","0","1","1","0","0","0","","","0","","0","","40 29:31.115","3","0","79 50:53.452","0","0","0","0","2113","0","0","0","N","0","0","0","1","02113","0","","1.0","","9","N","N","","0","","0","0","0","","0","Y","","1","0","0","0","0","0","0","2","0","1","","","","N","","","","","","","","","",""
"2019015588","","2","0","0","0","0","0","0","0","0","5","0","","02","2","2019","1","40.462193","-80.193167","1550","11","0","0","0","0","0","0","0","0","","0","0","0","","","0","","0","","40 27:43.894","","0","80 11:35.402","0","0","0","0","2213","0","0","0","N","0","0","0","2","68B03","0","","1.0","","1","N","N","","0","","0","0","0","","0","","","2","0","0","0","0","0","0","2","0","2","","","","N","","","","","","","","","",""
"2019015607","","1","0","0","0","0","0","0","0","0","7","0","","02","1","2019","2","40.443199","-79.764257","0822","11","0","0","0","0","0","0","0","0","","0","0","0","","","0","","0","","40 26:35.516","","0","79 45:51.325","0","0","0","0","2446","0","0","0","N","0","0","0","1","68B03","0","","4.0","","1","N","N","","0","","0","0","0","","0","","","1","0","0","0","0","0","0","2","0","1","","","","N","","","","","","","","","",""
"2019015590","","0","0","0","0","0","0","0","0","0","7","0","","02","2","2019","1","40.401773","-79.835952","2020","11","0","0","0","0","0","1","0","0","1","0","0","0","","","1","","0","","40 24:06.383","6","0","79 50:09.427","3","0","0","0","2425","0","0","0","N","0","0","0","1","68B03","0","","4.0","","1","N","N","","0","","1","0","1","","0","Y","","1","1","0","0","0","0","0","2","0","1","","","","N","","","","","","","","","",""
"2019014473","","1","0","0","0","0","0","0","0","0","0","0","","02","1","2019","5","40.540243","-79.919343","1400","11","0","0","0","0","0","0","0","0","2","0","0","0","","","0","","0","","40 32:24.874","5","0","79 55:09.634","0","0","0","0","2209","0","0","0","N","0","0","0","1","02209","0","","1.0","","9","N","N","","0","","0","0","0","","0","Y","","1","0","0","0","0","0","0","2","0","1","","","","N","","","","","","","","","",""
"2019015616","","4","0","0","0","0","0","0","0","0","1","0","","02","2","2019","7","40.539601","-80.012016","1325","11","0","0","0","0","0","1","2","0","2","0","0","0","","","2","","0","","40 32:22.565","2","0","80 00:43.257","3","0","0","0","2116","0","0","0","N","0","0","0","4","02116","0","","1.0","","1","N","N","","0","","2","0","0","","0","N","","4","2","0","0","0","0","0","2","0","4","","","","N","","","","","","","","","",""
"2019013769","","0","0","0","0","0","0","0","0","0","8","0","","02","2","2019","3","40.372343","-79.997664","0836","11","0","0","0","0","0","0","0","0","","0","0","0","","","1","","1","","40 22:20.434","","0","79 59:51.590","3","0","0","0","2476","1","0","0","N","1","0","0","3","02476","0","","1.0","","9","N","N","","0","","1","0","1","","0","","","2","1","0","0","0","0","0","2","0","1","","","","N","","","","","","","","","",""
"2019017288","","2","0","0","0","0","0","0","0","0","2","0","","02","2","2019","1","40.441856","-80.057129","2315","11","0","1","0","0","0","1","0","0","","0","0","0","","","0","","2","","40 26:30.681","","0","80 03:25.664","0","0","0","0","2301","0","0","0","N","0","0","0","3","02301","0","","1.0","","1","N","N","","0","","0","0","0","","0","","","2","0","0","0","0","0","0","2","0","2","","","","N","","","","","","","","","",""
"2019014383","","0","0","0","0","0","0","0","0","0","7","0","","02","2","2019","6","40.577016","-79.786284","1057","11","0","0","0","0","0","0","1","0","2","0","0","0","","","0","","0","","40 34:37.256","2","0","79 47:10.623","0","0","0","0","2104","0","0","0","Y","0","0","0","1","68D02","0","","5.0","","7","N","N","","1","","0","0","0","","0","N","","1","0","0","0","0","0","0","2","0","1","","","","N","","","","","","","","","",""