"CRN","ARRIVAL_TM","AUTOMOBILE_COUNT","BELTED_DEATH_COUNT","BELTED_SUSP_SERIOUS_INJ_COUNT","BICYCLE_COUNT","BICYCLE_DEATH_COUNT","BICYCLE_SUSP_SERIOUS_INJ_COUNT","BUS_COUNT","CHLDPAS_DEATH_COUNT","CHLDPAS_SUSP_SERIOUS_INJ_COUNT","COLLISION_TYPE","COMM_VEH_COUNT","CONS_ZONE_SPD_LIM","COUNTY","CRASH_MONTH","CRASH_YEAR","DAY_OF_WEEK","DEC_LATITUDE","DEC_LONGITUDE","DISPATCH_TM","DISTRICT","DRIVER_COUNT_16YR","DRIVER_COUNT_17YR","DRIVER_COUNT_18YR","DRIVER_COUNT_19YR","DRIVER_COUNT_20YR","DRIVER_COUNT_50_64YR","DRIVER_COUNT_65_74YR","DRIVER_COUNT_75PLUS","EST_HRS_CLOSED","FATAL_COUNT","HEAVY_TRUCK_COUNT","HORSE_BUGGY_COUNT","HOUR_OF_DAY","ILLUMINATION","INJURY_COUNT","INTERSECTION_RELATED","INTERSECT_TYPE","LANE_CLOSED","LATITUDE","LN_CLOSE_DIR","LOCATION_TYPE","LONGITUDE","MAX_SEVERITY_LEVEL","MCYCLE_DEATH_COUNT","MCYCLE_SUSP_SERIOUS_INJ_COUNT","MOTORCYCLE_COUNT","MUNICIPALITY","NONMOTR_COUNT","NONMOTR_DEATH_COUNT","NONMOTR_SUSP_SERIOUS_INJ_COUNT","NTFY_HIWY_MAINT","PED_COUNT","PED_DEATH_COUNT","PED_SUSP_SERIOUS_INJ_COUNT","PERSON_COUNT","POLICE_AGCY","POSSIBLE_INJ_COUNT","RDWY_SURF_TYPE_CD","RELATION_TO_ROAD","ROADWAY_CLEARED","ROAD_CONDITION","SCH_BUS_IND","SCH_ZONE_IND","SECONDARY_CRASH","SMALL_TRUCK_COUNT","SPEC_JURIS_CD","SUSP_MINOR_INJ_COUNT","SUSP_SERIOUS_INJ_COUNT","SUV_COUNT","TCD_FUNC_CD","TCD_TYPE","TFC_DETOUR_IND","TIME_OF_DAY","TOTAL_UNITS","TOT_INJ_COUNT","UNBELTED_OCC_COUNT","UNB_DEATH_COUNT","UNB_SUSP_SERIOUS_INJ_COUNT","UNK_INJ_DEG_COUNT","UNK_INJ_PER_COUNT","URBAN_RURAL","VAN_COUNT","VEHICLE_COUNT","WEATHER1","WEATHER2","WORKERS_PRES","WORK_ZONE_IND","WORK_ZONE_LOC","WORK_ZONE_TYPE","WZ_CLOSE_DETOUR","WZ_FLAGGER","WZ_LAW_OFFCR_IND","WZ_LN_CLOSURE","WZ_MOVING","WZ_OTHER","WZ_SHLDER_MDN","WZ_WORKERS_INJ_KILLED"
"2019015355","","1","0","0","0","0","0","0","0","0","1","0","","02","2","2019","6","40.351778","-79.862362","1818","11","0","0","0","0","0","0","0","0","","0","0","0","","","0","N","0","","40 21:06.402","","0","79 51:44.502","0","0","0","0","2304","0","0","0","N","0","0","0","2","02304","0","","1.0","","1","N","N","","0","","0","0","1","","2","","","2","0","0","0","0","0","0","2","0","2","","","","N","","","","","","","","","",""
"2019015356","","2","0","0","0","0","0","0","0","0","4","0","","02","2","2019","6","40.465426","-79.956659","1921","11","0","0","0","0","0","1","0","0","","0","0","0","","","0","","1","","40 27:55.532","","0","79 57:23.972","0","0","0","0","2301","0","0","0","N","0","0","0","4","02301","0","","1.0","","1","N","N","","0","","0","0","0","","0","","","2","0","0","0","0","0","0","2","0","2","","","","N","","","","","","","","","",""
"2019017291","","1","0","0","0","0","0","0","0","0","1","0","","02","2","2019","3","40.346134","-79.83591","1728","11","0","0","0","0","0","1","0","0","","0","0","0","","","0","","0","","40 20:46.082","","0","79 50:09.275","0","0","0","0","2477","0","0","0","N","0","0","0","2","02477","0","","1.0","","9","N","N","","0","","0","0","1","","0","","","2","0","0","0","0","0","0","2","0","2","","","","N","","","","","","","","","",""
"2019015485","","0","0","0","0","0","0","0","0","0","1","0","","02","2","2019","6","40.405922","-80.083728","0854","11","0","0","0","0","0","0","0","0","1","0","0","0","","","0","","0","","40 24:21.318","1","0","80 05:01.420","0","0","0","0","2415","0","0","0","N","0","0","0","2","02415","0","","1.0","","1","N","N","","0","","0","0","2","","0","N","","2","0","0","0","0","0","0","2","0","2","","","","N","","","","","","","","","",""
"2019015629","","0","0","0","0","0","0","0","0","0","7","0","","02","2","2019","6","40.488734","-79.710133","1815","11","0","0","0","0","0","0","0","0","1","0","0","0","","","0","","0","","40 29:19.443","4","0","79 42:36.479","0","0","0","0","2466","0","0","0","N","0","0","0","1","02466","0","","5.0","","2","N","N","","1","","0","0","0","","0","N","","1","0","0","0","0","0","0","2","0","1","","","","N","","","","","","","","","",""
"2019018631","","1","0","0","0","0","0","0","0","0","7","0","","02","2","2019","1","40.527796","-80.228934","1710","11","0","0","0","0","0","0","0","1","2","0","0","0","","","0","","0","","40 31:40.067","4","99","80 13:44.163","0","0","0","0","2213","0","0","0","N","0","0","0","1","02213","0","","2.0","","2","N","N","","0","","0","0","0","","0","Y","","1","0","0","0","0","0","0","2","0","1","","","","N","","","","","","","","","",""
"2019015630","","1","0","1","0","0","0","0","0","0","4","0","","02","2","2019","6","40.472875","-80.037883","1820","11","0","0","0","0","0","1","0","0","1","0","0","0","","","1","","2","","40 28:22.350","5","0","80 02:16.378","2","0","0","0","2301","0","0","0","N","0","0","0","2","02301","0","","1.0","","1","N","N","","0","","0","1","1","","3","Y","","2","1","1","0","0","0","0","2","0","2","","","","N","","","","","","","","","",""
"2019017569","","1","0","0","0","0","0","0","0","0","4","0","","02","2","2019","4","40.568232","-79.966848","0805","11","0","0","0","0","0","2","0","0","","0","0","0","","","1","","2","","40 34:05.636","","0","79 58:00.652","3","0","0","0","2207","0","0","0","N","0","0","0","2","02207","0","","1.0","","9","N","N","","1","","1","0","0","","3","N","","2","1","0","0","0","0","0","2","0","2","","","","N","","","","","","","","","",""
"2019015368","","1","0","0","0","0","0","0","0","0","7","0","","02","2","2019","6","40.500304","-79.796604","2126","11","0","0","0","1","0","0","0","0","3","0","0","0","","","0","","0","","40 30:01.095","5","0","79 47:47.775","0","0","0","0","2113","0","0","0","N","0","0","0","1","02113","0","","2.0","","2","N","N","","0","","0","0","0","","0","Y","","1","0","0","0","0","0","0","2","0","1","","","","N","","","","","","","","","",""
"2019019110","","2","0","0","0","0","0","0","0","0","5","1","","02","2","2019","6","40.51373","-80.137576","1734","11","0","0","0","0","0","1","0","0","","0","0","0","","","0","","1","","40 30:49.427","","2","80 08:15.273","0","0","0","0","2110","0","0","0","N","0","0","0","2","02215","0","","1.0","","1","N","N","","0","","0","0","0","","0","","","2","0","0","0","0","0","0","2","0","2","","","","N","","","","","","","","","",""
"2019015369","","2","0","0","0","0","0","0","0","0","6","0","","02","2","2019","6","40.416933","-80.038379","2100","11","0","0","0","0","0","0","0","0","2","0","0","0","","","0","","2","","40 25:00.957","2","0","80 02:18.164","0","0","0","0","2301","0","0","0","N","0","0","0","2","02301","0","","1.0","","1","N","N","","0","","0","0","0","","0","N","","2","0","0","0","0","0","0","2","0","2","","","","N","","","","","","","","","",""
"2019015762","","2","0","0","0","0","0","0","0","0","1","0","","02","2","2019","6","40.403653","-79.952636","1750","11","0","0","0","0","0","1","0","0","2","0","0","0","","","0","","0","","40 24:13.149","6","0","79 57:09.489","0","0","0","0","2403","0","0","0","N","0","0","0","4","02403","0","","1.0","","2","N","N","","0","","0","0","0","","0","Y","","2","0","0","0","0","0","0","2","0","2","","","","N","","","","","","","","","",""
"2019015948","","1","0","0","0","0","0","0","0","0","7","0","","02","2","2019","1","40.485703","-80.024572","1721","11","0","0","0","0","0","0","0","0","","0","0","0","","","0","","0","","40 29:08.532","","0","80 01:28.458","0","0","0","0","2301","0","0","0","N","0","0","0","1","02301","0","","2.0","","7","N","N","","0","","0","0","0","","0","","","1","0","1","0","0","0","0","2","0","1","","","","N","","","","","","","","","",""
"2019015373","","2","0","0","0","0","0","0","0","0","5","0","","02","2","2019","6","40.406693","-80.082641","2001","11","0","0","0","0","0","0","0","0","1","0","0","0","","","0","","0","","40 24:24.095","5","0","80 04:57.509","0","0","0","0","2415","0","0","0","N","0","0","0","1","02415","0","","1.0","","1","N","N","","1","","0","0","2","","0","Y","","5","0","0","0","0","0","0","2","0","5","","","","N","","","","","","","","","",""
"2019015536","","2","0","0","0","0","0","0","0","0","4","0","","02","2","2019","7","40.452914","-80.039369","1023","11","0","0","0","0","0","0","0","0","","0","0","0","","","0","","2","","40 27:10.489","","0","80 02:21.730","0","0","0","0","2301","0","0","0","N","0","0","0","2","02301","0","","1.0","","1","N","N","","0","","0","0","0","","2","","","2","0","0","0","0","0","0","2","0","2","","","","N","","","","","","","","","",""
"2019014224","","1","0","0","0","0","0","0","0","0","7","0","","02","2","2019","3","40.376186","-80.004777","0610","11","0","0","0","0","0","0","0","0","","0","0","0","","","0","","0","","40 22:34.271","","0","80 00:17.198","0","0","0","0","2301","0","0","0","N","0","0","0","1","02301","0","","4.0","","9","","","","0","","0","0","0","","0","","","1","0","0","0","0","0","0","2","0","1","","","","N","","","","","","","","","",""
"2019019119","","1","0","0","0","0","0","0","0","0","7","0","","02","2","2019","1","40.6259","-80.054514","1854","11","0","0","0","0","0","0","0","0","","0","0","0","","","0","","0","","40 37:33.241","","7","80 03:16.252","0","0","0","0","2216","0","0","0","N","0","0","0","1","02505","0","","4.0","","7","N","N","","0","","0","0","0","","0","","","1","0","0","0","0","0","0","1","0","1","","","","N","","","","","","","","","",""
"2019017582","","0","0","0","0","0","0","0","0","0","7","0","","02","2","2019","3","40.281225","-79.924657","1133","11","0","0","0","0","0","0","0","0","1","0","0","0","","","0","","0","","40 16:52.409","3","0","79 55:28.764","0","0","0","0","2440","0","0","0","N","0","0","0","1","02440","0","","5.0","","8","N","N","","0","","0","0","1","","0","N","","1","0","0","0","0","0","0","2","0","1","","","","N","","","","","","","","","",""
"2019015537","","1","0","0","0","0","0","0","0","0","7","0","","02","2","2019","7","40.271212","-79.930623","0840","11","0","0","0","0","0","0","0","0","3","0","0","0","","","1","","0","","40 16:16.362","5","0","79 55:50.241","2","0","0","0","2440","0","0","0","N","0","0","0","1","02440","0","","5.0","","2","N","N","","0","","0","1","0","","0","N","","1","1","1","0","1","0","0","2","0","1","","","","N","","","","","","","","","",""
"2019017287","","1","0","0","0","0","0","0","0","0","8","0","","02","2","2019","3","40.443656","-79.99525","1917","11","0","0","0","0","0","1","0","0","1","0","0","0","","","1","","1","","40 26:37.163","1","0","79 59:42.901","3","0","0","0","2301","1","0","0","N","1","0","0","3","02301","0","","1.0","","9","N","N","","0","","1","0","0","","2","N","","2","1","0","0","0","0","0","2","0","1","","","","N","","","","","","","","","",""
"2019014515","","1","0","0","0","0","0","0","0","0","1","0","","02","2","2019","4","40.537388","-80.186044","1754","11","0","0","0","0","0","0","0","0","","0","0","0","","","0","","1","","40 32:14.596","","0","80 11:09.757","0","0","0","0","2458","0","0","0","N","0","0","0","2","02458","0","","1.0","","9","N","N","","1","","0","0","0","","2","","","2","0","0","0","0","0","0","2","0","2","","","","N","","","","","","","","","",""
"2019019160","","2","0","0","0","0","0","0","0","0","2","0","","02","2","2019","6","40.466641","-79.903226","2353","11","0","0","0","0","0","0","0","1","2","0","0","0","","","1","","1","","40 27:59.907","3","0","79 54:11.613","4","0","0","0","2301","0","0","0","N","0","0","0","2","02301","1","","1.0","","1","N","N","","0","","0","0","0","","0","N","","2","1","0","0","0","0","0","2","0","2","","","","N","","","","","","","","","",""
"2019015509","","2","0","0","0","0","0","0","0","0","2","0","","02","2","2019","7","40.460882","-79.915177","0812","11","0","0","0","0","0","0","0","0","1","0","0","0","","","0","","5","","40 27:39.175","4","0","79 54:54.637","9","0","0","0","2301","0","0","0","N","0","0","0","3","02301","0","","1.0","","1","N","N","","0","","0","0","0","","2","N","","2","0","0","0","0","0","1","2","0","2","","","","N","","","","","","","","","",""
"2019014253","","1","0","0","0","0","0","0","0","0","5","1","","02","2","2019","6","40.45525","-80.030219","1330","11","0","0","0","0","0","0","0","0","","0","1","0","","","0","","0","","40 27:18.900","","7","80 01:48.790","0","0","0","0","2301","0","0","0","N","0","0","0","1","02301","0","","1.0","","6","N","N","","0","","0","0","0","","3","","","2","0","0","0","0","0","0","2","0","2","","","","N","","","","","","","","","",""
"2019015833","","1","0","0","0","0","0","0","0","0","1","0","","02","2","2019","7","40.415792","-80.008606","1412","11","0","0","0","0","0","0","0","0","2","0","0","0","","","1","N","0","","40 24:56.851","2","4","80 00:30.983","8","0","0","0","2301","0","0","0","N","0","0","0","3","02301","0","","1.0","","1","N","N","","0","","0","0","1","","0","N","","2","1","0","0","0","1","0","2","0","2","","","","N","","","","","","","","","",""
"2019015953","","1","0","0","0","0","0","0","0","0","0","0","","02","2","2019","1","40.388288","-80.004528","1743","11","0","0","0","0","0","0","0","0","1","0","0","0","","","0","","0","","40 23:17.838","7","0","80 00:16.300","0","0","0","0","2301","0","0","0","N","0","0","0","1","02301","0","","1.0","","7","N","N","","0","","0","0","0","","0","N","","1","0","1","0","0","0","0","2","0","1","","","","N","","","","","","","","","",""
"2019019127","","2","0","0","0","0","0","0","0","0","1","0","","02","2","2019","6","40.630601","-79.972347","1550","11","0","0","0","0","0","0","0","0","","0","0","0","","","0","","1","","40 37:50.163","","0","79 58:20.448","0","0","0","0","2217","0","0","0","N","0","0","0","2","02505","0","","1.0","","1","N","N","","0","","0","0","0","","0","","","2","0","0","0","0","0","0","2","0","2","","","","N","","","","","","","","","",""
"2019014520","","1","0","0","0","0","0","0","0","0","8","0","","02","2","2019","4","40.457711","-79.995421","1910","11","0","0","0","0","0","0","0","0","","0","0","0","","","1","","1","","40 27:27.761","","0","79 59:43.514","3","0","0","0","2301","1","0","0","N","1","0","0","2","02301","0","","1.0","","9","N","N","","0","","1","0","0","","3","","","2","1","0","0","0","0","0","2","0","1","","","","N","","","","","","","","","",""
"2019019161","","1","0","0","0","0","0","0","0","0","6","0","","02","2","2019","5","40.579778","-79.887404","2306","11","0","0","1","0","0","0","0","0","3","0","0","0","","","0","","0","","40 34:47.201","5","0","79 53:14.653","0","0","0","0","2209","0","0","0","N","0","0","0","2","02209","0","","1.0","","1","N","N","","1","","0","0","0","","0","Y","","2","0","0","0","0","0","0","2","0","2","","","","N","","","","","","","","","",""
"2019016897","","1","0","0","0","0","0","0","0","0","7","0","","02","2","2019","7","40.483199","-79.971853","1048","11","0","0","0","0","0","1","0","0","1","0","0","0","","","0","","0","","40 28:59.517","5","0","79 58:18.669","0","0","0","0","2118","0","0","0","N","0","0","0","1","02118","0","","2.0","","2","N","N","","0","","0","0","0","","0","Y","","1","0","0","0","0","0","0","2","0","1","","","","N","","","","","","","","","",""
"2019014521","","1","0","0","0","0","0","0","0","0","4","0","","02","2","2019","4","40.503871","-80.139423","1654","11","0","0","0","0","0","1","0","0","2","0","0","0","","","2","","2","","40 30:13.937","7","0","80 08:21.922","4","0","0","0","2115","0","0","0","N","0","0","0","2","02115","2","","1.0","","9","N","N","","0","","0","0","1","","3","N","","2","2","1","0","0","0","0","2","0","2","","","","N","","","","","","","","","",""
"2019015380","","0","0","0","0","0","0","0","0","0","7","0","","02","2","2019","6","40.494563","-79.788505","1939","11","0","0","0","0","0","0","1","0","2","0","0","0","","","0","","0","","40 29:40.428","7","0","79 47:18.619","0","0","0","0","2113","0","0","0","N","0","0","0","1","02113","0","","5.0","","2","N","N","","1","","0","0","0","","0","Y","","1","0","0","0","0","0","0","2","0","1","","","","N","","","","","","","","","",""
"2019016898","","2","0","0","0","0","0","0","0","0","4","0","","02","2","2019","1","40.453443","-79.927109","1249","11","0","0","0","0","0","2","0","0","","0","0","0","","","0","","1","","40 27:12.394","","0","79 55:37.592","0","0","0","0","2301","0","0","0","N","0","0","0","2","02301","0","","1.0","","1","N","N","","0","","0","0","0","","3","","","2","0","0","0","0","0","0","2","0","2","","","","N","","","","","","","","","",""
"2019015515","","4","0","0","0","0","0","0","0","0","6","0","","02","2","2019","7","40.35435","-79.880604","0650","11","0","0","0","1","0","2","0","0","2","0","0","0","","","1","","0","","40 21:15.660","6","0","79 52:50.176","8","0","0","0","2423","0","0","0","N","0","0","0","4","02304","0","","1.0","","2","N","N","","0","","0","0","0","","0","Y","","4","1","0","0","0","1","0","2","0","4","","","","N","","","","","","","","","",""
"2019018660","","1","0","0","0","0","0","0","0","0","7","0","","02","2","2019","5","40.404301","-79.986655","1752","11","0","0","0","0","0","0","0","0","","0","0","0","","","1","","2","","40 24:15.483","","0","79 59:11.958","8","0","0","0","2301","0","0","0","N","0","0","0","2","02301","0","","5.0","","1","N","N","","0","","0","0","0","","0","","","1","1","0","0","0","1","0","2","0","1","","","","N","","","","","","","","","",""
"2019019139","","1","0","0","0","0","0","0","0","0","4","0","","02","2","2019","4","40.370595","-80.09722","1615","11","0","0","0","0","0","0","0","1","1","0","0","0","","","0","","2","","40 22:14.142","5","0","80 05:49.992","0","0","0","0","2102","0","0","0","N","0","0","0","3","02102","0","","1.0","","1","N","N","","0","","0","0","1","","0","N","","2","0","1","0","0","0","0","2","0","2","","","","N","","","","","","","","","",""
"2019014107","","1","0","0","0","0","0","0","0","0","99","0","","02","2","2019","3","40.383989","-79.989567","1915","11","0","0","0","0","0","0","1","0","","0","0","0","","","0","","0","","40 23:02.361","","0","79 59:22.440","0","0","0","0","2301","0","0","0","N","0","0","0","1","02301","0","","1.0","","1","N","N","","0","","0","0","0","","0","","","1","0","0","0","0","0","0","2","0","1","","","","N","","","","","","","","","",""
"2019015838","","1","0","0","0","0","0","0","0","0","4","0","","02","2","2019","1","40.352276","-79.856711","1138","11","0","0","0","0","0","0","0","0","","0","0","0","","","1","","1","","40 21:08.194","","0","79 51:24.160","4","0","0","0","2304","0","0","0","N","0","0","0","7","02304","1","","1.0","","1","N","N","","0","","0","0","1","","2","","","2","1","0","0","0","0","0","2","0","2","","","","N","","","","","","","","","",""
"2019013947","","2","0","0","0","0","0","0","0","0","6","0","","02","2","2019","3","40.517713","-80.029959","0958","11","0","0","1","0","0","0","0","0","","0","0","0","","","0","","0","","40 31:03.765","","0","80 01:47.851","0","0","0","0","2474","0","0","0","N","0","0","0","2","02474","0","","1.0","","9","N","N","","0","","0","0","0","","0","","","2","0","0","0","0","0","0","2","0","2","","","","N","","","","","","","","","",""
"2019018663","","1","0","0","0","0","0","0","0","0","7","0","","02","2","2019","5","40.370451","-79.786208","2257","11","0","0","0","0","0","0","0","0","2","0","0","0","","","0","","0","","40 22:13.625","5","0","79 47:10.347","0","0","0","0","2111","0","0","0","N","0","0","0","1","02111","0","","3.0","","9","N","N","","0","","0","0","0","","0","Y","","1","0","1","0","0","0","0","2","0","1","","","","N","","","","","","","","","",""
"2019014273","","1","0","0","0","0","0","0","0","0","2","0","","02","2","2019","4","40.461272","-79.812891","0853","11","0","0","0","0","0","3","0","0","1","0","0","0","","","1","","2","","40 27:40.579","5","0","79 48:46.407","4","0","0","0","2113","0","0","0","N","0","0","0","3","02113","1","","1.0","","9","N","N","","0","","0","0","1","","0","Y","","3","1","0","0","0","0","0","2","1","3","","","","N","","","","","","","","","",""
"2019015969","","1","0","0","0","0","0","0","0","0","7","0","","02","2","2019","6","40.500324","-80.044797","2020","11","0","0","0","0","0","0","0","0","","0","0","0","","","1","","0","","40 30:01.165","","0","80 02:41.269","3","0","0","0","2116","0","0","0","N","0","0","0","2","02116","0","","4.0","","2","N","N","","0","","1","0","0","","0","","","1","1","0","0","0","0","1","2","0","1","","","","N","","","","","","","","","",""
"2019014121","","0","0","0","0","0","0","0","0","0","7","0","","02","2","2019","3","40.489819","-79.780284","1947","11","0","0","0","0","0","0","1","0","2","0","0","0","","","1","","0","","40 29:23.348","6","0","79 46:49.023","3","0","0","0","2466","0","0","0","N","0","0","0","1","02466","0","","4.0","","1","N","N","","0","","1","0","1","","0","Y","","1","1","1","0","0","0","0","2","0","1","","","","N","","","","","","","","","",""
"2019015993","","1","0","0","0","0","0","0","0","0","7","0","","02","2","2019","1","40.408654","-80.025552","1910","11","0","0","0","0","0","1","0","0","","0","0","0","","","0","","2","","40 24:31.154","","0","80 01:31.987","0","0","0","0","2301","0","0","0","N","0","0","0","1","02301","0","","4.0","","2","N","N","","0","","0","0","0","","3","","","1","0","0","0","0","0","0","2","0","1","","","","N","","","","","","","","","",""
"2019015668","","2","0","0","0","0","0","0","0","0","2","0","","02","2","2019","7","40.456293","-79.974938","1848","11","0","0","0","0","0","0","1","0","1","0","0","0","","","0","","1","","40 27:22.654","3","0","79 58:29.776","0","0","0","0","2301","0","0","0","N","0","0","0","2","02301","0","","1.0","","1","N","N","","0","","0","0","0","","2","N","","2","0","0","0","0","0","0","2","0","2","","","","N","","","","","","","","","",""
"2019015971","","2","0","0","0","0","0","0","0","0","1","0","","02","2","2019","1","40.406176","-80.033796","1918","11","0","0","0","0","0","0","0","0","3","0","0","0","","","0","","1","","40 24:22.233","6","0","80 02:01.665","0","0","0","0","2301","0","0","0","N","0","0","0","3","02301","0","","1.0","","7","N","Y","","0","","0","0","0","","0","Y","","2","0","0","0","0","0","0","2","0","2","","","","N","","","","","","","","","",""
"2019015675","","1","0","0","0","0","0","0","0","0","1","0","","02","2","2019","6","40.343981","-79.971545","1901","11","0","0","0","0","0","1","0","0","","0","0","0","","","1","","0","","40 20:38.331","","0","79 58:17.563","8","0","0","0","2403","0","0","0","N","0","0","0","7","02403","0","","1.0","","2","N","N","","0","","0","0","2","","2","","","3","1","0","0","0","1","0","2","0","3","","","","N","","","","","","","","","",""
"2019015996","","0","0","0","0","0","0","0","0","0","7","0","","02","2","2019","1","40.413909","-80.023038","2118","11","0","0","0","0","0","0","0","0","","0","0","0","","","0","","0","","40 24:50.073","","0","80 01:22.936","0","0","0","0","2301","0","0","0","N","0","0","0","1","02301","0","","5.0","","7","N","N","","0","","0","0","1","","0","","","1","0","0","0","0","0","0","2","0","1","","","","N","","","","","","","","","",""
"2019015679","","2","0","0","0","0","0","0","0","0","1","0","","02","2","2019","7","40.450543","-79.997124","2130","11","0","0","0","0","0","1","0","0","","0","0","0","","","0","","6","","40 27:01.955","","0","79 59:49.646","0","0","0","0","2301","0","0","0","N","0","0","0","3","02301","0","","7.0","","1","N","N","","0","","0","0","0","","0","","","2","0","0","0","0","0","0","2","0","2","","","","N","","","","","","","","","",""
"2019015975","","1","0","0","0","0","0","0","0","0","0","0","","02","2","2019","1","40.336335","-79.977147","1712","11","0","0","0","0","0","0","0","0","","0","0","0","","","0","","0","","40 20:10.807","","0","79 58:37.728","0","0","0","0","2454","0","0","0","N","0","0","0","2","02454","0","","1.0","","7","N","N","","0","","0","0","0","","2","","","1","0","2","0","0","0","0","2","0","1","","","","N","","","","","","","","","",""
"2019013960","","0","0","1","0","0","0","2","0","0","1","2","","02","2","2019","2","40.461124","-79.866306","1407","11","0","0","0","0","0","2","1","0","2","0","0","0","","","4","","1","","40 27:40.047","6","0","79 51:58.700","2","0","0","0","2113","0","0","0","N","0","0","0","5","02113","0","","1.0","","1","Y","N","","1","","3","1","0","","0","Y","","4","4","0","0","0","0","0","2","1","4","","","","N","","","","","","","","","",""
"2019015559","","1","0","0","0","0","0","0","0","0","1","0","","02","1","2019","6","40.412176","-80.067214","0633","11","0","0","0","0","0","0","0","0","1","0","0","0","","","2","","0","","40 24:43.833","3","0","80 04:01.970","4","0","0","0","2435","0","0","0","N","0","0","0","2","68B03","2","","1.0","","9","N","N","","0","","0","0","1","","0","N","","2","2","0","0","0","0","0","2","0","2","","","","N","","","","","","","","","",""
"2019015680","","2","0","0","0","0","0","0","0","0","1","0","","02","2","2019","6","40.343968","-79.971513","1931","11","0","0","1","0","0","0","0","0","3","0","0","0","","","1","","2","","40 20:38.286","7","0","79 58:17.448","8","0","0","0","2403","0","0","0","N","0","0","0","6","02403","0","","1.0","","2","N","N","","0","","0","0","1","","2","Y","","3","1","0","0","0","1","0","2","0","3","","","","N","","","","","","","","","",""
"2019013971","","1","0","0","0","0","0","0","0","0","1","0","","02","1","2019","6","40.384546","-80.090502","1302","11","0","0","0","0","0","0","0","0","1","0","0","0","","","0","","0","","40 23:04.364","2","7","80 05:25.806","0","0","0","0","2117","0","0","0","N","0","0","0","2","02117","0","","1.0","","1","N","N","","1","","0","0","0","","0","N","","2","0","0","0","0","0","0","2","0","2","","","","N","","","","","","","","","",""
"2019015978","","0","0","0","0","0","0","0","0","0","2","0","","02","2","2019","6","40.645413","-80.054528","1742","11","0","0","0","0","0","1","0","0","2","0","0","0","","","1","","3","","40 38:43.487","5","0","80 03:16.300","3","0","0","0","2216","0","0","0","N","0","0","0","4","02505","0","","1.0","","2","N","N","","0","","1","0","2","","0","N","","2","1","0","0","0","0","0","2","0","2","","","","N","","","","","","","","","",""
"2019016008","","1","0","0","0","0","0","0","0","0","7","0","","02","2","2019","1","40.59426","-80.067134","2121","11","0","0","1","0","0","0","0","0","2","0","0","0","","","0","","0","","40 35:39.335","6","0","80 04:01.681","0","0","0","0","2481","0","0","0","N","0","0","0","1","02481","0","","2.0","","7","N","N","","0","","0","0","0","","0","N","","1","0","0","0","0","0","0","2","0","1","","","","N","","","","","","","","","",""
"2019015561","","1","0","0","0","0","0","0","0","0","7","1","","02","1","2019","7","40.52762","-80.129984","0742","11","0","0","0","0","0","1","0","0","","0","1","0","","","0","","0","","40 31:39.431","","3","80 07:47.941","0","0","0","0","2125","0","0","0","N","0","0","0","2","68B03","0","","2.0","","9","N","N","","0","","0","0","0","","0","","","2","0","0","0","0","0","0","2","0","2","","","","N","","","","","","","","","",""
"2019015689","","1","0","0","0","0","0","0","0","0","7","0","","02","2","2019","6","40.214674","-79.826913","1818","11","0","0","0","0","0","0","0","0","2","0","0","0","","","0","","2","","40 12:52.825","6","0","79 49:36.888","0","0","0","0","2105","0","0","0","N","0","0","0","1","02105","0","","5.0","","2","N","N","","0","","0","0","0","","0","N","","1","0","0","0","0","0","0","1","0","1","","","","N","","","","","","","","","",""
"2019018838","","1","0","0","0","0","0","0","0","0","7","0","","02","2","2019","3","40.558763","-80.033486","2214","11","0","0","0","0","0","0","0","0","","0","0","0","","","0","","0","","40 33:31.545","","0","80 02:00.549","0","0","0","0","2108","0","0","0","N","0","0","0","1","02108","0","","5.0","","9","N","N","","0","","0","0","0","","0","","","1","0","0","0","0","0","0","2","0","1","","","","N","","","","","","","","","",""
"2019015983","","0","0","0","0","0","0","0","0","0","7","0","","02","2","2019","1","40.452799","-79.818736","2059","11","0","0","0","0","0","0","0","0","1","0","0","0","","","2","","2","","40 27:10.076","5","0","79 49:07.449","8","0","0","0","2113","0","0","0","N","0","0","0","2","02113","0","","5.0","","7","N","N","","0","","0","0","1","","0","N","","1","2","1","0","0","2","0","2","0","1","","","","N","","","","","","","","","",""
"2019016011","","2","0","0","0","0","0","0","0","0","4","0","","02","2","2019","3","40.396026","-79.987993","1040","11","0","0","0","0","0","0","0","0","","0","0","0","","","0","","0","","40 23:45.695","","0","79 59:16.774","0","0","0","0","2301","0","0","0","N","0","0","0","3","02301","0","","1.0","","1","N","N","","0","","0","0","0","","0","","","2","0","0","0","0","0","0","2","0","2","","","","N","","","","","","","","","",""
"2019013975","","2","0","0","0","0","0","0","0","0","6","0","","02","2","2019","3","40.453439","-80.05331","1525","11","0","0","0","0","0","1","0","0","2","0","0","0","","","0","","0","","40 27:12.381","4","0","80 03:11.917","0","0","0","0","2301","0","0","0","N","0","0","0","3","02301","0","","1.0","","1","N","N","","0","","0","0","0","","0","Y","","2","0","0","0","0","0","0","2","0","2","","","","N","","","","","","","","","",""