"CRN","ARRIVAL_TM","AUTOMOBILE_COUNT","BELTED_DEATH_COUNT","BELTED_SUSP_SERIOUS_INJ_COUNT","BICYCLE_COUNT","BICYCLE_DEATH_COUNT","BICYCLE_SUSP_SERIOUS_INJ_COUNT","BUS_COUNT","CHLDPAS_DEATH_COUNT","CHLDPAS_SUSP_SERIOUS_INJ_COUNT","COLLISION_TYPE","COMM_VEH_COUNT","CONS_ZONE_SPD_LIM","COUNTY","CRASH_MONTH","CRASH_YEAR","DAY_OF_WEEK","DEC_LATITUDE","DEC_LONGITUDE","DISPATCH_TM","DISTRICT","DRIVER_COUNT_16YR","DRIVER_COUNT_17YR","DRIVER_COUNT_18YR","DRIVER_COUNT_19YR","DRIVER_COUNT_20YR","DRIVER_COUNT_50_64YR","DRIVER_COUNT_65_74YR","DRIVER_COUNT_75PLUS","EST_HRS_CLOSED","FATAL_COUNT","HEAVY_TRUCK_COUNT","HORSE_BUGGY_COUNT","HOUR_OF_DAY","ILLUMINATION","INJURY_COUNT","INTERSECTION_RELATED","INTERSECT_TYPE","LANE_CLOSED","LATITUDE","LN_CLOSE_DIR","LOCATION_TYPE","LONGITUDE","MAX_SEVERITY_LEVEL","MCYCLE_DEATH_COUNT","MCYCLE_SUSP_SERIOUS_INJ_COUNT","MOTORCYCLE_COUNT","MUNICIPALITY","NONMOTR_COUNT","NONMOTR_DEATH_COUNT","NONMOTR_SUSP_SERIOUS_INJ_COUNT","NTFY_HIWY_MAINT","PED_COUNT","PED_DEATH_COUNT","PED_SUSP_SERIOUS_INJ_COUNT","PERSON_COUNT","POLICE_AGCY","POSSIBLE_INJ_COUNT","RDWY_SURF_TYPE_CD","RELATION_TO_ROAD","ROADWAY_CLEARED","ROAD_CONDITION","SCH_BUS_IND","SCH_ZONE_IND","SECONDARY_CRASH","SMALL_TRUCK_COUNT","SPEC_JURIS_CD","SUSP_MINOR_INJ_COUNT","SUSP_SERIOUS_INJ_COUNT","SUV_COUNT","TCD_FUNC_CD","TCD_TYPE","TFC_DETOUR_IND","TIME_OF_DAY","TOTAL_UNITS","TOT_INJ_COUNT","UNBELTED_OCC_COUNT","UNB_DEATH_COUNT","UNB_SUSP_SERIOUS_INJ_COUNT","UNK_INJ_DEG_COUNT","UNK_INJ_PER_COUNT","URBAN_RURAL","VAN_COUNT","VEHICLE_COUNT","WEATHER1","WEATHER2","WORKERS_PRES","WORK_ZONE_IND","WORK_ZONE_LOC","WORK_ZONE_TYPE","WZ_CLOSE_DETOUR","WZ_FLAGGER","WZ_LAW_OFFCR_IND","WZ_LN_CLOSURE","WZ_MOVING","WZ_OTHER","WZ_SHLDER_MDN","WZ_WORKERS_INJ_KILLED"
"2019045769","","3","0","0","0","0","0","0","0","0","1","0","","02","4","2019","1","40.337978","-80.045865","1422","11","0","0","0","0","0","2","0","0","2","0","0","0","","","0","","0","","40 20:16.719","2","0","80 02:45.113","0","0","0","0","2407","0","0","0","N","0","0","0","4","02407","0","","1.0","","1","N","N","","0","","0","0","0","","0","N","","3","0","0","0","0","0","0","2","0","3","","","","N","","","","","","","","","",""
"2019045468","","2","0","0","0","0","0","0","0","0","1","0","","02","5","2019","5","40.478908","-80.043019","1241","11","0","0","0","0","1","1","0","0","2","0","0","0","","","0","","1","","40 28:44.067","1","0","80 02:34.868","0","0","0","0","2301","0","0","0","Y","0","0","0","3","02301","0","","1.0","","1","N","N","","0","","0","0","0","","2","N","","2","0","0","0","0","0","0","2","0","2","","","","N","","","","","","","","","",""
"2019045925","","1","0","1","0","0","0","0","0","0","7","0","","02","5","2019","7","40.33798","-79.894971","0004","11","0","0","0","0","0","0","0","0","","0","0","0","","","2","","2","","40 20:16.728","","7","79 53:41.897","2","0","0","0","2473","0","0","0","N","0","0","0","2","02473","0","","4.0","","1","N","N","","0","","1","1","0","","2","","","1","2","0","0","0","0","0","2","0","1","","","","N","","","","","","","","","",""
"2019045469","","2","0","0","0","0","0","0","0","0","2","0","","02","5","2019","6","40.440846","-79.973973","1040","11","0","0","0","0","0","1","1","0","","0","0","0","","","0","","1","","40 26:27.045","","0","79 58:26.302","0","0","0","0","2301","0","0","0","N","0","0","0","2","02301","0","","1.0","","1","N","N","","0","","0","0","0","","3","","","2","0","0","0","0","0","0","2","0","2","","","","N","","","","","","","","","",""
"2019049061","","1","0","0","0","0","0","0","0","0","7","0","","02","5","2019","3","40.449194","-80.017282","0125","11","0","0","0","0","0","0","0","0","4","1","0","0","","","1","","0","","40 26:57.098","2","2","80 01:02.216","1","0","0","0","2301","0","0","0","N","0","0","0","2","02301","0","2","4.0","","9","N","N","","0","0","0","1","0","","0","Y","","1","1","2","1","1","0","0","2","0","1","","","","N","","","","","","","","","",""
"2019043944","","0","0","0","0","0","0","0","0","0","7","0","","02","4","2019","1","40.442959","-79.967811","2016","11","0","0","0","0","0","0","0","0","","0","0","0","","","0","","0","","40 26:34.653","","0","79 58:04.120","9","0","0","0","2301","0","0","0","N","0","0","0","7","02301","0","","5.0","","1","N","N","","0","","0","0","0","","0","","","1","0","0","0","0","0","1","2","1","1","","","","N","","","","","","","","","",""
"2019049064","","2","0","0","0","0","0","0","0","0","4","0","","02","4","2019","5","40.355078","-80.049063","1251","11","0","0","0","0","0","1","0","0","1","0","0","0","","","2","N","0","","40 21:18.281","3","7","80 02:56.627","4","0","0","0","2109","0","0","0","N","0","0","0","2","02109","2","","1.0","","1","N","N","","0","","0","0","0","","3","N","","2","2","0","0","0","0","0","2","0","2","","","","N","","","","","","","","","",""
"2019047471","","0","0","0","0","0","0","0","0","0","1","1","","02","5","2019","5","40.454348","-79.995002","1050","11","0","0","0","0","0","1","0","0","","0","1","0","","","1","","3","","40 27:15.652","","2","79 59:42.008","4","0","0","0","2301","0","0","0","N","0","0","0","4","02301","1","","1.0","","1","N","N","","1","","0","0","1","","0","","","3","1","3","0","0","0","0","2","0","3","","","","N","","","","","","","","","",""
"2019045472","","0","0","0","0","0","0","1","0","0","6","1","","02","2","2019","6","40.480517","-80.039331","1330","11","0","0","0","0","0","0","1","0","","0","0","0","","","0","","1","","40 28:49.861","","0","80 02:21.591","9","0","0","0","2301","0","0","0","N","0","0","0","23","02301","0","","1.0","","1","Y","Y","","0","","0","0","0","","0","","","2","0","0","0","0","0","1","2","1","2","","","","N","","","","","","","","","",""
"2019048759","","0","0","0","0","0","0","0","0","0","1","0","","02","5","2019","2","40.504564","-80.009389","1038","11","0","0","0","0","0","0","0","0","1","0","0","0","","","0","","0","","40 30:16.430","1","0","80 00:33.799","9","0","0","0","2301","0","0","0","N","0","0","0","3","02301","0","","1.0","","1","N","N","","0","","0","0","2","","0","N","","2","0","1","0","0","0","1","2","0","2","","","","N","","","","","","","","","",""
"2019049065","","1","0","0","0","0","0","0","0","0","7","0","","02","5","2019","3","40.426461","-79.881244","0837","11","0","0","0","0","0","0","0","0","1","0","0","0","","","1","","0","","40 25:35.260","2","0","79 52:52.480","3","0","0","0","2426","0","0","0","N","0","0","0","1","02426","0","","4.0","","1","N","N","","0","","1","0","0","","0","N","","1","1","0","0","0","0","0","2","0","1","","","","N","","","","","","","","","",""
"2019047475","","0","0","0","0","0","0","0","0","0","4","1","","02","5","2019","5","40.61296","-79.757151","1159","11","0","0","0","0","0","2","0","0","2","0","1","0","","","2","","1","","40 36:46.656","1","2","79 45:25.742","4","0","0","0","2464","0","0","0","N","0","0","0","3","02464","2","","1.0","","1","N","N","","0","","0","0","1","","3","Y","","2","2","0","0","0","0","0","2","0","2","","","","N","","","","","","","","","",""
"2019045932","","1","0","0","0","0","0","0","0","0","7","0","","02","5","2019","7","40.547829","-79.917255","2243","11","0","0","0","0","0","0","0","0","3","0","0","0","","","0","","0","","40 32:52.184","7","0","79 55:02.117","0","0","0","0","2209","0","0","0","N","0","0","0","1","02209","0","","5.0","","9","N","N","","0","","0","0","0","","0","Y","","1","0","0","0","0","0","0","2","0","1","","","","N","","","","","","","","","",""
"2019047189","","1","0","0","0","0","0","0","0","0","4","0","","02","5","2019","4","40.352757","-79.821461","1549","11","0","0","0","0","0","0","1","0","1","0","0","0","","","1","","1","","40 21:09.924","7","0","79 49:17.259","8","0","0","1","2477","0","0","0","N","0","0","0","2","02477","0","","1.0","","1","N","N","","0","","0","0","0","","3","Y","","2","1","0","0","0","1","0","2","0","2","","","","N","","","","","","","","","",""
"2019043946","","1","0","0","0","0","0","0","0","0","1","0","","02","4","2019","7","40.437524","-79.777691","2330","11","0","0","0","0","0","0","0","0","","0","0","0","","","0","","2","","40 26:15.088","","0","79 46:39.686","0","0","0","0","2446","0","0","0","N","0","0","0","4","02446","0","","1.0","","9","N","N","","1","","0","0","0","","2","","","2","0","0","0","0","0","0","2","0","2","","","","N","","","","","","","","","",""
"2019049028","","2","0","0","0","0","0","0","0","0","4","0","","02","5","2019","5","40.33691","-80.138471","1713","11","0","0","0","0","0","1","0","0","","0","0","0","","","0","","2","","40 20:12.875","","0","80 08:18.495","0","0","0","0","2119","0","0","0","N","0","0","0","3","02119","0","","1.0","","1","N","N","","0","","0","0","0","","0","","","2","0","0","0","0","0","0","2","0","2","","","","N","","","","","","","","","",""
"2019049205","","0","0","0","0","0","0","0","0","0","7","0","","02","4","2019","6","40.42792","-79.890092","2313","11","0","0","0","0","0","0","0","0","2","0","0","0","","","1","","0","","40 25:40.511","3","0","79 53:24.331","3","0","0","0","2426","0","0","0","N","0","0","0","1","68B03","0","","2.0","","1","N","N","","0","","1","0","1","","0","N","","1","1","1","0","0","0","0","2","0","1","","","","N","","","","","","","","","",""
"2019050467","","2","0","0","0","0","0","0","0","0","4","0","","02","5","2019","1","40.468183","-79.824868","1110","11","0","0","0","0","0","0","0","0","","0","0","0","","","0","","0","","40 28:05.458","","0","79 49:29.523","0","0","0","0","2113","0","0","0","N","0","0","0","2","02113","0","","1.0","","1","N","N","","1","","0","0","0","","0","","","3","0","1","0","0","0","0","2","0","3","","","","N","","","","","","","","","",""
"2019049206","","0","0","0","0","0","0","0","0","0","7","0","","02","4","2019","7","40.397653","-80.102655","0348","11","0","0","0","0","0","0","0","0","","0","0","0","","","0","","0","","40 23:51.551","","2","80 06:09.558","9","0","0","0","2102","0","0","0","Y","0","0","0","1","68B03","0","","4.0","","1","N","N","","0","","0","0","1","","0","","","1","0","0","0","0","0","1","2","0","1","","","","N","","","","","","","","","",""
"2019047194","","0","0","0","0","0","0","0","0","0","7","0","","02","5","2019","4","40.504123","-79.88379","1449","11","0","0","0","0","0","0","1","0","3","0","0","0","","","2","","0","","40 30:14.844","5","0","79 53:01.643","8","0","0","0","2432","0","0","0","N","0","0","0","2","02432","0","","2.0","","1","N","N","","0","","0","0","1","","0","Y","","1","2","0","0","0","2","0","2","0","1","","","","N","","","","","","","","","",""
"2019047484","","1","0","0","0","0","0","0","0","0","4","0","","02","5","2019","4","40.581585","-80.003691","1718","11","0","0","0","0","0","1","0","0","2","0","0","0","","","0","","1","","40 34:53.707","5","0","80 00:13.286","0","0","0","0","2108","0","0","0","N","0","0","0","2","02108","0","","1.0","","1","N","N","","0","","0","0","1","","3","N","","2","0","0","0","0","0","0","2","0","2","","","","N","","","","","","","","","",""
"2019044136","","1","0","0","0","0","0","0","0","0","1","0","","02","4","2019","1","40.441753","-80.20312","1337","11","0","0","0","0","0","1","1","0","","0","0","0","","","0","","2","","40 26:30.309","","0","80 12:11.233","0","0","0","0","2214","0","0","0","N","0","0","0","2","02214","0","","1.0","","1","N","N","","0","","0","0","1","","0","","","2","0","0","0","0","0","0","2","0","2","","","","N","","","","","","","","","",""
"2019047488","","1","0","0","0","0","0","0","0","0","7","0","","02","5","2019","5","40.461224","-80.007218","1114","11","0","0","0","0","0","1","0","0","","0","0","0","","","0","N","0","","40 27:40.407","","0","80 00:25.984","0","0","0","0","2301","0","0","0","N","0","0","0","2","02301","0","","5.0","","1","N","N","","0","","0","0","0","","0","","","1","0","1","0","0","0","0","2","0","1","","","","N","","","","","","","","","",""
"2019050478","","0","0","0","0","0","0","0","0","0","4","0","","02","5","2019","5","40.340689","-80.063736","1801","11","0","0","0","0","0","1","0","0","2","0","0","0","","","1","","2","","40 20:26.479","5","0","80 03:49.449","3","0","0","0","2123","0","0","0","N","0","0","0","2","02123","0","","1.0","","1","N","N","","0","","1","0","2","","0","N","","2","1","0","0","0","0","0","2","0","2","","","","N","","","","","","","","","",""
"2019043962","","0","0","0","0","0","0","0","0","0","8","0","","02","4","2019","1","40.475083","-79.797306","2134","11","0","0","0","0","0","0","0","0","5","1","0","0","","","0","","0","","40 28:30.300","7","0","79 47:50.300","1","0","0","0","2113","1","1","0","N","1","1","0","2","02113","0","2","9.0","","1","N","N","","0","0","0","0","0","","0","Y","","2","0","0","0","0","0","1","2","0","1","","","","N","","","","","","","","","",""
"2019047491","","1","0","0","0","0","0","0","0","0","8","0","","02","5","2019","5","40.458328","-79.933787","1233","11","0","0","0","0","0","0","0","0","","0","0","0","","","1","","0","","40 27:29.981","","0","79 56:01.632","3","0","0","0","2301","1","0","0","N","1","0","0","2","02301","0","","1.0","","1","N","N","","0","","1","0","0","","0","","","2","1","0","0","0","0","1","2","0","1","","","","N","","","","","","","","","",""
"2019047007","","2","0","0","0","0","0","0","0","0","5","0","","02","4","2019","6","40.437357","-79.723973","2201","11","0","0","0","1","0","0","0","0","","0","0","0","","","0","","0","","40 26:14.486","","0","79 43:26.304","0","0","0","0","2446","0","0","0","N","0","0","0","2","02446","0","","4.0","","9","N","N","","0","","0","0","0","","0","","","2","0","0","0","0","0","0","2","0","2","","","","N","","","","","","","","","",""
"2019043971","","1","0","0","0","0","0","0","0","0","7","0","","02","4","2019","6","40.594896","-79.978041","2111","11","0","0","0","0","0","1","0","0","","0","0","0","","","0","","0","","40 35:41.624","","0","79 58:40.947","0","0","0","0","2207","0","0","0","N","0","0","0","1","02207","0","","5.0","","9","N","N","","0","","0","0","0","","0","N","","1","0","0","0","0","0","0","2","0","1","","","","N","","","","","","","","","",""
"2019048744","","2","0","0","0","0","0","0","0","0","4","0","","02","5","2019","2","40.532533","-79.968021","0758","11","0","0","0","0","0","0","1","0","","0","0","0","","","0","","2","","40 31:57.117","","0","79 58:04.877","0","0","0","0","2118","0","0","0","N","0","0","0","2","02118","0","","1.0","","9","N","N","","0","","0","0","0","","0","","","2","0","0","0","0","0","0","2","0","2","","","","N","","","","","","","","","",""
"2019043972","","0","0","0","0","0","0","0","0","0","7","0","","02","4","2019","2","40.468645","-80.019466","0255","11","0","0","0","0","0","0","0","0","9","0","0","0","","","0","","1","","40 28:07.123","5","0","80 01:10.077","9","0","0","0","2301","0","0","0","N","0","0","0","1","02301","0","","4.0","","1","N","N","","0","","0","0","1","","0","N","","1","0","0","0","0","0","1","2","0","1","","","","N","","","","","","","","","",""
"2019044016","","2","0","1","0","0","0","0","0","0","2","0","","02","4","2019","1","40.469109","-80.103004","1351","11","0","0","0","0","0","1","0","0","3","0","0","0","","","3","","0","","40 28:08.791","6","0","80 06:10.815","2","0","0","0","2126","0","0","0","N","0","0","0","3","02126","0","","4.0","","1","N","N","","0","","0","2","0","","0","Y","","2","3","1","0","1","1","0","2","0","2","","","","N","","","","","","","","","",""
"2019049219","","0","0","0","0","0","0","0","0","0","2","0","10","02","5","2019","6","40.458753","-79.999475","1156","11","0","0","0","0","0","0","0","0","","0","1","0","","","0","","0","","40 27:31.511","","2","79 59:58.110","0","0","0","0","2301","0","0","0","N","0","0","0","1","68B03","0","","1.0","","1","N","N","","0","","0","0","1","","2","","","2","0","0","0","0","0","0","2","0","2","","","Y","Y","4","2","N","N","N","N","N","N","Y",""
"2019043982","","2","0","0","0","0","0","0","0","0","6","0","","02","4","2019","7","40.432233","-79.893628","1844","11","0","0","0","0","0","0","0","0","2","0","0","0","","","0","","0","","40 25:56.040","5","99","79 53:37.060","0","0","0","0","2426","0","0","0","N","0","0","0","2","02426","0","","1.0","","1","N","N","","0","","0","0","0","","0","Y","","2","0","0","0","0","0","0","2","0","2","","","","N","","","","","","","","","",""
"2019044023","","0","0","0","0","0","0","0","0","0","2","0","","02","4","2019","2","40.39533","-79.997389","1002","11","0","0","0","0","0","0","0","0","","0","0","0","","","1","","2","","40 23:43.189","","0","79 59:50.600","8","0","0","0","2301","0","0","0","N","0","0","0","2","02301","0","","1.0","","1","N","N","","1","","0","0","1","","3","","","2","1","0","0","0","1","0","2","0","2","","","","N","","","","","","","","","",""
"2019045681","","3","0","0","0","0","0","0","0","0","5","0","","02","5","2019","6","40.425983","-79.923592","2210","11","0","0","0","0","0","0","0","0","2","0","0","0","","","0","","0","","40 25:33.540","1","0","79 55:24.932","0","0","0","0","2301","0","0","0","N","0","0","0","1","02301","0","","1.0","","9","N","N","","0","","0","0","0","","0","N","","4","0","0","0","0","0","0","2","1","4","","","","N","","","","","","","","","",""
"2019050335","","0","0","0","0","0","0","0","0","0","7","0","","02","5","2019","5","40.305148","-79.811109","1734","11","0","0","0","1","0","0","0","0","3","0","0","0","","","1","","0","","40 18:18.531","5","0","79 48:39.992","8","0","0","0","2105","0","0","0","N","0","0","0","1","02105","0","","2.0","","1","N","N","","0","","0","0","1","","0","Y","","1","1","0","0","0","1","0","2","0","1","","","","N","","","","","","","","","",""
"2019043697","","1","0","0","0","0","0","0","0","0","4","0","","02","4","2019","6","40.551128","-79.899847","0820","11","0","0","0","0","0","2","0","0","","0","0","0","","","0","","2","","40 33:04.062","","0","79 53:59.450","0","0","0","0","2209","0","0","0","N","0","0","0","2","02209","0","","1.0","","1","N","N","","0","","0","0","1","","3","","","2","0","0","0","0","0","0","2","0","2","","","","N","","","","","","","","","",""
"2019043828","","0","0","0","0","0","0","0","0","0","7","0","","02","4","2019","7","40.391809","-79.885148","2116","11","0","0","0","0","0","0","0","0","1","0","0","0","","","0","","5","","40 23:30.512","7","0","79 53:06.532","9","0","0","0","2473","0","0","0","N","0","0","0","1","02473","0","","5.0","","1","N","N","","0","","0","0","0","","0","Y","","1","0","0","0","0","0","1","2","1","1","","","","N","","","","","","","","","",""
"2019044025","","1","0","0","0","0","0","0","0","0","7","0","","02","4","2019","5","40.607926","-80.044698","1642","11","1","0","0","0","0","0","0","0","2","0","0","0","","","0","","0","","40 36:28.535","6","0","80 02:40.911","0","0","0","0","2108","0","0","0","N","0","0","0","1","02108","0","","4.0","","9","N","N","","0","","0","0","0","","0","Y","","1","0","0","0","0","0","0","2","0","1","","","","N","","","","","","","","","",""
"2019045215","","1","0","0","0","0","0","0","0","0","5","1","","02","4","2019","7","40.442514","-79.753085","0001","11","0","0","0","0","0","2","0","0","2","0","1","0","","","1","","0","","40 26:33.049","4","0","79 45:11.105","3","0","0","0","2446","0","0","0","N","0","0","0","2","68T02","0","","1.0","","1","N","N","","0","","1","0","0","","0","N","","2","1","0","0","0","0","0","2","0","2","","","","N","","","","","","","","","",""
"2019047054","","1","0","0","0","0","0","0","0","0","3","1","","02","5","2019","5","40.641228","-80.136099","1329","11","0","0","0","0","0","0","2","0","1","0","1","0","","","0","","3","","40 38:28.420","4","0","80 08:09.956","0","0","0","0","2212","0","0","0","N","0","0","0","2","02505","0","","1.0","","1","N","N","","0","","0","0","0","","0","N","","2","0","0","0","0","0","0","1","0","2","","","","N","","","","","","","","","",""
"2019043835","","1","0","0","0","0","0","0","0","0","4","0","","02","4","2019","1","40.340182","-79.967303","1443","11","0","0","0","0","0","1","0","0","2","0","0","0","","","2","","2","","40 20:24.656","6","0","79 58:02.292","8","0","0","0","2454","0","0","0","N","0","0","0","2","02454","0","","1.0","","1","N","N","","0","","0","0","1","","2","Y","","2","2","1","0","0","2","0","2","0","2","","","","N","","","","","","","","","",""
"2019043988","","1","0","0","0","0","0","0","0","0","4","1","","02","4","2019","3","40.520989","-80.264738","0648","11","0","0","0","0","0","1","0","0","2","0","1","0","","","1","","0","","40 31:15.559","3","0","80 15:53.057","3","0","0","0","2203","0","0","0","Y","0","0","0","3","02203","0","","1.0","","1","N","Y","","0","","1","0","1","","0","N","","3","1","0","0","0","0","0","2","0","3","","","","N","","","","","","","","","",""
"2019045688","","0","0","0","0","0","0","0","0","0","7","0","","02","5","2019","5","40.429854","-79.751251","2325","11","0","0","0","0","0","0","0","0","6","0","0","0","","","0","","0","","40 25:47.476","6","0","79 45:04.504","0","0","0","0","2446","0","0","0","N","0","0","0","1","02446","0","","5.0","","1","N","N","","0","","0","0","1","","0","Y","","1","0","0","0","0","0","0","2","0","1","","","","N","","","","","","","","","",""
"2019044222","","2","0","0","0","0","0","0","0","0","1","0","","02","4","2019","2","40.402848","-80.041206","1603","11","0","0","0","0","0","0","0","0","","0","0","0","","","2","","0","","40 24:10.254","","0","80 02:28.343","8","0","0","0","2301","0","0","0","N","0","0","0","4","02301","0","","1.0","","1","N","N","","0","","0","0","1","","2","","","3","2","1","0","0","2","0","2","0","3","","","","N","","","","","","","","","",""
"2019045347","","2","0","0","0","0","0","0","0","0","2","0","","02","5","2019","5","40.457012","-79.903501","1810","11","0","0","0","0","0","0","0","0","","0","0","0","","","1","","0","","40 27:25.244","","0","79 54:12.604","3","0","0","0","2301","0","0","0","N","0","0","0","1","02301","0","","6.0","","1","N","N","","0","","1","0","0","","0","","","2","1","0","0","0","0","0","2","0","2","","","","N","","","","","","","","","",""
"2019044035","","1","0","0","0","0","0","0","0","0","1","0","","02","4","2019","2","40.428444","-79.718647","1007","11","0","0","0","0","0","0","0","0","","0","0","0","","","0","","0","","40 25:42.400","","0","79 43:07.130","0","0","0","0","2446","0","0","0","N","0","0","0","3","02446","0","","1.0","","1","N","N","","0","","0","0","0","","0","N","","2","0","0","0","0","0","0","2","1","2","","","","N","","","","","","","","","",""
"2019048027","","2","0","0","0","0","0","0","0","0","2","0","","02","5","2019","7","40.4216","-79.984324","0310","11","0","0","0","0","0","0","0","0","","0","0","0","","","1","","0","","40 25:17.760","","0","79 59:03.566","8","0","0","0","2301","0","0","0","N","0","0","0","2","02301","0","","6.0","","1","N","N","","0","","0","0","0","","0","","","2","1","1","0","0","1","0","2","0","2","","","","N","","","","","","","","","",""
"2019050304","","1","0","0","0","0","0","0","0","0","7","0","","02","5","2019","6","40.476873","-80.007803","0100","11","0","0","0","0","0","0","0","0","","0","0","0","","","0","","0","","40 28:36.744","","0","80 00:28.091","0","0","0","0","2301","0","0","0","N","0","0","0","1","68B03","0","","2.0","","8","N","N","","0","","0","0","0","","0","","","1","0","0","0","0","0","0","2","0","1","","","","N","","","","","","","","","",""
"2019064761","","2","0","0","0","0","0","0","0","0","4","0","","02","6","2019","4","40.461636","-79.948964","1715","11","0","0","0","0","0","1","0","0","1","0","0","0","","","0","","1","","40 27:41.889","3","0","79 56:56.270","0","0","0","0","2301","0","0","0","N","0","0","0","2","02301","0","","1.0","","1","N","N","","0","","0","0","0","","2","N","","2","0","0","0","0","0","0","2","0","2","","","","N","","","","","","","","","",""
"2019046050","","3","0","0","0","0","0","0","0","0","5","0","","02","5","2019","1","40.474362","-79.914604","0945","11","0","0","0","0","0","1","0","0","2","0","0","0","","","0","","1","","40 28:27.703","1","0","79 54:52.574","0","0","0","0","2301","0","0","0","N","0","0","0","2","02301","0","","2.0","","9","N","N","","0","","0","0","0","","0","Y","","3","0","2","0","0","0","0","2","0","3","","","","N","","","","","","","","","",""
"2019049474","","1","0","0","0","0","0","0","0","0","1","0","","02","5","2019","2","40.446223","-80.171166","0703","11","0","0","0","0","0","0","0","0","","0","0","0","","","0","","0","","40 26:46.403","","0","80 10:16.197","0","0","0","0","2115","0","0","0","N","0","0","0","2","68B03","0","","1.0","","1","N","N","","0","","0","0","1","","0","","","2","0","0","0","0","0","0","2","0","2","","","","N","","","","","","","","","",""
"2019048151","","1","0","0","0","0","0","0","0","0","1","0","55","02","5","2019","2","40.598981","-79.927944","1614","11","0","0","0","0","0","0","1","1","","0","0","0","","","0","","0","","40 35:56.331","","0","79 55:40.598","0","0","0","0","2207","0","0","0","N","0","0","0","3","68T02","0","","1.0","","1","N","N","","0","","0","0","1","","0","","","2","0","0","0","0","0","0","1","0","2","","","N","Y","8","1","N","N","N","N","N","N","Y",""
"2019049944","","0","0","0","0","0","0","0","0","0","1","0","","02","5","2019","7","40.593773","-79.98705","1112","11","0","0","0","0","0","2","0","0","2","0","0","0","","","0","","0","","40 35:37.583","3","0","79 59:13.379","0","0","0","0","2207","0","0","0","N","0","0","0","2","02207","0","","1.0","","1","N","N","","0","","0","0","2","","0","N","","2","0","0","0","0","0","0","1","0","2","","","","N","","","","","","","","","",""
"2019048291","","0","0","0","0","0","0","1","0","0","4","1","","02","5","2019","6","40.49144","-79.908589","1748","11","0","0","0","0","0","2","0","0","2","0","0","0","","","0","","2","","40 29:29.183","6","2","79 54:30.921","0","0","0","0","2112","0","0","0","N","0","0","0","2","02503","0","","1.0","","1","N","N","","1","","0","0","0","","0","Y","","2","0","1","0","0","0","0","2","0","2","","","","N","","","","","","","","","",""
"2019048295","","0","0","0","0","0","0","0","0","0","4","0","","02","5","2019","7","40.474604","-80.005178","1921","11","0","0","0","0","0","0","0","0","","0","0","0","","","0","","1","","40 28:28.574","","0","80 00:18.642","0","0","0","0","2301","0","0","0","N","0","0","0","2","02301","0","","1.0","","1","N","N","","1","","0","0","1","","2","","","2","0","0","0","0","0","0","2","0","2","","","","N","","","","","","","","","",""
"2019047864","","0","0","0","0","0","0","0","0","0","1","0","","02","5","2019","4","40.618202","-79.945382","1505","11","0","0","0","0","0","1","0","1","1","0","0","0","","","1","","2","","40 37:05.527","5","0","79 56:43.375","4","0","0","0","2217","0","0","0","N","0","0","0","2","02505","1","","1.0","","1","N","N","","0","","0","0","1","","0","N","","2","1","0","0","0","0","0","2","1","2","","","","N","","","","","","","","","",""
"2019044851","","1","0","0","0","0","0","0","0","0","7","0","","02","2","2019","6","40.502913","-80.136636","2344","11","0","0","0","0","0","0","0","0","1","0","0","0","","","0","","0","","40 30:10.488","1","3","80 08:11.888","0","0","0","0","2115","0","0","0","N","0","0","0","1","68B03","0","","4.0","","2","N","N","","0","","0","0","0","","0","N","","1","0","0","0","0","0","0","2","0","1","","","","N","","","","","","","","","",""
"2019048299","","2","0","0","0","0","0","0","0","0","4","0","","02","5","2019","7","40.347674","-79.951733","2118","11","0","0","1","0","0","0","0","0","","0","0","0","","","0","","1","","40 20:51.627","","0","79 57:06.238","0","0","0","0","2473","0","0","0","N","0","0","0","4","02473","0","","1.0","","9","N","N","","0","","0","0","0","","2","","","2","0","0","0","0","0","0","2","0","2","","","","N","","","","","","","","","",""
"2019049976","","1","0","0","0","0","0","0","0","0","4","0","","02","5","2019","4","40.449185","-79.762249","1120","11","0","0","0","1","0","0","0","0","2","0","0","0","","","1","","1","","40 26:57.065","2","0","79 45:44.095","8","0","0","0","2446","0","0","0","N","0","0","0","3","02446","0","","1.0","","1","N","N","","0","","0","0","1","","3","Y","","2","1","0","0","0","1","0","2","0","2","","","","N","","","","","","","","","",""
"2019046693","","0","0","0","0","0","0","0","0","0","7","1","","02","5","2019","3","40.401712","-80.022111","1030","11","0","0","0","0","1","0","0","0","2","0","0","0","","","1","","2","","40 24:06.164","2","0","80 01:19.600","3","0","0","0","2301","0","0","0","N","0","0","0","1","02301","0","","2.0","","1","N","N","","1","","1","0","0","","2","Y","","1","1","0","0","0","0","0","2","0","1","","","","N","","","","","","","","","",""
"2019047687","","0","0","0","0","0","0","0","0","0","8","0","","02","5","2019","5","40.429854","-79.751251","1543","11","0","0","0","1","0","0","0","0","","0","0","0","","","1","","2","","40 25:47.476","","0","79 45:04.504","2","0","0","0","2446","1","0","1","N","1","0","1","3","02446","0","","1.0","","9","N","N","","1","","0","1","0","","2","","","2","1","0","0","0","0","0","2","0","1","","","","N","","","","","","","","","",""