"CRN","ARRIVAL_TM","AUTOMOBILE_COUNT","BELTED_DEATH_COUNT","BELTED_SUSP_SERIOUS_INJ_COUNT","BICYCLE_COUNT","BICYCLE_DEATH_COUNT","BICYCLE_SUSP_SERIOUS_INJ_COUNT","BUS_COUNT","CHLDPAS_DEATH_COUNT","CHLDPAS_SUSP_SERIOUS_INJ_COUNT","COLLISION_TYPE","COMM_VEH_COUNT","CONS_ZONE_SPD_LIM","COUNTY","CRASH_MONTH","CRASH_YEAR","DAY_OF_WEEK","DEC_LATITUDE","DEC_LONGITUDE","DISPATCH_TM","DISTRICT","DRIVER_COUNT_16YR","DRIVER_COUNT_17YR","DRIVER_COUNT_18YR","DRIVER_COUNT_19YR","DRIVER_COUNT_20YR","DRIVER_COUNT_50_64YR","DRIVER_COUNT_65_74YR","DRIVER_COUNT_75PLUS","EST_HRS_CLOSED","FATAL_COUNT","HEAVY_TRUCK_COUNT","HORSE_BUGGY_COUNT","HOUR_OF_DAY","ILLUMINATION","INJURY_COUNT","INTERSECTION_RELATED","INTERSECT_TYPE","LANE_CLOSED","LATITUDE","LN_CLOSE_DIR","LOCATION_TYPE","LONGITUDE","MAX_SEVERITY_LEVEL","MCYCLE_DEATH_COUNT","MCYCLE_SUSP_SERIOUS_INJ_COUNT","MOTORCYCLE_COUNT","MUNICIPALITY","NONMOTR_COUNT","NONMOTR_DEATH_COUNT","NONMOTR_SUSP_SERIOUS_INJ_COUNT","NTFY_HIWY_MAINT","PED_COUNT","PED_DEATH_COUNT","PED_SUSP_SERIOUS_INJ_COUNT","PERSON_COUNT","POLICE_AGCY","POSSIBLE_INJ_COUNT","RDWY_SURF_TYPE_CD","RELATION_TO_ROAD","ROADWAY_CLEARED","ROAD_CONDITION","SCH_BUS_IND","SCH_ZONE_IND","SECONDARY_CRASH","SMALL_TRUCK_COUNT","SPEC_JURIS_CD","SUSP_MINOR_INJ_COUNT","SUSP_SERIOUS_INJ_COUNT","SUV_COUNT","TCD_FUNC_CD","TCD_TYPE","TFC_DETOUR_IND","TIME_OF_DAY","TOTAL_UNITS","TOT_INJ_COUNT","UNBELTED_OCC_COUNT","UNB_DEATH_COUNT","UNB_SUSP_SERIOUS_INJ_COUNT","UNK_INJ_DEG_COUNT","UNK_INJ_PER_COUNT","URBAN_RURAL","VAN_COUNT","VEHICLE_COUNT","WEATHER1","WEATHER2","WORKERS_PRES","WORK_ZONE_IND","WORK_ZONE_LOC","WORK_ZONE_TYPE","WZ_CLOSE_DETOUR","WZ_FLAGGER","WZ_LAW_OFFCR_IND","WZ_LN_CLOSURE","WZ_MOVING","WZ_OTHER","WZ_SHLDER_MDN","WZ_WORKERS_INJ_KILLED"
"2019046509","","1","0","0","0","0","0","0","0","0","7","0","","02","4","2019","6","40.492051","-79.897789","1321","11","0","0","0","0","0","1","0","0","3","0","0","0","","","0","","7","","40 29:31.384","1","2","79 53:52.042","0","0","0","0","2401","0","0","0","Y","0","0","0","1","68D02","0","","4.0","","9","N","N","","0","","0","0","0","","0","N","","1","0","0","0","0","0","0","2","0","1","","","","N","","","","","","","","","",""
"2019044386","","2","0","0","0","0","0","0","0","0","4","0","","02","4","2019","2","40.444173","-80.147166","2116","11","0","0","0","0","1","0","1","0","1","0","0","0","","","0","","2","","40 26:39.024","3","0","80 08:49.799","0","0","0","0","2115","0","0","0","N","0","0","0","2","02115","0","","1.0","","9","N","N","","0","","0","0","0","","2","N","","2","0","0","0","0","0","0","2","0","2","","","","N","","","","","","","","","",""
"2019047689","","1","0","0","0","0","0","0","0","0","4","0","","02","5","2019","5","40.597126","-79.930321","1808","11","0","0","0","0","0","0","0","0","2","0","0","0","","","2","","2","","40 35:49.652","3","0","79 55:49.157","3","0","0","0","2207","0","0","0","N","0","0","0","4","02207","0","","1.0","","1","N","N","","0","","2","0","1","","0","Y","","2","2","0","0","0","0","0","1","0","2","","","","N","","","","","","","","","",""
"2019044570","","0","0","0","0","0","0","0","0","0","1","0","","02","4","2019","7","40.429846","-79.884686","1909","11","0","0","0","0","0","1","0","0","1","0","0","0","","","0","","0","","40 25:47.446","4","0","79 53:04.868","0","0","0","0","2426","0","0","0","N","0","0","0","2","68B03","0","","1.0","","1","N","N","","0","","0","0","2","","0","N","","2","0","0","0","0","0","0","2","0","2","","","","N","","","","","","","","","",""
"2019046510","","1","0","0","0","0","0","0","0","0","1","0","","02","4","2019","6","40.494289","-79.903966","1604","11","0","0","0","0","0","1","0","0","1","0","0","0","","","0","","0","","40 29:39.441","2","0","79 54:14.278","0","0","0","0","2401","0","0","0","N","0","0","0","2","68D02","0","","1.0","","9","N","N","","0","","0","0","1","","0","N","","2","0","0","0","0","0","0","2","0","2","","","","N","","","","","","","","","",""
"2019046532","","1","0","0","0","0","0","0","0","0","99","0","","02","5","2019","7","40.494841","-79.905892","0507","11","0","0","0","0","0","0","0","0","","0","0","0","","","0","","0","","40 29:41.428","","0","79 54:21.211","0","0","0","0","2401","0","0","0","N","0","0","0","1","68D02","0","","1.0","","1","N","N","","0","","0","0","0","","0","","","1","0","0","0","0","0","0","2","0","1","","","","N","","","","","","","","","",""
"2019046702","","0","0","0","0","0","0","1","0","0","1","1","","02","5","2019","2","40.432314","-79.918251","0823","11","0","0","0","0","0","1","0","0","","0","0","0","","","0","","1","","40 25:56.330","","0","79 55:05.703","0","0","0","0","2301","0","0","0","N","0","0","0","2","02301","0","","1.0","","1","Y","N","","0","","0","0","0","","2","","","2","0","0","0","0","0","0","2","1","2","","","","N","","","","","","","","","",""
"2019050200","","0","0","0","0","0","0","0","0","0","1","0","","02","5","2019","4","40.377326","-79.986725","1511","11","0","0","0","0","0","1","0","0","","0","0","0","","","1","","0","","40 22:38.375","","0","79 59:12.209","4","0","0","0","2476","0","0","0","N","0","0","0","5","02476","1","","1.0","","1","N","N","","1","","0","0","1","","0","","","2","1","0","0","0","0","0","2","0","2","","","","N","","","","","","","","","",""
"2019045147","","0","0","0","0","0","0","0","0","0","7","0","","02","5","2019","5","40.458408","-79.846443","0156","11","0","0","0","0","1","0","0","0","2","0","0","0","","","1","","1","","40 27:30.268","2","0","79 50:47.194","8","0","0","0","2113","0","0","0","N","0","0","0","1","02113","0","","5.0","","1","N","N","","0","","0","0","1","","0","N","","1","1","0","0","0","1","0","2","0","1","","","","N","","","","","","","","","",""
"2019047690","","0","0","0","0","0","0","0","0","0","4","0","","02","5","2019","4","40.449794","-79.763642","2215","11","0","2","0","0","0","0","0","0","2","0","0","0","","","0","","1","","40 26:59.257","4","0","79 45:49.110","0","0","0","0","2446","0","0","0","N","0","0","0","2","02446","0","","1.0","","1","N","N","","0","","0","0","2","","0","N","","2","0","0","0","0","0","0","2","0","2","","","","N","","","","","","","","","",""
"2019044571","","1","0","0","0","0","0","0","0","0","0","0","","02","4","2019","1","40.429154","-79.944227","0718","11","0","0","0","0","0","0","0","0","","0","0","0","","","0","","0","","40 25:44.954","","0","79 56:39.216","0","0","0","0","2301","0","0","0","N","0","0","0","1","68B03","0","","1.0","","1","N","N","","0","","0","0","0","","0","","","1","0","0","0","0","0","0","2","0","1","","","","N","","","","","","","","","",""
"2019048320","","2","0","0","0","0","0","0","0","0","4","0","","02","4","2019","3","40.208312","-79.853","0552","11","0","0","0","0","1","1","0","0","3","0","0","0","","","2","","0","","40 12:29.924","6","0","79 51:10.800","3","0","0","0","2204","0","0","0","N","0","0","0","2","02204","1","","1.0","","1","N","N","","0","","1","0","0","","0","N","","2","2","0","0","0","0","0","1","0","2","","","","N","","","","","","","","","",""
"2019050201","","0","0","0","0","0","0","0","0","0","6","1","","02","5","2019","6","40.356314","-79.991097","0107","11","0","0","0","0","0","1","0","0","2","0","0","0","","","1","","0","","40 21:22.730","5","0","79 59:27.950","4","0","0","0","2476","0","0","0","N","0","0","0","2","02476","1","","1.0","","9","N","N","","0","","0","0","1","","0","Y","","2","1","0","0","0","0","0","2","0","2","","","","N","","","","","","","","","",""
"2019049279","","1","0","0","0","0","0","0","0","0","7","0","","02","5","2019","1","40.502239","-79.945214","0427","11","0","0","1","0","0","0","0","0","","0","0","0","","","0","","2","","40 30:08.060","","0","79 56:42.769","0","0","0","0","2430","0","0","0","N","0","0","0","2","02430","0","","2.0","","9","N","N","","0","","0","0","0","","0","","","1","0","0","0","0","0","0","2","0","1","","","","N","","","","","","","","","",""
"2019047703","","1","0","0","0","0","0","0","0","0","4","0","","02","5","2019","2","40.545264","-80.035993","1613","11","0","0","0","0","0","1","0","0","1","0","0","0","","","2","","1","","40 32:42.950","1","0","80 02:09.575","3","0","0","0","2116","0","0","0","N","0","0","0","4","02116","0","","1.0","","1","N","N","","0","","1","0","1","","2","N","","3","2","0","0","0","1","0","2","1","3","","","","N","","","","","","","","","",""
"2019045164","","2","0","0","0","0","0","0","0","0","4","0","","02","5","2019","5","40.43831","-79.996006","1100","11","0","0","0","0","0","1","0","0","2","0","0","0","","","0","","0","","40 26:17.915","5","0","79 59:45.623","0","0","0","0","2301","0","0","0","N","0","0","0","2","02301","0","","1.0","","1","N","N","","0","","0","0","0","","2","N","","2","0","0","0","0","0","0","2","0","2","","","","N","","","","","","","","","",""
"2019047557","","0","0","0","0","0","0","0","0","0","1","0","","02","5","2019","5","40.473675","-79.856492","1356","11","0","0","0","0","0","1","0","0","","0","0","0","","","0","","3","","40 28:25.229","","0","79 51:23.372","0","0","0","0","2113","0","0","0","N","0","0","0","3","02113","0","","1.0","","9","N","N","","0","","0","0","2","","0","N","","2","0","0","0","0","0","0","2","0","2","","","","N","","","","","","","","","",""
"2019047876","","0","0","0","0","0","0","0","0","0","4","0","","02","4","2019","6","40.397027","-80.065967","1555","11","0","0","0","0","0","1","0","0","","0","0","0","","","0","","2","","40 23:49.296","","0","80 03:57.482","0","0","0","0","2117","0","0","0","N","0","0","0","2","02117","0","","1.0","","9","N","N","","0","","0","0","2","","0","","","2","0","0","0","0","0","0","2","0","2","","","","N","","","","","","","","","",""
"2019048063","","1","0","0","0","0","0","0","0","0","4","0","","02","4","2019","3","40.379327","-79.806983","1454","11","0","0","0","0","0","0","1","0","2","0","0","0","","","1","","1","","40 22:45.576","4","0","79 48:25.138","8","0","0","0","2111","0","0","0","N","0","0","0","3","02111","0","","1.0","","1","N","N","","0","","0","0","1","","0","N","","2","1","0","0","0","1","0","2","0","2","","","","N","","","","","","","","","",""
"2019048067","","2","0","0","0","0","0","0","0","0","4","0","","02","5","2019","7","40.465347","-80.008673","0833","11","0","0","0","0","0","0","1","0","","0","0","0","","","0","","2","","40 27:55.248","","0","80 00:31.224","0","0","0","0","2301","0","0","0","N","0","0","0","3","02301","0","","1.0","","1","N","N","","0","","0","0","0","","3","","","2","0","0","0","0","0","0","2","0","2","","","","N","","","","","","","","","",""
"2019047880","","1","0","0","0","0","0","0","0","0","7","0","","02","5","2019","5","40.377812","-80.216722","1931","11","0","0","0","0","0","0","0","0","1","0","0","0","","","0","","2","","40 22:40.123","4","0","80 13:00.199","0","0","0","0","2214","0","0","0","N","0","0","0","1","02214","0","","5.0","","9","N","N","","0","","0","0","0","","0","N","","1","0","0","0","0","0","0","2","0","1","","","","N","","","","","","","","","",""
"2019044720","","0","0","0","0","0","0","1","0","0","8","1","","02","4","2019","2","40.442434","-79.999888","2138","11","0","0","0","0","0","1","0","0","1","0","0","0","","","1","","1","","40 26:32.763","7","0","79 59:59.595","3","0","0","0","2301","1","0","0","N","1","0","0","2","02503","0","","1.0","","1","N","N","","0","","1","0","0","","0","N","","2","1","0","0","0","0","0","2","0","1","","","","N","","","","","","","","","",""
"2019048068","","2","0","0","0","0","0","0","0","0","4","0","","02","5","2019","6","40.358382","-80.007712","1344","11","0","0","0","0","0","1","0","1","1","0","0","0","","","1","","1","","40 21:30.175","5","0","80 00:27.763","3","0","0","0","2476","0","0","0","N","0","0","0","2","02476","0","","1.0","","1","N","N","","0","","1","0","0","","3","N","","2","1","0","0","0","0","0","2","0","2","","","","N","","","","","","","","","",""
"2019046539","","1","0","0","0","0","0","0","0","0","7","0","","02","5","2019","7","40.430557","-80.266217","2333","11","0","0","0","0","0","0","0","0","","0","0","0","","","1","","0","","40 25:50.005","","0","80 15:58.380","3","0","0","0","2214","0","0","0","N","0","0","0","2","68B03","0","","2.0","","9","N","N","","0","","1","0","0","","0","","","1","1","1","0","0","0","0","1","0","1","","","","N","","","","","","","","","",""
"2019048198","","0","0","0","0","0","0","0","0","0","7","0","","02","5","2019","7","40.466614","-79.886231","0927","11","0","0","0","0","0","0","0","0","3","0","0","0","","","1","N","0","","40 27:59.811","4","0","79 53:10.432","3","0","0","0","2113","0","0","0","N","0","0","0","1","02113","0","","5.0","","1","N","N","","0","","1","0","0","","3","Y","","1","1","0","0","0","0","0","2","1","1","","","","N","","","","","","","","","",""
"2019050212","","1","0","0","0","0","0","0","0","0","7","0","","02","5","2019","5","40.467427","-80.06562","1421","11","0","0","0","0","0","0","0","0","","0","0","0","","","0","","2","","40 28:02.737","","0","80 03:56.231","0","0","0","0","2444","0","0","0","N","0","0","0","1","02444","0","","2.0","","1","N","N","","0","","0","0","0","","0","","","1","0","0","0","0","0","0","2","0","1","","","","N","","","","","","","","","",""
"2019047714","","2","0","0","0","0","0","0","0","0","2","0","","02","5","2019","4","40.485472","-79.972861","0120","11","0","0","0","0","1","0","0","0","1","0","0","0","","","0","","0","","40 29:07.700","4","1","79 58:22.300","0","0","0","0","2445","0","0","0","N","0","0","0","1","02445","0","","1.0","","1","N","N","","0","","0","0","1","","0","N","","3","0","1","0","0","0","0","2","0","3","","","","N","","","","","","","","","",""
"2019044578","","0","0","0","0","0","0","0","0","0","99","0","","02","4","2019","2","40.613737","-79.961224","1708","11","0","0","0","0","0","0","0","0","","0","0","0","","","0","","0","","40 36:49.454","","0","79 57:40.407","0","0","0","0","2207","0","0","0","N","0","0","0","1","68T02","0","","1.0","","1","N","N","","1","","0","0","0","","0","","","1","0","0","0","0","0","0","2","0","1","","","","N","","","","","","","","","",""
"2019048074","","0","0","0","0","0","0","0","0","0","99","0","","02","5","2019","7","40.40107","-80.019177","1030","11","0","0","0","0","0","0","0","0","","0","0","0","","","1","","0","","40 24:03.851","","0","80 01:09.037","4","0","0","0","2301","0","0","0","N","0","0","0","4","02301","1","","1.0","","1","N","N","","0","","0","0","1","","0","","","1","1","0","0","0","0","0","2","0","1","","","","N","","","","","","","","","",""
"2019044894","","1","0","0","0","0","0","0","0","0","4","1","","02","4","2019","7","40.450128","-79.999522","1523","11","0","0","0","0","0","1","0","0","","0","1","0","","","1","","7","","40 27:00.460","","2","79 59:58.279","8","0","0","0","2301","0","0","0","Y","0","0","0","3","68B03","0","","1.0","","1","N","N","","0","","0","0","0","","0","","","2","1","0","0","0","1","0","2","0","2","","","","N","","","","","","","","","",""
"2019046249","","0","0","0","0","0","0","0","0","0","7","1","","02","5","2019","1","40.449821","-80.008901","0500","11","0","0","0","1","0","0","0","0","1","0","1","0","","","0","","0","","40 26:59.354","5","1","80 00:32.044","0","0","0","0","2301","0","0","0","N","0","0","0","2","02301","0","","1.0","","9","N","N","","0","","0","0","0","","0","Y","","1","0","0","0","0","0","0","2","0","1","","","","N","","","","","","","","","",""
"2019048201","","1","0","0","0","0","0","0","0","0","1","0","","02","5","2019","7","40.358929","-79.908297","1620","11","0","0","1","0","0","0","1","0","","0","0","0","","","2","","2","","40 21:32.146","","2","79 54:29.870","3","0","0","0","2473","0","0","0","N","0","0","0","5","02473","0","","1.0","","1","N","N","","0","","2","0","1","","3","","","2","2","0","0","0","0","0","2","0","2","","","","N","","","","","","","","","",""
"2019048337","","2","0","0","0","0","0","0","0","0","4","0","","02","5","2019","1","40.40622","-79.895481","0106","11","0","0","0","0","0","1","0","0","2","0","0","0","","","2","","0","","40 24:22.392","5","0","79 53:43.733","3","0","0","0","2448","0","0","0","N","0","0","0","2","02448","0","","1.0","","9","N","N","","0","","2","0","0","","0","N","","2","2","0","0","0","0","0","2","0","2","","","","N","","","","","","","","","",""
"2019047722","","1","0","0","0","0","0","0","0","0","0","0","","02","5","2019","5","40.319152","-80.117563","1850","11","0","0","0","0","0","0","0","0","","0","0","0","","","0","","1","","40 19:08.946","","0","80 07:03.225","0","0","0","0","2119","0","0","0","N","0","0","0","1","02119","0","","5.0","","9","N","N","","0","","0","0","0","","2","","","1","0","0","0","0","0","0","2","0","1","","","","N","","","","","","","","","",""
"2019047775","","0","0","0","0","0","0","0","0","0","1","0","","02","5","2019","5","40.629942","-79.968709","1443","11","0","0","0","0","0","0","0","0","","0","0","0","","","0","","2","","40 37:47.791","","0","79 58:07.351","0","0","0","0","2217","0","0","0","N","0","0","0","3","02505","0","","1.0","","9","N","N","","2","","0","0","0","","0","","","2","0","0","0","0","0","0","2","0","2","","","","N","","","","","","","","","",""
"2019044737","","1","0","0","0","0","0","0","0","0","7","0","","02","4","2019","3","40.436496","-79.963953","2119","11","0","0","0","0","0","0","0","0","","0","0","0","","","0","","2","","40 26:11.387","","0","79 57:50.230","0","0","0","0","2301","0","0","0","N","0","0","0","1","02301","0","","1.0","","1","N","N","","0","","0","0","0","","0","","","1","0","0","0","0","0","0","2","0","1","","","","N","","","","","","","","","",""
"2019050018","","1","0","0","0","0","0","0","0","0","4","1","","02","5","2019","4","40.384352","-79.980448","0748","11","0","0","0","0","0","1","0","0","2","0","0","0","","","2","","2","","40 23:03.667","6","0","79 58:49.612","4","0","0","0","2301","0","0","0","N","0","0","0","2","02301","2","","1.0","","1","Y","N","","1","","0","0","0","","3","Y","","2","2","0","0","0","0","0","2","0","2","","","","N","","","","","","","","","",""
"2019044425","","2","0","0","0","0","0","0","0","0","4","0","","02","4","2019","2","40.378225","-80.064701","1632","11","0","0","0","0","0","0","0","0","1","0","0","0","","","0","","1","","40 22:41.611","4","0","80 03:52.925","0","0","0","0","2109","0","0","0","N","0","0","0","2","02109","0","","1.0","","1","N","N","","0","","0","0","0","","2","N","","2","0","0","0","0","0","0","2","0","2","","","","N","","","","","","","","","",""
"2019047574","","1","0","0","0","0","0","0","0","0","1","0","","02","5","2019","4","40.487134","-79.894884","1640","11","0","0","0","0","0","0","0","0","1","0","0","0","","","0","","0","","40 29:13.681","1","0","79 53:41.584","0","0","0","0","2301","0","0","0","N","0","0","0","2","02301","0","","1.0","","1","N","N","","0","","0","0","1","","2","Y","","2","0","0","0","0","0","0","2","0","2","","","","N","","","","","","","","","",""
"2019044594","","2","0","0","0","0","0","0","0","0","1","0","","02","4","2019","2","40.443931","-79.757885","1643","11","0","0","0","0","0","1","0","0","2","0","0","0","","","0","","0","","40 26:38.153","3","0","79 45:28.387","0","0","0","0","2446","0","0","0","N","0","0","0","3","02446","0","","1.0","","1","N","N","","0","","0","0","1","","0","N","","3","0","0","0","0","0","0","2","0","3","","","","N","","","","","","","","","",""
"2019046255","","2","0","0","0","0","0","0","0","0","4","0","","02","5","2019","2","40.505861","-79.793169","0414","11","0","0","0","0","0","0","1","0","","0","0","0","","","0","","2","","40 30:21.099","","0","79 47:35.409","9","0","0","0","2113","0","0","0","N","0","0","0","2","02113","0","","1.0","","1","N","N","","0","","0","0","0","","3","","","2","0","0","0","0","0","1","2","0","2","","","","N","","","","","","","","","",""
"2019046426","","3","0","0","0","0","0","0","0","0","5","0","","02","5","2019","2","40.406674","-79.839436","0801","11","0","0","0","1","0","0","0","0","2","0","0","0","","","1","","0","","40 24:24.026","6","0","79 50:21.968","3","0","0","0","2417","0","0","0","N","0","0","0","1","02431","0","","1.0","","1","N","N","","0","","1","0","0","","0","Y","","3","1","0","0","0","0","0","2","0","3","","","","N","","","","","","","","","",""
"2019048348","","1","0","0","0","0","0","0","0","0","7","0","","02","5","2019","1","40.434362","-79.996159","0316","11","0","0","0","1","0","0","0","0","2","0","0","0","","","3","","7","","40 26:03.702","1","2","79 59:46.174","3","0","0","0","2301","0","0","0","N","0","0","0","3","02301","0","","7.0","","9","N","N","","0","","3","0","0","","0","N","","1","3","0","0","0","0","0","2","0","1","","","","N","","","","","","","","","",""
"2019047578","","1","0","0","0","0","0","0","0","0","4","0","","02","5","2019","4","40.427593","-80.062818","1611","11","0","0","0","0","0","0","0","0","1","0","0","0","","","1","N","0","","40 25:39.336","3","7","80 03:46.145","3","0","0","0","2301","0","0","0","N","0","0","0","2","02301","0","","1.0","","1","N","N","","0","","1","0","1","","0","N","","2","1","0","0","0","0","0","2","0","2","","","","N","","","","","","","","","",""
"2019050023","","0","0","0","0","0","0","0","0","0","5","0","","02","5","2019","5","40.438877","-80.062364","0846","11","0","0","0","0","0","0","0","0","2","0","0","0","","","1","","0","","40 26:19.958","2","0","80 03:44.509","3","0","0","0","2421","0","0","0","N","0","0","0","1","02421","0","","1.0","","1","N","N","","0","","1","0","2","","0","Y","","2","1","1","0","0","0","0","2","0","2","","","","N","","","","","","","","","",""
"2019046259","","2","0","0","0","0","0","0","0","0","1","0","","02","4","2019","7","40.431219","-79.892869","1844","11","0","0","0","0","0","0","0","1","2","0","0","0","","","0","","0","","40 25:52.390","5","99","79 53:34.330","0","0","0","0","2426","0","0","0","N","0","0","0","1","02426","0","","1.0","","1","N","N","","0","","0","0","0","","0","Y","","2","0","0","0","0","0","0","2","0","2","","","","N","","","","","","","","","",""
"2019050028","","1","0","0","0","0","0","0","0","0","5","1","","02","5","2019","4","40.433983","-79.995974","1345","11","0","0","0","0","0","0","0","0","3","0","1","0","","","0","","0","","40 26:02.337","5","3","79 59:45.508","0","0","0","0","2301","0","0","0","N","0","0","0","2","02301","0","","1.0","","1","N","N","","0","","0","0","0","","0","N","","2","0","0","0","0","0","0","2","0","2","","","","N","","","","","","","","","",""
"2019047902","","0","0","0","0","0","0","0","0","0","7","0","","02","5","2019","5","40.542934","-79.933382","1800","11","0","0","0","0","0","0","0","0","","0","0","0","","","1","","0","","40 32:34.563","","0","79 56:00.174","3","0","0","0","2209","0","0","0","N","0","0","0","2","02209","0","","6.0","","1","N","N","","0","","1","0","0","","0","","","1","1","0","0","0","0","0","2","1","1","","","","N","","","","","","","","","",""
"2019049735","","1","0","0","0","0","0","0","0","0","1","0","","02","5","2019","4","40.642683","-80.067481","1521","11","0","0","0","0","0","1","1","0","1","0","0","0","","","1","","1","","40 38:33.659","1","0","80 04:02.931","4","0","0","0","2216","0","0","0","N","0","0","0","4","02505","1","","1.0","","1","N","N","","0","","0","0","1","","2","Y","","2","1","0","0","0","0","0","2","0","2","","","","N","","","","","","","","","",""
"2019046107","","0","0","0","0","0","0","0","0","0","1","0","","02","5","2019","1","40.40333","-80.040892","1625","11","0","0","0","0","0","0","0","0","","0","0","0","","","2","","1","","40 24:11.988","","0","80 02:27.212","3","0","0","0","2301","0","0","0","N","0","0","0","5","02301","0","","1.0","","1","N","N","","0","","2","0","2","","2","","","2","2","0","0","0","0","0","2","0","2","","","","N","","","","","","","","","",""
"2019044751","","2","0","0","0","0","0","0","0","0","4","0","","02","4","2019","3","40.390669","-79.869136","0620","11","0","0","0","0","0","0","0","0","1","0","0","0","","","2","","2","","40 23:26.410","1","0","79 52:08.888","3","0","0","0","2473","0","0","0","N","0","0","0","2","02473","0","","1.0","","1","N","N","","0","","2","0","0","","2","Y","","2","2","0","0","0","0","0","2","0","2","","","","N","","","","","","","","","",""
"2019044779","","0","0","0","0","0","0","0","0","0","7","0","","02","4","2019","3","40.363729","-79.964431","2224","11","0","0","0","0","0","0","0","0","","0","0","0","","","0","","0","","40 21:49.426","","0","79 57:51.953","0","0","0","0","2476","0","0","0","N","0","0","0","1","02476","0","","4.0","","1","N","N","","0","","0","0","1","","0","","","1","0","0","0","0","0","0","2","0","1","","","","N","","","","","","","","","",""
"2019044611","","3","0","0","0","0","0","0","0","0","1","0","","02","4","2019","3","40.620265","-80.05484","1446","11","0","0","1","0","0","1","0","0","1","0","0","0","","","0","","0","","40 37:12.955","1","0","80 03:17.423","0","0","0","0","2216","0","0","0","N","0","0","0","4","02505","0","","1.0","","1","N","N","","0","","0","0","0","","0","N","","3","0","0","0","0","0","0","1","0","3","","","","N","","","","","","","","","",""
"2019049739","","2","0","0","0","0","0","0","0","0","1","0","","02","5","2019","4","40.52621","-80.158441","1443","11","0","0","0","0","0","0","0","0","1","0","0","0","","","1","","1","","40 31:34.356","5","0","80 09:30.387","4","0","0","0","2452","0","0","0","N","0","0","0","2","02458","1","","1.0","","1","N","N","","0","","0","0","0","","2","Y","","2","1","0","0","0","0","0","2","0","2","","","","N","","","","","","","","","",""
"2019044783","","1","0","0","0","0","0","0","0","0","7","0","","02","5","2019","4","40.477229","-79.993341","0453","11","0","0","0","0","0","0","0","0","","0","0","0","","","0","","2","","40 28:38.024","","0","79 59:36.027","0","0","0","0","2301","0","0","0","N","0","0","0","1","02301","0","","5.0","","9","N","N","","0","","0","0","0","","0","","","1","0","0","0","0","0","0","2","0","1","","","","N","","","","","","","","","",""
"2019044909","","3","0","0","0","0","0","0","0","0","1","0","","02","5","2019","4","40.34837","-79.944808","1315","11","0","0","1","0","0","1","0","1","2","0","0","0","","","1","","1","","40 20:54.133","3","0","79 56:41.310","3","0","0","0","2473","0","0","0","N","0","0","0","3","02473","0","","1.0","","1","N","N","","0","","1","0","0","","2","N","","3","1","0","0","0","0","0","2","0","3","","","","N","","","","","","","","","",""
"2019045052","","1","0","0","0","0","0","0","0","0","1","0","","02","5","2019","4","40.409504","-79.990745","2101","11","0","0","0","0","0","0","1","0","","0","0","0","","","1","N","0","","40 24:34.214","","0","79 59:26.681","4","0","0","0","2301","0","0","0","N","0","0","0","2","02301","1","","1.0","","1","N","N","","0","","0","0","1","","0","","","2","1","0","0","0","0","0","2","0","2","","","","N","","","","","","","","","",""
"2019045055","","0","0","0","0","0","0","0","0","0","4","0","","02","5","2019","4","40.347615","-79.832533","2112","11","0","0","1","0","0","0","0","0","","0","0","0","","","0","","1","","40 20:51.413","","0","79 49:57.117","0","0","0","0","2304","0","0","0","N","0","0","0","3","02304","0","","1.0","","1","N","N","","0","","0","0","2","","2","","","2","0","0","0","0","0","0","2","0","2","","","","N","","","","","","","","","",""
"2019046761","","0","0","0","0","0","0","1","0","0","1","1","","02","5","2019","2","40.461624","-79.907952","1604","11","0","0","0","0","0","0","0","0","1","0","0","0","","","0","","1","","40 27:41.846","3","0","79 54:28.627","0","0","0","0","2301","0","0","0","N","0","0","0","4","02503","0","","1.0","","1","Y","N","","0","","0","0","0","","0","N","","2","0","0","0","0","0","0","2","1","2","","","","N","","","","","","","","","",""
"2019046280","","0","0","0","0","0","0","0","0","0","4","0","","02","5","2019","2","40.486242","-80.054013","0545","11","0","0","0","0","0","0","1","0","2","0","0","0","","","2","","2","","40 29:10.471","1","0","80 03:14.448","3","0","0","0","2404","0","0","0","N","0","0","0","2","02404","0","","1.0","","1","N","N","","0","","1","0","2","","2","Y","","2","2","0","0","0","1","0","2","0","2","","","","N","","","","","","","","","",""
"2019049785","","1","0","0","0","0","0","0","0","0","7","0","","02","5","2019","4","40.407968","-80.014293","1645","11","0","0","0","0","0","0","0","0","","0","0","0","","","0","","2","","40 24:28.684","","3","80 00:51.454","9","0","0","0","2301","0","0","0","N","0","0","0","1","02301","0","","2.0","","1","N","N","","0","","0","0","0","","3","","","1","0","0","0","0","0","1","2","0","1","","","","N","","","","","","","","","",""
"2019046773","","1","0","0","0","0","0","0","0","0","1","1","","02","4","2019","3","40.411361","-79.835333","0423","11","0","0","0","0","0","0","0","0","","0","1","0","","","0","","0","","40 24:40.900","","0","79 50:07.200","9","0","0","0","2417","0","0","0","N","0","0","0","1","02431","0","","1.0","","1","N","N","","0","","0","0","0","","0","","","2","0","0","0","0","0","1","2","0","2","","","","N","","","","","","","","","",""