"CRN","ARRIVAL_TM","AUTOMOBILE_COUNT","BELTED_DEATH_COUNT","BELTED_SUSP_SERIOUS_INJ_COUNT","BICYCLE_COUNT","BICYCLE_DEATH_COUNT","BICYCLE_SUSP_SERIOUS_INJ_COUNT","BUS_COUNT","CHLDPAS_DEATH_COUNT","CHLDPAS_SUSP_SERIOUS_INJ_COUNT","COLLISION_TYPE","COMM_VEH_COUNT","CONS_ZONE_SPD_LIM","COUNTY","CRASH_MONTH","CRASH_YEAR","DAY_OF_WEEK","DEC_LATITUDE","DEC_LONGITUDE","DISPATCH_TM","DISTRICT","DRIVER_COUNT_16YR","DRIVER_COUNT_17YR","DRIVER_COUNT_18YR","DRIVER_COUNT_19YR","DRIVER_COUNT_20YR","DRIVER_COUNT_50_64YR","DRIVER_COUNT_65_74YR","DRIVER_COUNT_75PLUS","EST_HRS_CLOSED","FATAL_COUNT","HEAVY_TRUCK_COUNT","HORSE_BUGGY_COUNT","HOUR_OF_DAY","ILLUMINATION","INJURY_COUNT","INTERSECTION_RELATED","INTERSECT_TYPE","LANE_CLOSED","LATITUDE","LN_CLOSE_DIR","LOCATION_TYPE","LONGITUDE","MAX_SEVERITY_LEVEL","MCYCLE_DEATH_COUNT","MCYCLE_SUSP_SERIOUS_INJ_COUNT","MOTORCYCLE_COUNT","MUNICIPALITY","NONMOTR_COUNT","NONMOTR_DEATH_COUNT","NONMOTR_SUSP_SERIOUS_INJ_COUNT","NTFY_HIWY_MAINT","PED_COUNT","PED_DEATH_COUNT","PED_SUSP_SERIOUS_INJ_COUNT","PERSON_COUNT","POLICE_AGCY","POSSIBLE_INJ_COUNT","RDWY_SURF_TYPE_CD","RELATION_TO_ROAD","ROADWAY_CLEARED","ROAD_CONDITION","SCH_BUS_IND","SCH_ZONE_IND","SECONDARY_CRASH","SMALL_TRUCK_COUNT","SPEC_JURIS_CD","SUSP_MINOR_INJ_COUNT","SUSP_SERIOUS_INJ_COUNT","SUV_COUNT","TCD_FUNC_CD","TCD_TYPE","TFC_DETOUR_IND","TIME_OF_DAY","TOTAL_UNITS","TOT_INJ_COUNT","UNBELTED_OCC_COUNT","UNB_DEATH_COUNT","UNB_SUSP_SERIOUS_INJ_COUNT","UNK_INJ_DEG_COUNT","UNK_INJ_PER_COUNT","URBAN_RURAL","VAN_COUNT","VEHICLE_COUNT","WEATHER1","WEATHER2","WORKERS_PRES","WORK_ZONE_IND","WORK_ZONE_LOC","WORK_ZONE_TYPE","WZ_CLOSE_DETOUR","WZ_FLAGGER","WZ_LAW_OFFCR_IND","WZ_LN_CLOSURE","WZ_MOVING","WZ_OTHER","WZ_SHLDER_MDN","WZ_WORKERS_INJ_KILLED"
"2019046125","","1","0","0","1","0","0","0","0","0","8","0","","02","5","2019","1","40.430026","-79.988636","1515","11","0","0","0","0","0","0","0","0","1","0","0","0","","","1","","2","","40 25:48.094","1","0","79 59:19.088","3","0","0","0","2301","1","0","0","N","0","0","0","3","02301","0","","1.0","","1","N","N","","0","","1","0","0","","2","N","","2","1","0","0","0","0","0","2","0","1","","","","N","","","","","","","","","",""
"2019044796","","1","0","0","0","0","0","0","0","0","7","0","","02","4","2019","3","40.448109","-79.709518","1409","11","0","0","0","0","0","0","0","0","1","0","0","0","","","4","","0","","40 26:53.191","6","0","79 42:34.263","8","0","0","0","2466","0","0","0","N","0","0","0","4","02466","0","","2.0","","1","N","N","","0","","0","0","0","","0","Y","","1","4","0","0","0","4","0","2","0","1","","","","N","","","","","","","","","",""
"2019045038","","0","0","0","0","0","0","0","0","0","1","0","","02","4","2019","6","40.503573","-80.081083","1732","11","0","0","0","0","1","0","0","0","","0","0","0","","","0","","2","","40 30:12.861","","0","80 04:51.897","0","0","0","0","2405","0","0","0","N","0","0","0","3","02215","0","","1.0","","9","N","N","","1","","0","0","1","","0","","","2","0","0","0","0","0","0","2","0","2","","","","N","","","","","","","","","",""
"2019049567","","1","0","0","0","0","0","0","0","0","7","0","","02","5","2019","4","40.611329","-80.11274","0337","11","0","0","0","0","0","0","0","0","1","0","0","0","","","1","","0","","40 36:40.786","2","0","80 06:45.863","3","0","0","0","2481","0","0","0","N","0","0","0","1","02481","0","","1.0","","1","N","N","","0","","1","0","0","","0","N","","1","1","0","0","0","0","0","1","0","1","","","","N","","","","","","","","","",""
"2019044768","","1","0","0","0","0","0","0","0","0","7","0","","02","5","2019","4","40.466659","-79.83285","0205","11","0","0","0","0","0","0","0","0","","0","0","0","","","0","","1","","40 27:59.971","","0","79 49:58.260","9","0","0","0","2113","0","0","0","N","0","0","0","1","02113","0","","5.0","","1","N","N","","0","","0","0","0","","0","","","1","0","0","0","0","0","1","2","0","1","","","","N","","","","","","","","","",""
"2019049421","","0","0","0","0","0","0","0","0","0","2","0","","02","5","2019","3","40.438334","-79.842884","1645","11","0","0","0","0","0","1","0","0","","0","0","0","","","0","","2","","40 26:18.004","","0","79 50:34.384","0","0","0","0","2419","0","0","0","N","0","0","0","2","02419","0","","1.0","","1","N","N","","0","","0","0","2","","3","","","2","0","0","0","0","0","0","2","0","2","","","","N","","","","","","","","","",""
"2019049799","","1","0","0","0","0","0","0","0","0","99","0","","02","5","2019","7","40.356968","-79.955925","2220","11","0","0","0","0","0","0","0","0","","0","0","0","","","0","","2","","40 21:25.084","","0","79 57:21.329","0","0","0","0","2403","0","0","0","N","0","0","0","1","02403","0","","1.0","","9","N","N","","0","","0","0","0","","6","","","1","0","1","0","0","0","0","2","0","1","","","","N","","","","","","","","","",""
"2019045040","","1","0","0","0","0","0","0","0","0","4","0","","02","5","2019","4","40.448843","-79.964937","1650","11","0","0","0","0","0","0","0","0","","0","0","0","","","0","","1","","40 26:55.834","","0","79 57:53.773","0","0","0","0","2301","0","0","0","N","0","0","0","2","02301","0","","1.0","","1","N","N","","0","","0","0","1","","2","","","2","0","0","0","0","0","0","2","0","2","","","","N","","","","","","","","","",""
"2019044649","","0","0","0","0","0","0","0","0","0","7","0","","02","4","2019","3","40.593135","-80.163516","1635","11","1","0","0","0","0","0","0","0","2","0","0","0","","","2","","0","","40 35:35.285","4","0","80 09:48.659","3","0","0","0","2480","0","0","0","N","0","0","0","2","02480","0","","5.0","","9","N","N","","0","","2","0","1","","0","N","","1","2","0","0","0","0","0","1","0","1","","","","N","","","","","","","","","",""
"2019047939","","2","0","0","0","0","0","0","0","0","4","0","","02","5","2019","6","40.419626","-79.927168","1635","11","0","0","0","1","0","0","0","1","","0","0","0","","","2","","5","","40 25:10.655","","0","79 55:37.803","3","0","0","0","2301","0","0","0","N","0","0","0","3","02301","0","","1.0","","1","N","N","","0","","2","0","0","","2","N","","2","2","1","0","0","0","0","2","0","2","","","","N","","","","","","","","","",""
"2019044523","","1","0","0","0","0","0","0","0","0","7","0","","02","4","2019","4","40.641597","-79.954957","0627","11","0","0","0","0","0","0","0","1","1","0","0","0","","","0","","0","","40 38:29.748","5","0","79 57:17.845","0","0","0","0","2217","0","0","0","N","0","0","0","1","02505","0","","2.0","","1","N","N","","0","","0","0","0","","0","Y","","1","0","0","0","0","0","0","2","0","1","","","","N","","","","","","","","","",""
"2019047943","","0","0","0","0","0","0","0","0","0","7","0","","02","5","2019","6","40.456231","-79.956612","1658","11","0","0","0","0","0","0","0","0","3","0","0","0","","","2","","2","","40 27:22.432","3","0","79 57:23.802","3","0","0","0","2301","0","0","0","N","0","0","0","2","02301","1","","5.0","","1","N","N","","0","","1","0","1","","0","Y","","1","2","0","0","0","0","0","2","0","1","","","","N","","","","","","","","","",""
"2019047988","","0","0","0","0","0","0","0","0","0","7","0","","02","5","2019","6","40.501989","-79.806424","1954","11","0","0","0","0","0","1","0","0","2","0","0","0","","","1","","0","","40 30:07.162","5","0","79 48:23.128","3","0","0","0","2113","0","0","0","N","0","0","0","1","02113","0","","5.0","","1","N","N","","0","","1","0","1","","0","N","","1","1","1","0","0","0","0","2","0","1","","","","N","","","","","","","","","",""
"2019049898","","1","0","0","0","0","0","0","0","0","7","0","","02","5","2019","4","40.544362","-80.192954","1610","11","0","1","0","0","0","0","0","0","1","0","0","0","","","0","","1","","40 32:39.703","1","0","80 11:34.636","0","0","0","0","2427","0","0","0","N","0","0","0","3","02427","0","","5.0","","1","N","N","","0","","0","0","0","","0","N","","1","0","0","0","0","0","0","2","0","1","","","","N","","","","","","","","","",""
"2019046631","","3","0","0","0","0","0","0","0","0","1","0","","02","4","2019","3","40.364808","-79.854012","0439","11","0","0","0","0","0","0","0","0","2","0","0","0","","","0","","2","","40 21:53.308","1","0","79 51:14.443","0","0","0","0","2303","0","0","0","N","0","0","0","1","02303","0","","2.0","","1","N","N","","0","","0","0","0","","0","Y","","3","0","0","0","0","0","0","2","0","3","","","","N","","","","","","","","","",""
"2019044527","","1","0","0","0","0","0","0","0","0","8","0","","02","4","2019","5","40.352794","-80.026154","0737","11","0","0","0","0","0","0","0","0","3","0","0","0","","","1","","2","","40 21:10.059","5","0","80 01:34.156","4","0","0","0","2407","1","0","0","N","1","0","0","2","02407","1","","1.0","","9","N","N","","0","","0","0","0","","0","Y","","2","1","1","0","0","0","0","2","0","1","","","","N","","","","","","","","","",""
"2019046329","","0","0","0","0","0","0","0","0","0","6","0","","02","5","2019","2","40.501268","-79.975863","0745","11","0","0","0","0","0","1","0","0","1","0","0","0","","","1","","2","","40 30:04.566","6","0","79 58:33.107","3","0","0","0","2118","0","0","0","N","0","0","0","3","02118","0","","1.0","","1","N","N","","0","","1","0","2","","3","N","","2","1","0","0","0","0","0","2","0","2","","","","N","","","","","","","","","",""
"2019049899","","0","0","0","0","0","0","0","0","0","0","0","","02","5","2019","4","40.510119","-79.796724","1833","11","0","0","0","0","0","0","0","0","1","0","0","0","","","1","","0","","40 30:36.429","4","0","79 47:48.208","2","0","1","1","2113","0","0","0","N","0","0","0","1","02113","0","","1.0","","1","N","N","","0","","0","1","0","","0","Y","","1","1","0","0","0","0","0","2","0","1","","","","N","","","","","","","","","",""
"2019046632","","1","0","0","0","0","0","0","0","0","2","0","","02","5","2019","2","40.435681","-80.064795","0640","11","0","0","0","0","0","0","0","0","","0","0","0","","","1","","1","","40 26:08.453","","0","80 03:53.263","8","0","0","0","2421","0","0","0","N","0","0","0","3","02421","0","","1.0","","1","N","N","","1","","0","0","0","","2","","","2","1","0","0","0","1","1","2","0","2","","","","N","","","","","","","","","",""
"2019046013","","0","0","0","0","0","0","0","0","0","7","0","","02","5","2019","1","40.359745","-79.903299","0719","11","0","0","0","0","0","0","0","0","1","0","0","0","","","0","","0","","40 21:35.081","4","0","79 54:11.875","9","0","0","0","2473","0","0","0","Y","0","0","0","1","02473","0","","2.0","","9","N","N","","0","","0","0","1","","0","N","","1","0","0","0","0","0","1","2","0","1","","","","N","","","","","","","","","",""
"2019047994","","3","0","0","0","0","0","0","0","0","4","0","","02","5","2019","6","40.401964","-80.000683","2322","11","0","0","0","0","0","0","0","0","2","0","0","0","","","0","","1","","40 24:07.069","5","0","80 00:02.460","0","0","0","0","2301","0","0","0","N","0","0","0","3","02301","0","","1.0","","1","N","N","","0","","0","0","0","","2","N","","3","0","0","0","0","0","0","2","0","3","","","","N","","","","","","","","","",""
"2019046487","","1","0","0","0","0","0","0","0","0","8","0","","02","5","2019","2","40.487835","-79.920057","1727","11","0","0","0","0","0","0","0","0","","0","0","0","","","1","","1","","40 29:16.205","","0","79 55:12.206","8","0","0","0","2301","1","0","0","N","1","0","0","2","02301","0","","1.0","","1","N","N","","0","","0","0","0","","2","","","2","1","0","0","0","1","0","2","0","1","","","","N","","","","","","","","","",""
"2019046332","","1","0","0","0","0","0","0","0","0","8","0","","02","5","2019","4","40.445295","-79.97624","1300","11","0","0","0","0","0","0","0","0","","0","0","0","","","1","","1","","40 26:43.061","","0","79 58:34.463","4","0","0","0","2301","1","0","0","N","1","0","0","2","02301","1","","1.0","","1","N","N","","0","","0","0","0","","2","","","2","1","0","0","0","0","0","2","0","1","","","","N","","","","","","","","","",""
"2019045088","","1","0","0","0","0","0","0","0","0","1","0","","02","4","2019","2","40.365998","-80.048518","1241","11","0","0","0","0","0","0","0","0","1","0","0","0","","","1","","2","","40 21:57.593","5","0","80 02:54.663","8","0","0","0","2109","0","0","0","N","0","0","0","3","02109","0","","1.0","","1","N","N","","0","","0","0","2","","3","N","","3","1","0","0","0","1","0","2","0","3","","","","N","","","","","","","","","",""
"2019044355","","1","0","0","0","0","0","0","0","0","7","0","","02","4","2019","1","40.427639","-79.949812","0501","11","0","0","0","0","0","0","0","0","","0","0","0","","","0","","0","","40 25:39.501","","0","79 56:59.322","9","0","0","0","2301","0","0","0","N","0","0","0","1","68B03","0","","4.0","","9","N","N","","0","","0","0","0","","0","","","1","0","0","0","0","0","1","2","0","1","","","","N","","","","","","","","","",""
"2019049462","","1","0","0","0","0","0","0","0","0","7","0","55","02","5","2019","4","40.455721","-79.997639","0817","11","0","0","0","0","0","0","0","0","","0","0","0","","","0","","0","","40 27:20.597","","0","79 59:51.500","0","0","0","0","2301","0","0","0","N","0","0","0","1","68B03","0","","2.0","","1","N","N","","0","","0","0","0","","8","","","1","0","0","0","0","0","0","2","0","1","","","N","Y","2","1","N","N","N","Y","N","N","N",""
"2019044531","","2","0","0","0","0","0","0","0","0","1","0","","02","2","2019","2","40.485142","-80.12276","0146","11","0","0","0","0","0","0","0","0","","0","0","0","","","0","","0","","40 29:06.511","","0","80 07:21.937","0","0","0","0","2126","0","0","0","N","0","0","0","3","68B03","0","","1.0","","1","N","N","","0","","0","0","0","","0","","","2","0","0","0","0","0","0","2","0","2","","","","N","","","","","","","","","",""
"2019047816","","0","0","0","0","0","0","0","0","0","4","0","","02","5","2019","6","40.344421","-80.049774","1338","11","0","0","0","0","0","2","0","0","","0","0","0","","","1","","0","","40 20:39.916","","0","80 02:59.185","4","0","0","0","2407","0","0","0","N","0","0","0","4","02407","1","","1.0","","1","N","N","","1","","0","0","1","","0","","","2","1","0","0","0","0","0","2","0","2","","","","N","","","","","","","","","",""
"2019047962","","0","0","0","0","0","0","0","0","0","4","1","","02","5","2019","6","40.540539","-79.806982","1545","11","0","0","0","0","0","0","0","0","4","0","1","0","","","0","","9","","40 32:25.940","6","6","79 48:25.135","0","0","0","0","2418","0","0","0","N","0","0","0","2","02418","0","","4.0","","1","N","N","","0","","0","0","0","","6","N","","2","0","0","0","0","0","0","2","0","1","","","","N","","","","","","","","","",""
"2019044973","","2","0","0","0","0","0","0","0","0","4","0","","02","4","2019","2","40.446446","-79.759645","1721","11","0","0","0","0","0","1","0","0","","0","0","0","","","0","","2","","40 26:47.205","","0","79 45:34.722","0","0","0","0","2446","0","0","0","N","0","0","0","2","02446","0","","1.0","","1","N","N","","0","","0","0","0","","3","","","2","0","0","0","0","0","0","2","0","2","","","","N","","","","","","","","","",""
"2019049618","","1","0","0","0","0","0","0","0","0","7","0","","02","5","2019","4","40.414301","-79.943079","0818","11","0","0","0","0","0","0","0","0","4","0","0","0","","","0","","0","","40 24:51.485","6","0","79 56:35.085","9","0","0","0","2301","0","0","0","N","0","0","0","1","02301","0","","5.0","","1","N","N","","0","","0","0","0","","0","Y","","1","0","0","0","0","0","1","2","0","1","","","","N","","","","","","","","","",""
"2019048006","","1","0","0","0","0","0","0","0","0","7","0","","02","5","2019","7","40.449706","-80.025099","0305","11","0","0","0","0","0","0","0","0","","0","0","0","","","1","","6","","40 26:58.940","","2","80 01:30.356","3","0","0","0","2301","0","0","0","N","0","0","0","1","02301","0","","1.0","","1","N","N","","0","","1","0","0","","0","","","1","1","0","0","0","0","0","2","0","1","","","","N","","","","","","","","","",""
"2019044830","","2","0","0","0","0","0","0","0","0","2","0","","02","4","2019","7","40.433785","-80.06629","1402","11","0","0","0","0","0","0","0","0","1","0","0","0","","","0","","1","","40 26:01.626","3","0","80 03:58.644","0","0","0","0","2421","0","0","0","N","0","0","0","2","02421","0","","1.0","","1","N","N","","0","","0","0","0","","2","N","","2","0","0","0","0","0","0","2","0","2","","","","N","","","","","","","","","",""
"2019049952","","1","0","0","0","0","0","0","0","0","4","0","","02","5","2019","2","40.392286","-80.04699","1228","11","0","0","0","0","0","0","0","0","","0","0","0","","","0","","1","","40 23:32.229","","0","80 02:49.163","0","0","0","0","2109","0","0","0","N","0","0","0","2","02109","0","","1.0","","9","N","N","","1","","0","0","0","","3","","","2","0","0","0","0","0","0","2","0","2","","","","N","","","","","","","","","",""
"2019044981","","2","0","0","0","0","0","0","0","0","4","0","","02","4","2019","2","40.40355","-80.040492","2132","11","0","1","0","0","0","0","0","0","1","0","0","0","","","0","","1","","40 24:12.780","2","0","80 02:25.772","0","0","0","0","2301","0","0","0","N","0","0","0","4","02301","0","","1.0","","1","N","N","","0","","0","0","0","","2","N","","2","0","0","0","0","0","0","2","0","2","","","","N","","","","","","","","","",""
"2019049954","","1","0","0","0","0","0","0","0","0","7","0","","02","5","2019","3","40.373364","-80.057908","2222","11","0","1","0","0","0","0","0","0","2","0","0","0","","","0","","0","","40 22:24.110","2","0","80 03:28.470","0","0","0","0","2109","0","0","0","N","0","0","0","2","02109","0","","4.0","","1","N","N","","0","","0","0","0","","0","N","","1","0","0","0","0","0","0","2","0","1","","","","N","","","","","","","","","",""
"2019044982","","1","0","0","0","0","0","0","0","0","1","0","","02","5","2019","4","40.524146","-79.830102","1701","11","0","0","0","0","0","2","0","0","","0","0","0","","","1","","0","","40 31:26.925","","0","79 49:48.367","3","0","0","0","2451","0","0","0","N","0","0","0","3","02451","0","","1.0","","1","N","N","","1","","1","0","0","","0","","","3","1","0","0","0","0","0","2","1","3","","","","N","","","","","","","","","",""
"2019046346","","3","0","0","0","0","0","0","0","0","1","0","","02","5","2019","2","40.429946","-79.733641","1040","11","0","0","0","0","0","1","0","0","","0","0","0","","","2","","2","","40 25:47.805","","0","79 44:01.109","3","0","0","0","2446","0","0","0","N","0","0","0","3","02446","0","","1.0","","1","N","N","","0","","2","0","0","","2","","","3","2","0","0","0","0","0","2","0","3","","","","N","","","","","","","","","",""
"2019049636","","2","0","0","0","0","0","0","0","0","2","0","","02","5","2019","4","40.458679","-79.908067","0821","11","0","0","0","0","0","1","0","0","1","0","0","0","","","1","","2","","40 27:31.244","5","0","79 54:29.042","4","0","0","0","2301","0","0","0","N","0","0","0","3","02301","1","","1.0","","1","N","N","","0","","0","0","0","","0","N","","2","1","0","0","0","0","0","2","0","2","","","","N","","","","","","","","","",""
"2019046324","","1","0","0","0","0","0","0","0","0","4","0","","02","5","2019","2","40.454043","-79.912443","0859","11","0","0","0","0","1","0","0","0","","0","0","0","","","0","","1","","40 27:14.553","","0","79 54:44.793","0","0","0","0","2301","0","0","0","N","0","0","0","2","02301","0","","1.0","","1","N","N","","0","","0","0","1","","2","","","2","0","0","0","0","0","0","2","0","2","","","","N","","","","","","","","","",""
"2019048147","","1","0","0","0","0","0","0","0","0","7","0","","02","5","2019","1","40.49603","-79.939586","1918","11","0","0","0","0","0","0","0","0","1","0","0","0","","","0","","0","","40 29:45.707","2","3","79 56:22.508","0","0","0","0","2461","0","0","0","N","0","0","0","1","68D02","0","","4.0","","1","N","N","","0","","0","0","0","","0","N","","1","0","0","0","0","0","0","2","0","1","","","","N","","","","","","","","","",""
"2019046042","","1","0","0","0","0","0","0","0","0","7","0","","02","5","2019","4","40.671677","-80.098094","1216","11","0","0","0","0","0","0","1","0","","0","0","0","","","0","","0","","40 40:18.036","","0","80 05:53.137","0","0","0","0","2212","0","0","0","N","0","0","0","1","02505","0","","5.0","","1","N","N","","0","","0","0","0","","0","","","1","0","0","0","0","0","0","2","0","1","","","","N","","","","","","","","","",""
"2019049637","","1","0","0","0","0","0","0","0","0","7","0","","02","5","2019","3","40.485381","-79.928574","1438","11","0","0","0","0","0","0","0","1","1","0","0","0","","","0","","2","","40 29:07.371","1","0","79 55:42.866","0","0","0","0","2301","0","0","0","N","0","0","0","1","02301","0","","2.0","","1","N","N","","0","","0","0","0","","0","N","","1","0","0","0","0","0","0","2","0","1","","","","N","","","","","","","","","",""
"2019050126","","0","0","0","0","0","0","0","0","0","7","0","","02","5","2019","5","40.483098","-79.898503","1537","11","0","0","0","0","0","0","0","0","","0","0","0","","","1","","0","","40 28:59.152","","0","79 53:54.610","8","0","0","0","2301","0","0","0","N","0","0","0","3","02301","0","","5.0","","1","N","N","","0","","0","0","1","","0","","","1","1","0","0","0","1","0","2","0","1","","","","N","","","","","","","","","",""
"2019061353","","1","0","0","0","0","0","0","0","0","1","0","","02","6","2019","2","40.526478","-80.159125","1137","11","0","0","0","0","0","0","0","0","","0","0","0","","","0","","1","","40 31:35.322","","0","80 09:32.850","0","0","0","0","2452","0","0","0","N","0","0","0","2","02458","0","","1.0","","9","N","N","","1","","0","0","0","","2","N","","2","0","0","0","0","0","0","2","0","2","","","","N","","","","","","","","","",""
"2019063628","","0","0","0","0","0","0","0","0","0","1","0","","02","6","2019","6","40.357166","-80.028497","0957","11","0","0","0","0","0","1","0","0","1","0","0","0","","","1","","0","","40 21:25.798","1","0","80 01:42.589","4","0","0","0","2416","0","0","0","N","0","0","0","6","02416","1","","1.0","","1","N","N","","0","","0","0","1","","0","N","","2","1","0","0","0","0","0","2","1","2","","","","N","","","","","","","","","",""
"2019062836","","1","0","0","0","0","0","0","0","0","7","0","","02","6","2019","5","40.26445","-79.852404","1857","11","0","0","1","0","0","0","0","0","","0","0","0","","","0","","0","","40 15:52.019","","0","79 51:08.653","0","0","0","0","2105","0","0","0","Y","0","0","0","1","02105","0","","5.0","","9","N","N","","0","","0","0","0","","0","N","","1","0","0","0","0","0","0","2","0","1","","","","N","","","","","","","","","",""
"2019063421","","0","0","0","0","0","0","0","0","0","7","1","","02","6","2019","4","40.612889","-79.966562","2330","11","0","0","0","0","0","0","0","0","","0","1","0","","","1","","0","","40 36:46.401","","0","79 57:59.624","4","0","0","0","2207","0","0","0","N","0","0","0","1","68T02","1","","2.0","","9","N","N","","0","","0","0","0","","0","","","1","1","0","0","0","0","0","2","0","1","","","","N","","","","","","","","","",""
"2019050312","","1","0","0","0","0","0","0","0","0","99","0","","02","5","2019","7","40.595409","-79.770904","1358","11","0","0","0","0","0","0","0","0","","0","0","0","","","1","","0","","40 35:43.471","","0","79 46:15.254","3","0","0","0","2104","0","0","0","N","0","0","0","1","68D02","0","","1.0","","1","N","N","","0","","1","0","0","","0","","","1","1","0","0","0","0","0","1","0","1","","","","N","","","","","","","","","",""
"2019064772","","1","0","0","0","0","0","0","0","0","7","0","","02","3","2019","6","40.394751","-80.102119","0522","11","0","0","0","0","0","1","0","0","","0","0","0","","","0","","0","","40 23:41.103","","0","80 06:07.629","0","0","0","0","2102","0","0","0","N","0","0","0","2","68B03","0","","4.0","","2","N","N","","0","","0","0","0","","0","","","1","0","0","0","0","0","0","2","0","1","","","","N","","","","","","","","","",""
"2019066738","","2","0","0","0","0","0","0","0","0","4","0","","02","7","2019","2","40.505458","-80.207549","1959","11","0","0","0","0","0","0","0","0","1","0","0","0","","","1","","2","","40 30:19.650","4","0","80 12:27.175","8","0","0","0","2213","0","0","0","N","0","0","0","2","02213","0","","1.0","","1","N","N","","0","","0","0","0","","3","N","","2","1","0","0","0","1","0","2","0","2","","","","N","","","","","","","","","",""
"2019063212","","0","0","0","0","0","0","0","0","0","7","0","","02","6","2019","6","40.26784","-79.862718","0105","11","0","0","0","0","0","0","0","0","","0","0","0","","","1","","0","","40 16:04.223","","0","79 51:45.786","8","0","0","1","2105","0","0","0","N","0","0","0","1","02105","0","","1.0","","9","N","N","","0","","0","0","0","","0","","","1","1","0","0","0","1","0","2","0","1","","","","N","","","","","","","","","",""
"2019066739","","1","0","0","0","0","0","0","0","0","0","0","","02","6","2019","2","40.363765","-80.026191","2302","11","0","0","0","0","0","0","0","0","1","0","0","0","","","0","","0","","40 21:49.554","5","0","80 01:34.287","0","0","0","0","2416","0","0","0","N","0","0","0","1","02416","0","","1.0","","1","N","N","","0","","0","0","0","","0","N","","1","0","0","0","0","0","0","2","0","1","","","","N","","","","","","","","","",""
"2019065240","","1","0","0","0","0","0","0","0","0","6","0","","02","6","2019","1","40.392356","-79.839784","2249","11","0","0","0","0","0","0","0","1","1","0","0","0","","","3","","0","","40 23:32.481","6","0","79 50:23.221","3","0","0","0","2425","0","0","0","N","0","0","0","4","68B03","0","","1.0","","1","N","N","","0","","3","0","1","","0","Y","","2","3","0","0","0","0","0","2","0","2","","","","N","","","","","","","","","",""
"2019048496","","3","0","0","0","0","0","0","0","0","1","0","","02","5","2019","5","40.348882","-79.947661","1721","11","0","0","0","0","0","2","0","0","1","0","0","0","","","0","","0","","40 20:55.974","2","7","79 56:51.578","0","0","0","0","2473","0","0","0","N","0","0","0","4","02473","0","","1.0","","1","N","N","","0","","0","0","0","","0","N","","3","0","0","0","0","0","0","2","0","3","","","","N","","","","","","","","","",""
"2019064783","","0","0","0","0","0","0","0","0","0","1","2","","02","4","2019","6","40.556776","-80.115676","1308","11","0","0","0","0","0","1","0","1","3","0","2","0","","","0","","0","","40 33:24.392","1","0","80 06:56.434","0","0","0","0","2460","0","0","0","N","0","0","0","2","68B03","0","","1.0","","1","N","N","","0","","0","0","0","","0","N","","2","0","0","0","0","0","0","2","0","2","","","","N","","","","","","","","","",""
"2019064890","","0","0","0","0","0","0","0","0","0","1","1","","02","6","2019","2","40.339288","-79.913571","1347","11","0","0","0","1","0","0","0","0","","0","1","0","","","0","","3","","40 20:21.437","","0","79 54:48.854","9","0","0","0","2473","0","0","0","N","0","0","0","5","02473","0","","1.0","","1","N","N","","0","","0","0","0","","3","N","","2","0","0","0","0","0","0","2","1","2","","","","N","","","","","","","","","",""
"2019048502","","0","0","0","0","0","0","0","0","0","5","2","","02","5","2019","4","40.40043","-79.879488","1508","11","0","0","0","0","0","1","0","0","","0","2","0","","","0","","0","","40 24:01.547","","0","79 52:46.157","0","0","0","0","2473","0","0","0","N","0","0","0","2","02473","0","","1.0","","1","N","N","","0","","0","0","0","","0","","","2","0","0","0","0","0","0","2","0","2","","","","N","","","","","","","","","",""
"2019064787","","1","0","0","0","0","0","0","0","0","1","0","","02","5","2019","4","40.381366","-80.096612","1712","11","0","0","0","0","0","0","0","0","","0","0","0","","","1","","0","","40 22:52.919","","0","80 05:47.804","3","0","0","0","2102","0","0","0","N","0","0","0","5","68B03","0","","1.0","","1","N","N","","0","","1","0","2","","0","","","3","1","0","0","0","0","0","2","0","3","","","","N","","","","","","","","","",""
"2019064894","","0","0","0","0","0","0","0","0","0","8","0","","02","6","2019","4","40.292597","-79.883344","2012","11","0","0","0","0","0","1","0","0","9","0","0","0","","","1","","1","","40 17:33.348","","0","79 53:00.040","3","0","0","0","2302","1","0","0","N","1","0","0","2","02302","0","","1.0","","1","N","N","","0","","1","0","1","","2","N","","2","1","0","0","0","0","0","2","0","1","","","","N","","","","","","","","","",""
"2019064930","","1","0","0","0","0","0","0","0","0","7","0","","02","6","2019","4","40.472023","-79.796403","2118","11","0","0","0","0","0","0","0","0","1","0","0","0","","","1","","0","","40 28:19.284","5","0","79 47:47.050","2","0","0","0","2113","0","0","0","N","0","0","0","1","02113","0","","5.0","","1","N","N","","0","","0","1","0","","0","Y","","1","1","0","0","0","0","0","2","0","1","","","","N","","","","","","","","","",""
"2019064900","","1","0","0","0","0","0","0","0","0","7","0","","02","6","2019","4","40.462618","-79.868053","1940","11","0","0","0","0","0","0","0","0","1","0","0","0","","","0","","0","","40 27:45.425","6","0","79 52:04.991","9","0","0","0","2113","0","0","0","N","0","0","0","1","02113","0","","5.0","","1","N","N","","0","","0","0","0","","0","N","","1","0","0","0","0","0","1","2","0","1","","","","N","","","","","","","","","",""