"CRN","ARRIVAL_TM","AUTOMOBILE_COUNT","BELTED_DEATH_COUNT","BELTED_SUSP_SERIOUS_INJ_COUNT","BICYCLE_COUNT","BICYCLE_DEATH_COUNT","BICYCLE_SUSP_SERIOUS_INJ_COUNT","BUS_COUNT","CHLDPAS_DEATH_COUNT","CHLDPAS_SUSP_SERIOUS_INJ_COUNT","COLLISION_TYPE","COMM_VEH_COUNT","CONS_ZONE_SPD_LIM","COUNTY","CRASH_MONTH","CRASH_YEAR","DAY_OF_WEEK","DEC_LATITUDE","DEC_LONGITUDE","DISPATCH_TM","DISTRICT","DRIVER_COUNT_16YR","DRIVER_COUNT_17YR","DRIVER_COUNT_18YR","DRIVER_COUNT_19YR","DRIVER_COUNT_20YR","DRIVER_COUNT_50_64YR","DRIVER_COUNT_65_74YR","DRIVER_COUNT_75PLUS","EST_HRS_CLOSED","FATAL_COUNT","HEAVY_TRUCK_COUNT","HORSE_BUGGY_COUNT","HOUR_OF_DAY","ILLUMINATION","INJURY_COUNT","INTERSECTION_RELATED","INTERSECT_TYPE","LANE_CLOSED","LATITUDE","LN_CLOSE_DIR","LOCATION_TYPE","LONGITUDE","MAX_SEVERITY_LEVEL","MCYCLE_DEATH_COUNT","MCYCLE_SUSP_SERIOUS_INJ_COUNT","MOTORCYCLE_COUNT","MUNICIPALITY","NONMOTR_COUNT","NONMOTR_DEATH_COUNT","NONMOTR_SUSP_SERIOUS_INJ_COUNT","NTFY_HIWY_MAINT","PED_COUNT","PED_DEATH_COUNT","PED_SUSP_SERIOUS_INJ_COUNT","PERSON_COUNT","POLICE_AGCY","POSSIBLE_INJ_COUNT","RDWY_SURF_TYPE_CD","RELATION_TO_ROAD","ROADWAY_CLEARED","ROAD_CONDITION","SCH_BUS_IND","SCH_ZONE_IND","SECONDARY_CRASH","SMALL_TRUCK_COUNT","SPEC_JURIS_CD","SUSP_MINOR_INJ_COUNT","SUSP_SERIOUS_INJ_COUNT","SUV_COUNT","TCD_FUNC_CD","TCD_TYPE","TFC_DETOUR_IND","TIME_OF_DAY","TOTAL_UNITS","TOT_INJ_COUNT","UNBELTED_OCC_COUNT","UNB_DEATH_COUNT","UNB_SUSP_SERIOUS_INJ_COUNT","UNK_INJ_DEG_COUNT","UNK_INJ_PER_COUNT","URBAN_RURAL","VAN_COUNT","VEHICLE_COUNT","WEATHER1","WEATHER2","WORKERS_PRES","WORK_ZONE_IND","WORK_ZONE_LOC","WORK_ZONE_TYPE","WZ_CLOSE_DETOUR","WZ_FLAGGER","WZ_LAW_OFFCR_IND","WZ_LN_CLOSURE","WZ_MOVING","WZ_OTHER","WZ_SHLDER_MDN","WZ_WORKERS_INJ_KILLED"
"2019063382","","2","0","0","0","0","0","0","0","0","4","0","","02","6","2019","6","40.432531","-79.790324","1613","11","0","0","0","0","1","0","1","0","2","0","0","0","","","2","","2","","40 25:57.111","7","0","79 47:25.166","8","0","0","0","2446","0","0","0","N","0","0","0","2","02446","0","","1.0","","1","N","N","","0","","0","0","0","","2","Y","","2","2","0","0","0","2","0","2","0","2","","","","Y","","","","","","","","","",""
"2019061669","","0","0","0","0","0","0","0","0","0","4","0","","02","6","2019","2","40.380972","-80.044324","1029","11","0","0","0","0","0","1","1","0","2","0","0","0","","","0","","0","","40 22:51.498","1","0","80 02:39.565","0","0","0","0","2109","0","0","0","N","0","0","0","2","02109","0","","1.0","","1","N","N","","1","","0","0","1","","0","N","","2","0","0","0","0","0","0","2","0","2","","","","N","","","","","","","","","",""
"2019064867","","1","0","0","0","0","0","0","0","0","7","0","","02","6","2019","7","40.455826","-80.185618","1242","11","0","0","0","0","0","0","0","0","1","0","0","0","","","1","","0","","40 27:20.975","3","0","80 11:08.225","3","0","0","0","2213","0","0","0","N","0","0","0","1","68B03","0","","3.0","","1","N","N","","0","","1","0","0","","0","N","","1","1","0","0","0","0","0","2","0","1","","","","N","","","","","","","","","",""
"2019063384","","2","0","0","0","0","0","0","0","0","4","0","","02","6","2019","6","40.321486","-80.142022","1346","11","0","0","0","0","0","0","0","0","","0","0","0","","","0","","2","","40 19:17.351","","0","80 08:31.278","0","0","0","0","2119","0","0","0","N","0","0","0","2","02119","0","","1.0","","1","N","N","","0","","0","0","0","","0","","","2","0","0","0","0","0","0","2","0","2","","","","N","","","","","","","","","",""
"2019061293","","0","0","0","0","0","0","0","0","0","7","0","","02","6","2019","1","40.600128","-79.996075","1830","11","0","0","0","0","0","0","0","0","1","0","0","0","","","0","","2","","40 36:00.459","2","0","79 59:45.869","0","0","0","0","2108","0","0","0","N","0","0","0","2","02108","0","","4.0","","1","N","N","","1","","0","0","1","","0","N","","2","0","0","0","0","0","0","2","0","2","","","","N","","","","","","","","","",""
"2019065401","","2","0","0","0","0","0","0","0","0","4","0","","02","6","2019","6","40.473845","-79.868797","1241","11","0","0","0","0","0","1","0","0","","0","0","0","","","1","","1","","40 28:25.842","","0","79 52:07.669","3","0","0","0","2113","0","0","0","N","0","0","0","3","02113","0","","1.0","","1","N","N","","0","","1","0","0","","3","","","2","1","0","0","0","0","2","2","0","2","","","","N","","","","","","","","","",""
"2019050299","","1","0","0","0","0","0","0","0","0","5","1","","02","5","2019","5","40.582485","-80.108048","0754","11","0","0","0","0","0","0","0","0","","0","1","0","","","0","","0","","40 34:56.946","","0","80 06:28.973","0","0","0","0","2481","0","0","0","N","0","0","0","3","68B03","0","","1.0","","1","N","N","","0","","0","0","0","","0","","","2","0","0","0","0","0","0","2","0","2","","","","N","","","","","","","","","",""
"2019059187","","1","0","0","0","0","0","0","0","0","6","1","","02","6","2019","3","40.491945","-80.329723","0658","11","0","0","0","0","0","0","0","0","3","0","1","0","","","1","","1","","40 29:31.002","3","0","80 19:47.003","3","0","0","0","2203","0","0","0","N","0","0","0","2","02203","0","","1.0","","1","N","N","","0","","1","0","0","","3","N","","2","1","0","0","0","0","0","1","0","2","","","","N","","","","","","","","","",""
"2019065367","","2","0","0","0","0","0","0","0","0","4","0","","02","6","2019","7","40.416701","-79.752221","0206","11","0","0","0","0","0","0","0","0","2","0","0","0","","","0","","0","","40 25:00.124","1","0","79 45:07.997","0","0","0","0","2446","0","0","0","N","0","0","0","1","02446","0","","2.0","","1","N","N","","0","","0","0","0","","0","N","","2","0","0","0","0","0","0","2","0","2","","","","N","","","","","","","","","",""
"2019060803","","1","0","0","0","0","0","0","0","0","7","0","","02","6","2019","2","40.327911","-80.036895","1124","11","0","0","0","0","0","0","1","0","","0","0","0","","","1","","2","","40 19:40.479","","0","80 02:12.822","8","0","0","0","2407","0","0","0","N","0","0","0","1","02407","0","","5.0","","1","N","N","","0","","0","0","0","","0","","","1","1","0","0","0","1","0","2","0","1","","","","N","","","","","","","","","",""
"2019066699","","2","0","0","0","0","0","0","0","0","6","0","","02","7","2019","3","40.523803","-79.942442","0849","11","0","0","0","0","0","0","0","1","1","0","0","0","","","2","","0","","40 31:25.691","5","0","79 56:32.791","4","0","0","0","2118","0","0","0","N","0","0","0","3","02118","2","","1.0","","1","N","N","","0","","0","0","0","","0","N","","2","2","0","0","0","0","0","2","0","2","","","","N","","","","","","","","","",""
"2019064873","","1","0","0","0","0","0","0","0","0","1","0","","02","6","2019","1","40.431362","-79.872554","1349","11","0","0","0","0","0","0","0","0","","0","0","0","","","1","","0","","40 25:52.902","","0","79 52:21.195","8","0","0","0","2411","0","0","0","N","0","0","0","2","68B03","0","","1.0","","1","N","N","","0","","0","0","1","","0","","","2","1","0","0","0","1","0","2","0","2","","","","N","","","","","","","","","",""
"2019045108","","0","0","0","0","0","0","0","0","0","8","0","","02","5","2019","4","40.632133","-79.939882","1111","11","0","0","0","0","0","0","0","0","","0","0","0","","","1","","0","","40 37:55.678","","7","79 56:23.574","8","0","0","0","2217","1","0","0","N","1","0","0","2","02505","0","","4.0","","1","N","N","","0","","0","0","1","","0","N","","2","1","0","0","0","1","0","2","0","1","","","","N","","","","","","","","","",""
"2019066702","","1","0","0","0","0","0","0","0","0","6","0","","02","7","2019","3","40.479099","-79.930888","1347","11","0","0","0","0","0","0","1","0","1","0","0","0","","","0","","0","","40 28:44.756","1","0","79 55:51.196","0","0","0","0","2301","0","0","0","N","0","0","0","2","02301","0","","1.0","","1","N","N","","1","","0","0","0","","0","Y","","2","0","0","0","0","0","0","2","0","2","","","","N","","","","","","","","","",""
"2019066709","","0","0","0","0","0","0","0","0","0","8","0","","02","7","2019","3","40.48496","-79.817703","1452","11","0","0","0","0","0","0","0","0","","0","0","0","","","1","","5","","40 29:05.855","","0","79 49:03.731","3","0","0","0","2113","1","0","0","N","1","0","0","2","02113","0","","1.0","","1","N","N","","0","","1","0","0","","2","","","2","1","0","0","0","0","1","2","0","1","","","","N","","","","","","","","","",""
"2019061348","","0","0","0","0","0","0","0","0","0","7","0","","02","6","2019","2","40.512876","-79.946168","1029","11","0","0","0","0","0","0","0","0","1","0","0","0","","","3","","0","","40 30:46.355","5","0","79 56:46.204","8","0","0","0","2118","0","0","0","N","0","0","0","3","02118","0","","5.0","","1","N","N","","0","","0","0","1","","0","Y","","1","3","0","0","0","3","0","2","0","1","","","","N","","","","","","","","","",""
"2019064312","","1","0","0","0","0","0","0","0","0","1","0","","02","6","2019","4","40.624604","-80.096837","1842","11","0","0","0","0","0","0","0","0","","0","0","0","","","0","","0","","40 37:28.576","","0","80 05:48.614","0","0","0","0","2212","0","0","0","N","0","0","0","2","68B03","0","","1.0","","1","N","N","","1","","0","0","0","","0","","","2","0","0","0","0","0","0","1","0","2","","","","N","","","","","","","","","",""
"2019070965","","1","0","0","0","0","0","0","0","0","1","0","","02","7","2019","2","40.459008","-79.823253","1114","11","0","0","0","0","0","0","1","0","1","0","0","0","","","1","","2","","40 27:32.427","5","0","79 49:23.710","8","0","0","0","2113","0","0","0","N","0","0","0","4","02113","0","","1.0","","1","N","N","","0","","0","0","1","","3","N","","2","1","0","0","0","1","0","2","0","2","","","","N","","","","","","","","","",""
"2019059918","","1","0","0","0","0","0","0","0","0","7","0","55","02","5","2019","6","40.453903","-79.996891","0657","11","0","0","0","0","0","0","0","0","2","0","0","0","","","1","","0","","40 27:14.052","1","3","79 59:48.806","2","0","0","0","2301","0","0","0","N","0","0","0","1","68B03","0","","2.0","","1","N","N","","0","","0","1","0","","0","N","","1","1","0","0","0","0","0","2","0","1","","","N","Y","8","1","N","N","N","N","Y","N","N",""
"2019062709","","0","0","0","0","0","0","0","0","0","2","0","","02","6","2019","5","40.343419","-79.970091","1511","11","0","0","0","0","0","0","1","1","2","0","0","0","","","1","","1","","40 20:36.310","2","0","79 58:12.327","8","0","0","0","2403","0","0","0","N","0","0","0","3","02403","0","","1.0","","1","N","N","","0","","0","0","2","","2","N","","2","1","0","0","0","1","0","2","0","2","","","","N","","","","","","","","","",""
"2019066211","","1","0","0","0","0","0","0","0","0","7","0","","02","6","2019","7","40.612886","-79.969129","1830","11","0","0","0","0","0","0","0","0","","0","0","0","","","0","","0","","40 36:46.391","","3","79 58:08.864","0","0","0","0","2207","0","0","0","N","0","0","0","2","68T02","0","","2.0","","9","N","N","","0","","0","0","0","","0","","","1","0","0","0","0","0","0","1","0","1","","","","N","","","","","","","","","",""
"2019063989","","0","0","0","0","0","0","0","0","0","4","0","","02","6","2019","2","40.462677","-80.051827","1728","11","0","0","0","0","0","1","0","0","","0","0","0","","","0","","2","","40 27:45.637","","0","80 03:06.576","0","0","0","0","2301","0","0","0","N","0","0","0","2","02301","0","","1.0","","1","N","N","","0","","0","0","2","","2","","","2","0","0","0","0","0","0","2","0","2","","","","N","","","","","","","","","",""
"2019066213","","0","0","0","0","0","0","0","0","0","7","0","","02","6","2019","1","40.589194","-80.098841","0903","11","0","0","0","0","0","0","0","0","1","0","0","0","","","1","","3","","40 35:21.099","2","0","80 05:55.826","3","0","0","0","2481","0","0","0","Y","0","0","0","1","68B03","0","","2.0","","1","N","N","","1","","1","0","0","","0","N","","1","1","0","0","0","0","0","2","0","1","","","","N","","","","","","","","","",""
"2019063858","","1","0","0","0","0","0","0","0","0","4","0","","02","6","2019","2","40.570725","-80.00275","0833","11","0","0","0","0","0","1","0","0","","0","0","0","","","2","","1","","40 34:14.609","","0","80 00:09.899","4","0","0","0","2108","0","0","0","N","0","0","0","3","02108","2","","1.0","","1","N","N","","0","","0","0","1","","2","","","2","2","0","0","0","0","0","2","0","2","","","","N","","","","","","","","","",""
"2019065631","","0","0","0","0","0","0","0","0","0","7","0","","02","6","2019","2","40.293852","-79.917286","0844","11","0","0","0","0","0","0","1","0","2","0","0","0","","","0","","0","","40 17:37.866","1","0","79 55:02.231","0","0","0","0","2440","0","0","0","N","0","0","0","1","02440","0","","5.0","","1","N","N","","0","","0","0","1","","0","N","","1","0","0","0","0","0","0","2","0","1","","","","N","","","","","","","","","",""
"2019066214","","0","0","0","0","0","0","0","0","0","7","0","55","02","6","2019","1","40.573557","-79.863267","0910","11","0","0","0","0","0","0","0","0","","0","0","0","","","0","","0","","40 34:24.806","","0","79 51:47.762","0","0","0","0","2209","0","0","0","N","0","0","0","1","68T02","0","","4.0","","1","N","N","","0","","0","0","1","","0","","","1","0","0","0","0","0","0","2","0","1","","","N","Y","2","1","N","N","N","Y","N","N","N",""
"2019066066","","2","0","0","0","0","0","0","0","0","1","0","","02","6","2019","5","40.352758","-80.140519","1632","11","0","0","0","0","0","0","0","0","1","0","0","0","","","0","","2","","40 21:09.929","3","0","80 08:25.868","0","0","0","0","2119","0","0","0","N","0","0","0","2","02119","0","","1.0","","9","N","N","","0","","0","0","0","","0","N","","2","0","0","0","0","0","0","2","0","2","","","","N","","","","","","","","","",""
"2019066216","","1","0","0","0","0","0","0","0","0","4","0","","02","6","2019","1","40.442804","-80.008877","1651","11","0","0","0","0","0","0","2","0","","0","0","0","","","0","","3","","40 26:34.094","","2","80 00:31.957","0","0","0","0","2301","0","0","0","N","0","0","0","2","68B03","0","","1.0","","1","N","N","","0","","0","0","1","","0","","","2","0","0","0","0","0","0","2","0","2","","","","N","","","","","","","","","",""
"2019065647","","1","0","0","0","0","0","0","0","0","99","0","","02","6","2019","2","40.443621","-79.757456","1305","11","0","0","0","0","0","0","0","0","1","0","0","0","","","0","","1","","40 26:37.035","1","0","79 45:26.842","0","0","0","0","2446","0","0","0","N","0","0","0","2","02446","0","","1.0","","1","N","N","","0","","0","0","0","","2","N","","2","0","0","0","0","0","0","2","0","2","","","","N","","","","","","","","","",""
"2019064323","","0","0","0","0","0","0","0","0","0","1","0","","02","6","2019","5","40.579399","-80.095848","1708","11","0","0","0","0","0","0","0","0","","0","0","0","","","0","","0","","40 34:45.835","","0","80 05:45.054","0","0","0","0","2481","0","0","0","N","0","0","0","3","68B03","0","","1.0","","1","N","N","","0","","0","0","2","","0","","","2","0","0","0","0","0","0","2","0","2","","","","N","","","","","","","","","",""
"2019062504","","1","0","0","0","0","0","0","0","0","2","0","","02","6","2019","2","40.525461","-79.774672","2230","11","0","0","0","0","0","0","0","0","2","0","0","0","","","1","","0","","40 31:31.660","5","0","79 46:28.819","3","0","0","0","2466","0","0","0","N","0","0","0","1","02466","0","","1.0","","1","N","N","","0","","1","0","1","","0","N","","2","1","0","0","0","0","0","2","0","2","","","","N","","","","","","","","","",""
"2019063869","","3","0","0","0","0","0","0","0","0","1","0","45","02","5","2019","4","40.4455","-80.009522","2230","11","0","0","0","1","1","0","0","0","2","0","0","0","","","3","","0","","40 26:43.801","1","0","80 00:34.278","4","0","0","0","2301","0","0","0","N","0","0","0","3","68B03","3","","1.0","","1","N","N","","0","","0","0","0","","0","N","","3","3","0","0","0","0","0","2","0","3","","","Y","Y","4","1","N","N","N","Y","Y","N","Y",""
"2019065689","","2","0","0","0","0","0","0","0","0","1","0","55","02","6","2019","7","40.428484","-79.955761","2210","11","0","0","0","0","0","0","1","0","1","0","0","0","","","0","","0","","40 25:42.544","3","0","79 57:20.741","0","0","0","0","2301","0","0","0","N","0","0","0","4","68B03","0","","1.0","","1","N","N","","0","","0","0","1","","1","N","","3","0","0","0","0","0","0","2","0","3","","","Y","Y","4","2","N","N","N","Y","N","N","Y",""
"2019059932","","1","0","0","0","0","0","0","0","0","5","1","55","02","6","2019","3","40.573392","-79.863031","1330","11","0","0","0","0","0","1","0","1","2","0","1","0","","","0","","0","","40 34:24.212","4","0","79 51:46.912","0","0","0","0","2209","0","0","0","N","0","0","0","2","68T02","0","","1.0","","1","N","N","","0","","0","0","0","","0","N","","2","0","0","0","0","0","0","2","0","2","","","N","Y","2","1","N","N","N","N","N","N","Y",""
"2019066229","","1","0","0","0","0","0","0","0","0","1","0","","02","7","2019","2","40.443692","-80.183561","1444","11","0","0","0","0","0","0","1","0","1","0","0","0","","","5","","0","","40 26:37.290","4","0","80 11:00.818","3","0","0","0","2214","0","0","0","N","0","0","0","5","02214","4","","1.0","","1","N","N","","0","","1","0","1","","0","N","","2","5","0","0","0","0","0","2","0","2","","","","N","","","","","","","","","",""
"2019065852","","3","0","0","0","0","0","0","0","0","1","0","","02","6","2019","4","40.417285","-79.796264","1429","11","0","0","0","0","0","0","2","0","","0","0","0","","","0","","0","","40 25:02.227","","0","79 47:46.552","9","0","0","0","2446","0","0","0","N","0","0","0","5","02446","0","","1.0","","1","N","N","","0","","0","0","0","","0","","","3","0","0","0","0","0","2","2","0","3","","","","N","","","","","","","","","",""
"2019059590","","1","0","0","0","0","0","0","0","0","4","0","","02","6","2019","3","40.384946","-80.053408","1518","11","0","0","0","0","0","0","1","0","2","0","0","0","","","0","","2","","40 23:05.806","1","0","80 03:12.270","0","0","0","0","2109","0","0","0","N","0","0","0","2","02109","0","","1.0","","1","N","N","","0","","0","0","1","","2","Y","","2","0","0","0","0","0","0","2","0","2","","","","N","","","","","","","","","",""
"2019062172","","1","0","0","0","0","0","0","0","0","6","1","","02","6","2019","4","40.397985","-80.185802","1116","11","0","0","0","0","0","0","0","0","","0","1","0","","","0","","3","","40 23:52.746","","0","80 11:08.886","0","0","0","0","2450","0","0","0","N","0","0","0","2","02450","0","","1.0","","1","N","N","","0","","0","0","0","","4","","","2","0","0","0","0","0","0","2","0","2","","","","N","","","","","","","","","",""
"2019066018","","1","0","0","0","0","0","0","0","0","5","0","","02","6","2019","1","40.412846","-79.979712","2033","11","0","0","0","0","0","0","0","0","","0","0","0","","","0","N","0","","40 24:46.246","","7","79 58:46.962","0","0","0","0","2301","0","0","0","N","0","0","0","1","02301","0","","1.0","","1","N","N","","0","","0","0","1","","0","","","2","0","0","0","0","0","0","2","0","2","","","","N","","","","","","","","","",""
"2019059936","","3","0","0","0","0","0","0","0","0","1","0","55","02","6","2019","3","40.425898","-79.911474","2227","11","0","0","0","0","1","0","1","0","2","0","0","0","","","2","","0","","40 25:33.232","4","0","79 54:41.307","3","0","0","0","2301","0","0","0","N","0","0","0","6","68B03","0","","1.0","","1","N","N","","0","","2","0","1","","8","N","","4","2","0","0","0","0","0","2","0","4","","","Y","Y","4","1","N","N","N","Y","N","N","N",""
"2019064199","","2","0","0","0","0","0","0","0","0","2","0","","02","6","2019","2","40.278854","-79.875329","1343","11","1","0","0","0","0","0","1","0","","0","0","0","","","0","","1","","40 16:43.875","","0","79 52:31.186","0","0","0","0","2105","0","0","0","N","0","0","0","3","02105","0","","1.0","","1","N","N","","0","","0","0","0","","2","N","","2","0","0","0","0","0","0","1","0","2","","","","N","","","","","","","","","",""
"2019065694","","1","0","0","0","0","0","0","0","0","1","0","","02","6","2019","3","40.49428","-79.903933","1459","11","0","0","0","0","1","0","0","0","","0","0","0","","","0","","0","","40 29:39.407","","0","79 54:14.159","0","0","0","0","2401","0","0","0","N","0","0","0","3","68D02","0","","1.0","","1","N","N","","0","","0","0","1","","0","","","2","0","0","0","0","0","0","2","0","2","","","","N","","","","","","","","","",""
"2019059591","","2","0","0","0","0","0","0","0","0","4","0","","02","6","2019","3","40.392286","-80.04699","1702","11","0","0","0","0","1","0","0","0","2","0","0","0","","","0","","1","","40 23:32.229","3","0","80 02:49.163","0","0","0","0","2109","0","0","0","N","0","0","0","2","02109","0","","1.0","","1","N","N","","0","","0","0","0","","3","N","","2","0","0","0","0","0","0","2","0","2","","","","N","","","","","","","","","",""
"2019066089","","1","0","0","0","0","0","0","0","0","1","0","","02","6","2019","1","40.283443","-79.837195","1314","11","0","0","0","0","0","0","0","0","","0","0","0","","","1","","2","","40 17:00.395","","0","79 50:13.903","3","0","0","1","2105","0","0","0","N","0","0","0","3","02105","0","","1.0","","1","N","N","","0","","1","0","0","","0","","","2","1","0","0","0","0","0","2","0","2","","","","N","","","","","","","","","",""
"2019065696","","1","0","0","0","0","0","0","0","0","4","0","","02","6","2019","6","40.491558","-79.87516","1156","11","0","0","0","0","0","0","1","0","","0","0","0","","","0","","0","","40 29:29.609","","0","79 52:30.575","0","0","0","0","2112","0","0","0","N","0","0","0","2","68D02","0","","1.0","","1","N","N","","0","","0","0","1","","0","","","2","0","0","0","0","0","0","2","0","2","","","","N","","","","","","","","","",""
"2019066047","","2","0","0","0","0","0","0","0","0","1","0","","02","6","2019","4","40.557846","-80.204791","1438","11","0","0","0","0","0","1","0","0","2","0","0","0","","","3","","2","","40 33:28.246","2","0","80 12:17.246","3","0","0","0","2441","0","0","0","N","0","0","0","4","02441","0","","1.0","","1","N","N","","0","","3","0","0","","2","N","","2","3","1","0","0","0","0","2","0","2","","","","N","","","","","","","","","",""
"2019064332","","1","0","0","0","0","0","0","0","0","1","0","","02","6","2019","7","40.459303","-79.999018","1543","11","0","0","0","0","0","0","1","1","","0","0","0","","","1","","7","","40 27:33.491","","0","79 59:56.466","8","0","0","0","2301","0","0","0","N","0","0","0","2","68B03","0","","1.0","","1","N","N","","0","","0","0","1","","0","","","2","1","0","0","0","1","0","2","0","2","","","","N","","","","","","","","","",""
"2019066247","","0","0","0","0","0","0","0","0","0","7","0","","02","7","2019","2","40.35684","-79.955766","1446","11","0","0","0","0","0","1","0","0","2","1","0","0","","","0","","0","","40 21:24.625","5","0","79 57:20.756","1","0","0","0","2473","0","0","0","Y","0","0","0","1","02473","0","2","4.0","","1","N","N","","0","0","0","0","1","","0","Y","","1","0","1","1","0","0","0","2","0","1","","","","N","","","","","","","","","",""
"2019060258","","1","0","0","0","0","0","0","0","0","1","0","","02","6","2019","4","40.356748","-80.050481","1710","11","0","0","0","1","0","0","0","0","","0","0","0","","","1","N","0","","40 21:24.294","","0","80 03:01.732","3","0","0","0","2109","0","0","0","N","0","0","0","2","02109","0","","1.0","","1","N","N","","0","","1","0","1","","0","","","2","1","0","0","0","0","0","2","0","2","","","","N","","","","","","","","","",""
"2019065870","","2","0","0","0","0","0","0","0","0","5","0","","02","6","2019","7","40.449702","-79.884222","1357","11","0","0","0","1","0","0","1","0","2","0","0","0","","","1","","0","","40 26:58.927","7","0","79 53:03.200","3","0","0","0","2301","0","0","0","N","0","0","0","2","02301","0","","1.0","","1","N","N","","0","","1","0","0","","0","Y","","2","1","0","0","0","0","1","2","0","2","","","","N","","","","","","","","","",""
"2019064176","","2","0","0","0","0","0","0","0","0","4","0","","02","6","2019","3","40.363526","-79.968048","1247","11","0","0","0","0","0","0","1","0","","0","0","0","","","2","","5","","40 21:48.693","","0","79 58:04.971","3","0","0","0","2476","0","0","0","N","0","0","0","4","02476","0","","1.0","","1","N","N","","0","","2","0","0","","3","","","2","2","0","0","0","0","0","2","0","2","","","","N","","","","","","","","","",""
"2019060259","","1","0","0","0","0","0","0","0","0","1","0","","02","6","2019","4","40.513946","-80.198861","1347","11","0","0","0","0","0","0","0","0","2","0","0","0","","","2","","0","","40 30:50.207","5","0","80 11:55.898","3","0","0","0","2213","0","0","0","N","0","0","0","2","02213","1","","1.0","","1","N","N","","0","","1","0","0","","0","N","","2","2","0","0","0","0","0","2","1","2","","","","N","","","","","","","","","",""
"2019064181","","1","0","0","0","0","0","0","0","0","0","0","","02","6","2019","4","40.365517","-79.966292","0715","11","0","0","0","0","0","0","0","0","1","0","0","0","","","0","N","0","","40 21:55.860","6","7","79 57:58.650","0","0","0","0","2476","0","0","0","N","0","0","0","1","02476","0","","4.0","","9","N","N","","0","","0","0","0","","0","Y","","1","0","0","0","0","0","0","2","0","1","","","","N","","","","","","","","","",""
"2019062565","","0","0","0","0","0","0","0","0","0","4","0","","02","6","2019","4","40.56796","-80.049493","0854","11","0","0","0","0","0","0","1","0","1","0","0","0","","","0","","1","","40 34:04.655","1","0","80 02:58.174","0","0","0","0","2108","0","0","0","N","0","0","0","2","02108","0","","1.0","","1","N","N","","1","","0","0","1","","3","N","","2","0","0","0","0","0","0","2","0","2","","","","N","","","","","","","","","",""
"2019064182","","0","0","0","0","0","0","0","0","0","1","0","","02","6","2019","5","40.347742","-79.986464","1521","11","0","0","0","0","0","0","0","0","2","0","0","0","","","0","","0","","40 20:51.870","1","0","79 59:11.270","0","0","0","0","2476","0","0","0","N","0","0","0","2","02476","0","","1.0","","1","N","N","","0","","0","0","2","","0","N","","2","0","0","0","0","0","0","2","0","2","","","","N","","","","","","","","","",""
"2019064214","","2","0","0","0","0","0","0","0","0","1","0","","02","6","2019","3","40.35451","-80.114766","0810","11","0","0","0","0","0","0","0","0","","0","0","0","","","0","","1","","40 21:16.237","","0","80 06:53.157","0","0","0","0","2119","0","0","0","N","0","0","0","2","02119","0","","1.0","","1","N","N","","0","","0","0","0","","0","","","2","0","0","0","0","0","0","2","0","2","","","","N","","","","","","","","","",""
"2019059963","","0","0","0","0","0","0","0","0","0","99","0","","02","6","2019","3","40.656532","-80.080673","1030","11","0","0","0","0","0","0","0","0","","0","0","0","","","0","","0","","40 39:23.516","","0","80 04:50.424","0","0","0","0","2212","0","0","0","N","0","0","0","1","68T02","0","","1.0","","1","N","N","","1","","0","0","0","","0","","","1","0","0","0","0","0","0","2","0","1","","","","N","","","","","","","","","",""
"2019066256","","1","0","0","0","0","0","0","0","0","1","1","","02","7","2019","2","40.487273","-79.895523","1304","11","0","0","0","0","0","0","0","0","1","0","1","0","","","1","","2","","40 29:14.182","2","0","79 53:43.882","8","0","0","0","2301","0","0","0","N","0","0","0","4","02301","0","","1.0","","1","N","N","","0","","0","0","0","","2","N","","2","1","0","0","0","1","0","2","0","2","","","","N","","","","","","","","","",""
"2019065442","","1","0","0","0","0","0","0","0","0","5","0","","02","6","2019","5","40.42901","-79.944826","1452","11","0","0","0","0","0","0","2","0","","0","0","0","","","1","","0","","40 25:44.436","","0","79 56:41.372","3","0","0","0","2301","0","0","0","N","0","0","0","2","68B03","0","","1.0","","1","N","N","","0","","1","0","1","","0","","","2","1","0","0","0","0","0","2","0","2","","","","N","","","","","","","","","",""
"2019062580","","0","0","0","0","0","0","0","0","0","7","1","","02","6","2019","5","40.438552","-80.005748","0720","11","0","0","0","0","0","0","0","0","3","0","1","0","","","0","","5","","40 26:18.786","3","2","80 00:20.693","0","0","0","0","2301","0","0","0","N","0","0","0","1","02301","0","","3.0","","1","N","N","","0","","0","0","0","","2","Y","","1","0","0","0","0","0","0","2","0","1","","","","N","","","","","","","","","",""
"2019059625","","1","0","0","0","0","0","0","0","0","5","1","","02","6","2019","4","40.434102","-79.995891","0529","11","0","0","0","0","0","0","1","0","3","0","1","0","","","1","","6","","40 26:02.768","2","8","79 59:45.207","4","0","0","0","2301","0","0","0","N","0","0","0","2","02301","1","","1.0","","1","N","N","","0","","0","0","0","","0","N","","2","1","0","0","0","0","0","2","0","2","","","","N","","","","","","","","","",""
"2019065915","","1","0","0","0","0","0","0","0","0","1","0","","02","6","2019","6","40.652219","-80.094038","1539","11","0","0","0","0","0","1","1","0","","0","0","0","","","0","","0","","40 39:07.987","","0","80 05:38.537","0","0","0","0","2212","0","0","0","N","0","0","0","3","68B03","0","","1.0","","1","N","N","","0","","0","0","1","","0","","","2","0","0","0","0","0","0","2","0","2","","","","N","","","","","","","","","",""
"2019064570","","1","0","0","0","0","0","1","0","0","8","1","","02","6","2019","4","40.421053","-80.000916","0818","11","0","0","0","0","0","1","0","0","1","0","0","0","","","1","","0","","40 25:15.789","6","0","80 00:03.299","2","0","0","0","2301","1","0","1","N","1","0","1","3","02301","0","","1.0","","1","N","N","","0","","0","1","0","","0","Y","","3","1","0","0","0","0","0","2","0","2","","","","N","","","","","","","","","",""