"CRN","ARRIVAL_TM","AUTOMOBILE_COUNT","BELTED_DEATH_COUNT","BELTED_SUSP_SERIOUS_INJ_COUNT","BICYCLE_COUNT","BICYCLE_DEATH_COUNT","BICYCLE_SUSP_SERIOUS_INJ_COUNT","BUS_COUNT","CHLDPAS_DEATH_COUNT","CHLDPAS_SUSP_SERIOUS_INJ_COUNT","COLLISION_TYPE","COMM_VEH_COUNT","CONS_ZONE_SPD_LIM","COUNTY","CRASH_MONTH","CRASH_YEAR","DAY_OF_WEEK","DEC_LATITUDE","DEC_LONGITUDE","DISPATCH_TM","DISTRICT","DRIVER_COUNT_16YR","DRIVER_COUNT_17YR","DRIVER_COUNT_18YR","DRIVER_COUNT_19YR","DRIVER_COUNT_20YR","DRIVER_COUNT_50_64YR","DRIVER_COUNT_65_74YR","DRIVER_COUNT_75PLUS","EST_HRS_CLOSED","FATAL_COUNT","HEAVY_TRUCK_COUNT","HORSE_BUGGY_COUNT","HOUR_OF_DAY","ILLUMINATION","INJURY_COUNT","INTERSECTION_RELATED","INTERSECT_TYPE","LANE_CLOSED","LATITUDE","LN_CLOSE_DIR","LOCATION_TYPE","LONGITUDE","MAX_SEVERITY_LEVEL","MCYCLE_DEATH_COUNT","MCYCLE_SUSP_SERIOUS_INJ_COUNT","MOTORCYCLE_COUNT","MUNICIPALITY","NONMOTR_COUNT","NONMOTR_DEATH_COUNT","NONMOTR_SUSP_SERIOUS_INJ_COUNT","NTFY_HIWY_MAINT","PED_COUNT","PED_DEATH_COUNT","PED_SUSP_SERIOUS_INJ_COUNT","PERSON_COUNT","POLICE_AGCY","POSSIBLE_INJ_COUNT","RDWY_SURF_TYPE_CD","RELATION_TO_ROAD","ROADWAY_CLEARED","ROAD_CONDITION","SCH_BUS_IND","SCH_ZONE_IND","SECONDARY_CRASH","SMALL_TRUCK_COUNT","SPEC_JURIS_CD","SUSP_MINOR_INJ_COUNT","SUSP_SERIOUS_INJ_COUNT","SUV_COUNT","TCD_FUNC_CD","TCD_TYPE","TFC_DETOUR_IND","TIME_OF_DAY","TOTAL_UNITS","TOT_INJ_COUNT","UNBELTED_OCC_COUNT","UNB_DEATH_COUNT","UNB_SUSP_SERIOUS_INJ_COUNT","UNK_INJ_DEG_COUNT","UNK_INJ_PER_COUNT","URBAN_RURAL","VAN_COUNT","VEHICLE_COUNT","WEATHER1","WEATHER2","WORKERS_PRES","WORK_ZONE_IND","WORK_ZONE_LOC","WORK_ZONE_TYPE","WZ_CLOSE_DETOUR","WZ_FLAGGER","WZ_LAW_OFFCR_IND","WZ_LN_CLOSURE","WZ_MOVING","WZ_OTHER","WZ_SHLDER_MDN","WZ_WORKERS_INJ_KILLED"
"2019063910","","0","0","0","0","0","0","0","0","0","1","0","","02","6","2019","6","40.430421","-80.026996","1735","11","0","0","0","0","0","1","0","0","","0","0","0","","","1","","0","","40 25:49.515","","0","80 01:37.185","4","0","0","0","2301","0","0","0","N","0","0","0","2","68B03","1","","1.0","","1","N","N","","1","","0","0","1","","0","","","2","1","0","0","0","0","0","2","0","2","","","","N","","","","","","","","","",""
"2019059849","","2","0","0","0","0","0","0","0","0","4","0","","02","6","2019","7","40.369154","-80.035009","1805","11","0","0","2","0","0","0","0","0","","0","0","0","","","0","N","0","","40 22:08.953","","7","80 02:06.034","0","0","0","0","2416","0","0","0","N","0","0","0","3","02416","0","","1.0","","1","N","N","","0","","0","0","1","","0","","","3","0","0","0","0","0","0","2","0","3","","","","N","","","","","","","","","",""
"2019065919","","2","0","0","0","0","0","0","0","0","1","0","","02","6","2019","7","40.428417","-79.927902","1610","11","0","0","0","0","0","1","0","0","","0","0","0","","","0","","0","","40 25:42.302","","0","79 55:40.447","0","0","0","0","2301","0","0","0","N","0","0","0","3","68B03","0","","1.0","","1","N","N","","0","","0","0","1","","0","","","3","0","0","0","0","0","0","2","0","3","","","","N","","","","","","","","","",""
"2019065715","","1","0","0","0","0","0","0","0","0","1","0","","02","6","2019","6","40.414789","-80.061727","1455","11","0","0","0","0","0","0","0","0","","0","0","0","","","1","","0","","40 24:53.242","","0","80 03:42.216","3","0","0","0","2435","0","0","0","N","0","0","0","3","68B03","0","","1.0","","1","N","N","","1","","1","0","0","","0","","","2","1","0","0","0","0","0","2","0","2","","","","N","","","","","","","","","",""
"2019064413","","0","0","0","0","0","0","0","0","0","1","0","","02","6","2019","3","40.387321","-79.983861","1656","11","0","0","0","0","0","2","0","0","","0","0","0","","","0","","1","","40 23:14.355","","0","79 59:01.899","0","0","0","0","2301","0","0","0","N","0","0","0","2","02301","0","","1.0","","1","N","N","","1","","0","0","1","","2","N","","2","0","0","0","0","0","0","2","0","2","","","","N","","","","","","","","","",""
"2019065717","","0","0","0","0","0","0","0","0","0","4","1","","02","6","2019","7","40.472473","-80.06172","1259","11","0","0","0","0","0","0","0","0","1","0","1","0","","","0","","1","","40 28:20.903","1","0","80 03:42.191","0","0","0","0","2444","0","0","0","N","0","0","0","2","02444","0","","1.0","","1","N","N","","0","","0","0","1","","0","N","","2","0","0","0","0","0","0","2","0","2","","","","N","","","","","","","","","",""
"2019064416","","1","0","0","0","0","0","0","0","0","4","0","","02","6","2019","3","40.453725","-79.993324","1649","11","0","0","0","0","0","0","0","0","1","0","0","0","","","0","","1","","40 27:13.409","1","0","79 59:35.966","0","0","0","0","2301","0","0","0","N","0","0","0","2","02301","0","","1.0","","1","N","N","","0","","0","0","1","","0","N","","2","0","0","0","0","0","0","2","0","2","","","","N","","","","","","","","","",""
"2019065528","","1","0","0","0","0","0","0","0","0","6","0","","02","6","2019","5","40.3338","-79.842198","1837","11","0","0","0","0","0","1","0","0","","0","1","0","","","0","","0","","40 20:01.679","","0","79 50:31.911","0","0","0","0","2304","0","0","0","N","0","0","0","1","02304","0","","4.0","","9","N","N","","0","","0","0","0","","0","","","2","0","0","0","0","0","0","2","0","2","","","","N","","","","","","","","","",""
"2019065718","","2","0","0","0","0","0","0","0","0","4","0","","02","6","2019","7","40.305877","-79.891873","1149","11","0","0","0","0","0","1","0","0","","0","0","0","","","0","","2","","40 18:21.158","","0","79 53:30.741","0","0","0","0","2302","0","0","0","N","0","0","0","3","02302","0","","1.0","","1","N","N","","0","","0","0","0","","0","N","","2","0","0","0","0","0","0","2","0","2","","","","N","","","","","","","","","",""
"2019059676","","0","0","0","0","0","0","0","0","0","4","1","","02","6","2019","2","40.667154","-80.102148","0926","11","0","0","0","0","0","1","0","0","1","0","1","0","","","0","","1","","40 40:01.754","3","0","80 06:07.732","0","0","0","0","2212","0","0","0","N","0","0","0","2","02505","0","","1.0","","1","N","N","","0","","0","0","1","","2","N","","2","0","0","0","0","0","0","2","0","2","","","","N","","","","","","","","","",""
"2019066323","","3","0","0","0","0","0","0","0","0","1","0","","02","6","2019","1","40.38648","-79.865278","2006","11","0","0","0","0","0","1","0","0","","0","0","0","","","0","","0","","40 23:11.327","","0","79 51:55.000","0","0","0","0","2473","0","0","0","N","0","0","0","3","02473","0","","1.0","","1","N","N","","0","","0","0","0","","0","","","3","0","0","0","0","0","0","2","0","3","","","","N","","","","","","","","","",""
"2019063922","","2","0","0","0","0","0","0","0","0","4","0","","02","6","2019","7","40.362595","-80.110476","2113","11","0","0","0","1","0","1","0","0","1","0","0","0","","","2","","2","","40 21:45.341","7","0","80 06:37.712","3","0","0","0","2414","0","0","0","N","0","0","0","4","02414","0","","1.0","","1","N","N","","0","","2","0","0","","2","Y","","2","2","0","0","0","0","0","2","0","2","","","","N","","","","","","","","","",""
"2019064421","","0","0","0","0","0","0","0","0","0","1","0","","02","6","2019","3","40.487835","-79.920057","1723","11","0","0","0","0","0","2","0","0","","0","0","0","","","1","","3","","40 29:16.205","","0","79 55:12.206","4","0","0","0","2301","0","0","0","N","0","0","0","2","02301","1","","1.0","","1","N","N","","1","","0","0","1","","2","","","2","1","0","0","0","0","0","2","0","2","","","","N","","","","","","","","","",""
"2019063736","","2","0","0","0","0","0","0","0","0","4","0","","02","6","2019","1","40.563239","-79.966847","2037","11","0","0","0","0","0","1","0","0","","0","0","0","","","0","","1","","40 33:47.660","","0","79 58:00.649","0","0","0","0","2207","0","0","0","N","0","0","0","2","02207","0","","1.0","","1","N","N","","0","","0","0","0","","3","","","2","0","0","0","0","0","0","2","0","2","","","","N","","","","","","","","","",""
"2019065733","","0","0","0","0","0","0","0","0","0","7","0","","02","6","2019","7","40.424684","-79.972444","1548","11","0","0","0","0","0","0","0","0","","0","0","0","","","1","","2","","40 25:28.862","","0","79 58:20.800","3","0","0","0","2301","0","0","0","N","0","0","0","1","02301","0","","5.0","","1","N","N","","0","","1","0","1","","0","N","","1","1","0","0","0","0","0","2","0","1","","","","N","","","","","","","","","",""
"2019059694","","1","0","0","0","0","0","0","0","0","3","1","","02","6","2019","4","40.576056","-80.082278","1108","11","0","0","1","0","0","0","0","0","","0","1","0","","","0","","0","","40 34:33.800","","0","80 04:56.200","0","0","0","0","2481","0","0","0","N","0","0","0","2","02481","0","","1.0","","1","N","N","","0","","0","0","0","","0","","","2","0","1","0","0","0","0","2","0","2","","","","N","","","","","","","","","",""
"2019064619","","1","0","0","0","0","0","0","0","0","7","0","","02","5","2019","4","40.439596","-80.111551","1620","11","0","0","0","0","0","1","0","0","","0","0","0","","","0","","0","","40 26:22.546","","0","80 06:41.584","0","0","0","0","2115","0","0","0","N","0","0","0","1","68B03","0","","3.0","","9","N","N","","0","","0","0","0","","0","","","1","0","0","0","0","0","0","2","0","1","","","","N","","","","","","","","","",""
"2019065735","","2","0","0","0","0","0","0","0","0","4","0","","02","6","2019","6","40.589484","-79.953797","1423","11","0","0","0","0","0","0","0","1","3","0","0","0","","","2","","2","","40 35:22.141","4","0","79 57:13.668","4","0","0","0","2207","0","0","0","N","0","0","0","2","02207","2","","1.0","","1","N","N","","0","","0","0","0","","0","Y","","2","2","0","0","0","0","0","2","0","2","","","","N","","","","","","","","","",""
"2019059705","","1","0","0","0","0","0","0","0","0","8","0","","02","6","2019","4","40.476864","-79.787906","1315","11","0","0","0","0","0","0","0","1","","1","0","0","","","0","","0","","40 28:36.711","","0","79 47:16.463","1","0","0","0","2113","1","1","0","N","1","1","0","2","02113","0","2","1.0","","1","N","N","","0","0","0","0","0","","0","","","2","0","0","0","0","0","0","2","0","1","","","","N","","","","","","","","","",""
"2019065913","","1","0","0","0","0","0","0","0","0","7","0","","02","6","2019","5","40.497863","-80.020933","1750","11","0","0","0","0","1","0","0","0","","0","0","0","","","1","","0","","40 29:52.307","","0","80 01:15.358","8","0","0","0","2116","0","0","0","N","0","0","0","2","68B03","0","","4.0","","9","N","N","","0","","0","0","0","","0","","","1","1","0","0","0","1","0","2","0","1","","","","N","","","","","","","","","",""
"2019064266","","1","0","0","0","0","0","0","0","0","1","0","","02","3","2019","2","40.421055","-80.045243","0759","11","0","0","0","0","0","2","0","0","","0","0","0","","","0","","0","","40 25:15.798","","0","80 02:42.873","0","0","0","0","2435","0","0","0","N","0","0","0","2","68B03","0","","1.0","","1","N","N","","0","","0","0","1","","0","","","2","0","0","0","0","0","0","2","0","2","","","","N","","","","","","","","","",""
"2019064624","","0","0","0","0","0","0","0","0","0","1","0","","02","6","2019","3","40.420934","-80.04232","1105","11","0","0","0","0","0","0","0","0","","0","1","0","","","0","","0","","40 25:15.364","","0","80 02:32.351","0","0","0","0","2435","0","0","0","N","0","0","0","10","68B03","0","","1.0","","1","N","N","","0","","0","0","0","","0","","","2","0","0","0","0","0","0","2","1","2","","","","N","","","","","","","","","",""
"2019062227","","0","0","0","0","0","0","0","0","0","1","2","","02","6","2019","2","40.613855","-79.958022","0345","11","0","0","0","0","0","1","0","0","3","0","2","0","","","0","","0","","40 36:49.879","3","0","79 57:28.879","0","0","0","0","2207","0","0","0","N","0","0","0","2","68T02","0","","1.0","","9","N","N","","0","","0","0","0","","0","Y","","2","0","0","0","0","0","0","2","0","2","","","","N","","","","","","","","","",""
"2019064391","","1","0","0","0","0","0","0","0","0","2","0","","02","6","2019","3","40.449839","-79.929647","1634","11","0","0","0","0","0","0","0","0","2","0","0","0","","","3","","1","","40 26:59.420","4","0","79 55:46.729","4","0","0","0","2301","0","0","0","N","0","0","0","3","02301","1","","1.0","","1","N","N","","0","","0","0","1","","2","N","","2","3","0","0","0","2","0","2","0","2","","","","N","","","","","","","","","",""
"2019063762","","1","0","0","0","0","0","0","0","0","4","0","","02","6","2019","1","40.368078","-80.038533","1357","11","0","0","0","0","0","1","0","1","2","0","0","0","","","0","N","0","","40 22:05.081","6","7","80 02:18.719","0","0","0","0","2109","0","0","0","N","0","0","0","4","02109","0","","1.0","","1","N","N","","0","","0","0","1","","0","N","","2","0","0","0","0","0","0","2","0","2","","","","N","","","","","","","","","",""
"2019059711","","1","0","0","0","0","0","1","0","0","1","1","","02","6","2019","2","40.486917","-80.1065","1431","11","0","1","0","0","0","0","0","0","","0","0","0","","","0","","0","","40 29:12.900","","0","80 06:23.400","0","0","0","0","2126","0","0","0","N","0","0","0","8","02126","0","","1.0","","1","Y","N","","0","","0","0","0","","0","N","","2","0","0","0","0","0","0","2","0","2","","","","N","","","","","","","","","",""
"2019064268","","1","0","0","0","0","0","0","0","0","7","0","","02","4","2019","6","40.438802","-79.752123","0230","11","0","0","0","0","0","0","0","0","1","0","0","0","","","1","","6","","40 26:19.687","4","0","79 45:07.643","3","0","0","0","2446","0","0","0","Y","0","0","0","1","68B03","0","","4.0","","9","N","N","","0","","1","0","0","","0","N","","1","1","0","0","0","0","0","2","0","1","","","","N","","","","","","","","","",""
"2019064630","","1","0","0","0","0","0","0","0","0","1","0","55","02","6","2019","2","40.50718","-80.040326","1326","11","0","0","0","0","0","0","2","0","2","0","0","0","","","0","","0","","40 30:25.848","2","0","80 02:25.173","0","0","0","0","2116","0","0","0","N","0","0","0","4","68B03","0","","1.0","","1","N","N","","0","","0","0","1","","0","N","","2","0","1","0","0","0","0","2","0","2","","","Y","Y","3","2","N","N","Y","Y","N","N","N",""
"2019066192","","1","0","0","0","0","0","0","0","0","4","1","","02","6","2019","5","40.55361","-79.835629","1005","11","0","0","0","0","0","1","0","0","","0","1","0","","","0","","0","","40 33:12.995","","0","79 50:08.263","0","0","0","0","2208","0","0","0","N","0","0","0","2","68T02","0","","1.0","","1","N","N","","0","","0","0","0","","0","","","2","0","0","0","0","0","0","2","0","2","","","","N","","","","","","","","","",""
"2019065398","","0","0","0","0","0","0","0","0","0","1","1","","02","6","2019","6","40.434088","-79.965367","1238","11","0","0","0","0","0","1","0","0","","0","1","0","","","3","","1","","40 26:02.716","","0","79 57:55.321","3","0","0","0","2301","0","0","0","N","0","0","0","4","02301","0","","1.0","","1","N","N","","0","","3","0","1","","2","","","2","3","0","0","0","0","0","2","0","2","","","","N","","","","","","","","","",""
"2019062233","","0","0","0","0","0","0","0","0","0","99","0","","02","6","2019","2","40.621414","-79.982029","1512","11","0","0","0","0","0","0","0","0","","0","0","0","","","0","","0","","40 37:17.090","","0","79 58:55.304","0","0","0","0","2217","0","0","0","N","0","0","0","1","68T02","0","","1.0","","1","N","N","","0","","0","0","1","","0","","","1","0","0","0","0","0","0","1","0","1","","","","N","","","","","","","","","",""
"2019064277","","1","0","0","0","0","0","0","0","0","1","1","","02","5","2019","3","40.478739","-80.119474","2052","11","0","0","0","0","0","0","0","0","1","0","1","0","","","1","","0","","40 28:43.459","1","0","80 07:10.108","3","0","0","0","2126","0","0","0","Y","0","0","0","2","68B03","0","","1.0","","1","N","N","","0","","1","0","0","","0","N","","2","1","0","0","0","0","0","2","0","2","","","","N","","","","","","","","","",""
"2019059319","","2","0","0","0","0","0","0","0","0","4","0","","02","6","2019","7","40.362291","-79.826111","1442","11","0","0","0","0","0","0","0","0","2","0","0","0","","","2","","1","","40 21:44.246","5","0","79 49:33.998","8","0","0","0","2111","0","0","0","N","0","0","0","2","02111","0","","1.0","","1","N","N","","0","","0","0","0","","2","Y","","2","2","1","0","0","2","0","2","0","2","","","","N","","","","","","","","","",""
"2019065559","","3","0","0","0","0","0","0","0","0","1","0","","02","6","2019","6","40.320312","-79.94179","1747","11","0","0","0","0","0","1","0","0","","0","0","0","","","0","","0","","40 19:13.124","","0","79 56:30.444","0","0","0","0","2454","0","0","0","N","0","0","0","3","02454","0","","1.0","","1","N","N","","0","","0","0","0","","0","N","","3","0","0","0","0","0","0","2","0","3","","","","N","","","","","","","","","",""
"2019065972","","2","0","0","0","0","0","0","0","0","7","0","","02","6","2019","7","40.500441","-79.796488","2349","11","0","0","0","0","0","0","0","0","2","0","0","0","","","0","","0","","40 30:01.589","2","0","79 47:47.356","9","0","0","0","2113","0","0","0","N","0","0","0","1","02113","0","","5.0","","1","N","N","","0","","0","0","0","","0","N","","2","0","0","0","0","0","1","2","0","2","","","","N","","","","","","","","","",""
"2019060148","","0","0","0","0","0","0","0","0","0","7","0","","02","6","2019","6","40.557055","-80.140867","1257","11","0","0","0","0","0","0","0","0","","0","0","0","","","0","","0","","40 33:25.399","","0","80 08:27.120","0","0","0","0","2459","0","0","0","N","0","0","0","1","02459","0","","5.0","","1","N","N","","0","","0","0","1","","0","","","1","0","0","0","0","0","0","1","0","1","","","","N","","","","","","","","","",""
"2019064279","","1","0","0","0","0","0","0","0","0","1","0","","02","5","2019","2","40.428068","-79.92714","1442","11","1","0","0","0","0","1","0","0","1","0","0","0","","","0","","0","","40 25:41.045","4","4","79 55:37.703","9","0","0","0","2301","0","0","0","N","0","0","0","4","68B03","0","","1.0","","1","N","N","","0","","0","0","1","","0","N","","2","0","0","0","0","0","1","2","0","2","","","","N","","","","","","","","","",""
"2019066199","","0","0","0","0","0","0","0","0","0","7","0","","02","6","2019","5","40.451608","-79.754174","1658","11","0","0","0","0","0","0","0","0","","0","0","0","","","0","","0","","40 27:05.789","","0","79 45:15.026","0","0","0","0","2446","0","0","0","N","0","0","0","2","68T02","0","","3.0","","9","N","N","","0","","0","0","1","","0","","","1","0","0","0","0","0","0","2","0","1","","","","N","","","","","","","","","",""
"2019064281","","1","0","0","0","0","0","0","0","0","7","0","","02","5","2019","7","40.445019","-79.851315","1548","11","0","0","0","0","0","0","0","0","2","0","0","0","","","0","","0","","40 26:42.070","3","0","79 51:04.735","0","0","0","0","2419","0","0","0","N","0","0","0","1","68B03","0","","2.0","","1","N","N","","0","","0","0","0","","0","N","","1","0","0","0","0","0","0","2","0","1","","","","N","","","","","","","","","",""
"2019059368","","2","0","0","0","0","0","0","0","0","1","1","","02","6","2019","3","40.349769","-79.931272","1631","11","0","0","0","0","0","3","0","0","2","0","1","0","","","0","","0","","40 20:59.167","3","0","79 55:52.579","0","0","0","0","2473","0","0","0","N","0","0","0","4","02473","0","","1.0","","1","N","N","","0","","0","0","1","","0","Y","","4","0","0","0","0","0","0","2","0","4","","","","N","","","","","","","","","",""
"2019059392","","1","0","0","0","0","0","0","0","0","1","1","","02","6","2019","2","40.340798","-79.915229","1724","11","0","0","0","0","0","2","0","0","1","0","1","0","","","1","","3","","40 20:26.873","2","0","79 54:54.823","8","0","0","0","2473","0","0","0","N","0","0","0","2","02473","0","","1.0","","9","N","N","","0","","0","0","0","","0","N","","2","1","0","0","0","1","0","2","0","2","","","","N","","","","","","","","","",""
"2019065786","","2","0","0","0","0","0","0","0","0","4","0","","02","6","2019","7","40.352495","-79.850992","1958","11","0","0","0","0","0","1","0","0","","0","0","0","","","2","","2","","40 21:08.981","","0","79 51:03.570","4","0","0","0","2304","0","0","0","N","0","0","0","3","02304","2","","1.0","","1","N","N","","0","","0","0","0","","2","","","2","2","0","0","0","0","0","2","0","2","","","","N","","","","","","","","","",""
"2019063834","","1","0","0","0","0","0","0","0","0","2","0","","02","6","2019","7","40.56796","-80.049493","1258","11","0","0","0","1","0","0","0","0","","0","0","0","","","1","","1","","40 34:04.655","","0","80 02:58.174","8","0","0","0","2108","0","0","0","N","0","0","0","2","02108","0","","1.0","","1","N","N","","0","","0","0","1","","0","","","2","1","0","0","0","1","0","2","0","2","","","","N","","","","","","","","","",""
"2019070523","","0","0","0","0","0","0","0","0","0","4","0","","02","7","2019","6","40.453223","-80.039692","1915","11","0","0","0","0","0","0","0","0","","0","0","0","","","1","","0","","40 27:11.602","","0","80 02:22.890","3","0","0","0","2301","0","0","0","N","0","0","0","2","02301","0","","1.0","","1","N","N","","0","","1","0","1","","0","N","","2","1","0","0","0","0","1","2","1","2","","","","N","","","","","","","","","",""
"2019070535","","1","0","0","0","0","0","0","0","0","7","0","","02","6","2019","5","40.521478","-80.1735","2207","11","0","0","0","0","0","0","0","0","1","0","0","0","","","0","","0","","40 31:17.320","1","0","80 10:24.600","0","0","0","0","2420","0","0","0","N","0","0","0","1","02420","0","","5.0","","1","N","N","","0","","0","0","0","","0","N","","1","0","0","0","0","0","0","2","0","1","","","","N","","","","","","","","","",""
"2019071137","","1","0","0","0","0","0","0","0","0","4","0","","02","7","2019","2","40.455122","-80.220757","1726","11","0","0","0","0","0","1","1","0","","0","0","0","","","1","","2","","40 27:18.439","","0","80 13:14.724","3","0","0","1","2214","0","0","0","N","0","0","0","3","02214","0","","1.0","","1","N","N","","0","","1","0","0","","3","","","2","1","0","0","0","0","0","2","0","2","","","","N","","","","","","","","","",""
"2019065617","","1","0","2","0","0","0","0","0","0","2","0","","02","6","2019","7","40.480381","-79.800506","0153","11","0","0","0","0","0","0","0","0","5","1","0","0","","","3","","0","","40 28:49.370","5","0","79 48:01.821","1","0","0","0","2113","0","0","0","N","0","0","0","4","02113","0","2","1.0","","1","N","N","","1","0","0","3","1","","0","Y","","3","3","0","0","0","0","0","2","0","3","","","","N","","","","","","","","","",""
"2019069186","","1","0","0","0","0","0","1","0","0","2","1","","02","7","2019","6","40.511434","-80.027503","1006","11","0","0","0","0","0","2","0","0","","0","0","0","","","0","","1","","40 30:41.162","","0","80 01:39.010","0","0","0","0","2474","0","0","0","N","0","0","0","2","02503","0","","1.0","","1","N","N","","0","","0","0","0","","0","N","","2","0","0","0","0","0","0","2","0","2","","","","N","","","","","","","","","",""
"2019071139","","1","0","0","0","0","0","0","0","0","8","0","","02","7","2019","2","40.454739","-79.932547","1811","11","0","0","0","0","0","0","0","0","1","0","0","0","","","1","","1","","40 27:17.060","2","0","79 55:57.169","3","0","0","0","2301","1","0","0","N","1","0","0","2","02301","0","","1.0","","1","N","N","","0","","1","0","0","","2","N","","2","1","0","0","0","0","0","2","0","1","","","","N","","","","","","","","","",""
"2019072425","","1","0","0","0","0","0","0","0","0","99","0","","02","7","2019","3","40.442291","-79.752982","0133","11","0","0","0","0","0","0","0","0","","0","0","0","","","0","","0","","40 26:32.248","","0","79 45:10.734","0","0","0","0","2446","0","0","0","N","0","0","0","1","68T02","0","","1.0","","1","N","N","","0","","0","0","0","","0","","","1","0","0","0","0","0","0","2","0","1","","","","N","","","","","","","","","",""
"2019072620","","2","0","0","0","0","0","0","0","0","1","0","","02","7","2019","4","40.425679","-79.909998","1004","11","0","0","0","0","0","1","0","0","","0","0","0","","","1","","0","","40 25:32.443","","0","79 54:35.993","3","0","0","0","2301","0","0","0","N","0","0","0","7","68B03","0","","1.0","","1","N","N","","0","","1","0","2","","0","","","4","1","0","0","0","0","0","2","0","4","","","","N","","","","","","","","","",""
"2019071147","","1","0","0","0","0","0","0","0","0","1","0","","02","7","2019","2","40.627121","-80.019359","1717","11","0","1","0","0","0","2","0","0","1","0","0","0","","","0","","0","","40 37:37.637","3","0","80 01:09.691","0","0","0","0","2216","0","0","0","N","0","0","0","3","02505","0","","1.0","","1","N","N","","1","","0","0","1","","0","N","","3","0","0","0","0","0","0","1","0","3","","","","N","","","","","","","","","",""
"2019071643","","0","0","0","0","0","0","0","0","0","1","0","","02","6","2019","3","40.381743","-79.776166","1630","11","0","0","0","0","0","0","0","0","3","0","0","0","","","0","","0","","40 22:54.274","1","0","79 46:34.197","0","0","0","0","2111","0","0","0","N","0","0","0","4","02111","0","","1.0","","1","N","N","","3","","0","0","0","","0","N","","3","0","0","0","0","0","0","2","0","3","","","","N","","","","","","","","","",""
"2019066502","","1","0","0","0","0","0","0","0","0","4","0","","02","7","2019","2","40.35572","-80.050361","1132","11","0","0","0","0","1","0","1","0","1","0","0","0","","","0","","2","","40 21:20.591","2","0","80 03:01.298","0","0","0","0","2109","0","0","0","N","0","0","0","4","02109","0","","1.0","","1","N","N","","0","","0","0","2","","3","N","","3","0","0","0","0","0","0","2","0","3","","","","N","","","","","","","","","",""
"2019071653","","2","0","0","0","0","0","0","0","0","4","0","","02","7","2019","7","40.36913","-79.975666","1546","11","0","0","0","0","0","0","0","0","1","0","0","0","","","1","","0","","40 22:08.869","2","0","79 58:32.396","3","0","0","0","2413","0","0","0","N","0","0","0","1","02413","0","","6.0","","1","N","N","","1","","1","0","0","","0","N","","3","1","0","0","0","0","0","2","0","3","","","","Y","","","","","","","","","",""
"2019069202","","2","0","0","0","0","0","0","0","0","2","0","","02","7","2019","4","40.397668","-79.769328","0834","11","0","0","0","0","0","1","0","0","1","0","0","0","","","2","","1","","40 23:51.606","2","0","79 46:09.579","8","0","0","0","2446","0","0","0","N","0","0","0","2","02446","0","","1.0","","1","N","N","","0","","0","0","0","","2","N","","2","2","0","0","0","2","0","2","0","2","","","","N","","","","","","","","","",""
"2019071683","","2","0","0","0","0","0","0","0","0","1","0","","02","7","2019","2","40.424015","-79.978171","0019","11","0","0","0","0","0","0","0","0","","0","0","0","","","0","","0","","40 25:26.454","","0","79 58:41.416","9","0","0","0","2301","0","0","0","N","0","0","0","1","02301","0","","4.0","","1","N","N","","0","","0","0","0","","0","","","3","0","0","0","0","0","1","2","0","3","","","","N","","","","","","","","","",""
"2019066126","","2","0","0","0","0","0","0","0","0","4","0","","02","7","2019","2","40.4578","-79.823289","0845","11","0","0","0","0","0","1","0","0","2","0","0","0","","","2","","0","","40 27:28.080","5","0","79 49:23.839","3","0","0","0","2113","0","0","0","N","0","0","0","3","02113","0","","1.0","","1","N","N","","0","","2","0","0","","0","Y","","2","2","0","0","0","0","0","2","0","2","","","","N","","","","","","","","","",""
"2019069222","","1","0","0","0","0","0","0","0","0","1","0","","02","7","2019","4","40.444593","-79.828285","1139","11","0","0","0","0","0","1","0","0","","0","0","0","","","1","","0","","40 26:40.533","","0","79 49:41.825","8","0","0","0","2113","0","0","0","N","0","0","0","2","02113","0","","1.0","","1","N","N","","0","","0","0","1","","2","","","2","1","0","0","0","1","0","2","0","2","","","","N","","","","","","","","","",""
"2019070870","","2","0","0","0","0","0","0","0","0","1","0","","02","7","2019","3","40.438721","-79.747122","0610","11","0","0","0","0","0","0","0","1","2","0","0","0","","","1","","0","","40 26:19.396","4","0","79 44:49.639","8","0","0","0","2446","0","0","0","N","0","0","0","4","02446","0","","1.0","","1","N","N","","1","","0","0","0","","2","N","","3","1","0","0","0","1","0","2","0","3","","","","N","","","","","","","","","",""
"2019070990","","1","0","0","0","0","0","0","0","0","7","0","","02","6","2019","7","40.427588","-79.950491","0054","11","0","0","0","0","0","0","0","0","","0","0","0","","","0","","0","","40 25:39.318","","0","79 57:01.769","0","0","0","0","2301","0","0","0","N","0","0","0","1","68B03","0","","2.0","","1","N","N","","0","","0","0","0","","0","","","1","0","0","0","0","0","0","2","0","1","","","","N","","","","","","","","","",""
"2019066511","","0","0","0","0","0","0","0","0","0","8","1","","02","6","2019","4","40.449602","-80.087546","0720","11","0","0","0","0","0","1","0","0","3","0","0","0","","","1","","2","","40 26:58.567","7","0","80 05:15.165","2","0","0","0","2301","1","0","1","N","1","0","1","2","02301","0","","1.0","","1","N","N","","0","","0","1","1","","3","Y","","3","1","1","0","0","0","0","2","0","2","","","","N","","","","","","","","","",""