"CRN","ARRIVAL_TM","AUTOMOBILE_COUNT","BELTED_DEATH_COUNT","BELTED_SUSP_SERIOUS_INJ_COUNT","BICYCLE_COUNT","BICYCLE_DEATH_COUNT","BICYCLE_SUSP_SERIOUS_INJ_COUNT","BUS_COUNT","CHLDPAS_DEATH_COUNT","CHLDPAS_SUSP_SERIOUS_INJ_COUNT","COLLISION_TYPE","COMM_VEH_COUNT","CONS_ZONE_SPD_LIM","COUNTY","CRASH_MONTH","CRASH_YEAR","DAY_OF_WEEK","DEC_LATITUDE","DEC_LONGITUDE","DISPATCH_TM","DISTRICT","DRIVER_COUNT_16YR","DRIVER_COUNT_17YR","DRIVER_COUNT_18YR","DRIVER_COUNT_19YR","DRIVER_COUNT_20YR","DRIVER_COUNT_50_64YR","DRIVER_COUNT_65_74YR","DRIVER_COUNT_75PLUS","EST_HRS_CLOSED","FATAL_COUNT","HEAVY_TRUCK_COUNT","HORSE_BUGGY_COUNT","HOUR_OF_DAY","ILLUMINATION","INJURY_COUNT","INTERSECTION_RELATED","INTERSECT_TYPE","LANE_CLOSED","LATITUDE","LN_CLOSE_DIR","LOCATION_TYPE","LONGITUDE","MAX_SEVERITY_LEVEL","MCYCLE_DEATH_COUNT","MCYCLE_SUSP_SERIOUS_INJ_COUNT","MOTORCYCLE_COUNT","MUNICIPALITY","NONMOTR_COUNT","NONMOTR_DEATH_COUNT","NONMOTR_SUSP_SERIOUS_INJ_COUNT","NTFY_HIWY_MAINT","PED_COUNT","PED_DEATH_COUNT","PED_SUSP_SERIOUS_INJ_COUNT","PERSON_COUNT","POLICE_AGCY","POSSIBLE_INJ_COUNT","RDWY_SURF_TYPE_CD","RELATION_TO_ROAD","ROADWAY_CLEARED","ROAD_CONDITION","SCH_BUS_IND","SCH_ZONE_IND","SECONDARY_CRASH","SMALL_TRUCK_COUNT","SPEC_JURIS_CD","SUSP_MINOR_INJ_COUNT","SUSP_SERIOUS_INJ_COUNT","SUV_COUNT","TCD_FUNC_CD","TCD_TYPE","TFC_DETOUR_IND","TIME_OF_DAY","TOTAL_UNITS","TOT_INJ_COUNT","UNBELTED_OCC_COUNT","UNB_DEATH_COUNT","UNB_SUSP_SERIOUS_INJ_COUNT","UNK_INJ_DEG_COUNT","UNK_INJ_PER_COUNT","URBAN_RURAL","VAN_COUNT","VEHICLE_COUNT","WEATHER1","WEATHER2","WORKERS_PRES","WORK_ZONE_IND","WORK_ZONE_LOC","WORK_ZONE_TYPE","WZ_CLOSE_DETOUR","WZ_FLAGGER","WZ_LAW_OFFCR_IND","WZ_LN_CLOSURE","WZ_MOVING","WZ_OTHER","WZ_SHLDER_MDN","WZ_WORKERS_INJ_KILLED"
"2019068288","","1","0","0","0","0","0","0","0","0","7","0","","02","7","2019","1","40.470877","-80.032117","0345","11","0","0","0","0","0","0","0","0","","0","0","0","","","0","","2","","40 28:15.157","","0","80 01:55.621","9","0","0","0","2301","0","0","0","N","0","0","0","4","02301","0","","5.0","","1","N","N","","0","","0","0","0","","0","N","","1","0","0","0","0","0","4","2","0","1","","","","N","","","","","","","","","",""
"2019069556","","2","0","0","0","0","0","0","0","0","1","0","","02","7","2019","2","40.399122","-79.988999","0318","11","0","0","0","0","0","0","0","0","","0","0","0","","","1","","0","","40 23:56.839","","0","79 59:20.395","3","0","0","0","2301","0","0","0","N","0","0","0","1","02301","0","","6.0","","1","N","N","","0","","1","0","0","","0","N","","2","1","0","0","0","0","0","2","0","2","","","","N","","","","","","","","","",""
"2019067300","","2","0","0","0","0","0","0","0","0","1","0","","02","6","2019","1","40.445432","-80.00951","1339","11","0","0","0","0","0","1","0","0","1","0","0","0","","","0","","0","","40 26:43.555","1","3","80 00:34.236","0","0","0","0","2301","0","0","0","N","0","0","0","3","68B03","0","","1.0","","1","N","N","","0","","0","0","1","","0","N","","3","0","0","0","0","0","0","2","0","3","","","","N","","","","","","","","","",""
"2019067769","","0","0","0","0","0","0","1","0","0","7","1","","02","7","2019","6","40.563819","-79.904749","1648","11","0","0","0","0","0","1","0","0","","0","0","0","","","8","","0","","40 33:49.750","","7","79 54:17.096","8","0","0","0","2209","0","0","0","Y","0","0","0","19","02209","0","","2.0","","1","N","N","","0","","0","0","0","","3","","","1","8","0","0","0","8","0","1","0","1","","","","N","","","","","","","","","",""
"2019067775","","0","0","0","0","0","0","0","0","0","7","0","","02","7","2019","6","40.318725","-80.114812","1530","11","0","0","0","0","0","0","0","0","2","0","0","0","","","0","","1","","40 19:07.409","4","0","80 06:53.324","0","0","0","0","2123","0","0","0","N","0","0","0","1","02123","0","","1.0","","9","N","N","","0","","0","0","2","","1","Y","","2","0","0","0","0","0","0","2","0","2","","","","N","","","","","","","","","",""
"2019067971","","2","0","0","0","0","0","0","0","0","1","0","","02","6","2019","5","40.397962","-79.875924","1809","11","0","0","1","0","0","0","1","0","","0","0","0","","","0","","0","","40 23:52.662","","0","79 52:33.327","0","0","0","0","2473","0","0","0","N","0","0","0","2","02473","0","","1.0","","9","N","N","","0","","0","0","0","","0","N","","2","0","0","0","0","0","0","2","0","2","","","","N","","","","","","","","","",""
"2019070043","","1","0","0","0","0","0","0","0","0","5","0","","02","7","2019","5","40.520201","-79.842838","1158","11","0","0","0","0","0","0","0","1","1","0","0","0","","","1","","0","","40 31:12.725","2","0","79 50:34.218","4","0","0","0","2451","0","0","0","N","0","0","0","2","02451","1","","4.0","","9","N","N","","0","","0","0","1","","0","N","","3","1","0","0","0","0","0","2","1","3","","","","N","","","","","","","","","",""
"2019061625","","1","0","0","0","0","0","0","0","0","7","0","","02","6","2019","6","40.464054","-79.985931","0305","11","0","0","0","0","0","0","0","0","3","0","0","0","","","1","","0","","40 27:50.594","6","0","79 59:09.350","2","0","0","0","2301","0","0","0","N","0","0","0","1","02301","0","","5.0","","1","N","N","","0","","0","1","0","","0","Y","","1","1","0","0","0","0","0","2","0","1","","","","N","","","","","","","","","",""
"2019068403","","1","0","0","0","0","0","0","0","0","4","0","","02","7","2019","2","40.428322","-79.973013","1133","11","0","0","0","0","1","0","0","0","","0","0","0","","","0","","1","","40 25:41.960","","0","79 58:22.848","0","0","0","0","2301","0","0","0","N","0","0","0","2","02301","0","","1.0","","1","N","N","","0","","0","0","1","","3","","","2","0","0","0","0","0","0","2","0","2","","","","N","","","","","","","","","",""
"2019069588","","0","0","0","0","0","0","0","0","0","4","0","","02","7","2019","4","40.566019","-79.998695","1119","11","0","0","0","1","0","0","0","0","1","0","0","0","","","1","N","0","","40 33:57.667","4","7","79 59:55.302","4","0","0","0","2108","0","0","0","N","0","0","0","2","02108","1","","1.0","","1","N","N","","0","","0","0","1","","0","N","","2","1","0","0","0","0","0","2","1","2","","","","N","","","","","","","","","",""
"2019067793","","2","0","0","0","0","0","0","0","0","1","0","","02","7","2019","7","40.474541","-79.85032","0004","11","0","0","0","0","1","0","0","0","1","0","0","0","","","2","","0","","40 28:28.348","3","0","79 51:01.152","4","0","0","0","2113","0","0","0","N","0","0","0","2","02113","1","","1.0","","1","N","","","0","","0","0","0","","0","N","","2","2","0","0","0","1","0","2","0","2","","","","N","","","","","","","","","",""
"2019068382","","2","0","0","0","0","0","0","0","0","2","0","","02","7","2019","7","40.464237","-79.941652","1830","11","0","0","0","0","0","0","0","0","","0","0","0","","","0","","0","","40 27:51.253","","0","79 56:29.948","0","0","0","0","2301","0","0","0","N","0","0","0","1","02301","0","","1.0","","9","N","N","","0","","0","0","0","","0","","","2","0","0","0","0","0","0","2","0","2","","","","N","","","","","","","","","",""
"2019066883","","1","0","0","0","0","0","0","0","0","1","0","","02","7","2019","2","40.533269","-79.847234","1734","11","0","0","0","0","0","1","0","0","2","0","0","0","","","2","","0","","40 31:59.767","1","3","79 50:50.041","3","0","0","0","2208","0","0","0","N","0","0","0","3","68D02","0","","1.0","","1","N","N","","0","","2","0","1","","0","N","","2","2","0","0","0","0","0","2","0","2","","","","N","","","","","","","","","",""
"2019069453","","0","0","0","0","0","0","0","0","0","1","0","","02","6","2019","7","40.448","-80.164342","1507","11","0","0","0","0","0","0","0","0","","0","0","0","","","2","","6","","40 26:52.799","","2","80 09:51.631","4","0","0","0","2115","0","0","0","N","0","0","0","5","68B03","2","","1.0","","1","N","N","","1","","0","0","1","","4","","","2","2","0","0","0","0","1","2","0","2","","","","N","","","","","","","","","",""
"2019068384","","1","0","0","0","0","0","1","0","0","5","1","","02","7","2019","2","40.437264","-80.000546","0925","11","0","0","0","0","0","1","0","1","2","0","0","0","","","1","","1","","40 26:14.152","7","0","80 00:01.966","4","0","0","0","2301","0","0","0","N","0","0","0","2","02503","1","","1.0","","1","N","N","","0","","0","0","0","","3","Y","","2","1","0","0","0","0","0","2","0","2","","","","N","","","","","","","","","",""
"2019069861","","2","0","0","0","0","0","0","0","0","4","0","","02","6","2019","5","40.501996","-80.204806","1649","11","0","0","0","0","0","0","0","0","1","0","0","0","","","0","","1","","40 30:07.184","7","0","80 12:17.303","0","0","0","0","2213","0","0","0","N","0","0","0","2","02213","0","","1.0","","1","N","N","","0","","0","0","0","","3","N","","2","0","0","0","0","0","0","2","0","2","","","","N","","","","","","","","","",""
"2019067988","","2","0","0","0","0","0","0","0","0","6","0","","02","7","2019","6","40.524514","-79.819888","1537","11","0","0","0","0","0","1","0","0","2","0","0","0","","","0","","0","","40 31:28.252","3","0","79 49:11.598","0","0","0","0","2466","0","0","0","N","0","0","0","2","68T02","0","","1.0","","1","N","N","","0","","0","0","0","","0","N","","2","0","0","0","0","0","0","2","0","2","","","","N","","","","","","","","","",""
"2019068394","","0","0","0","0","0","0","0","0","0","1","0","","02","7","2019","6","40.594707","-79.992047","0957","11","0","0","0","0","0","1","0","0","","0","1","0","","","0","","0","","40 35:40.945","","0","79 59:31.368","0","0","0","0","2108","0","0","0","N","0","0","0","2","02108","0","","1.0","","1","N","N","","0","","0","0","1","","0","","","2","0","0","0","0","0","0","1","0","2","","","","N","","","","","","","","","",""
"2019069864","","2","0","0","0","0","0","0","0","0","1","0","","02","7","2019","3","40.526058","-80.183178","1754","11","0","0","0","0","0","1","0","0","","0","0","0","","","1","","0","","40 31:33.808","","0","80 10:59.439","8","0","0","0","2213","0","0","0","N","0","0","0","2","02213","0","","1.0","","1","N","N","","0","","0","0","0","","2","","","2","1","0","0","0","1","0","2","0","2","","","","N","","","","","","","","","",""
"2019069455","","1","0","0","0","0","0","0","0","0","7","0","","02","6","2019","1","40.47908","-80.007301","0456","11","0","0","0","0","0","0","0","0","2","0","0","0","","","1","","0","","40 28:44.688","1","0","80 00:26.284","3","0","0","0","2301","0","0","0","N","0","0","0","1","68B03","0","","3.0","","1","N","N","","0","","1","0","0","","0","N","","1","1","1","0","0","0","0","2","0","1","","","","N","","","","","","","","","",""
"2019067500","","1","0","0","0","0","0","0","0","0","5","1","","02","6","2019","5","40.475408","-79.970464","0821","11","0","0","0","0","0","0","0","0","1","0","1","0","","","1","","0","","40 28:31.470","2","0","79 58:13.669","4","0","0","0","2445","0","0","0","Y","0","0","0","2","02445","1","","1.0","","1","","","","0","","0","0","0","","0","N","","2","1","0","0","0","0","0","2","0","2","","","","N","","","","","","","","","",""
"2019069866","","1","0","0","0","0","0","0","0","0","7","0","","02","7","2019","7","40.480929","-80.181192","1048","11","0","1","0","0","0","0","0","0","","0","0","0","","","0","","0","","40 28:51.346","","0","80 10:52.291","0","0","0","0","2213","0","0","0","N","0","0","0","1","02213","0","","5.0","","1","N","N","","0","","0","0","0","","0","","","1","0","0","0","0","0","0","2","0","1","","","","N","","","","","","","","","",""
"2019067991","","0","0","0","0","0","0","0","0","0","1","0","","02","7","2019","7","40.437453","-79.959999","1906","11","0","0","0","0","0","0","0","0","1","0","0","0","","","1","","0","","40 26:14.830","1","0","79 57:35.998","3","0","0","0","2301","0","0","0","N","0","0","0","2","02301","0","","1.0","","1","N","N","","0","","1","0","2","","0","N","","2","1","0","0","0","0","0","2","0","2","","","","N","","","","","","","","","",""
"2019069868","","2","0","0","0","0","0","0","0","0","4","0","","02","7","2019","7","40.487815","-80.189443","2304","11","0","0","0","0","1","0","0","0","2","0","0","0","","","0","","1","","40 29:16.135","7","0","80 11:21.993","0","0","0","0","2213","0","0","0","N","0","0","0","3","02213","0","","1.0","","1","N","N","","0","","0","0","0","","2","Y","","2","0","0","0","0","0","0","2","0","2","","","","N","","","","","","","","","",""
"2019066902","","0","0","0","0","0","0","0","0","0","7","0","","02","6","2019","6","40.513446","-80.032305","2256","11","0","0","0","0","0","0","0","0","","0","0","0","","","0","","0","","40 30:48.404","","0","80 01:56.299","0","0","0","0","2116","0","0","0","N","0","0","0","1","02116","0","","5.0","","1","N","N","","1","","0","0","0","","0","","","1","0","0","0","0","0","0","2","0","1","","","","N","","","","","","","","","",""
"2019067507","","0","0","0","0","0","0","0","0","0","0","0","","02","7","2019","2","40.508571","-79.986759","2005","11","0","0","0","0","0","0","0","0","1","0","0","0","","","1","","0","","40 30:30.856","5","0","79 59:12.334","8","0","0","1","2116","0","0","0","N","0","0","0","1","02116","0","","1.0","","1","N","N","","0","","0","0","0","","0","N","","1","1","0","0","0","1","0","2","0","1","","","","N","","","","","","","","","",""
"2019066908","","0","0","0","0","0","0","0","0","0","6","0","","02","7","2019","3","40.61606","-80.093248","2045","11","0","0","0","0","0","1","1","0","","0","0","0","","","0","","1","","40 36:57.815","","0","80 05:35.694","0","0","0","0","2212","0","0","0","N","0","0","0","3","02505","0","","1.0","","9","N","N","","0","","0","0","2","","2","","","2","0","0","0","0","0","0","2","0","2","","","","N","","","","","","","","","",""
"2019067241","","1","0","0","0","0","0","0","0","0","7","0","","02","6","2019","7","40.428908","-79.931747","1049","11","0","0","0","0","0","0","0","0","","0","0","0","","","0","","7","","40 25:44.069","","8","79 55:54.288","0","0","0","0","2301","0","0","0","N","0","0","0","2","68B03","0","","4.0","","1","N","N","","0","","0","0","0","","0","","","1","0","0","0","0","0","0","2","0","1","","","","N","","","","","","","","","",""
"2019068662","","1","0","0","0","0","0","0","0","0","7","0","","02","6","2019","4","40.409226","-79.899871","0338","11","0","0","0","0","0","0","0","0","2","0","0","0","","","0","","0","","40 24:33.212","4","0","79 53:59.537","0","0","0","0","2448","0","0","0","N","0","0","0","0","02448","0","","5.0","","1","N","N","","0","","0","0","0","","0","N","","1","0","0","0","0","0","0","2","0","1","","","","N","","","","","","","","","",""
"2019066056","","3","0","0","0","0","0","0","0","0","1","0","","02","7","2019","2","40.47375","-80.038526","0231","11","0","0","0","0","0","1","0","0","","0","0","0","","","1","","0","","40 28:25.499","","0","80 02:18.693","3","0","0","0","2301","0","0","0","N","0","0","0","1","02301","0","","6.0","","1","N","N","","0","","1","0","0","","0","N","","3","1","0","0","0","0","0","2","0","3","","","","N","","","","","","","","","",""
"2019068042","0219","2","0","0","0","0","0","0","0","0","2","0","","02","7","2019","1","40.455048","-79.94148","0157","11","0","0","0","0","0","0","0","0","2","0","0","0","","","1","","1","","40 27:18.172","7","0","79 56:29.328","3","0","0","0","2301","0","0","0","N","0","0","0","3","02301","0","","1.0","","1","N","N","","0","","1","0","2","","2","Y","","4","1","0","0","0","0","0","2","0","4","","","","N","","","","","","","","","",""
"2019066318","1807","0","0","0","0","0","0","0","0","0","4","0","","02","7","2019","2","40.449789","-79.827024","1800","11","0","0","0","0","0","0","0","0","","0","0","0","","","1","","2","","40 26:59.239","","0","79 49:37.286","4","0","0","0","2113","0","0","0","N","0","0","0","6","02113","1","","1.0","","1","N","N","","1","","0","0","2","","3","","","3","1","1","0","0","0","0","2","0","3","","","","N","","","","","","","","","",""
"2019066938","0633","0","0","0","0","0","0","0","0","0","4","0","","02","6","2019","3","40.526013","-79.842704","0631","11","0","0","0","0","0","0","0","0","1","0","0","0","","","1","","1","","40 31:33.646","6","0","79 50:33.733","4","0","0","0","2451","0","0","0","N","0","0","0","2","02451","1","","1.0","","1","N","N","","0","","0","0","2","","3","N","","2","1","0","0","0","0","0","2","0","2","","","","N","","","","","","","","","",""
"2019069899","2248","1","0","0","0","0","0","0","0","0","2","0","","02","7","2019","4","40.387297","-79.94698","2244","11","0","0","0","0","0","0","0","0","2","0","0","0","","","0","","0","","40 23:14.269","6","0","79 56:49.127","0","0","0","0","2403","0","0","0","N","0","0","0","1","02403","0","","1.0","","1","N","N","","0","","0","0","1","","0","N","","2","0","0","0","0","0","0","2","0","2","","","","N","","","","","","","","","",""
"2019066445","1808","0","0","0","0","0","0","0","0","0","7","0","","02","7","2019","2","40.658636","-80.012159","1800","11","0","0","0","0","0","0","0","0","","0","0","0","","","0","","0","","40 39:31.089","","0","80 00:43.773","0","0","0","0","2216","0","0","0","N","0","0","0","1","02505","0","","5.0","","1","N","N","","0","","0","0","1","","0","","","1","0","0","0","0","0","0","2","0","1","","","","N","","","","","","","","","",""
"2019068562","0117","1","0","0","0","0","0","0","0","0","7","0","","02","6","2019","5","40.410502","-80.071361","0117","11","0","0","0","0","0","0","0","0","2","0","0","0","","","0","","0","","40 24:37.807","3","0","80 04:16.900","0","0","0","0","2117","0","0","0","N","0","0","0","1","68B03","0","","3.0","","9","N","N","","0","","0","0","0","","0","N","","1","0","0","0","0","0","0","2","0","1","","","","N","","","","","","","","","",""
"2019067881","1141","0","0","0","0","0","0","0","0","0","4","0","","02","7","2019","6","40.443726","-79.796936","1131","11","0","0","0","0","0","0","0","0","","0","0","0","","","0","","1","","40 26:37.415","","0","79 47:48.968","0","0","0","0","2446","0","0","0","N","0","0","0","6","02446","0","","1.0","","1","N","N","","0","","0","0","1","","3","","","2","0","0","0","0","0","0","2","1","2","","","","N","","","","","","","","","",""
"2019068692","1727","1","0","0","0","0","0","0","0","0","7","0","","02","7","2019","2","40.366001","-79.949448","1727","11","0","0","0","0","0","0","0","0","","0","0","0","","","0","","2","","40 21:57.603","","0","79 56:58.013","0","0","0","0","2403","0","0","0","N","0","0","0","2","02403","0","","2.0","","1","N","N","","1","","0","0","0","","0","N","","2","0","0","0","0","0","0","2","0","2","","","","N","","","","","","","","","",""
"2019066949","0214","2","0","0","0","0","0","0","0","0","2","0","","02","7","2019","4","40.451509","-79.908149","0208","11","0","0","0","0","0","0","1","0","2","0","0","0","","","0","","1","","40 27:05.432","3","0","79 54:29.335","0","0","0","0","2301","0","0","0","N","0","0","0","2","02301","0","","1.0","","9","N","N","","0","","0","0","0","","2","N","","2","0","0","0","0","0","0","2","0","2","","","","N","","","","","","","","","",""
"2019066950","1339","1","0","0","0","0","0","0","0","0","4","0","","02","7","2019","2","40.36862","-80.102402","1335","11","0","0","0","0","0","1","0","0","","0","0","0","","","0","N","0","","40 22:07.032","","7","80 06:08.648","0","0","0","0","2102","0","0","0","N","0","0","0","2","02102","0","","1.0","","1","N","N","","0","","0","0","1","","0","N","","2","0","0","0","0","0","0","2","0","2","","","","N","","","","","","","","","",""
"2019067541","2013","1","0","0","0","0","0","0","0","0","7","0","","02","7","2019","5","40.473234","-79.84821","2007","11","0","0","0","0","0","0","0","0","","0","0","0","","","0","","2","","40 28:23.641","","0","79 50:53.556","9","0","0","0","2113","0","0","0","Y","0","0","0","1","02113","0","","2.0","","9","N","N","","0","","0","0","0","","0","","","1","0","0","0","0","0","1","2","0","1","","","","N","","","","","","","","","",""
"2019066926","1935","2","0","0","0","0","0","0","0","0","1","0","","02","7","2019","3","40.340053","-79.938254","1931","11","0","0","0","0","0","1","0","0","1","0","0","0","","","0","","0","","40 20:24.191","1","0","79 56:17.713","0","0","0","0","2473","0","0","0","N","0","0","0","4","02473","0","","1.0","","9","N","N","","0","","0","0","0","","0","Y","","2","0","1","0","0","0","0","2","0","2","","","","N","","","","","","","","","",""
"2019069138","1615","0","0","0","0","0","0","0","0","0","1","0","","02","7","2019","3","40.456394","-79.896347","1504","11","0","0","0","0","0","1","0","0","3","0","0","0","","","1","","0","","40 27:23.017","7","0","79 53:46.849","3","0","0","0","2301","0","0","0","N","0","0","0","2","02301","0","","1.0","","1","N","N","","1","","1","0","1","","0","Y","","2","1","0","0","0","0","0","2","0","2","","","","N","","","","","","","","","",""
"2019069487","1419","0","0","0","0","0","0","0","0","0","0","0","","02","7","2019","5","40.43018","-79.880814","1405","11","0","0","0","0","0","0","0","0","1","0","0","0","","","1","","0","","40 25:48.647","4","0","79 52:50.931","8","0","0","1","2426","0","0","0","N","0","0","0","1","68B03","0","","1.0","","1","N","N","","0","","0","0","0","","0","N","","1","1","0","0","0","1","0","2","0","1","","","","N","","","","","","","","","",""
"2019067420","1130","1","0","0","0","0","0","0","0","0","1","2","","02","6","2019","2","40.425765","-80.01976","1124","11","0","0","0","0","0","2","1","0","1","0","2","0","","","0","","1","","40 25:32.754","1","0","80 01:11.135","0","0","0","0","2301","0","0","0","N","0","0","0","5","02301","0","","1.0","","1","N","N","","0","","0","0","1","","2","N","","4","0","0","0","0","0","0","2","0","4","","","","N","","","","","","","","","",""
"2019070532","1728","0","0","0","0","0","0","0","0","0","7","0","","02","6","2019","3","40.50644","-80.149434","1724","11","0","1","0","0","0","0","0","0","","0","0","0","","","0","","2","","40 30:23.185","","7","80 08:57.963","0","0","0","0","2420","0","0","0","N","0","0","0","1","02420","0","","4.0","","1","N","N","","0","","0","0","1","","0","","","1","0","0","0","0","0","0","2","0","1","","","","N","","","","","","","","","",""
"2019066965","1210","0","0","0","0","0","0","0","0","0","4","0","","02","6","2019","7","40.470198","-79.963247","1122","11","0","0","0","0","0","1","0","0","3","0","0","0","","","1","","1","","40 28:12.712","7","0","79 57:47.689","4","0","0","0","2301","0","0","0","N","0","0","0","2","02301","1","","1.0","","1","N","N","","0","","0","0","2","","0","Y","","2","1","0","0","0","0","0","2","0","2","","","","N","","","","","","","","","",""
"2019067421","1436","1","0","0","0","0","0","0","0","0","1","0","","02","7","2019","4","40.616799","-80.0903","1430","11","0","0","0","0","0","1","0","0","1","0","0","0","","","0","","0","","40 37:00.478","3","0","80 05:25.081","0","0","0","0","2212","0","0","0","N","0","0","0","3","02505","0","","1.0","","1","N","N","","0","","0","0","2","","0","N","","3","0","0","0","0","0","0","2","0","3","","","","N","","","","","","","","","",""
"2019067568","0157","0","0","0","0","0","0","0","0","0","1","0","","02","7","2019","6","40.436871","-80.019814","0150","11","0","0","0","0","0","0","0","0","","0","0","0","","","0","","0","","40 26:12.737","","0","80 01:11.331","9","0","0","0","2301","0","0","0","N","0","0","0","1","02301","0","","6.0","","1","N","N","","0","","0","0","1","","0","N","","2","0","0","0","0","0","1","2","1","2","","","","N","","","","","","","","","",""
"2019070534","1605","1","0","0","0","0","0","0","0","0","4","0","","02","6","2019","2","40.512293","-80.151625","1603","11","0","0","0","0","0","0","0","0","1","0","0","0","","","0","","2","","40 30:44.253","6","0","80 09:05.851","0","0","0","0","2420","0","0","0","N","0","0","0","3","02420","0","","1.0","","1","N","N","","0","","0","0","1","","3","Y","","2","0","0","0","0","0","0","2","0","2","","","","N","","","","","","","","","",""
"2019068111","0743","1","0","0","0","0","0","0","0","0","7","0","","02","7","2019","5","40.497524","-79.927971","0731","11","0","0","0","0","0","1","0","0","1","0","0","0","","","1","","0","","40 29:51.085","2","0","79 55:40.697","8","0","0","0","2112","0","0","0","N","0","0","0","1","68D02","0","","4.0","","1","N","N","","0","","0","0","0","","0","N","","1","1","0","0","0","1","0","2","0","1","","","","N","","","","","","","","","",""
"2019050764","1340","0","0","0","0","0","0","0","0","0","4","0","","02","5","2019","5","40.438334","-79.842884","1338","11","0","0","0","0","0","1","0","0","1","0","0","0","","","1","","2","","40 26:18.004","1","0","79 50:34.384","3","0","0","0","2419","0","0","0","N","0","0","0","2","02419","0","","1.0","","1","N","N","","0","","1","0","2","","3","Y","","2","1","0","0","0","0","0","2","0","2","","","","N","","","","","","","","","",""
"2019054722","1445","0","0","1","0","0","0","0","0","0","2","0","","02","3","2019","1","40.574809","-79.777785","1442","11","0","0","0","0","0","1","0","0","2","0","0","0","","","4","","2","","40 34:29.314","2","0","79 46:40.026","2","0","0","0","2104","0","0","0","N","0","0","0","4","02104","1","","1.0","","1","N","N","","1","","0","2","1","","0","N","","2","4","0","0","0","1","0","2","0","2","","","","N","","","","","","","","","",""
"2019051155","1735","1","0","0","0","0","0","0","0","0","7","0","","02","5","2019","2","40.544093","-80.082957","1727","11","0","0","0","0","0","0","0","0","","0","0","0","","","0","","0","","40 32:38.735","","0","80 04:58.646","0","0","0","0","2215","0","0","0","N","0","0","0","1","68B03","0","","4.0","","1","N","N","","0","","0","0","0","","0","","","1","0","0","0","0","0","0","2","0","1","","","","N","","","","","","","","","",""
"2019050556","2240","3","0","0","0","0","0","0","0","0","1","0","","02","5","2019","3","40.424823","-79.843838","2237","11","0","0","0","0","0","0","0","0","2","0","0","0","","","1","","0","","40 25:29.364","3","0","79 50:37.817","3","0","0","0","2431","0","0","0","N","0","0","0","1","02431","0","","1.0","","1","N","N","","0","","1","0","0","","0","Y","","3","1","0","0","0","0","0","2","0","3","","","","N","","","","","","","","","",""
"2019056888","1625","1","0","0","0","0","0","1","0","0","1","1","","02","6","2019","1","40.523751","-79.947163","1620","11","0","0","0","0","1","1","0","0","2","0","0","0","","","0","","0","","40 31:25.503","2","0","79 56:49.788","0","0","0","0","2118","0","0","0","N","0","0","0","3","02118","0","","1.0","","1","N","N","","0","","0","0","1","","0","N","","3","0","0","0","0","0","0","2","0","3","","","","N","","","","","","","","","",""
"2019054030","0842","1","0","0","0","0","0","0","0","0","4","1","","02","5","2019","3","40.440896","-79.856332","0840","11","0","0","0","1","0","0","0","0","1","0","1","0","","","1","","1","","40 26:27.227","1","0","79 51:22.795","3","0","0","0","2419","0","0","0","N","0","0","0","2","02419","0","","1.0","","1","N","N","","0","","1","0","0","","2","Y","","2","1","1","0","0","0","0","2","0","2","","","","N","","","","","","","","","",""
"2019054675","1757","1","0","0","0","0","0","0","0","0","4","0","","02","5","2019","4","40.438334","-79.842884","1754","11","0","0","0","0","0","1","0","0","","0","0","0","","","0","","2","","40 26:18.004","","0","79 50:34.384","0","0","0","0","2419","0","0","0","N","0","0","0","4","02419","0","","1.0","","9","N","N","","1","","0","0","0","","3","","","2","0","0","0","0","0","0","2","0","2","","","","N","","","","","","","","","",""
"2019051024","1319","2","0","0","0","0","0","0","0","0","4","0","","02","5","2019","5","40.547346","-80.019899","1312","11","0","0","0","0","0","0","2","0","1","0","0","0","","","1","","0","","40 32:50.444","2","7","80 01:11.635","8","0","0","0","2116","0","0","0","N","0","0","0","2","02116","0","","1.0","","1","N","N","","0","","0","0","0","","0","N","","2","1","0","0","0","1","0","2","0","2","","","","N","","","","","","","","","",""
"2019054337","1855","1","0","0","0","0","0","0","0","0","4","0","","02","5","2019","3","40.472964","-80.072687","1852","11","0","0","0","0","0","0","0","0","","0","0","0","","","0","","1","","40 28:22.672","","0","80 04:21.674","0","0","0","0","2122","0","0","0","N","0","0","0","1","02122","0","","1.0","","1","N","N","","0","","0","0","1","","3","","","2","0","0","0","0","0","0","2","0","2","","","","N","","","","","","","","","",""
"2019052564","1551","2","0","0","0","0","0","0","0","0","5","0","","02","5","2019","4","40.478977","-79.930926","1548","11","0","0","0","0","0","2","0","0","","0","0","0","","","1","","0","","40 28:44.316","","0","79 55:51.335","8","0","0","0","2301","0","0","0","N","0","0","0","2","02301","0","","1.0","","1","N","N","","0","","0","0","0","","0","","","2","1","0","0","0","1","0","2","0","2","","","","N","","","","","","","","","",""
"2019051028","1700","0","0","0","0","0","0","0","0","0","7","0","","02","5","2019","1","40.384252","-80.090722","1650","11","0","0","0","0","0","1","0","0","","0","0","0","","","0","","2","","40 23:03.307","","8","80 05:26.600","0","0","0","0","2117","0","0","0","N","0","0","0","1","02117","0","","5.0","","1","N","N","","0","","0","0","1","","0","N","","1","0","0","0","0","0","0","2","0","1","","","","N","","","","","","","","","",""