"CRN","ARRIVAL_TM","AUTOMOBILE_COUNT","BELTED_DEATH_COUNT","BELTED_SUSP_SERIOUS_INJ_COUNT","BICYCLE_COUNT","BICYCLE_DEATH_COUNT","BICYCLE_SUSP_SERIOUS_INJ_COUNT","BUS_COUNT","CHLDPAS_DEATH_COUNT","CHLDPAS_SUSP_SERIOUS_INJ_COUNT","COLLISION_TYPE","COMM_VEH_COUNT","CONS_ZONE_SPD_LIM","COUNTY","CRASH_MONTH","CRASH_YEAR","DAY_OF_WEEK","DEC_LATITUDE","DEC_LONGITUDE","DISPATCH_TM","DISTRICT","DRIVER_COUNT_16YR","DRIVER_COUNT_17YR","DRIVER_COUNT_18YR","DRIVER_COUNT_19YR","DRIVER_COUNT_20YR","DRIVER_COUNT_50_64YR","DRIVER_COUNT_65_74YR","DRIVER_COUNT_75PLUS","EST_HRS_CLOSED","FATAL_COUNT","HEAVY_TRUCK_COUNT","HORSE_BUGGY_COUNT","HOUR_OF_DAY","ILLUMINATION","INJURY_COUNT","INTERSECTION_RELATED","INTERSECT_TYPE","LANE_CLOSED","LATITUDE","LN_CLOSE_DIR","LOCATION_TYPE","LONGITUDE","MAX_SEVERITY_LEVEL","MCYCLE_DEATH_COUNT","MCYCLE_SUSP_SERIOUS_INJ_COUNT","MOTORCYCLE_COUNT","MUNICIPALITY","NONMOTR_COUNT","NONMOTR_DEATH_COUNT","NONMOTR_SUSP_SERIOUS_INJ_COUNT","NTFY_HIWY_MAINT","PED_COUNT","PED_DEATH_COUNT","PED_SUSP_SERIOUS_INJ_COUNT","PERSON_COUNT","POLICE_AGCY","POSSIBLE_INJ_COUNT","RDWY_SURF_TYPE_CD","RELATION_TO_ROAD","ROADWAY_CLEARED","ROAD_CONDITION","SCH_BUS_IND","SCH_ZONE_IND","SECONDARY_CRASH","SMALL_TRUCK_COUNT","SPEC_JURIS_CD","SUSP_MINOR_INJ_COUNT","SUSP_SERIOUS_INJ_COUNT","SUV_COUNT","TCD_FUNC_CD","TCD_TYPE","TFC_DETOUR_IND","TIME_OF_DAY","TOTAL_UNITS","TOT_INJ_COUNT","UNBELTED_OCC_COUNT","UNB_DEATH_COUNT","UNB_SUSP_SERIOUS_INJ_COUNT","UNK_INJ_DEG_COUNT","UNK_INJ_PER_COUNT","URBAN_RURAL","VAN_COUNT","VEHICLE_COUNT","WEATHER1","WEATHER2","WORKERS_PRES","WORK_ZONE_IND","WORK_ZONE_LOC","WORK_ZONE_TYPE","WZ_CLOSE_DETOUR","WZ_FLAGGER","WZ_LAW_OFFCR_IND","WZ_LN_CLOSURE","WZ_MOVING","WZ_OTHER","WZ_SHLDER_MDN","WZ_WORKERS_INJ_KILLED"
"2019053177","1812","1","0","0","0","0","0","0","0","0","7","0","","02","5","2019","6","40.401004","-79.939399","1810","11","0","0","0","0","0","0","0","0","","0","0","0","","","0","","0","","40 24:03.615","","3","79 56:21.835","0","0","0","0","2301","0","0","0","N","0","0","0","1","02301","0","","1.0","","1","N","N","","0","","0","0","0","","0","","","1","0","0","0","0","0","0","2","0","1","","","","N","","","","","","","","","",""
"2019053290","1133","0","0","0","0","0","0","0","0","0","7","0","","02","5","2019","5","40.356487","-80.042945","1130","11","0","0","0","0","0","0","0","0","2","0","0","0","","","1","","0","","40 21:23.354","4","0","80 02:34.602","3","0","0","0","2109","0","0","0","N","0","0","0","1","02109","0","","4.0","","9","N","N","","1","","1","0","0","","0","Y","","1","1","0","0","0","0","0","2","0","1","","","","N","","","","","","","","","",""
"2019055415","1704","1","0","0","0","0","0","0","0","0","8","0","","02","5","2019","6","40.394627","-79.986551","1655","11","0","0","0","0","0","1","0","0","1","0","0","0","","","1","","2","","40 23:40.657","7","0","79 59:11.583","3","0","0","0","2301","1","0","0","N","1","0","0","4","02301","0","","1.0","","1","N","N","","0","","1","0","0","","3","N","","2","1","0","0","0","0","0","2","0","1","","","","N","","","","","","","","","",""
"2019051695","0913","2","0","0","0","0","0","0","0","0","2","0","","02","5","2019","6","40.548621","-80.036975","0910","11","0","0","0","0","0","1","0","1","1","0","0","0","","","0","","2","","40 32:55.036","1","0","80 02:13.109","0","0","0","0","2116","0","0","0","N","0","0","0","2","02116","0","","1.0","","1","N","N","","0","","0","0","0","","2","N","","2","0","0","0","0","0","0","2","0","2","","","","N","","","","","","","","","",""
"2019051814","1405","3","0","0","0","0","0","0","0","0","1","0","","02","5","2019","3","40.472965","-79.82024","1355","11","0","0","0","0","0","0","0","0","1","0","0","0","","","1","","2","","40 28:22.673","3","0","79 49:12.864","8","0","0","0","2113","0","0","0","N","0","0","0","5","02113","0","","1.0","","1","N","N","","0","","0","0","0","","0","N","","3","1","0","0","0","1","0","2","0","3","","","","N","","","","","","","","","",""
"2019053658","1548","0","0","0","0","0","0","0","0","0","7","0","","02","5","2019","7","40.659778","-79.933996","1538","11","0","0","0","0","0","0","1","0","3","0","0","0","","","0","","0","","40 39:35.201","1","0","79 56:02.385","0","0","0","0","2217","0","0","0","Y","0","0","0","1","02505","0","","5.0","","1","N","N","","1","","0","0","0","","0","N","","1","0","0","0","0","0","0","2","0","1","","","","N","","","","","","","","","",""
"2019053725","0159","1","0","0","0","0","0","0","0","0","99","0","","02","5","2019","7","40.527637","-79.809527","0159","11","0","0","0","0","0","0","0","0","","0","0","0","","","1","","0","","40 31:39.492","","0","79 48:34.296","3","0","0","0","2466","0","0","0","N","0","0","0","1","02466","0","","9.0","","9","N","N","","0","","1","0","0","","0","","","1","1","0","0","0","0","0","1","0","1","","05","","N","","","","","","","","","",""
"2019055060","0452","2","0","0","0","0","0","0","0","0","1","0","55","02","4","2019","7","40.588777","-79.775758","0437","11","0","0","0","0","0","2","0","0","3","0","0","0","","","1","","0","","40 35:19.598","1","0","79 46:32.730","8","0","0","0","2104","0","0","0","N","0","0","0","2","68D02","0","","1.0","","9","N","N","","0","","0","0","0","","0","Y","","2","1","0","0","0","1","0","2","0","2","","","N","Y","8","1","N","N","N","N","N","Y","N",""
"2019053183","1859","0","0","0","0","0","0","0","0","0","1","0","","02","5","2019","6","40.474303","-79.82191","1853","11","0","0","0","0","0","0","0","0","","0","0","0","","","1","","1","","40 28:27.491","","0","79 49:18.877","8","0","0","0","2113","0","0","0","N","0","0","0","5","02113","0","","1.0","","1","N","N","","1","","0","0","1","","2","","","2","1","0","0","0","1","0","2","0","2","","","","Y","","","","","","","","","",""
"2019053292","2158","1","0","0","0","0","0","0","0","0","4","0","","02","5","2019","4","40.366676","-80.014421","2158","11","0","0","0","1","0","0","0","0","","0","0","0","","","0","N","0","","40 22:00.035","","7","80 00:51.915","0","0","0","0","2416","0","0","0","N","0","0","0","2","02416","0","","1.0","","1","N","N","","0","","0","0","1","","0","","","2","0","0","0","0","0","0","2","0","2","","","","N","","","","","","","","","",""
"2019053053","1018","2","0","0","0","0","0","0","0","0","1","0","","02","5","2019","6","40.323281","-80.070098","1009","11","0","0","0","0","0","1","0","0","","0","0","0","","","0","","0","","40 19:23.813","","0","80 04:12.353","0","0","0","0","2123","0","0","0","N","0","0","0","1","02123","0","","1.0","","1","N","N","","0","","0","0","0","","0","","","2","0","0","0","0","0","0","2","0","2","","","","N","","","","","","","","","",""
"2019053293","0244","3","0","0","0","0","0","0","0","0","4","0","","02","5","2019","5","40.359611","-80.034244","0243","11","0","0","0","0","0","1","0","0","1","0","0","0","","","0","","0","","40 21:34.600","3","0","80 02:03.280","0","0","0","0","2416","0","0","0","N","0","0","0","3","02416","0","","2.0","","1","N","N","","0","","0","0","1","","0","Y","","4","0","0","0","0","0","0","2","0","4","","","","N","","","","","","","","","",""
"2019051877","1624","1","0","0","0","0","0","0","0","0","6","1","","02","5","2019","2","40.435644","-79.982803","1619","11","0","0","0","0","0","0","0","0","","0","1","0","","","0","","2","","40 26:08.318","","0","79 58:58.092","9","0","0","0","2301","0","0","0","N","0","0","0","1","02301","0","","1.0","","1","N","N","","0","","0","0","0","","0","","","2","0","0","0","0","0","1","2","0","2","","","","N","","","","","","","","","",""
"2019053054","1226","1","0","0","0","0","0","0","0","0","4","1","","02","5","2019","5","40.540869","-79.817276","1220","11","0","0","0","0","0","0","0","0","2","0","1","0","","","0","","2","","40 32:27.129","2","0","79 49:02.193","0","0","0","0","2208","0","0","0","N","0","0","0","2","02208","0","","1.0","","1","N","N","","0","","0","0","0","","3","N","","2","0","0","0","0","0","0","2","0","2","","","","N","","","","","","","","","",""
"2019053294","1546","1","0","0","0","0","0","0","0","0","7","0","","02","5","2019","5","40.353588","-80.006681","1544","11","0","0","0","0","0","0","0","0","1","0","0","0","","","0","","0","","40 21:12.916","6","0","80 00:24.053","0","0","0","0","2476","0","0","0","N","0","0","0","1","02476","0","","5.0","","1","N","N","","0","","0","0","0","","0","Y","","1","0","0","0","0","0","0","2","0","1","","","","N","","","","","","","","","",""
"2019053686","1715","2","0","0","0","0","0","0","0","0","7","0","","02","5","2019","6","40.263705","-79.852432","1711","11","0","0","0","0","0","0","0","0","6","0","0","0","","","0","","0","","40 15:49.339","5","0","79 51:08.755","0","0","0","0","2105","0","0","0","N","0","0","0","2","02105","0","","4.0","","1","N","N","","0","","0","0","0","","0","Y","","2","0","0","0","0","0","0","2","0","2","","","","N","","","","","","","","","",""
"2019058093","1313","0","0","0","0","0","0","0","0","0","4","1","","02","6","2019","3","40.34837","-79.944808","1309","11","0","0","0","0","0","0","0","0","","0","1","0","","","1","","1","","40 20:54.133","","0","79 56:41.310","3","0","0","0","2473","0","0","0","N","0","0","0","6","02473","0","","1.0","","1","N","N","","0","","1","0","0","","2","","","2","1","0","0","0","0","0","2","1","2","","","","N","","","","","","","","","",""
"2019057446","1200","1","0","0","0","0","0","0","0","0","4","1","","02","6","2019","5","40.406237","-79.978382","1200","11","0","0","1","0","0","0","0","0","2","0","1","0","","","0","","3","","40 24:22.453","5","0","79 58:42.175","0","0","0","0","2301","0","0","0","N","0","0","0","4","02301","0","","1.0","","1","N","N","","0","","0","0","1","","0","N","","3","0","0","0","0","0","0","2","0","3","","","","N","","","","","","","","","",""
"2019053692","1838","1","0","0","0","0","0","0","0","0","7","0","","02","5","2019","1","40.46116","-79.920666","1834","11","0","0","0","0","0","0","0","1","","0","0","0","","","1","N","0","","40 27:40.177","","7","79 55:14.399","4","0","0","0","2301","0","0","0","N","0","0","0","1","02301","1","","1.0","","1","N","N","","0","","0","0","0","","1","","","1","1","0","0","0","0","0","2","0","1","","","","N","","","","","","","","","",""
"2019057915","2303","2","0","0","0","0","0","0","0","0","1","0","","02","6","2019","2","40.426099","-79.895023","2243","11","0","0","0","0","0","0","0","0","2","0","0","0","","","0","","0","","40 25:33.957","3","0","79 53:42.081","0","0","0","0","2463","0","0","0","N","0","0","0","3","68B03","0","","1.0","","1","N","N","","0","","0","0","0","","0","N","","2","0","0","0","0","0","0","2","0","2","","","","N","","","","","","","","","",""
"2019053060","1202","1","0","0","0","0","0","0","0","0","1","0","","02","5","2019","6","40.522456","-79.982738","1157","11","0","2","0","0","0","0","0","0","","0","0","0","","","1","","0","","40 31:20.843","","0","79 58:57.857","3","0","0","0","2118","0","0","0","N","0","0","0","4","02118","0","","1.0","","1","N","N","","0","","1","0","1","","0","","","2","1","0","0","0","0","0","2","0","2","","","","N","","","","","","","","","",""
"2019055070","0112","0","0","0","0","0","0","0","0","0","7","0","","02","5","2019","5","40.584197","-80.099089","0103","11","0","0","0","0","0","0","0","0","3","1","0","0","","","0","","0","","40 35:03.109","1","0","80 05:56.721","1","1","0","1","2481","0","0","0","N","0","0","0","1","68B03","0","2","3.0","","1","N","N","","0","0","0","0","0","","0","N","","1","0","0","0","0","0","0","2","0","1","","","","N","","","","","","","","","",""
"2019053500","2301","1","0","0","0","0","0","0","0","0","7","0","","02","5","2019","7","40.427121","-79.90711","2255","11","0","0","0","0","0","0","0","0","1","0","0","0","","","1","","0","","40 25:37.637","1","0","79 54:25.595","8","0","0","0","2301","0","0","0","Y","0","0","0","1","02301","0","","2.0","","1","N","N","","0","","0","0","0","","0","N","","1","1","0","0","0","1","0","2","0","1","","","","N","","","","","","","","","",""
"2019053927","0654","0","0","0","0","0","0","0","0","0","99","0","","02","5","2019","1","40.437593","-79.750188","0636","11","0","0","0","0","0","0","1","0","","0","0","0","","","0","","0","","40 26:15.333","","0","79 45:00.678","0","0","0","0","2446","0","0","0","N","0","0","0","2","68T02","0","","1.0","","1","N","N","","0","","0","0","1","","0","","","1","0","0","0","0","0","0","2","0","1","","","","N","","","","","","","","","",""
"2019051835","1530","1","0","0","0","0","0","1","0","0","1","1","","02","5","2019","3","40.449224","-80.004781","1520","11","0","0","0","0","0","0","0","0","","0","0","0","","","1","","1","","40 26:57.206","","1","80 00:17.213","3","0","0","0","2301","0","0","0","N","0","0","0","5","02301","0","","1.0","","1","N","N","","0","","1","0","0","","0","","","2","1","0","0","0","0","0","2","0","2","","","","N","","","","","","","","","",""
"2019055265","1405","1","0","0","0","0","0","0","0","0","4","0","","02","5","2019","4","40.349255","-79.927019","1401","11","0","0","0","0","0","0","0","0","","0","0","0","","","0","N","0","","40 20:57.319","","7","79 55:37.268","0","0","0","0","2473","0","0","0","N","0","0","0","3","02473","0","","1.0","","9","N","N","","0","","0","0","1","","0","","","2","0","0","0","0","0","0","2","0","2","","","","N","","","","","","","","","",""
"2019053739","2205","1","0","0","0","0","0","0","0","0","8","0","","02","5","2019","1","40.437518","-80.017713","2200","11","0","0","0","0","0","0","0","0","1","0","0","0","","","1","","0","","40 26:15.063","6","0","80 01:03.765","3","0","0","0","2301","1","0","0","N","1","0","0","3","02301","0","","1.0","","1","N","N","","0","","1","0","0","","0","Y","","2","1","0","0","0","0","0","2","0","1","","","","N","","","","","","","","","",""
"2019055853","1315","0","0","0","0","0","0","0","0","0","7","1","","02","5","2019","3","40.525351","-79.839932","1315","11","0","0","0","0","0","0","1","0","6","0","1","0","","","0","N","0","","40 31:31.262","7","7","79 50:23.755","0","0","0","0","2451","0","0","0","N","0","0","0","1","02451","0","","5.0","","1","N","N","","0","","0","0","0","","2","Y","","1","0","0","0","0","0","0","2","0","1","","","","N","","","","","","","","","",""
"2019051252","2235","0","0","0","0","0","0","0","0","0","7","0","","02","5","2019","1","40.36472","-79.927667","2230","11","0","0","0","0","0","0","0","0","","0","0","0","","","0","","0","","40 21:52.992","","0","79 55:39.601","0","0","0","0","2473","0","0","0","N","0","0","0","1","02473","0","","5.0","","1","N","N","","0","","0","0","1","","0","","","1","0","0","0","0","0","0","2","0","1","","","","N","","","","","","","","","",""
"2019058150","1314","2","0","0","0","0","0","0","0","0","4","0","","02","6","2019","6","40.272758","-79.837447","1312","11","0","1","0","0","0","0","1","0","1","0","0","0","","","0","","0","","40 16:21.927","2","0","79 50:14.808","0","0","0","0","2105","0","0","0","N","0","0","0","3","02105","0","","1.0","","1","N","N","","0","","0","0","0","","3","N","","2","0","1","0","0","0","0","2","0","2","","","","N","","","","","","","","","",""
"2019053946","2134","1","0","0","0","0","0","0","0","0","7","0","","02","5","2019","2","40.461526","-79.827584","2129","11","0","0","0","0","0","0","1","0","","0","0","0","","","0","","0","","40 27:41.495","","0","79 49:39.301","0","0","0","0","2113","0","0","0","N","0","0","0","1","02113","0","","5.0","","1","N","N","","0","","0","0","0","","0","","","1","0","0","0","0","0","0","2","0","1","","","","N","","","","","","","","","",""
"2019051443","1725","2","0","0","0","0","0","0","0","0","4","0","","02","5","2019","2","40.437552","-79.982671","1725","11","0","0","0","0","0","0","0","0","","0","0","0","","","0","","1","","40 26:15.186","","0","79 58:57.615","0","0","0","0","2301","0","0","0","N","0","0","0","3","02301","0","","1.0","","1","N","N","","0","","0","0","0","","0","","","2","0","0","0","0","0","0","2","0","2","","","","N","","","","","","","","","",""
"2019053370","1023","1","0","0","0","0","0","0","0","0","1","0","","02","5","2019","7","40.512925","-79.958406","1018","11","0","0","0","0","0","0","1","0","","0","0","0","","","0","","0","","40 30:46.530","","0","79 57:30.263","0","0","0","0","2118","0","0","0","N","0","0","0","2","02118","0","","1.0","","1","N","N","","0","","0","0","1","","0","","","2","0","0","0","0","0","0","2","0","2","","","","N","","","","","","","","","",""
"2019058165","1208","0","0","0","0","0","0","0","0","0","1","0","","02","6","2019","5","40.351642","-80.050662","1158","11","0","0","1","0","1","0","0","0","","0","0","0","","","0","","0","","40 21:05.910","","0","80 03:02.384","0","0","0","0","2407","0","0","0","N","0","0","0","2","02407","0","","1.0","","1","N","N","","0","","0","0","2","","0","","","2","0","0","0","0","0","0","2","0","2","","","","N","","","","","","","","","",""
"2019057419","0938","2","0","0","0","0","0","0","0","0","4","0","","02","6","2019","5","40.516233","-79.843314","0934","11","0","0","0","0","0","0","1","1","","0","0","0","","","0","","1","","40 30:58.437","","0","79 50:35.929","0","0","0","0","2451","0","0","0","N","0","0","0","2","02451","0","","1.0","","1","N","N","","0","","0","0","0","","3","","","2","0","0","0","0","0","0","2","0","2","","","","N","","","","","","","","","",""
"2019051562","2335","0","0","0","0","0","0","0","0","0","99","0","","02","5","2019","5","40.642679","-80.013933","2258","11","0","0","0","0","0","0","0","0","","0","0","0","","","0","","0","","40 38:33.645","","0","80 00:50.158","0","0","0","0","2216","0","0","0","N","0","0","0","2","68T02","0","","1.0","","1","N","N","","0","","0","0","1","","0","","","1","0","0","0","0","0","0","2","0","1","","","","N","","","","","","","","","",""
"2019055626","1321","0","0","0","0","0","0","0","0","0","4","0","","02","5","2019","7","40.331548","-80.022693","1321","11","0","0","0","0","0","1","0","0","","0","0","0","","","1","N","0","","40 19:53.573","","7","80 01:21.693","3","0","0","1","2407","0","0","0","N","0","0","0","2","02407","0","","1.0","","1","N","N","","0","","1","0","1","","0","","","2","1","0","0","0","0","0","2","0","2","","","","N","","","","","","","","","",""
"2019051912","1754","2","0","0","0","0","0","0","0","0","8","0","","02","5","2019","3","40.429672","-79.924341","1747","11","0","0","0","0","0","1","0","0","1","0","0","0","","","1","","0","","40 25:46.818","6","0","79 55:27.627","8","0","0","0","2301","1","0","0","N","1","0","0","2","02301","0","","1.0","","1","N","N","","0","","0","0","0","","0","N","","3","1","0","0","0","1","0","2","0","2","","","","N","","","","","","","","","",""
"2019051447","1720","0","0","0","0","0","0","0","0","0","4","0","","02","5","2019","2","40.471189","-79.820247","1711","11","0","0","0","1","0","0","0","0","1","0","0","0","","","0","","2","","40 28:16.281","4","0","79 49:12.889","0","0","0","0","2113","0","0","0","N","0","0","0","2","02113","0","","1.0","","1","N","N","","0","","0","0","1","","3","N","","2","0","0","0","0","0","0","2","1","2","","","","N","","","","","","","","","",""
"2019057424","1220","1","0","0","0","0","0","0","0","0","1","1","","02","5","2019","5","40.433194","-79.73148","1217","11","0","0","0","0","0","0","0","0","","0","1","0","","","0","","0","","40 25:59.497","","0","79 43:53.329","0","0","0","0","2446","0","0","0","N","0","0","0","2","02446","0","","1.0","","1","N","N","","0","","0","0","0","","0","","","2","0","0","0","0","0","0","2","0","2","","","","N","","","","","","","","","",""
"2019057938","1610","1","0","0","0","0","0","0","0","0","1","0","","02","5","2019","5","40.444232","-80.028216","1600","11","0","0","0","0","0","1","0","0","","0","0","0","","","1","N","0","","40 26:39.234","","0","80 01:41.577","4","0","0","0","2301","0","0","0","N","0","0","0","3","02301","1","","1.0","","1","N","N","N","0","","0","0","0","","0","","","2","1","0","0","0","0","0","2","1","2","","","","N","","","","","","","","","",""
"2019051923","1418","1","0","0","0","0","0","1","0","0","5","1","","02","5","2019","3","40.440407","-79.994824","1417","11","0","0","1","0","0","0","0","0","","0","0","0","","","1","","1","","40 26:25.466","","6","79 59:41.368","4","0","0","0","2301","0","0","0","N","0","0","0","4","02503","1","","1.0","","1","N","N","","0","","0","0","0","","4","","","2","1","0","0","0","0","0","2","0","2","","","","N","","","","","","","","","",""
"2019052032","1518","2","0","0","0","0","0","0","0","0","6","0","","02","5","2019","3","40.439676","-79.897635","1505","11","0","0","0","0","0","0","0","0","","0","0","0","","","0","","1","","40 26:22.833","","0","79 53:51.486","9","0","0","0","2301","0","0","0","N","0","0","0","2","02301","0","","1.0","","1","N","N","","0","","0","0","0","","2","","","2","0","0","0","0","0","1","2","0","2","","","","N","","","","","","","","","",""
"2019052035","2118","1","0","0","0","0","0","0","0","0","2","0","","02","5","2019","3","40.496601","-79.838911","2106","11","0","0","0","0","0","0","0","0","","0","0","0","","","0","","0","","40 29:47.765","","0","79 50:20.080","0","0","0","0","2113","0","0","0","N","0","0","0","1","02113","0","","2.0","","1","N","N","","1","","0","0","0","","0","","","2","0","0","0","0","0","0","2","0","2","","","","N","","","","","","","","","",""
"2019052037","2027","0","0","0","0","0","0","0","0","0","1","0","","02","5","2019","3","40.330417","-79.923703","2010","11","0","0","0","0","0","0","0","0","","0","0","0","","","1","","0","","40 19:49.500","","0","79 55:25.330","8","0","0","0","2473","0","0","0","N","0","0","0","2","02501","0","","1.0","","1","N","N","","0","","0","0","2","","0","","","2","1","0","0","0","1","0","2","0","2","","","","N","","","","","","","","","",""
"2019051272","0256","1","0","0","0","0","0","0","0","0","7","0","","02","5","2019","2","40.38849","-79.894698","0252","11","0","0","0","0","0","0","0","0","1","0","0","0","","","0","","0","","40 23:18.564","1","0","79 53:40.912","0","0","0","0","2448","0","0","0","N","0","0","0","0","02448","0","","2.0","","9","N","N","","0","","0","0","0","","0","N","","1","0","0","0","0","0","0","2","0","1","","","","N","","","","","","","","","",""
"2019053387","0750","1","0","0","0","0","0","0","0","0","4","0","","02","5","2019","6","40.314672","-80.03836","0741","11","0","0","0","0","0","0","0","0","1","0","0","0","","","0","","0","","40 18:52.819","3","0","80 02:18.097","0","0","0","0","2407","0","0","0","N","0","0","0","3","02407","0","","1.0","","1","N","N","","0","","0","0","1","","0","N","","2","0","0","0","0","0","0","2","0","2","","","","N","","","","","","","","","",""
"2019053791","1351","0","0","0","0","0","0","0","0","0","7","0","40","02","5","2019","1","40.433099","-80.028506","1347","11","0","0","0","0","0","0","0","0","2","0","0","0","","","1","","3","","40 25:59.155","7","0","80 01:42.623","3","0","0","0","2301","0","0","0","N","0","0","0","2","02301","0","","2.0","","1","N","N","","1","","1","0","0","","3","Y","","1","1","0","0","0","0","0","2","0","1","","","N","Y","5","1","","","N","Y","","","",""
"2019057257","1933","1","0","0","0","0","0","0","0","0","1","0","","02","5","2019","5","40.505098","-79.858894","1928","11","0","0","0","0","0","1","0","0","","0","0","0","","","0","","0","","40 30:18.353","","3","79 51:32.018","0","0","0","0","2112","0","0","0","N","0","0","0","3","68D02","0","","1.0","","1","N","N","","1","","0","0","0","","0","","","2","0","0","0","0","0","0","2","0","2","","","","N","","","","","","","","","",""
"2019053572","0739","2","0","0","0","0","0","0","0","0","4","0","","02","5","2019","1","40.461463","-79.808362","0735","11","0","0","0","0","0","0","0","0","1","0","0","0","","","0","","0","","40 27:41.266","3","0","79 48:30.102","0","0","0","0","2113","0","0","0","N","0","0","0","1","02113","0","","4.0","","1","N","N","","0","","0","0","0","","0","N","","2","0","1","0","0","0","0","2","0","2","","","","N","","","","","","","","","",""
"2019052046","2235","0","0","0","0","0","0","0","0","0","7","0","","02","5","2019","3","40.45189","-79.843819","2228","11","0","0","0","0","0","0","0","0","","0","0","0","","","1","","0","","40 27:06.805","","0","79 50:37.748","3","0","0","0","2113","0","0","0","N","0","0","0","2","02113","0","","2.0","","1","N","N","","0","","1","0","1","","0","","","1","1","0","0","0","0","0","2","0","1","","","","N","","","","","","","","","",""
"2019051489","1750","1","0","0","0","0","0","0","0","0","8","0","","02","5","2019","7","40.472919","-79.958707","1735","11","0","0","0","0","0","0","0","0","","0","0","0","","","1","","0","","40 28:22.508","","0","79 57:31.346","4","0","0","0","2301","1","0","0","N","1","0","0","2","02301","1","","1.0","","1","N","N","","0","","0","0","0","","0","","","2","1","0","0","0","0","1","2","0","1","","","","N","","","","","","","","","",""
"2019051757","1120","1","0","0","0","0","0","0","0","0","4","0","","02","5","2019","3","40.661663","-80.067428","1116","11","0","0","0","0","1","0","0","0","1","0","0","0","","","0","","0","","40 39:41.986","5","0","80 04:02.741","0","0","0","0","2216","0","0","0","N","0","0","0","3","02505","0","","1.0","","1","N","N","","1","","0","0","0","","0","N","","2","0","0","0","0","0","0","2","0","2","","","","N","","","","","","","","","",""
"2019051583","1457","1","0","0","0","0","0","0","0","0","1","0","","02","5","2019","7","40.494437","-79.904478","1442","11","0","0","0","0","0","0","0","0","","0","0","0","","","0","","0","","40 29:39.973","","0","79 54:16.120","0","0","0","0","2401","0","0","0","N","0","0","0","2","68D02","0","","1.0","","1","N","N","","0","","0","0","1","","0","","","2","0","0","0","0","0","0","2","0","2","","","","N","","","","","","","","","",""
"2019052053","2349","1","0","0","0","0","0","0","0","0","7","0","","02","5","2019","3","40.338177","-80.098121","2345","11","0","0","0","0","0","0","0","0","","0","0","0","","","0","","0","","40 20:17.436","","0","80 05:53.236","0","0","0","0","2123","0","0","0","N","0","0","0","1","02123","0","","5.0","","1","N","N","","0","","0","0","0","","0","","","1","0","0","0","0","0","0","2","0","1","","","","N","","","","","","","","","",""
"2019053236","1719","1","0","0","0","0","0","0","0","0","4","0","","02","5","2019","6","40.553155","-80.02229","1714","11","0","0","0","0","0","1","0","0","1","0","0","0","","","0","N","0","","40 33:11.359","3","7","80 01:20.243","0","0","0","0","2116","0","0","0","N","0","0","0","2","02116","0","","1.0","","1","N","N","","0","","0","0","1","","0","N","","2","0","0","0","0","0","0","2","0","2","","","","N","","","","","","","","","",""
"2019053838","1324","2","0","0","0","0","0","0","0","0","4","0","","02","5","2019","2","40.461598","-79.841033","1316","11","0","0","0","0","0","0","0","0","1","0","0","0","","","2","N","0","","40 27:41.752","4","7","79 50:27.719","8","0","0","0","2113","0","0","0","N","0","0","0","3","02113","0","","1.0","","1","N","N","","0","","0","0","0","","0","Y","","2","2","0","0","0","2","0","2","0","2","","","","N","","","","","","","","","",""
"2019043322","1544","0","0","0","0","0","0","0","0","0","1","0","","02","4","2019","6","40.477604","-79.968959","1542","11","0","0","0","0","0","1","0","1","","0","0","0","","","0","","1","","40 28:39.376","","0","79 58:08.253","0","0","0","0","2445","0","0","0","N","0","0","0","2","02445","0","","1.0","","1","N","N","","0","","0","0","2","","2","N","","2","0","0","0","0","0","0","2","0","2","","","","N","","","","","","","","","",""
"2019072496","0541","0","0","0","0","0","0","0","0","0","5","1","","02","7","2019","6","40.462612","-80.031742","0535","11","0","0","0","0","0","2","0","0","","0","1","0","","","0","","0","","40 27:45.403","","0","80 01:54.270","0","0","0","0","2301","0","0","0","N","0","0","0","2","02301","0","","1.0","","1","N","N","","0","","0","0","1","","0","N","","2","0","0","0","0","0","0","2","0","2","","","","N","","","","","","","","","",""
"2019076959","1815","0","0","0","0","0","0","0","0","0","4","0","","02","7","2019","4","40.457223","-79.937497","1810","11","0","0","0","0","0","0","0","0","","0","0","0","","","0","N","0","","40 27:26.004","","7","79 56:14.990","0","0","0","0","2301","0","0","0","N","0","0","0","2","02301","0","","1.0","","1","N","N","","0","","0","0","2","","0","N","","2","0","0","0","0","0","0","2","0","2","","","","N","","","","","","","","","",""
"2019076395","0940","1","0","0","0","0","0","0","0","0","1","1","","02","7","2019","3","40.34837","-79.944808","0939","11","0","0","0","0","0","1","1","0","1","0","1","0","","","2","","2","","40 20:54.133","2","0","79 56:41.310","3","0","0","0","2473","0","0","0","N","0","0","0","4","02473","0","","1.0","","1","N","N","","0","","2","0","2","","2","N","","4","2","0","0","0","0","0","2","0","4","","","","N","","","","","","","","","",""
"2019079792","1750","2","0","0","0","0","0","0","0","0","5","1","","02","7","2019","3","40.425847","-80.124736","1724","11","0","0","0","0","0","0","0","0","","0","0","0","","","0","","0","","40 25:33.048","","0","80 07:29.049","0","0","0","0","2102","0","0","0","N","0","0","0","5","68B03","0","","1.0","","1","N","N","","0","","0","0","1","","0","","","3","0","0","0","0","0","0","2","0","3","","","","N","","","","","","","","","",""