"CRN","ARRIVAL_TM","AUTOMOBILE_COUNT","BELTED_DEATH_COUNT","BELTED_SUSP_SERIOUS_INJ_COUNT","BICYCLE_COUNT","BICYCLE_DEATH_COUNT","BICYCLE_SUSP_SERIOUS_INJ_COUNT","BUS_COUNT","CHLDPAS_DEATH_COUNT","CHLDPAS_SUSP_SERIOUS_INJ_COUNT","COLLISION_TYPE","COMM_VEH_COUNT","CONS_ZONE_SPD_LIM","COUNTY","CRASH_MONTH","CRASH_YEAR","DAY_OF_WEEK","DEC_LATITUDE","DEC_LONGITUDE","DISPATCH_TM","DISTRICT","DRIVER_COUNT_16YR","DRIVER_COUNT_17YR","DRIVER_COUNT_18YR","DRIVER_COUNT_19YR","DRIVER_COUNT_20YR","DRIVER_COUNT_50_64YR","DRIVER_COUNT_65_74YR","DRIVER_COUNT_75PLUS","EST_HRS_CLOSED","FATAL_COUNT","HEAVY_TRUCK_COUNT","HORSE_BUGGY_COUNT","HOUR_OF_DAY","ILLUMINATION","INJURY_COUNT","INTERSECTION_RELATED","INTERSECT_TYPE","LANE_CLOSED","LATITUDE","LN_CLOSE_DIR","LOCATION_TYPE","LONGITUDE","MAX_SEVERITY_LEVEL","MCYCLE_DEATH_COUNT","MCYCLE_SUSP_SERIOUS_INJ_COUNT","MOTORCYCLE_COUNT","MUNICIPALITY","NONMOTR_COUNT","NONMOTR_DEATH_COUNT","NONMOTR_SUSP_SERIOUS_INJ_COUNT","NTFY_HIWY_MAINT","PED_COUNT","PED_DEATH_COUNT","PED_SUSP_SERIOUS_INJ_COUNT","PERSON_COUNT","POLICE_AGCY","POSSIBLE_INJ_COUNT","RDWY_SURF_TYPE_CD","RELATION_TO_ROAD","ROADWAY_CLEARED","ROAD_CONDITION","SCH_BUS_IND","SCH_ZONE_IND","SECONDARY_CRASH","SMALL_TRUCK_COUNT","SPEC_JURIS_CD","SUSP_MINOR_INJ_COUNT","SUSP_SERIOUS_INJ_COUNT","SUV_COUNT","TCD_FUNC_CD","TCD_TYPE","TFC_DETOUR_IND","TIME_OF_DAY","TOTAL_UNITS","TOT_INJ_COUNT","UNBELTED_OCC_COUNT","UNB_DEATH_COUNT","UNB_SUSP_SERIOUS_INJ_COUNT","UNK_INJ_DEG_COUNT","UNK_INJ_PER_COUNT","URBAN_RURAL","VAN_COUNT","VEHICLE_COUNT","WEATHER1","WEATHER2","WORKERS_PRES","WORK_ZONE_IND","WORK_ZONE_LOC","WORK_ZONE_TYPE","WZ_CLOSE_DETOUR","WZ_FLAGGER","WZ_LAW_OFFCR_IND","WZ_LN_CLOSURE","WZ_MOVING","WZ_OTHER","WZ_SHLDER_MDN","WZ_WORKERS_INJ_KILLED"
"2019072484","0642","2","0","0","0","0","0","0","0","0","7","0","","02","7","2019","5","40.478829","-80.04312","0636","11","0","0","0","0","0","1","0","0","2","0","0","0","","","0","","1","","40 28:43.784","1","0","80 02:35.231","0","0","0","0","2301","0","0","0","N","0","0","0","4","02301","0","","1.0","","1","N","N","","0","","0","0","0","","2","N","","2","0","0","0","0","0","0","2","0","2","","","","N","","","","","","","","","",""
"2019071539","1654","1","0","0","0","0","0","0","0","0","8","0","","02","7","2019","3","40.495604","-80.05562","1653","11","0","0","0","0","0","0","0","0","","0","0","0","","","1","","1","","40 29:44.174","","0","80 03:20.231","8","0","0","0","2404","1","0","0","N","1","0","0","2","02404","0","","1.0","","1","N","N","","0","","0","0","0","","2","","","2","1","0","0","0","1","0","2","0","1","","","","N","","","","","","","","","",""
"2019072678","1756","2","0","0","0","0","0","0","0","0","1","0","","02","7","2019","6","40.442832","-79.991351","1729","11","0","0","0","0","0","0","1","0","1","0","0","0","","","0","","3","","40 26:34.194","2","0","79 59:28.862","0","0","0","0","2301","0","0","0","N","0","0","0","2","02301","0","","1.0","","1","N","N","","0","","0","0","0","","0","N","","2","0","0","0","0","0","0","2","0","2","","","","N","","","","","","","","","",""
"2019074942","2215","1","0","0","0","0","0","0","0","0","7","0","","02","7","2019","6","40.469393","-80.198659","2210","11","0","0","0","0","0","0","0","0","2","0","0","0","","","0","","0","","40 28:09.816","4","0","80 11:55.171","0","0","0","0","2213","0","0","0","N","0","0","0","1","02213","0","","3.0","","1","N","N","","0","","0","0","0","","0","N","","1","0","0","0","0","0","0","2","0","1","","","","N","","","","","","","","","",""
"2019029609","0147","1","0","0","0","0","0","0","0","0","7","0","","02","3","2019","6","40.448134","-80.008227","0145","11","0","0","0","0","0","0","0","0","","0","0","0","","","0","","0","","40 26:53.281","","3","80 00:29.616","0","0","0","0","2301","0","0","0","Y","0","0","0","1","02301","0","","2.0","","9","N","N","","0","","0","0","0","","2","","","1","0","0","0","0","0","0","2","0","1","","","","N","","","","","","","","","",""
"2019033342","1434","3","0","0","0","0","0","0","0","0","1","0","","02","3","2019","6","40.433266","-79.962293","1422","11","0","0","0","0","0","1","0","0","3","0","0","0","","","2","","0","","40 25:59.756","4","0","79 57:44.255","3","0","0","0","2301","0","0","0","N","0","0","0","6","68B03","1","","1.0","","9","N","N","","0","","1","0","0","","0","N","","3","2","0","0","0","0","0","2","0","3","","","","N","","","","","","","","","",""
"2019073369","0330","1","0","0","0","0","0","0","0","0","7","0","","02","7","2019","6","40.585232","-80.034282","0327","11","0","0","0","0","1","0","0","0","","0","0","0","","","0","","0","","40 35:06.834","","0","80 02:03.415","0","0","0","0","2108","0","0","0","N","0","0","0","1","02108","0","","1.0","","1","N","N","","0","","0","0","0","","0","","","1","0","0","0","0","0","0","2","0","1","","","","N","","","","","","","","","",""
"2019073367","1150","1","0","0","0","0","0","0","0","0","7","0","","02","7","2019","5","40.532862","-80.102231","1140","11","0","0","1","0","0","0","0","0","1","0","0","0","","","0","N","0","","40 31:58.302","1","0","80 06:08.032","0","0","0","0","2215","0","0","0","N","0","0","0","2","02215","0","","2.0","","1","N","N","","0","","0","0","0","","0","N","","1","0","0","0","0","0","0","2","0","1","","","","N","","","","","","","","","",""
"2019070971","1004","1","0","0","0","0","0","0","0","0","7","0","","02","7","2019","2","40.322037","-79.837478","1000","11","0","0","0","0","0","0","0","1","1","0","0","0","","","0","","0","","40 19:19.332","5","7","79 50:14.919","0","0","0","0","2304","0","0","0","N","0","0","0","1","02304","0","","6.0","","1","N","N","","0","","0","0","0","","0","N","","1","0","0","0","0","0","0","2","0","1","","","","N","","","","","","","","","",""
"2019029857","1800","2","0","0","0","0","0","0","0","0","5","0","","02","3","2019","6","40.421285","-79.993725","1756","11","0","0","0","0","0","0","0","0","","0","0","0","","","0","","1","","40 25:16.626","","0","79 59:37.410","9","0","0","0","2301","0","0","0","N","0","0","0","1","02301","0","","1.0","","1","N","N","","0","","0","0","0","","0","","","2","0","0","0","0","0","1","2","0","2","","","","N","","","","","","","","","",""
"2019111140","0900","1","0","0","0","0","0","0","0","0","1","1","","02","11","2019","7","40.463254","-79.981053","0845","11","0","0","0","0","0","0","0","0","","0","1","0","","","0","","6","","40 27:47.716","","2","79 58:51.789","9","0","0","0","2301","0","0","0","N","0","0","0","2","02301","0","","1.0","","1","N","N","","0","","0","0","0","","0","","","2","0","0","0","0","0","0","2","0","2","","","","N","","","","","","","","","",""
"2019032626","1259","2","0","0","0","0","0","0","0","0","1","0","","02","3","2019","1","40.537064","-80.010996","1259","11","0","0","0","0","0","1","0","0","","0","0","0","","","0","","0","","40 32:13.429","","0","80 00:39.584","0","0","0","0","2116","0","0","0","N","0","0","0","2","02116","0","","1.0","","1","","","","0","","0","0","0","","0","","","2","0","0","0","0","0","0","2","0","2","","","","N","","","","","","","","","",""
"2019032895","1416","0","0","0","0","0","0","0","0","0","7","0","","02","3","2019","4","40.524587","-80.005386","1412","11","0","0","0","0","0","1","0","0","","0","0","0","","","1","","0","","40 31:28.514","","0","80 00:19.390","3","0","0","0","2116","0","0","0","N","0","0","0","1","02116","0","","5.0","","1","N","N","","0","","1","0","1","","0","","","1","1","0","0","0","0","0","2","0","1","","","","N","","","","","","","","","",""
"2019071338","0834","0","0","0","0","0","0","0","0","0","0","1","","02","7","2019","3","40.345361","-79.882639","0831","11","0","0","0","0","1","0","0","0","3","0","1","0","","","0","","0","","40 20:43.300","3","0","79 52:57.500","0","0","0","0","2304","0","0","0","Y","0","0","0","1","02304","0","","3.0","","1","N","N","","0","","0","0","0","","2","Y","","1","0","0","0","0","0","0","2","0","1","","","","N","","","","","","","","","",""
"2019074600","1948","2","0","0","0","0","0","0","0","0","4","0","","02","7","2019","3","40.662248","-80.132239","1941","11","0","0","0","0","0","0","2","0","2","0","0","0","","","1","","2","","40 39:44.094","1","0","80 07:56.062","3","0","0","0","2212","0","0","0","N","0","0","0","2","02505","0","","1.0","","1","N","N","","0","","1","0","0","","3","N","","2","1","0","0","0","0","0","1","0","2","","","","N","","","","","","","","","",""
"2019110884","1557","2","0","0","0","0","0","0","0","0","1","0","","02","11","2019","6","40.328643","-79.834156","1555","11","0","0","0","0","0","0","0","0","","0","0","0","","","2","","2","","40 19:43.114","","0","79 50:02.961","8","0","0","0","2304","0","0","0","N","0","0","0","3","02304","0","","1.0","","1","N","N","","0","","0","0","0","","0","","","2","2","0","0","0","2","0","2","0","2","","","","N","","","","","","","","","",""
"2019032143","1609","1","0","0","0","0","0","0","0","0","6","0","","02","3","2019","5","40.346889","-79.94375","1603","11","0","0","0","0","0","0","0","1","2","0","0","0","","","3","","0","","40 20:48.800","5","0","79 56:37.500","3","0","0","0","2473","0","0","0","N","0","0","0","3","02473","0","","1.0","","2","N","N","","0","","3","0","1","","0","Y","","2","3","0","0","0","0","0","2","0","2","","","","N","","","","","","","","","",""
"2019073818","0805","2","0","0","0","0","0","0","0","0","4","0","","02","7","2019","3","40.377251","-80.004201","0752","11","0","0","0","0","0","0","0","0","","0","0","0","","","1","","2","","40 22:38.103","","0","80 00:15.124","8","0","0","0","2301","0","0","0","N","0","0","0","2","02301","0","","1.0","","1","N","N","","0","","0","0","0","","0","","","2","1","0","0","0","1","0","2","0","2","","","","N","","","","","","","","","",""
"2019073247","2119","1","0","0","0","0","0","0","0","0","4","1","","02","7","2019","4","40.429701","-80.028106","2112","11","0","0","0","0","0","0","0","0","1","0","1","0","","","1","","0","","40 25:46.923","3","0","80 01:41.180","3","0","0","0","2301","0","0","0","N","0","0","0","2","68B03","0","","1.0","","9","N","N","","0","","1","0","0","","0","N","","2","1","0","0","0","0","0","2","0","2","","","","N","","","","","","","","","",""
"2019029714","1224","1","0","0","0","0","0","0","0","0","8","0","","02","3","2019","6","40.455914","-79.938604","1219","11","0","0","0","0","1","0","0","0","","0","0","0","","","1","","1","","40 27:21.291","","0","79 56:18.974","3","0","0","0","2301","1","0","0","N","1","0","0","2","02301","0","","1.0","","1","N","N","","0","","1","0","0","","2","","","2","1","0","0","0","0","0","2","0","1","","","","N","","","","","","","","","",""
"2019033399","1608","1","0","0","0","0","0","0","0","0","4","0","","02","3","2019","3","40.447668","-80.007654","1604","11","0","0","0","0","0","2","0","0","1","0","0","0","","","0","","1","","40 26:51.604","3","0","80 00:27.554","0","0","0","0","2301","0","0","0","N","0","0","0","2","02301","0","","1.0","","1","N","N","","0","","0","0","0","","2","N","","2","0","0","0","0","0","0","2","1","2","","","","N","","","","","","","","","",""
"2019072772","2144","3","0","0","0","0","0","0","0","0","1","0","","02","7","2019","6","40.469839","-79.963727","2132","11","0","0","0","0","0","2","0","0","1","0","0","0","","","0","","3","","40 28:11.420","1","0","79 57:49.416","0","0","0","0","2301","0","0","0","N","0","0","0","3","02301","0","","1.0","","1","N","N","","0","","0","0","0","","0","N","","3","0","0","0","0","0","0","2","0","3","","","","N","","","","","","","","","",""
"2019111914","0924","0","0","0","0","0","0","0","0","0","5","1","","02","10","2019","4","40.430298","-80.13554","0913","11","0","0","0","0","0","1","0","0","","0","1","0","","","0","","7","","40 25:49.074","","2","80 08:07.945","0","0","0","0","2115","0","0","0","N","0","0","0","2","68B03","0","","1.0","","1","N","N","","0","","0","0","1","","2","","","2","0","0","0","0","0","0","2","0","2","","","","N","","","","","","","","","",""
"2019072081","0051","0","0","0","0","0","0","0","0","0","7","0","","02","7","2019","5","40.346967","-79.840454","0046","11","0","0","0","0","0","0","0","0","2","0","0","0","","","1","","2","","40 20:49.081","5","0","79 50:25.634","8","0","0","0","2304","0","0","0","N","0","0","0","1","02304","0","","2.0","","1","N","N","","0","","0","0","0","","0","N","","1","1","0","0","0","1","0","2","1","1","","","","N","","","","","","","","","",""
"2019069221","1123","2","0","0","0","0","0","0","0","0","4","0","","02","7","2019","4","40.352495","-79.850992","1122","11","0","0","0","0","0","2","0","0","","0","0","0","","","0","","2","","40 21:08.981","","0","79 51:03.570","0","0","0","0","2304","0","0","0","N","0","0","0","2","02304","0","","1.0","","1","N","N","","0","","0","0","0","","2","N","","2","0","0","0","0","0","0","2","0","2","","","","N","","","","","","","","","",""
"2019074866","1708","0","0","0","0","0","0","0","0","0","1","0","","02","7","2019","1","40.623199","-79.923163","1708","11","0","0","0","0","0","0","1","0","","0","0","0","","","1","","1","","40 37:23.517","","0","79 55:23.386","3","0","0","0","2217","0","0","0","N","0","0","0","5","02505","0","","1.0","","9","N","N","","1","","1","0","1","","2","","","2","1","0","0","0","0","0","2","0","2","","","","N","","","","","","","","","",""
"2019030106","1635","2","0","0","0","0","0","0","0","0","4","0","","02","3","2019","7","40.437855","-79.979481","1630","11","0","0","0","0","1","0","0","0","1","0","0","0","","","1","","1","","40 26:16.278","3","0","79 58:46.132","4","0","0","0","2301","0","0","0","N","0","0","0","5","02301","1","","1.0","","1","N","N","","0","","0","0","0","","3","N","","2","1","0","0","0","0","0","2","0","2","","","","N","","","","","","","","","",""
"2019112403","0634","1","0","0","0","0","0","0","0","0","7","0","","02","10","2019","1","40.550685","-79.818391","0617","11","0","0","0","0","0","0","0","0","","0","0","0","","","0","","0","","40 33:02.466","","0","79 49:06.208","0","0","0","0","2208","0","0","0","N","0","0","0","2","68D02","0","","5.0","","9","N","N","","0","","0","0","0","","0","","","1","0","0","0","0","0","0","2","0","1","","","","N","","","","","","","","","",""
"2019032172","1000","1","0","0","0","0","0","0","0","0","7","0","","02","3","2019","6","40.440842","-79.943919","0956","11","0","0","0","0","0","0","1","0","1","0","0","0","","","1","","0","","40 26:27.031","4","0","79 56:38.107","3","0","0","0","2301","0","0","0","N","0","0","0","1","02301","0","","5.0","","9","N","N","","0","","1","0","0","","3","N","","1","1","0","0","0","0","0","2","0","1","","","","N","","","","","","","","","",""
"2019110214","1635","0","0","0","0","0","0","0","0","0","4","0","","02","10","2019","4","40.347222","-79.832111","1634","11","0","0","0","0","1","0","0","0","","0","0","0","","","0","N","0","","40 20:50.000","","7","79 49:55.600","0","0","0","0","2304","0","0","0","N","0","0","0","2","02304","0","","1.0","","9","N","Y","","0","","0","0","2","","0","N","","2","0","0","0","0","0","0","2","0","2","","","","N","","","","","","","","","",""
"2019030553","1216","1","0","0","0","0","0","0","0","0","4","0","","02","3","2019","1","40.642195","-79.938474","1213","11","0","0","0","0","0","0","0","1","","0","0","0","","","0","","2","","40 38:31.903","","0","79 56:18.505","0","0","0","0","2217","0","0","0","N","0","0","0","6","02505","0","","1.0","","1","N","N","","0","","0","0","1","","2","","","2","0","0","0","0","0","0","2","0","2","","","","N","","","","","","","","","",""
"2019033327","1520","2","0","0","0","0","0","0","0","0","1","0","","02","3","2019","3","40.444676","-80.110924","1506","11","0","0","0","0","1","1","0","0","","0","0","0","","","1","","0","","40 26:40.835","","0","80 06:39.328","4","0","0","0","2115","0","0","0","N","0","0","0","5","68B03","1","","1.0","","1","N","N","","0","","0","0","1","","0","","","3","1","0","0","0","0","0","2","0","3","","","","N","","","","","","","","","",""
"2019029784","1551","1","0","0","0","0","0","0","0","0","7","0","","02","3","2019","6","40.405265","-80.074337","1545","11","0","0","0","0","0","0","0","1","","0","0","0","","","0","","1","","40 24:18.955","","0","80 04:27.613","0","0","0","0","2415","0","0","0","N","0","0","0","1","02415","0","","5.0","","1","N","N","","0","","0","0","0","","0","","","1","0","0","0","0","0","0","2","0","1","","","","N","","","","","","","","","",""
"2019113861","1815","1","0","0","0","0","0","0","0","0","1","0","","02","11","2019","4","40.425767","-79.903231","1742","11","0","0","0","0","0","1","0","0","1","0","0","0","","","1","","0","","40 25:32.761","4","0","79 54:11.631","4","0","0","0","2301","0","0","0","N","0","0","0","2","68B03","1","","1.0","","1","N","N","","0","","0","0","1","","0","N","","2","1","0","0","0","0","0","2","0","2","","","","N","","","","","","","","","",""
"2019113089","1745","1","0","0","0","0","0","0","0","0","8","0","","02","11","2019","4","40.330796","-79.843374","1743","11","0","0","0","0","0","1","0","0","2","0","0","0","","","1","N","0","","40 19:50.865","5","0","79 50:36.148","8","0","0","0","2304","1","0","0","N","1","0","0","3","02304","0","","1.0","1815.0","1","N","N","N","0","","0","0","0","","0","Y","","2","1","0","0","0","1","0","2","0","1","","","","N","","","","","","","","","",""
"2019111975","1929","1","0","0","0","0","0","0","0","0","7","0","","02","11","2019","1","40.409098","-79.896576","1925","11","0","0","0","0","0","0","0","0","1","0","0","0","","","0","","0","","40 24:32.752","4","0","79 53:47.675","9","0","0","0","2448","0","0","0","N","0","0","0","2","02448","0","","5.0","","1","N","N","","0","","0","0","0","","0","Y","","1","0","1","0","0","0","1","2","0","1","","","","N","","","","","","","","","",""
"2019032653","1855","1","0","0","0","0","0","0","0","0","7","0","","02","3","2019","7","40.43581","-79.972538","1850","11","0","0","0","0","0","0","0","0","","0","0","0","","","0","","0","","40 26:08.917","","7","79 58:21.138","0","0","0","0","2301","0","0","0","N","0","0","0","1","02301","0","","4.0","","1","N","N","","0","","0","0","0","","2","N","","1","0","1","0","0","0","0","2","0","1","","","","N","","","","","","","","","",""
"2019031737","1551","0","0","0","0","0","0","0","0","0","2","0","","02","3","2019","5","40.375363","-79.904869","1544","11","0","0","0","0","1","0","0","0","","0","0","0","","","0","","1","","40 22:31.307","","0","79 54:17.528","0","0","0","0","2448","0","0","0","N","0","0","0","2","02448","0","","1.0","","1","N","N","","1","","0","0","1","","0","","","2","0","0","0","0","0","0","2","0","2","","","","N","","","","","","","","","",""
"2019111921","1725","1","0","0","0","0","0","0","0","0","7","0","","02","10","2019","5","40.503696","-79.788952","1656","11","0","0","0","0","0","0","0","0","","0","0","0","","","0","","0","","40 30:13.305","","0","79 47:20.228","0","0","0","0","2466","0","0","0","N","0","0","0","1","68T02","0","","3.0","","8","N","N","","0","","0","0","0","","0","","","1","0","0","0","0","0","0","2","0","1","","","","N","","","","","","","","","",""
"2019031773","1750","2","0","0","0","0","0","0","0","0","1","0","","02","3","2019","5","40.42206","-80.004082","1745","11","0","0","0","0","0","0","0","1","1","0","0","0","","","0","","0","","40 25:19.415","1","4","80 00:14.696","0","0","0","0","2301","0","0","0","N","0","0","0","3","02301","0","","1.0","","1","N","N","","0","","0","0","1","","0","N","","3","0","0","0","0","0","0","2","0","3","","","","N","","","","","","","","","",""
"2019112481","1916","1","0","0","0","0","0","1","0","0","5","1","","02","11","2019","2","40.440222","-79.994306","1915","11","0","0","0","0","0","1","0","0","","0","0","0","","","1","","0","","40 26:24.800","","0","79 59:39.500","3","0","0","0","2301","0","0","0","N","0","0","0","3","02503","0","","1.0","","1","N","N","","0","","1","0","0","","0","","","2","1","0","0","0","0","0","2","0","2","","","","N","","","","","","","","","",""
"2019113844","1534","0","0","0","0","0","0","0","0","0","1","0","","02","10","2019","7","40.427407","-79.951794","1503","11","0","0","0","0","0","1","0","0","2","0","0","0","","","0","","0","","40 25:38.666","4","0","79 57:06.459","0","0","0","0","2301","0","0","0","N","0","0","0","3","68B03","0","","1.0","","9","N","N","","0","","0","0","2","","0","N","","2","0","0","0","0","0","0","2","0","2","","","","N","","","","","","","","","",""
"2019111245","1325","1","0","0","0","0","0","0","0","0","4","0","","02","11","2019","7","40.486747","-79.892362","1318","11","0","0","1","0","0","0","0","0","1","0","0","0","","","0","N","0","","40 29:12.288","4","7","79 53:32.503","0","0","0","0","2301","0","0","0","N","0","0","0","3","02301","0","","6.0","","1","N","N","","0","","0","0","0","","3","N","","2","0","0","0","0","0","0","2","1","2","","","","N","","","","","","","","","",""
"2019031707","1615","2","0","0","0","0","0","0","0","0","1","0","","02","3","2019","4","40.423264","-80.044552","1609","11","0","0","0","0","0","0","1","0","1","0","0","0","","","2","","0","","40 25:23.749","1","0","80 02:40.387","8","0","0","0","2435","0","0","0","N","0","0","0","4","02435","0","","1.0","","1","N","N","","0","","0","0","1","","0","Y","","3","2","0","0","0","2","0","2","0","3","","","","N","","","","","","","","","",""
"2019107336","1646","1","0","0","0","0","0","0","0","0","7","0","","02","10","2019","4","40.338389","-79.995257","1640","11","0","0","0","0","0","1","0","0","1","0","0","0","","","0","","0","","40 20:18.199","5","0","79 59:42.926","0","0","0","0","2403","0","0","0","N","0","0","0","1","02403","0","","5.0","","1","N","N","","0","","0","0","0","","0","Y","","1","0","0","0","0","0","0","2","0","1","","","","N","","","","","","","","","",""
"2019030507","1415","1","0","0","0","0","0","0","0","0","8","0","","02","3","2019","1","40.452745","-79.936737","1410","11","0","0","0","0","1","0","0","0","","0","0","0","","","1","","1","","40 27:09.882","","0","79 56:12.253","8","0","0","0","2301","1","0","0","N","1","0","0","3","02301","0","","1.0","","1","N","N","","0","","0","0","0","","2","","","2","1","0","0","0","1","0","2","0","1","","","","N","","","","","","","","","",""
"2019033348","1538","1","0","0","0","0","0","0","0","0","7","0","","02","3","2019","7","40.443266","-80.008874","1510","11","0","0","0","0","0","0","0","0","1","0","0","0","","","1","","0","","40 26:35.757","1","3","80 00:31.946","4","0","0","0","2301","0","0","0","N","0","0","0","1","68B03","1","","4.0","","1","N","N","","0","","0","0","0","","0","N","","1","1","0","0","0","0","0","2","0","1","","","","N","","","","","","","","","",""
"2019031433","2015","2","0","0","0","0","0","0","0","0","4","0","","02","3","2019","4","40.465676","-79.955183","2002","11","0","0","0","0","0","0","0","0","","0","0","0","","","0","","1","","40 27:56.434","","0","79 57:18.659","0","0","0","0","2301","0","0","0","N","0","0","0","3","02301","0","","1.0","","1","N","N","","0","","0","0","0","","2","","","2","0","0","0","0","0","0","2","0","2","","","","N","","","","","","","","","",""
"2019030445","2214","2","0","0","0","0","0","0","0","0","4","0","","02","3","2019","7","40.47113","-79.920392","2211","11","0","0","0","0","1","0","0","0","2","0","0","0","","","1","","1","","40 28:16.068","7","0","79 55:13.411","3","0","0","0","2301","0","0","0","N","0","0","0","2","02301","0","","1.0","","1","N","N","","0","","1","0","0","","3","Y","","2","1","1","0","0","0","0","2","0","2","","","","N","","","","","","","","","",""
"2019032364","1545","1","0","0","0","0","0","0","0","0","7","0","","02","3","2019","7","40.461779","-79.848709","1540","11","0","0","0","0","0","0","0","0","","0","0","0","","","0","","2","","40 27:42.406","","0","79 50:55.353","9","0","0","0","2113","0","0","0","N","0","0","0","2","02113","0","","2.0","","1","N","N","","0","","0","0","0","","0","N","","1","0","0","0","0","0","1","2","0","1","","","","N","","","","","","","","","",""
"2019031730","1535","2","0","0","0","0","0","0","0","0","4","0","","02","3","2019","5","40.455994","-79.890031","1530","11","0","0","0","0","0","0","0","0","1","0","0","0","","","1","","1","","40 27:21.578","2","0","79 53:24.111","3","0","0","0","2301","0","0","0","N","0","0","0","2","02301","0","","1.0","","1","N","N","","0","","1","0","0","","2","N","","2","1","0","0","0","0","0","2","0","2","","","","N","","","","","","","","","",""
"2019029970","0215","1","0","0","0","0","0","0","0","0","7","0","","02","3","2019","7","40.478025","-80.042314","0209","11","0","0","0","0","0","0","0","0","1","0","0","0","","","1","","0","","40 28:40.890","1","0","80 02:32.329","3","0","0","0","2301","0","0","0","N","0","0","0","4","02301","0","","1.0","","1","N","N","","0","","1","0","0","","0","N","","1","1","0","0","0","0","1","2","0","1","","","","N","","","","","","","","","",""
"2019032313","1205","1","0","0","0","0","0","0","0","0","1","0","","02","3","2019","7","40.53261","-79.968084","1203","11","0","0","0","0","0","1","1","0","1","0","0","0","","","0","","0","","40 31:57.395","1","0","79 58:05.101","0","0","0","0","2118","0","0","0","N","0","0","0","2","02118","0","","1.0","","1","N","N","","1","","0","0","0","","0","N","","2","0","0","0","0","0","0","2","0","2","","","","N","","","","","","","","","",""
"2019111894","1243","1","0","0","0","0","0","0","0","0","5","0","","02","10","2019","6","40.450341","-80.168297","1236","11","0","0","0","0","0","1","0","0","1","0","0","0","","","0","","0","","40 27:01.226","3","0","80 10:05.868","0","0","0","0","2115","0","0","0","N","0","0","0","2","68B03","0","","1.0","","1","N","N","","0","","0","0","1","","0","N","","2","0","0","0","0","0","0","2","0","2","","","","N","","","","","","","","","",""
"2019112738","1829","2","0","0","0","0","0","0","0","0","4","0","","02","11","2019","3","40.442998","-79.977469","1822","11","0","0","0","0","0","0","0","0","","0","0","0","","","0","","0","","40 26:34.792","","0","79 58:38.887","9","0","0","0","2301","0","0","0","N","0","0","0","1","02301","0","","6.0","","9","N","N","","0","","0","0","0","","0","N","","2","0","0","0","0","0","1","2","0","2","","","","N","","","","","","","","","",""
"2019032686","1205","1","0","0","0","0","0","0","0","0","6","0","","02","3","2019","1","40.438073","-79.994419","1153","11","0","0","0","0","1","0","1","0","1","0","0","0","","","0","","1","","40 26:17.063","3","0","79 59:39.909","0","0","0","0","2301","0","0","0","N","0","0","0","3","02301","0","","1.0","","1","N","N","","0","","0","0","1","","2","N","","2","0","0","0","0","0","0","2","0","2","","","","N","","","","","","","","","",""
"2019029967","0306","1","0","0","0","0","0","0","0","0","99","0","","02","3","2019","7","40.440758","-79.835218","0302","11","0","0","0","0","0","0","0","0","1","0","0","0","","","0","","2","","40 26:26.727","3","0","79 50:06.786","0","0","0","0","2419","0","0","0","N","0","0","0","1","02419","0","","1.0","","1","N","N","","0","","0","0","0","","0","N","","1","0","0","0","0","0","0","2","0","1","","","","N","","","","","","","","","",""
"2019032303","1633","0","0","0","0","0","0","0","0","0","1","0","","02","3","2019","6","40.547273","-79.818972","1626","11","0","0","0","0","0","0","1","0","","0","0","0","","","0","","1","","40 32:50.183","","0","79 49:08.300","0","0","0","0","2208","0","0","0","N","0","0","0","2","02208","0","","1.0","","1","N","N","","0","","0","0","2","","0","","","2","0","0","0","0","0","0","2","0","2","","","","N","","","","","","","","","",""
"2019110544","1549","1","0","0","0","0","0","0","0","0","7","0","","02","10","2019","4","40.659987","-80.00693","1524","11","0","0","0","0","0","1","0","0","","0","0","0","","","0","","0","","40 39:35.952","","0","80 00:24.949","0","0","0","0","2216","0","0","0","N","0","0","0","1","02505","0","","1.0","","1","N","N","","0","","0","0","0","","0","","","1","0","0","0","0","0","0","1","0","1","","","","N","","","","","","","","","",""
"2019029251","0740","0","0","0","0","0","0","0","0","0","7","0","","02","3","2019","5","40.367937","-79.998975","0734","11","0","0","0","0","0","0","0","0","3","0","0","0","","","1","","0","","40 22:04.574","2","0","79 59:56.309","3","0","0","0","2476","0","0","0","N","0","0","0","1","02476","0","","5.0","","1","N","N","","0","","1","0","1","","0","Y","","1","1","0","0","0","0","0","2","0","1","","","","N","","","","","","","","","",""
"2019031972","1219","3","0","1","0","0","0","0","0","0","1","0","","02","3","2019","6","40.448364","-79.958773","1208","11","0","0","0","0","0","2","1","0","","0","0","0","","","2","","3","","40 26:54.112","","0","79 57:31.584","2","0","0","0","2301","0","0","0","N","0","0","0","3","02301","0","","1.0","","9","N","N","","0","","1","1","0","","2","","","3","2","1","0","0","0","0","2","0","3","","","","N","","","","","","","","","",""
"2019029366","1504","1","0","0","0","0","0","0","0","0","4","0","","02","3","2019","5","40.355639","-80.006194","1504","11","0","0","0","0","0","1","0","0","","0","0","0","","","0","","0","","40 21:20.300","","0","80 00:22.300","0","0","0","0","2476","0","0","0","N","0","0","0","1","02476","0","","1.0","","1","Y","Y","","0","","0","0","0","","0","","","2","0","0","0","0","0","0","2","1","2","","","","N","","","","","","","","","",""