"CRN","ARRIVAL_TM","AUTOMOBILE_COUNT","BELTED_DEATH_COUNT","BELTED_SUSP_SERIOUS_INJ_COUNT","BICYCLE_COUNT","BICYCLE_DEATH_COUNT","BICYCLE_SUSP_SERIOUS_INJ_COUNT","BUS_COUNT","CHLDPAS_DEATH_COUNT","CHLDPAS_SUSP_SERIOUS_INJ_COUNT","COLLISION_TYPE","COMM_VEH_COUNT","CONS_ZONE_SPD_LIM","COUNTY","CRASH_MONTH","CRASH_YEAR","DAY_OF_WEEK","DEC_LATITUDE","DEC_LONGITUDE","DISPATCH_TM","DISTRICT","DRIVER_COUNT_16YR","DRIVER_COUNT_17YR","DRIVER_COUNT_18YR","DRIVER_COUNT_19YR","DRIVER_COUNT_20YR","DRIVER_COUNT_50_64YR","DRIVER_COUNT_65_74YR","DRIVER_COUNT_75PLUS","EST_HRS_CLOSED","FATAL_COUNT","HEAVY_TRUCK_COUNT","HORSE_BUGGY_COUNT","HOUR_OF_DAY","ILLUMINATION","INJURY_COUNT","INTERSECTION_RELATED","INTERSECT_TYPE","LANE_CLOSED","LATITUDE","LN_CLOSE_DIR","LOCATION_TYPE","LONGITUDE","MAX_SEVERITY_LEVEL","MCYCLE_DEATH_COUNT","MCYCLE_SUSP_SERIOUS_INJ_COUNT","MOTORCYCLE_COUNT","MUNICIPALITY","NONMOTR_COUNT","NONMOTR_DEATH_COUNT","NONMOTR_SUSP_SERIOUS_INJ_COUNT","NTFY_HIWY_MAINT","PED_COUNT","PED_DEATH_COUNT","PED_SUSP_SERIOUS_INJ_COUNT","PERSON_COUNT","POLICE_AGCY","POSSIBLE_INJ_COUNT","RDWY_SURF_TYPE_CD","RELATION_TO_ROAD","ROADWAY_CLEARED","ROAD_CONDITION","SCH_BUS_IND","SCH_ZONE_IND","SECONDARY_CRASH","SMALL_TRUCK_COUNT","SPEC_JURIS_CD","SUSP_MINOR_INJ_COUNT","SUSP_SERIOUS_INJ_COUNT","SUV_COUNT","TCD_FUNC_CD","TCD_TYPE","TFC_DETOUR_IND","TIME_OF_DAY","TOTAL_UNITS","TOT_INJ_COUNT","UNBELTED_OCC_COUNT","UNB_DEATH_COUNT","UNB_SUSP_SERIOUS_INJ_COUNT","UNK_INJ_DEG_COUNT","UNK_INJ_PER_COUNT","URBAN_RURAL","VAN_COUNT","VEHICLE_COUNT","WEATHER1","WEATHER2","WORKERS_PRES","WORK_ZONE_IND","WORK_ZONE_LOC","WORK_ZONE_TYPE","WZ_CLOSE_DETOUR","WZ_FLAGGER","WZ_LAW_OFFCR_IND","WZ_LN_CLOSURE","WZ_MOVING","WZ_OTHER","WZ_SHLDER_MDN","WZ_WORKERS_INJ_KILLED"
"2019031437","","0","0","0","0","0","0","0","0","0","1","0","","02","3","2019","2","40.378289","-79.804137","1822","11","0","0","0","0","0","0","2","0","","0","0","0","","","0","","2","","40 22:41.839","","0","79 48:14.893","0","0","0","0","2111","0","0","0","N","0","0","0","3","02111","0","","1.0","","1","N","N","","1","","0","0","1","","0","","","2","0","0","0","0","0","0","2","0","2","","","","N","","","","","","","","","",""
"2019030751","","2","0","0","0","0","0","0","0","0","2","0","","02","3","2019","7","40.388113","-79.905482","2300","11","0","0","0","0","0","0","0","0","","0","0","0","","","0","","0","","40 23:17.207","","0","79 54:19.735","0","0","0","0","2448","0","0","0","N","0","0","0","1","02448","0","","2.0","","1","N","N","","0","","0","0","0","","0","","","2","0","0","0","0","0","0","2","0","2","","","","N","","","","","","","","","",""
"2019030274","","0","0","0","0","0","0","0","0","0","99","0","","02","3","2019","1","40.305527","-79.822305","1002","11","0","0","0","0","0","0","0","0","","0","0","0","","","0","","0","","40 18:19.897","","0","79 49:20.297","0","0","0","0","2105","0","0","0","N","0","0","0","1","02105","0","","4.0","","1","N","N","","0","","0","0","1","","0","","","1","0","0","0","0","0","0","2","0","1","","","","N","","","","","","","","","",""
"2019110485","","1","0","0","0","0","0","0","0","0","8","0","","02","10","2019","5","40.444583","-79.993583","1542","11","0","0","0","0","0","0","1","0","","0","0","0","","","1","N","0","","40 26:40.500","","7","79 59:36.900","2","0","0","0","2301","1","0","1","N","1","0","1","2","02301","0","","1.0","","9","N","N","","0","","0","1","0","","0","N","","2","1","0","0","0","0","0","2","0","1","","","","N","","","","","","","","","",""
"2019111216","","2","0","0","0","0","0","0","0","0","5","0","","02","10","2019","3","40.412529","-80.066659","0559","11","0","0","0","0","0","2","0","0","2","0","0","0","","","1","","0","","40 24:45.105","4","0","80 03:59.972","2","0","0","0","2117","0","0","0","Y","0","0","0","3","68B03","0","","1.0","","1","N","N","","0","","0","1","0","","0","N","","2","1","1","0","1","0","0","2","0","2","","","","N","","","","","","","","","",""
"2019033605","","0","0","0","0","0","0","0","0","0","0","0","","02","3","2019","1","40.645225","-80.096124","0139","11","0","0","0","0","0","0","0","0","2","0","0","0","","","1","","0","","40 38:42.811","1","0","80 05:46.045","3","0","0","0","2212","0","0","0","N","0","0","0","1","02505","0","","1.0","","1","N","N","","0","","1","0","1","","0","N","","1","1","0","0","0","0","0","2","0","1","","","","N","","","","","","","","","",""
"2019111155","","1","0","0","0","0","0","0","0","0","7","0","","02","10","2019","3","40.559156","-79.934336","1709","11","0","0","0","0","0","0","1","0","1","0","0","0","","","0","","0","","40 33:32.961","1","0","79 56:03.610","0","0","0","0","2207","0","0","0","N","0","0","0","1","02207","0","","5.0","","1","N","N","","0","","0","0","0","","0","Y","","1","0","0","0","0","0","0","2","0","1","","","","N","","","","","","","","","",""
"2019030599","","1","0","0","0","0","0","0","0","0","4","0","","02","3","2019","1","40.321722","-79.99525","1937","11","0","0","0","0","0","1","0","0","","0","0","0","","","0","","0","","40 19:18.200","","7","79 59:42.900","0","0","0","0","2219","0","0","0","N","0","0","0","3","02219","0","","1.0","","1","N","N","","0","","0","0","1","","0","","","2","0","0","0","0","0","0","2","0","2","","","","N","","","","","","","","","",""
"2019019943","","2","0","0","0","0","0","0","0","0","1","0","","02","2","2019","4","40.569629","-79.856896","0351","11","0","0","0","0","1","0","0","0","","0","0","0","","","1","","0","","40 34:10.666","","0","79 51:24.826","8","0","0","0","2209","0","0","0","N","0","0","0","2","68T02","0","","1.0","","1","N","N","","0","","0","0","0","","0","","","2","1","0","0","0","1","0","2","0","2","","","","N","","","","","","","","","",""
"2019018288","","0","0","0","0","0","0","0","0","0","2","0","","02","2","2019","5","40.451215","-79.925799","0740","11","0","0","1","0","0","0","0","0","2","0","0","0","","","0","","2","","40 27:04.374","4","0","79 55:32.876","0","0","0","0","2301","0","0","0","N","0","0","0","3","02301","0","","1.0","","1","N","N","","0","","0","0","2","","0","Y","","2","0","0","0","0","0","0","2","0","2","","","","N","","","","","","","","","",""
"2019021280","","1","0","0","0","0","0","0","0","0","1","0","","02","2","2019","3","40.506806","-80.033861","1755","11","0","0","0","0","0","1","0","0","2","0","0","0","","","0","","0","","40 30:24.501","1","0","80 02:01.900","0","0","0","0","2116","0","0","0","N","0","0","0","3","68B03","0","","1.0","","9","N","N","","0","","0","0","2","","0","N","","3","0","0","0","0","0","0","2","0","3","","","","N","","","","","","","","","",""
"2019018696","","2","0","0","0","0","0","0","0","0","4","0","","02","2","2019","5","40.59949","-79.947397","1854","11","1","0","0","0","0","0","0","0","","0","0","0","","","0","","1","","40 35:58.163","","0","79 56:50.630","0","0","0","0","2207","0","0","0","N","0","0","0","2","02207","0","","1.0","","1","N","N","","0","","0","0","0","","2","","","2","0","0","0","0","0","0","2","0","2","","","","N","","","","","","","","","",""
"2019100560","","0","0","0","0","0","0","0","0","0","4","0","","02","10","2019","1","40.4426","-80.002678","1615","11","0","0","0","0","0","2","0","0","","0","0","0","","","0","","0","","40 26:33.360","","7","80 00:09.639","0","0","0","0","2301","0","0","0","N","0","0","0","6","02301","0","","1.0","","9","N","N","","0","","0","0","2","","0","N","","2","0","0","0","0","0","0","2","0","2","","","","N","","","","","","","","","",""
"2019097411","","1","0","0","0","0","0","0","0","0","7","0","","02","9","2019","7","40.455895","-79.821289","1306","11","0","0","0","0","0","0","0","0","","0","0","0","","","0","","2","","40 27:21.222","","0","79 49:16.640","0","0","0","0","2113","0","0","0","N","0","0","0","2","02113","0","","2.0","","1","N","N","","0","","0","0","0","","3","","","1","0","0","0","0","0","0","2","0","1","","","","N","","","","","","","","","",""
"2019019381","","1","0","0","0","0","0","0","0","0","1","0","","02","2","2019","7","40.455464","-79.993065","1913","11","0","0","0","0","0","0","0","0","","0","0","0","","","0","","0","","40 27:19.672","","0","79 59:35.033","0","0","0","0","2301","0","0","0","N","0","0","0","3","02301","0","","1.0","","1","N","N","","0","","0","0","1","","0","","","2","0","0","0","0","0","0","2","0","2","","","","N","","","","","","","","","",""
"2019100590","","1","0","0","0","0","0","0","0","0","4","1","","02","10","2019","2","40.512105","-79.833315","0014","11","0","0","0","0","0","0","0","0","2","0","1","0","","","1","","0","","40 30:43.577","4","0","79 49:59.935","3","0","0","0","2113","0","0","0","N","0","0","0","2","02113","0","","1.0","","9","N","N","","0","","1","0","0","","0","N","","2","1","0","0","0","0","0","2","0","2","","","","N","","","","","","","","","",""
"2019101100","","2","0","0","0","0","0","0","0","0","1","0","","02","10","2019","5","40.403562","-80.057984","1336","11","0","0","0","0","0","0","1","0","1","0","0","0","","","2","","2","","40 24:12.824","2","0","80 03:28.742","4","0","0","0","2117","0","0","0","N","0","0","0","3","02117","2","","1.0","","1","N","N","","0","","0","0","0","","2","N","","2","2","0","0","0","0","0","2","0","2","","","","N","","","","","","","","","",""
"2019100100","","0","0","0","0","0","0","0","0","0","1","0","","02","10","2019","6","40.381311","-80.059653","0746","11","0","0","0","0","0","1","0","1","","0","0","0","","","1","","0","","40 22:52.720","","0","80 03:34.750","8","0","0","0","2109","0","0","0","N","0","0","0","2","02109","0","","1.0","","1","N","N","","0","","0","0","2","","0","","","2","1","0","0","0","1","0","2","0","2","","","","N","","","","","","","","","",""
"2019019331","","3","0","0","0","0","0","0","0","0","1","0","","02","2","2019","7","40.443617","-80.028646","1255","11","0","0","0","0","0","0","1","1","3","0","0","0","","","1","","0","","40 26:37.021","1","0","80 01:43.127","3","0","0","0","2301","0","0","0","N","0","0","0","3","02301","0","","1.0","","1","N","N","","0","","1","0","0","","0","N","","3","1","0","0","0","0","0","2","0","3","","","","N","","","","","","","","","",""
"2019032756","","0","0","0","0","0","0","0","0","0","7","0","","02","3","2019","7","40.595841","-80.145781","1456","11","0","0","0","0","0","0","0","0","2","0","0","0","","","0","","0","","40 35:45.026","3","0","80 08:44.810","0","0","0","0","2481","0","0","0","N","0","0","0","5","02481","0","","4.0","","1","N","N","","0","","0","0","1","","0","N","","1","0","0","0","0","0","0","1","0","1","","","","N","","","","","","","","","",""
"2019101005","","1","0","0","0","0","0","0","0","0","99","0","","02","10","2019","2","40.570484","-79.793604","0553","11","0","0","0","0","0","0","0","0","","0","0","0","","","0","","0","","40 34:13.744","","0","79 47:36.976","0","0","0","0","2206","0","0","0","N","0","0","0","1","68D02","0","","1.0","","9","N","N","","0","","0","0","0","","0","","","1","0","0","0","0","0","0","2","0","1","","","","N","","","","","","","","","",""
"2019091863","","0","0","0","0","0","0","0","0","0","1","1","","02","9","2019","4","40.431201","-79.864008","2203","11","0","0","0","0","0","0","0","0","1","0","1","0","","","0","","0","","40 25:52.322","4","0","79 51:50.430","0","0","0","0","2431","0","0","0","N","0","0","0","1","02431","0","","1.0","","1","N","N","","1","","0","0","0","","0","N","","2","0","0","0","0","0","0","2","0","2","","","","N","","","","","","","","","",""
"2019101476","","3","0","0","0","0","0","0","0","0","1","0","","02","10","2019","3","40.415971","-80.030003","1926","11","0","0","0","0","0","1","0","0","2","0","0","0","","","3","","2","","40 24:57.497","2","0","80 01:48.011","3","0","0","0","2301","0","0","0","N","0","0","0","6","02301","0","","1.0","","1","N","N","","0","","3","0","0","","2","N","","3","3","2","0","0","0","0","2","0","3","","","","N","","","","","","","","","",""
"2019099215","","2","0","0","0","0","0","0","0","0","2","0","","02","10","2019","4","40.273094","-79.837394","1412","11","0","0","0","0","0","0","0","0","2","0","0","0","","","0","","3","","40 16:23.138","1","0","79 50:14.618","0","0","0","0","2105","0","0","0","N","0","0","0","2","02105","0","","1.0","","1","N","N","","0","","0","0","0","","3","Y","","2","0","0","0","0","0","0","2","0","2","","","","N","","","","","","","","","",""
"2019031782","","0","0","0","0","0","0","0","0","0","8","0","","02","3","2019","5","40.415432","-79.8768","1951","11","0","0","0","0","0","1","0","0","","0","0","0","","","2","","1","","40 24:55.555","","0","79 52:36.480","3","0","0","0","2463","2","0","0","N","2","0","0","3","02463","1","","1.0","","9","N","N","","0","","1","0","1","","2","","","3","2","0","0","0","0","0","2","0","1","","","","N","","","","","","","","","",""
"2019101924","","2","0","0","0","0","0","0","0","0","4","0","","02","10","2019","4","40.436691","-79.836671","0620","11","0","0","0","0","0","1","1","0","1","0","0","0","","","0","","1","","40 26:12.087","4","0","79 50:12.015","0","0","0","0","2419","0","0","0","N","0","0","0","2","02419","0","","1.0","","1","N","N","","0","","0","0","0","","3","N","","2","0","0","0","0","0","0","2","0","2","","","","N","","","","","","","","","",""
"2019018709","","0","0","0","0","0","0","0","0","0","7","0","","02","2","2019","5","40.346917","-80.071417","2122","11","1","0","0","0","0","0","0","0","","0","0","0","","","1","","0","","40 20:48.900","","0","80 04:17.100","4","0","0","0","2123","0","0","0","N","0","0","0","5","02123","1","","5.0","","1","N","N","","0","","0","0","1","","0","N","","1","1","0","0","0","0","0","2","0","1","","","","N","","","","","","","","","",""
"2019106961","","0","0","0","0","0","0","0","0","0","4","1","","02","10","2019","3","40.319712","-79.898671","0716","11","0","0","0","0","0","0","0","0","2","0","1","0","","","0","","0","","40 19:10.963","5","0","79 53:55.217","0","0","0","0","2302","0","0","0","N","0","0","0","2","02440","0","","1.0","","9","N","N","","0","","0","0","1","","0","Y","","2","0","0","0","0","0","0","2","0","2","","","","N","","","","","","","","","",""
"2019019143","","1","0","0","0","0","0","0","0","0","99","0","","02","2","2019","6","40.390117","-79.996096","1908","11","0","0","0","0","0","0","1","0","3","0","0","0","","","1","","2","","40 23:24.421","1","0","79 59:45.945","2","0","0","0","2301","0","0","0","N","0","0","0","1","02301","0","","5.0","","1","N","N","","0","","0","1","0","","0","N","","1","1","0","0","0","0","0","2","0","1","","","","N","","","","","","","","","",""
"2019025925","","0","0","0","0","0","0","0","0","0","1","0","","02","2","2019","4","40.423352","-80.10534","1030","11","0","0","0","0","0","1","0","0","3","0","0","0","","","0","","0","","40 25:24.066","3","0","80 06:19.224","0","0","0","0","2115","0","0","0","N","0","0","0","2","68B03","0","","1.0","","7","N","N","","0","","0","0","2","","4","Y","","2","0","0","0","0","0","0","2","0","2","","","","N","","","","","","","","","",""
"2019101629","","1","0","0","0","0","0","0","0","0","1","0","","02","10","2019","4","40.518804","-79.843006","1153","11","0","0","0","0","0","0","1","0","1","0","0","0","","","2","","2","","40 31:07.696","1","0","79 50:34.820","4","0","0","0","2451","0","0","0","N","0","0","0","2","02451","1","","1.0","","1","N","N","","0","","0","0","1","","0","N","","2","2","0","0","0","1","0","2","0","2","","","","N","","","","","","","","","",""
"2019018247","","1","0","0","0","0","0","0","0","0","7","0","","02","2","2019","5","40.448686","-80.023918","0220","11","0","0","0","0","0","0","0","0","","0","0","0","","","0","","5","","40 26:55.268","","0","80 01:26.105","0","0","0","0","2301","0","0","0","N","0","0","0","3","02301","0","","5.0","","1","N","N","","0","","0","0","0","","2","","","1","0","0","0","0","0","0","2","0","1","","","","N","","","","","","","","","",""
"2019019113","","1","0","0","0","0","0","0","0","0","7","0","","02","2","2019","6","40.454733","-80.299662","1513","11","0","0","0","0","0","0","0","0","","0","0","0","","","0","","0","","40 27:17.040","","0","80 17:58.782","0","0","0","0","2203","0","0","0","N","0","0","0","1","02203","0","","5.0","","1","N","N","","0","","0","0","0","","0","","","1","0","0","0","0","0","0","1","0","1","","","","N","","","","","","","","","",""
"2019098455","","1","0","0","0","0","0","0","0","0","7","0","","02","9","2019","7","40.401286","-79.81605","1432","11","0","0","0","0","1","0","0","0","3","0","0","0","","","0","","2","","40 24:04.629","7","0","79 48:57.779","0","0","0","0","2479","0","0","0","N","0","0","0","1","02501","0","","5.0","","1","N","N","","0","","0","0","0","","3","Y","","1","0","0","0","0","0","0","2","0","1","","","","N","","","","","","","","","",""
"2019029713","","2","0","0","0","0","0","0","0","0","4","0","","02","3","2019","3","40.326278","-79.911139","1803","11","0","0","0","0","0","2","0","0","2","0","0","0","","","2","","0","","40 19:34.600","4","0","79 54:40.100","3","0","0","0","2473","0","0","0","N","0","0","0","3","02473","1","","1.0","","1","N","N","","0","","1","0","1","","0","Y","","3","2","0","0","0","0","0","2","0","3","","","","N","","","","","","","","","",""
"2019105410","","1","0","0","0","0","0","0","0","0","7","0","","02","10","2019","6","40.498775","-79.97808","0842","11","0","0","0","0","0","0","0","0","","0","0","0","","","0","","2","","40 29:55.590","","0","79 58:41.087","0","0","0","0","2118","0","0","0","N","0","0","0","1","02118","0","","4.0","","1","N","N","","0","","0","0","0","","0","N","","1","0","0","0","0","0","0","2","0","1","","","","N","","","","","","","","","",""
"2019100748","","1","0","0","0","0","0","0","0","0","99","0","","02","10","2019","6","40.532315","-79.821601","2108","11","0","0","0","0","0","0","0","0","","0","0","0","","","0","","0","","40 31:56.335","","0","79 49:17.765","0","0","0","0","2466","0","0","0","N","0","0","0","2","68T02","0","","1.0","","1","N","N","","0","","0","0","0","","1","","","1","0","0","0","0","0","0","1","0","1","","","","N","","","","","","","","","",""
"2019110038","","2","0","0","0","0","0","0","0","0","2","0","","02","10","2019","4","40.39156","-79.934358","1626","11","0","0","0","0","0","1","0","0","2","0","0","0","","","2","","6","","40 23:29.616","2","2","79 56:03.687","3","0","0","0","2301","0","0","0","N","0","0","0","8","02301","0","","1.0","","1","N","N","","1","","2","0","0","","0","Y","","3","2","0","0","0","0","0","2","0","3","","","","N","","","","","","","","","",""
"2019017331","","1","0","0","0","0","0","0","0","0","7","0","","02","2","2019","4","40.464843","-79.828658","0050","11","0","0","0","0","0","0","0","0","1","0","0","0","","","0","","2","","40 27:53.434","4","0","79 49:43.169","0","0","0","0","2113","0","0","0","N","0","0","0","1","02113","0","","5.0","","9","N","N","","0","","0","0","0","","0","N","","1","0","0","0","0","0","0","2","0","1","","","","N","","","","","","","","","",""
"2019019590","","1","0","0","0","0","0","0","0","0","1","0","","02","2","2019","7","40.421038","-80.000566","2200","11","0","0","0","0","0","0","0","0","","0","0","0","","","0","","1","","40 25:15.736","","0","80 00:02.037","0","0","0","0","2301","0","0","0","N","0","0","0","2","02301","0","","1.0","","1","N","N","","0","","0","0","1","","2","","","2","0","1","0","0","0","0","2","0","2","","","","N","","","","","","","","","",""
"2019017271","","2","0","0","0","0","0","0","0","0","1","0","","02","2","2019","3","40.437646","-79.962336","1713","11","0","0","0","0","0","1","0","0","","0","0","0","","","0","","0","","40 26:15.526","","0","79 57:44.408","0","0","0","0","2301","0","0","0","N","0","0","0","2","02301","0","","1.0","","9","N","N","","0","","0","0","0","","0","","","2","0","0","0","0","0","0","2","0","2","","","","N","","","","","","","","","",""
"2019101353","","1","0","0","0","0","0","0","0","0","8","0","","02","10","2019","3","40.457848","-79.974203","","11","0","0","0","0","0","0","0","0","","0","0","0","","","2","","1","","40 27:28.252","","0","79 58:27.130","3","0","0","0","2301","2","0","0","N","2","0","0","3","02301","0","","1.0","","1","N","N","","0","","2","0","0","","0","N","","3","2","0","0","0","0","0","2","0","1","","","","N","","","","","","","","","",""
"2019020324","","0","0","0","0","0","0","0","0","0","1","0","","02","2","2019","6","40.572128","-80.023673","1858","11","0","0","0","0","0","1","0","0","1","0","0","0","","","0","","1","","40 34:19.660","2","0","80 01:25.221","0","0","0","0","2108","0","0","0","N","0","0","0","5","02108","0","","1.0","","1","N","N","","0","","0","0","2","","2","Y","","2","0","0","0","0","0","0","2","0","2","","","","N","","","","","","","","","",""
"2019018708","","1","0","0","0","0","0","0","0","0","1","0","","02","2","2019","5","40.470185","-79.893661","2130","11","0","0","0","0","0","1","0","0","","0","0","0","","","1","","1","","40 28:12.665","","0","79 53:37.179","3","0","0","0","2301","0","0","0","N","0","0","0","4","02301","0","","1.0","","1","N","N","","0","","1","0","1","","3","","","2","1","0","0","0","0","0","2","0","2","","","","N","","","","","","","","","",""
"2019019757","","2","0","0","0","0","0","0","0","0","2","0","","02","2","2019","3","40.411386","-79.99041","0632","11","0","0","0","0","0","0","0","0","","0","0","0","","","0","","1","","40 24:40.989","","0","79 59:25.475","0","0","0","0","2301","0","0","0","N","0","0","0","3","02301","0","","1.0","","9","N","N","","0","","0","0","0","","3","","","2","0","1","0","0","0","0","2","0","2","","","","N","","","","","","","","","",""
"2019019291","","1","0","0","0","0","0","0","0","0","4","0","","02","2","2019","7","40.451128","-79.982444","1238","11","0","0","0","0","0","0","0","0","","0","0","0","","","1","","1","","40 27:04.060","","0","79 58:56.798","4","0","0","0","2301","0","0","0","N","0","0","0","4","02301","1","","1.0","","1","N","N","","1","","0","0","0","","2","","","2","1","0","0","0","0","0","2","0","2","","","","N","","","","","","","","","",""
"2019026348","","2","0","0","0","0","0","0","0","0","6","0","","02","3","2019","4","40.552677","-79.971852","0850","11","0","0","0","0","0","1","0","0","2","0","0","0","","","2","","0","","40 33:09.636","5","0","79 58:18.666","8","0","0","0","2118","0","0","0","N","0","0","0","5","02118","0","","1.0","","1","N","N","","0","","0","0","1","","0","Y","","3","2","0","0","0","2","1","2","0","3","","","","Y","","","","","","","","","",""
"2019111161","","1","0","0","0","0","0","0","0","0","1","0","","02","11","2019","6","40.423036","-79.927569","1904","11","0","0","0","0","0","0","0","0","2","0","0","0","","","0","","2","","40 25:22.929","1","0","79 55:39.248","0","0","0","0","2301","0","0","0","N","0","0","0","3","02301","0","","1.0","","1","N","N","","0","","0","0","1","","0","N","","2","0","0","0","0","0","0","2","0","2","","","","N","","","","","","","","","",""
"2019021286","","0","0","0","0","0","0","0","0","0","7","0","","02","2","2019","5","40.421961","-80.106067","0515","11","0","0","0","0","0","0","0","0","","0","0","0","","","1","","0","","40 25:19.061","","2","80 06:21.842","3","0","0","0","2115","0","0","0","Y","0","0","0","1","68B03","0","","7.0","","1","N","N","","0","","1","0","1","","0","","","1","1","0","0","0","0","0","2","0","1","","","","N","","","","","","","","","",""
"2019027134","","1","0","0","0","0","0","0","0","0","7","0","","02","3","2019","5","40.474491","-79.9714","2333","11","0","0","0","0","0","0","0","0","","0","0","0","","","0","","2","","40 28:28.169","","2","79 58:17.039","0","0","0","0","2445","0","0","0","N","0","0","0","1","02445","0","","3.0","","1","N","N","","0","","0","0","0","","2","","","1","0","0","0","0","0","0","2","0","1","","","","N","","","","","","","","","",""
"2019110046","","1","0","0","0","0","0","0","0","0","7","0","","02","10","2019","4","40.474276","-79.713368","1855","11","0","0","0","0","0","1","0","0","","0","0","0","","","0","","2","","40 28:27.393","","0","79 42:48.124","0","0","0","0","2466","0","0","0","N","0","0","0","1","02466","0","","5.0","","9","N","N","","0","","0","0","0","","0","","","1","0","0","0","0","0","0","2","0","1","","","","N","","","","","","","","","",""
"2019039595","","2","0","0","0","0","0","0","0","0","1","0","","02","2","2019","2","40.455087","-80.183949","1538","11","0","0","0","0","0","2","0","0","","0","0","0","","","0","","0","","40 27:18.313","","0","80 11:02.218","0","0","0","0","2213","0","0","0","N","0","0","0","2","68B03","0","","1.0","","9","N","N","","0","","0","0","0","","0","","","2","0","0","0","0","0","0","2","0","2","","","","N","","","","","","","","","",""
"2019095466","","1","0","0","0","0","0","0","0","0","5","1","","02","9","2019","2","40.291035","-79.913763","0828","11","0","0","0","0","0","0","1","0","1","0","0","0","","","1","","0","","40 17:27.727","2","0","79 54:49.547","4","0","0","0","2440","0","0","0","N","0","0","0","2","02440","1","","1.0","","1","N","N","","0","","0","0","0","","3","N","","2","1","0","0","0","0","0","2","0","2","","","","N","","","","","","","","","",""
"2019026948","","2","0","0","0","0","0","0","0","0","1","0","","02","3","2019","4","40.419749","-79.849976","2206","11","0","1","0","0","0","0","0","0","1","0","0","0","","","2","","1","","40 25:11.098","4","0","79 50:59.914","3","0","0","0","2431","0","0","0","N","0","0","0","2","02431","0","","1.0","","1","N","N","","0","","2","0","0","","2","N","","2","2","0","0","0","0","0","2","0","2","","","","N","","","","","","","","","",""
"2019101012","","2","0","0","0","0","0","0","0","0","6","0","","02","9","2019","2","40.511369","-79.961262","1622","11","0","0","0","1","0","1","0","0","2","0","0","0","","","0","","2","","40 30:40.929","1","0","79 57:40.544","0","0","0","0","2118","0","0","0","N","0","0","0","2","02118","0","","1.0","","1","N","N","","0","","0","0","0","","3","N","","2","0","0","0","0","0","0","2","0","2","","","","N","","","","","","","","","",""
"2019021284","","2","0","0","0","0","0","0","0","0","1","0","","02","2","2019","4","40.410943","-80.070023","1011","11","0","0","0","0","0","0","0","0","","0","0","0","","","0","","0","","40 24:39.393","","0","80 04:12.082","0","0","0","0","2117","0","0","0","N","0","0","0","4","68B03","0","","1.0","","7","N","N","","1","","0","0","1","","0","","","4","0","0","0","0","0","0","2","0","4","","","","N","","","","","","","","","",""
"2019015989","","1","0","0","0","0","0","0","0","0","7","0","","02","2","2019","1","40.452139","-80.055278","2124","11","0","0","0","0","0","0","0","0","","0","0","0","","","0","","0","","40 27:07.700","","0","80 03:19.000","0","0","0","0","2301","0","0","0","N","0","0","0","1","02301","0","","5.0","","2","N","N","","0","","0","0","0","","0","","","1","0","0","0","0","0","0","2","0","1","","","","N","","","","","","","","","",""
"2019017785","","1","0","0","0","0","0","0","0","0","4","0","","02","2","2019","4","40.306262","-79.885238","1555","11","0","0","0","0","0","1","0","0","1","0","0","0","","","1","","2","","40 18:22.544","5","0","79 53:06.856","3","0","0","0","2302","0","0","0","N","0","0","0","2","02302","0","","1.0","","1","N","N","","0","","1","0","1","","3","N","","2","1","0","0","0","0","0","2","0","2","","","","N","","","","","","","","","",""
"2019108767","","1","0","0","0","0","0","0","0","0","7","0","","02","10","2019","1","40.448109","-79.709518","1741","11","1","0","0","0","0","0","0","0","","0","0","0","","","0","","0","","40 26:53.191","","0","79 42:34.263","0","0","0","0","2466","0","0","0","Y","0","0","0","1","02466","0","","5.0","","1","N","N","","0","","0","0","0","","0","N","","1","0","0","0","0","0","0","2","0","1","","","","N","","","","","","","","","",""
"2019095625","","0","0","0","0","0","0","0","0","0","4","0","","02","9","2019","2","40.408856","-80.081097","1658","11","0","0","0","0","0","0","0","0","","0","0","0","","","0","","1","","40 24:31.883","","0","80 04:51.949","0","0","0","0","2415","0","0","0","N","0","0","0","2","02415","0","","1.0","","9","N","N","","0","","0","0","1","","2","","","2","0","0","0","0","0","0","2","1","2","","","","N","","","","","","","","","",""
"2019100301","","1","0","0","0","0","0","0","0","0","4","0","","02","10","2019","1","40.439234","-80.05573","1255","11","0","0","0","0","0","1","0","0","1","0","0","0","","","1","","1","","40 26:21.242","2","0","80 03:20.628","8","0","0","0","2301","0","0","0","N","0","0","0","2","02301","0","","1.0","","9","N","N","","1","","0","0","0","","0","Y","","2","1","0","0","0","1","0","2","0","2","","","","N","","","","","","","","","",""
"2019108880","","2","0","0","0","0","0","0","0","0","5","0","","02","10","2019","2","40.346232","-79.857466","0928","11","0","0","0","0","0","0","0","0","1","0","0","0","","","0","","0","","40 20:46.435","7","0","79 51:26.879","0","0","0","0","2304","0","0","0","N","0","0","0","1","02304","0","","1.0","","1","N","N","","0","","0","0","0","","0","Y","","2","0","0","0","0","0","0","2","0","2","","","","N","","","","","","","","","",""