"CRN","ARRIVAL_TM","AUTOMOBILE_COUNT","BELTED_DEATH_COUNT","BELTED_SUSP_SERIOUS_INJ_COUNT","BICYCLE_COUNT","BICYCLE_DEATH_COUNT","BICYCLE_SUSP_SERIOUS_INJ_COUNT","BUS_COUNT","CHLDPAS_DEATH_COUNT","CHLDPAS_SUSP_SERIOUS_INJ_COUNT","COLLISION_TYPE","COMM_VEH_COUNT","CONS_ZONE_SPD_LIM","COUNTY","CRASH_MONTH","CRASH_YEAR","DAY_OF_WEEK","DEC_LATITUDE","DEC_LONGITUDE","DISPATCH_TM","DISTRICT","DRIVER_COUNT_16YR","DRIVER_COUNT_17YR","DRIVER_COUNT_18YR","DRIVER_COUNT_19YR","DRIVER_COUNT_20YR","DRIVER_COUNT_50_64YR","DRIVER_COUNT_65_74YR","DRIVER_COUNT_75PLUS","EST_HRS_CLOSED","FATAL_COUNT","HEAVY_TRUCK_COUNT","HORSE_BUGGY_COUNT","HOUR_OF_DAY","ILLUMINATION","INJURY_COUNT","INTERSECTION_RELATED","INTERSECT_TYPE","LANE_CLOSED","LATITUDE","LN_CLOSE_DIR","LOCATION_TYPE","LONGITUDE","MAX_SEVERITY_LEVEL","MCYCLE_DEATH_COUNT","MCYCLE_SUSP_SERIOUS_INJ_COUNT","MOTORCYCLE_COUNT","MUNICIPALITY","NONMOTR_COUNT","NONMOTR_DEATH_COUNT","NONMOTR_SUSP_SERIOUS_INJ_COUNT","NTFY_HIWY_MAINT","PED_COUNT","PED_DEATH_COUNT","PED_SUSP_SERIOUS_INJ_COUNT","PERSON_COUNT","POLICE_AGCY","POSSIBLE_INJ_COUNT","RDWY_SURF_TYPE_CD","RELATION_TO_ROAD","ROADWAY_CLEARED","ROAD_CONDITION","SCH_BUS_IND","SCH_ZONE_IND","SECONDARY_CRASH","SMALL_TRUCK_COUNT","SPEC_JURIS_CD","SUSP_MINOR_INJ_COUNT","SUSP_SERIOUS_INJ_COUNT","SUV_COUNT","TCD_FUNC_CD","TCD_TYPE","TFC_DETOUR_IND","TIME_OF_DAY","TOTAL_UNITS","TOT_INJ_COUNT","UNBELTED_OCC_COUNT","UNB_DEATH_COUNT","UNB_SUSP_SERIOUS_INJ_COUNT","UNK_INJ_DEG_COUNT","UNK_INJ_PER_COUNT","URBAN_RURAL","VAN_COUNT","VEHICLE_COUNT","WEATHER1","WEATHER2","WORKERS_PRES","WORK_ZONE_IND","WORK_ZONE_LOC","WORK_ZONE_TYPE","WZ_CLOSE_DETOUR","WZ_FLAGGER","WZ_LAW_OFFCR_IND","WZ_LN_CLOSURE","WZ_MOVING","WZ_OTHER","WZ_SHLDER_MDN","WZ_WORKERS_INJ_KILLED"
"2019032512","","2","0","0","0","0","0","0","0","0","4","0","","02","3","2019","6","40.493103","-79.862518","2340","11","0","0","0","0","0","0","0","0","1","0","0","0","","","0","","0","","40 29:35.169","2","0","79 51:45.065","9","0","0","0","2408","0","0","0","N","0","0","0","2","02408","0","","6.0","","9","N","N","","0","","0","0","0","","0","N","","2","0","0","0","0","0","1","2","0","2","","","","N","","","","","","","","","",""
"2019034312","","1","0","0","0","0","0","0","0","0","2","0","","02","3","2019","6","40.521697","-80.043671","0711","11","0","0","0","0","0","0","0","0","","0","0","0","","","1","","2","","40 31:18.108","","0","80 02:37.214","3","0","0","0","2116","0","0","0","N","0","0","0","2","02474","0","","1.0","","1","N","N","","0","","1","0","1","","3","","","2","1","0","0","0","0","0","2","0","2","","","","N","","","","","","","","","",""
"2019095633","","1","0","0","0","0","0","0","0","0","4","0","","02","9","2019","2","40.368813","-80.084834","1748","11","0","0","0","0","0","2","0","0","1","0","0","0","","","2","","2","","40 22:07.726","2","0","80 05:05.402","3","0","0","0","2117","0","0","0","N","0","0","0","4","02117","0","","1.0","","9","N","N","","0","","2","0","0","","2","N","","2","2","0","0","0","0","0","2","1","2","","","","N","","","","","","","","","",""
"2019100175","","1","0","0","0","0","0","0","0","0","7","0","","02","10","2019","7","40.453378","-79.979171","2103","11","0","0","0","0","0","0","0","0","1","0","0","0","","","1","","2","","40 27:12.160","1","0","79 58:45.017","4","0","0","0","2301","0","0","0","N","0","0","0","1","02301","1","","4.0","","1","N","N","","0","","0","0","0","","2","N","","1","1","0","0","0","0","0","2","0","1","","","","N","","","","","","","","","",""
"2019033549","","1","0","0","0","0","0","0","0","0","1","0","","02","3","2019","5","40.439596","-79.860821","1524","11","0","0","0","0","0","0","0","0","2","0","0","0","","","2","","0","","40 26:22.545","3","0","79 51:38.955","4","0","0","0","2478","0","0","0","N","0","0","0","3","68B03","2","","1.0","","1","N","N","","0","","0","0","1","","0","N","","2","2","0","0","0","0","0","2","0","2","","","","N","","","","","","","","","",""
"2019102256","","2","0","0","0","0","0","0","0","0","1","0","","02","10","2019","5","40.447776","-79.849374","2055","11","0","0","0","0","0","0","0","1","2","0","0","0","","","0","","2","","40 26:51.995","7","0","79 50:57.747","0","0","0","0","2419","0","0","0","N","0","0","0","3","02419","0","","1.0","","1","N","N","","0","","0","0","0","","0","Y","","2","0","3","0","0","0","0","2","0","2","","","","N","","","","","","","","","",""
"2019112730","","1","0","0","0","0","0","0","0","0","7","0","","02","7","2019","1","40.481115","-80.258931","1928","11","0","0","0","1","0","1","0","0","2","0","0","0","","","1","","0","","40 28:52.015","4","0","80 15:32.153","3","0","0","0","2203","0","0","0","Y","0","0","0","2","68B03","0","","4.0","","1","N","N","","0","","1","0","1","","0","N","","2","1","0","0","0","0","0","2","0","2","","","","N","","","","","","","","","",""
"2019092520","","1","0","0","0","0","0","0","0","0","8","0","","02","9","2019","7","40.418507","-79.988214","2315","11","0","0","0","0","0","0","0","0","1","0","0","0","","","1","","1","","40 25:06.625","6","0","79 59:17.570","8","0","0","0","2301","1","0","0","N","1","0","0","2","02301","0","","1.0","","1","N","N","","0","","0","0","0","","3","N","","2","1","0","0","0","1","1","2","0","1","","","","N","","","","","","","","","",""
"2019016827","","0","0","0","0","0","0","0","0","0","1","0","","02","2","2019","2","40.442716","-79.991422","1400","11","0","0","0","0","0","2","0","0","1","0","0","0","","","1","","0","","40 26:33.779","1","0","79 59:29.118","3","0","0","0","2301","0","0","0","N","0","0","0","3","02301","0","","1.0","","9","N","N","","1","","1","0","1","","0","N","","2","1","0","0","0","0","0","2","0","2","","","","N","","","","","","","","","",""
"2019017510","","3","0","0","0","0","0","0","0","0","4","0","","02","2","2019","4","40.492527","-80.049371","0609","11","0","0","0","0","0","0","0","0","","0","0","0","","","1","","0","","40 29:33.098","","0","80 02:57.734","3","0","0","0","2404","0","0","0","N","0","0","0","1","02404","0","","6.0","","2","N","N","","0","","1","0","0","","0","","","3","1","0","0","0","0","0","2","0","3","","","","N","","","","","","","","","",""
"2019019117","","1","0","0","0","0","0","0","0","0","2","0","","02","2","2019","5","40.627812","-80.017684","0628","11","0","0","0","0","0","0","0","0","2","0","0","0","","","1","","0","","40 37:40.122","4","0","80 01:03.664","4","0","0","0","2216","0","0","0","N","0","0","0","2","02505","1","","1.0","","9","N","N","","1","","0","0","0","","0","N","","2","1","0","0","0","0","0","1","0","2","","","","N","","","","","","","","","",""
"2019015941","","2","0","0","0","0","0","0","0","0","6","0","","02","2","2019","1","40.398555","-80.134003","1739","11","0","0","0","0","1","0","1","0","2","0","0","0","","","0","","0","","40 23:54.799","3","0","80 08:02.410","0","0","0","0","2102","0","0","0","N","0","0","0","2","02102","0","","1.0","","7","N","N","","0","","0","0","0","","0","N","","2","0","0","0","0","0","0","2","0","2","","","","N","","","","","","","","","",""
"2019015981","","2","0","0","0","0","0","0","0","0","1","0","","02","2","2019","1","40.445481","-80.030003","2003","11","0","0","0","0","0","2","0","0","2","0","0","0","","","0","","0","","40 26:43.730","7","0","80 01:48.011","0","0","0","0","2301","0","0","0","N","0","0","0","5","02301","0","","1.0","","7","N","N","","0","","0","0","2","","0","N","","4","0","0","0","0","0","0","2","0","4","","","","N","","","","","","","","","",""
"2019034132","","1","0","0","0","0","0","0","0","0","4","0","","02","2","2019","7","40.435181","-79.983445","0444","11","0","0","0","0","0","0","1","0","2","0","0","0","","","0","","0","","40 26:06.650","4","0","79 59:00.402","9","0","0","0","2301","0","0","0","N","0","0","0","3","68B03","0","","1.0","","1","N","N","","0","","0","0","1","","0","N","","3","0","0","0","0","0","1","2","0","3","","","","N","","","","","","","","","",""
"2019097892","","0","0","0","0","0","0","0","0","0","2","0","","02","9","2019","6","40.600357","-79.888678","1359","11","0","0","0","0","0","0","1","0","2","0","0","0","","","3","","2","","40 36:01.285","6","0","79 53:19.242","3","0","0","0","2220","0","0","0","N","0","0","0","3","02220","0","","1.0","","1","N","N","","0","","3","0","2","","0","N","","2","3","0","0","0","0","0","2","0","2","","","","N","","","","","","","","","",""
"2019027489","","2","0","0","0","0","0","0","0","0","4","0","","02","3","2019","5","40.653964","-79.838761","2300","11","0","0","0","0","0","0","0","0","2","0","0","0","","","0","","1","","40 39:14.269","6","0","79 50:19.541","0","0","0","0","2220","0","0","0","N","0","0","0","2","02220","0","","1.0","","1","N","N","","0","","0","0","0","","3","Y","","2","0","0","0","0","0","0","1","0","2","","","","N","","","","","","","","","",""
"2019101123","","3","0","0","0","0","0","0","0","0","2","1","","02","10","2019","3","40.413601","-80.009743","0741","11","0","0","0","0","0","1","0","0","","0","1","0","","","2","","0","","40 24:48.964","","4","80 00:35.075","8","0","0","0","2301","0","0","0","N","0","0","0","8","02301","0","","1.0","","1","N","N","","0","","0","0","2","","2","","","7","2","0","0","0","2","0","2","1","7","","","","N","","","","","","","","","",""
"2019100135","","1","0","0","0","0","0","0","0","0","8","0","","02","10","2019","6","40.416591","-79.990638","1729","11","0","0","0","0","0","1","0","0","2","0","0","0","","","1","","1","","40 24:59.727","2","0","79 59:26.296","3","0","0","0","2301","1","0","0","N","1","0","0","2","02301","0","","1.0","","1","N","N","","0","","1","0","0","","3","Y","","2","1","0","0","0","0","0","2","0","1","","","","N","","","","","","","","","",""
"2019109795","","1","0","0","0","0","0","0","0","0","4","0","","02","10","2019","2","40.529884","-80.009322","0619","11","0","0","0","0","0","1","0","0","1","0","0","0","","","1","","0","","40 31:47.583","2","0","80 00:33.560","8","0","0","1","2116","0","0","0","N","0","0","0","2","02116","0","","1.0","","1","N","N","","0","","0","0","0","","2","N","","2","1","0","0","0","1","0","2","0","2","","","","N","","","","","","","","","",""
"2019032595","","0","0","0","0","0","0","0","0","0","4","0","","02","3","2019","7","40.454366","-79.94768","2321","11","0","0","0","0","0","0","0","0","2","0","0","0","","","0","","1","","40 27:15.719","6","0","79 56:51.648","0","0","0","0","2301","0","0","0","N","0","0","0","2","02301","0","","1.0","","1","N","N","","0","","0","0","1","","2","Y","","2","0","0","0","0","0","0","2","1","2","","","","N","","","","","","","","","",""
"2019111458","","3","0","0","0","0","0","0","0","0","4","0","","02","11","2019","1","40.427861","-79.924647","1056","11","0","0","0","0","0","0","0","0","1","0","0","0","","","0","","1","","40 25:40.300","5","0","79 55:28.729","0","0","0","0","2301","0","0","0","N","0","0","0","3","02301","0","","1.0","","1","N","N","","0","","0","0","0","","0","Y","","3","0","0","0","0","0","0","2","0","3","","","","N","","","","","","","","","",""
"2019033820","","1","0","0","0","0","0","0","0","0","2","0","","02","3","2019","7","40.450179","-80.116856","2124","11","0","0","0","0","0","0","0","0","","0","0","0","","","0","","0","","40 27:00.644","","0","80 07:00.683","0","0","0","0","2115","0","0","0","N","0","0","0","2","02115","0","","1.0","","1","N","N","","0","","0","0","1","","0","","","2","0","0","0","0","0","0","2","0","2","","","","N","","","","","","","","","",""
"2019100221","","2","0","0","0","0","0","0","0","0","4","0","","02","10","2019","7","40.336169","-79.980559","1501","11","0","0","0","1","0","1","0","0","1","0","0","0","","","1","","2","","40 20:10.208","4","0","79 58:50.012","4","0","0","0","2403","0","0","0","N","0","0","0","2","02403","1","","1.0","","1","N","N","","0","","0","0","0","","0","N","","2","1","0","0","0","0","0","2","0","2","","","","N","","","","","","","","","",""
"2019102220","","0","0","0","0","0","0","0","0","0","7","0","","02","10","2019","2","40.562152","-79.799898","1741","11","0","0","0","0","0","0","0","0","","0","0","0","","","0","","0","","40 33:43.747","","0","79 47:59.631","0","0","0","0","2206","0","0","0","Y","0","0","0","1","68D02","0","","2.0","","9","N","N","","0","","0","0","1","","0","","","1","0","0","0","0","0","0","2","0","1","","","","N","","","","","","","","","",""
"2019016831","","0","0","0","0","0","0","0","0","0","7","0","","02","2","2019","2","40.214639","-79.829882","0908","11","0","0","0","0","0","1","0","0","","0","0","0","","","1","","0","","40 12:52.701","","0","79 49:47.574","8","0","0","0","2105","0","0","0","N","0","0","0","1","02105","0","","5.0","","6","N","N","","0","","0","0","1","","0","","","1","1","0","0","0","1","0","1","0","1","","","","N","","","","","","","","","",""
"2019101720","","1","0","0","0","0","0","0","0","0","4","1","","02","10","2019","3","40.5295","-79.707558","2053","11","0","0","0","0","0","1","0","1","3","0","1","0","","","2","","3","","40 31:46.199","5","0","79 42:27.208","8","0","0","0","2466","0","0","0","N","0","0","0","4","02466","0","","1.0","","1","N","N","","0","","0","0","0","","3","N","","2","2","0","0","0","2","0","1","0","2","","","","N","","","","","","","","","",""
"2019024520","","1","0","0","0","0","0","0","0","0","4","0","","02","2","2019","5","40.328624","-80.029049","1253","11","0","0","0","0","0","0","0","1","","0","0","0","","","0","","1","","40 19:43.048","","0","80 01:44.577","0","0","0","0","2407","0","0","0","N","0","0","0","2","02407","0","","1.0","","1","N","N","","0","","0","0","1","","0","","","2","0","0","0","0","0","0","2","0","2","","","","N","","","","","","","","","",""
"2019102173","","1","0","0","0","0","0","0","0","0","4","0","","02","10","2019","5","40.42615","-80.294766","1754","11","0","0","0","0","0","0","0","0","","0","0","0","","","0","","2","","40 25:34.139","","2","80 17:41.158","0","0","0","0","2214","0","0","0","N","0","0","0","4","02214","0","","1.0","","1","N","N","","1","","0","0","0","","3","","","2","0","0","0","0","0","0","1","0","2","","","","N","","","","","","","","","",""
"2019108852","","2","0","0","0","0","0","0","0","0","2","0","","02","10","2019","2","40.440755","-79.783703","0846","11","0","0","1","0","0","0","0","0","","0","0","0","","","2","","0","","40 26:26.719","","0","79 47:01.332","3","0","0","0","2446","0","0","0","N","0","0","0","3","02446","0","","1.0","","1","N","N","","0","","2","0","0","","0","","","2","2","0","0","0","0","0","2","0","2","","","","N","","","","","","","","","",""
"2019031527","","1","0","0","0","0","0","0","0","0","1","0","","02","3","2019","3","40.615866","-80.055234","1002","11","0","0","0","0","0","0","1","0","","0","0","0","","","0","","0","","40 36:57.116","","0","80 03:18.842","0","0","0","0","2216","0","0","0","N","0","0","0","2","02505","0","","1.0","","1","N","N","","0","","0","0","1","","2","","","2","0","0","0","0","0","0","2","0","2","","","","N","","","","","","","","","",""
"2019016768","","0","0","0","0","0","0","0","0","0","4","0","","02","2","2019","2","40.426264","-79.963573","0632","11","0","0","0","0","0","1","0","0","","0","0","0","","","1","","1","","40 25:34.552","","0","79 57:48.863","3","0","0","0","2301","0","0","0","N","0","0","0","2","02301","0","","1.0","","6","N","N","","1","","1","0","1","","2","","","2","1","0","0","0","0","0","2","0","2","","","","N","","","","","","","","","",""
"2019101602","","1","0","0","0","0","0","0","0","0","7","0","","02","10","2019","3","40.582297","-80.029689","1215","11","0","0","0","0","0","1","0","0","1","0","0","0","","","1","","7","","40 34:56.268","1","2","80 01:46.882","8","0","0","0","2108","0","0","0","Y","0","0","0","1","02108","0","","2.0","","1","N","N","","0","","0","0","0","","0","N","","1","1","0","0","0","1","0","2","0","1","","","","N","","","","","","","","","",""
"2019107813","","1","0","0","0","0","0","0","0","0","4","0","","02","10","2019","5","40.36795","-79.871944","2131","11","0","0","0","0","0","1","0","0","3","1","0","0","","","0","","0","","40 22:04.620","5","7","79 52:19.000","1","1","0","1","2473","0","0","0","N","0","0","0","3","02473","0","2","1.0","","1","N","N","","0","0","0","0","0","","0","Y","","2","0","1","0","0","0","0","2","0","2","","","","N","","","","","","","","","",""
"2019031598","","1","0","0","0","0","0","0","0","0","4","0","","02","3","2019","5","40.459214","-79.927463","1204","11","0","0","0","0","0","0","0","0","","0","0","0","","","0","","1","","40 27:33.170","","0","79 55:38.866","0","0","0","1","2301","0","0","0","N","0","0","0","2","02301","0","","1.0","","1","N","N","","0","","0","0","0","","3","","","2","0","0","0","0","0","0","2","0","2","","","","N","","","","","","","","","",""
"2019018344","","1","0","1","0","0","0","0","0","0","7","0","","02","2","2019","4","40.475083","-79.822109","1519","11","0","0","0","0","0","0","1","0","2","0","0","0","","","1","","0","","40 28:30.299","4","0","79 49:19.592","2","0","0","0","2113","0","0","0","N","0","0","0","1","02113","0","","5.0","","9","N","N","","0","","0","1","0","","0","Y","","1","1","0","0","0","0","0","2","0","1","","","","N","","","","","","","","","",""
"2019096788","","0","0","0","0","0","0","0","0","0","0","1","","02","9","2019","5","40.674013","-80.094358","0640","11","0","0","0","0","0","0","0","0","","0","1","0","","","1","","0","","40 40:26.445","","2","80 05:39.690","8","0","0","0","2212","0","0","0","N","0","0","0","1","68T02","0","","4.0","","1","N","N","","0","","0","0","0","","0","","","1","1","0","0","0","1","0","2","0","1","","","","N","","","","","","","","","",""
"2019097986","","2","0","0","0","0","0","0","0","0","4","0","","02","9","2019","4","40.544586","-80.035882","1548","11","0","0","0","0","0","0","0","0","","0","0","0","","","0","","2","","40 32:40.510","","0","80 02:09.174","0","0","0","0","2116","0","0","0","N","0","0","0","2","02116","0","","1.0","","1","N","N","","0","","0","0","0","","2","N","","2","0","0","0","0","0","0","2","0","2","","","","N","","","","","","","","","",""
"2019018669","","2","0","0","0","0","0","0","0","0","4","0","","02","2","2019","5","40.449457","-80.107355","1659","11","0","0","0","0","0","0","2","0","","0","0","0","","","0","","1","","40 26:58.044","","0","80 06:26.478","0","0","0","0","2115","0","0","0","N","0","0","0","2","02115","0","","1.0","","1","N","","","0","","0","0","0","","2","","","2","0","0","0","0","0","0","2","0","2","","","","N","","","","","","","","","",""
"2019102093","","0","0","0","0","0","0","0","0","0","7","0","","02","10","2019","7","40.549011","-79.825382","0543","11","0","0","0","0","0","0","0","0","","0","0","0","","","2","","0","","40 32:56.439","","0","79 49:31.374","8","0","0","0","2208","0","0","0","N","0","0","0","3","68T02","0","","3.0","","1","N","N","","0","","0","0","1","","0","","","1","2","0","0","0","2","0","2","0","1","","","","N","","","","","","","","","",""
"2019017239","","2","0","0","0","0","0","0","0","0","5","0","","02","2","2019","3","40.452918","-80.028267","1612","11","0","0","0","0","1","1","0","0","","0","0","0","","","0","","0","","40 27:10.506","","0","80 01:41.762","0","0","0","0","2301","0","0","0","N","0","0","0","2","02301","0","","4.0","","9","N","N","","0","","0","0","0","","0","","","2","0","0","0","0","0","0","2","0","2","","","","N","","","","","","","","","",""
"2019025927","","1","0","0","0","0","0","0","0","0","1","0","","02","2","2019","4","40.423441","-80.106459","1123","11","0","0","0","1","0","0","0","0","","0","0","0","","","0","","6","","40 25:24.387","","2","80 06:23.254","0","0","0","0","2115","0","0","0","N","0","0","0","2","68B03","0","","1.0","","2","N","N","","1","","0","0","0","","4","","","2","0","0","0","0","0","0","2","0","2","","","","N","","","","","","","","","",""
"2019022003","","3","0","0","0","0","0","0","0","0","1","0","","02","2","2019","7","40.352191","-80.025109","2145","11","1","0","0","0","0","0","0","0","","0","0","0","","","0","","2","","40 21:07.889","","0","80 01:30.393","0","0","0","0","2407","0","0","0","N","0","0","0","4","02407","0","","1.0","","1","N","N","","0","","0","0","0","","0","","","3","0","1","0","0","0","0","2","0","3","","","","N","","","","","","","","","",""
"2019019261","","1","0","0","0","0","0","0","0","0","0","0","","02","2","2019","4","40.469222","-79.900194","1018","11","0","0","0","0","0","0","0","1","1","0","0","0","","","0","","0","","40 28:09.200","3","0","79 54:00.700","0","0","0","0","2301","0","0","0","N","0","0","0","1","02301","0","","1.0","","7","N","Y","","0","","0","0","1","","0","N","","2","0","0","0","0","0","0","2","0","2","","","","N","","","","","","","","","",""
"2019031122","","1","0","0","0","0","0","0","0","0","1","0","","02","3","2019","3","40.29041","-80.028265","1547","11","0","0","0","0","0","1","0","0","","0","0","0","","","1","","0","","40 17:25.476","","0","80 01:41.753","4","0","0","0","2219","0","0","0","N","0","0","0","3","02219","1","","1.0","","1","N","N","","0","","0","0","1","","0","","","2","1","0","0","0","0","0","2","0","2","","","","N","","","","","","","","","",""
"2019019791","","3","0","0","0","0","0","0","0","0","2","0","","02","2","2019","6","40.477133","-80.048321","2057","11","0","0","0","0","0","1","0","0","5","0","0","0","","","4","","0","","40 28:37.677","7","3","80 02:53.954","2","0","0","0","2122","0","0","0","N","0","0","0","9","02122","0","","1.0","","1","N","N","","0","","1","1","2","","0","Y","","5","4","0","0","0","2","0","2","0","5","","","","N","","","","","","","","","",""
"2019101154","","0","0","0","0","0","0","0","0","0","6","1","","02","10","2019","3","40.491958","-79.864902","1010","11","0","0","0","0","0","2","0","0","","0","1","0","","","0","","1","","40 29:31.049","","0","79 51:53.648","0","0","0","0","2408","0","0","0","N","0","0","0","2","02408","0","","1.0","","1","N","N","","0","","0","0","1","","2","","","2","0","0","0","0","0","0","2","0","2","","","","N","","","","","","","","","",""
"2019023637","","1","0","0","0","0","0","0","0","0","7","0","","02","2","2019","4","40.203112","-79.917389","0600","11","0","0","0","0","0","0","0","0","","0","0","0","","","1","","0","","40 12:11.204","","0","79 55:02.599","4","0","0","0","2204","0","0","0","N","0","0","0","1","02204","1","","3.0","","2","N","N","","0","","0","0","0","","0","","","1","1","1","0","0","0","0","1","0","1","","","","N","","","","","","","","","",""
"2019095848","","1","0","0","0","0","0","0","0","0","5","1","","02","9","2019","4","40.43972","-79.997712","1033","11","0","0","0","0","0","1","0","0","","0","1","0","","","0","","1","","40 26:22.993","","0","79 59:51.764","0","0","0","0","2301","0","0","0","N","0","0","0","2","02301","0","","1.0","","1","N","N","","0","","0","0","0","","2","N","","2","0","0","0","0","0","0","2","0","2","","","","N","","","","","","","","","",""
"2019029869","","2","0","0","0","0","0","0","0","0","4","0","","02","3","2019","6","40.425929","-79.940894","1209","11","0","0","0","0","0","0","0","1","","0","0","0","","","1","","1","","40 25:33.344","","0","79 56:27.218","3","0","0","0","2301","0","0","0","N","0","0","0","3","02301","0","","1.0","","1","N","N","","0","","1","0","0","","3","","","2","1","1","0","0","0","0","2","0","2","","","","N","","","","","","","","","",""
"2019111523","","0","0","0","0","0","0","0","0","0","1","0","","02","11","2019","1","40.402081","-80.000669","1341","11","0","0","0","0","0","0","0","0","","0","0","0","","","0","","1","","40 24:07.491","","0","80 00:02.409","9","0","0","0","2301","0","0","0","N","0","0","0","2","02301","0","","1.0","","1","N","N","","0","","0","0","1","","2","","","2","0","0","0","0","0","1","2","1","2","","","","N","","","","","","","","","",""
"2019019334","","0","0","0","0","0","0","0","0","0","7","0","","02","2","2019","6","40.555689","-79.971027","1408","11","0","0","0","0","0","0","0","0","2","0","0","0","","","0","","0","","40 33:20.481","5","0","79 58:15.697","0","0","0","0","2207","0","0","0","N","0","0","0","1","02207","0","","5.0","","9","N","N","","0","","0","0","1","","0","Y","","1","0","0","0","0","0","0","2","0","1","","","","N","","","","","","","","","",""
"2019015960","","0","0","0","0","0","0","0","0","0","2","0","","02","2","2019","1","40.414359","-79.990895","1932","11","0","0","0","0","0","1","0","0","1","0","0","0","","","1","","0","","40 24:51.693","1","0","79 59:27.221","3","0","0","0","2301","0","0","0","N","0","0","0","3","02301","0","","1.0","","7","N","N","","1","","1","0","0","","0","N","","2","1","1","0","0","0","0","2","1","2","","","","N","","","","","","","","","",""
"2019018026","","1","0","0","0","0","0","0","0","0","7","0","","02","2","2019","4","40.348655","-80.157083","1922","11","0","0","0","0","0","0","0","0","","0","0","0","","","1","","0","","40 20:55.159","","0","80 09:25.499","3","0","0","0","2119","0","0","0","N","0","0","0","1","02119","0","","2.0","","2","N","N","","0","","1","0","0","","0","","","1","1","0","0","0","0","0","2","0","1","","","","N","","","","","","","","","",""
"2019106949","","2","0","0","0","0","0","0","0","0","2","0","","02","10","2019","4","40.564872","-79.992638","0743","11","0","1","0","0","0","0","0","0","2","0","0","0","","","0","","1","","40 33:53.540","4","0","79 59:33.497","0","0","0","0","2108","0","0","0","N","0","0","0","2","02108","0","","1.0","","1","N","N","","0","","0","0","0","","3","Y","","2","0","0","0","0","0","0","2","0","2","","","","N","","","","","","","","","",""
"2019030764","","1","0","0","0","0","0","0","0","0","4","0","","02","3","2019","1","40.419778","-80.011333","0330","11","0","0","0","0","0","0","0","0","","0","0","0","","","0","","0","","40 25:11.200","","0","80 00:40.800","0","0","0","0","2301","0","0","0","N","0","0","0","1","02301","0","","4.0","","1","N","N","","0","","0","0","1","","0","","","2","0","0","0","0","0","0","2","0","2","","","","N","","","","","","","","","",""
"2019016131","","0","0","0","0","0","0","0","0","0","6","0","","02","2","2019","2","40.428139","-79.728049","0754","11","0","0","0","0","0","2","0","0","2","0","0","0","","","0","","0","","40 25:41.301","6","0","79 43:40.977","0","0","0","0","2446","0","0","0","N","0","0","0","2","02446","0","","1.0","","2","N","N","","0","","0","0","2","","0","N","","2","0","0","0","0","0","0","2","0","2","","","","N","","","","","","","","","",""
"2019016886","","1","0","0","0","0","0","0","0","0","2","0","","02","2","2019","2","40.442168","-79.994957","2300","11","0","0","0","0","0","0","0","0","2","0","0","0","","","0","","3","","40 26:31.803","3","0","79 59:41.846","0","0","0","0","2301","0","0","0","N","0","0","0","2","02301","0","","1.0","","9","N","N","","0","","0","0","0","","0","Y","","2","0","0","0","0","0","0","2","1","2","","","","N","","","","","","","","","",""
"2019018692","","1","0","0","0","0","0","0","0","0","4","0","","02","2","2019","5","40.452917","-79.920736","2124","11","0","0","0","0","0","0","0","1","1","0","0","0","","","2","","1","","40 27:10.501","2","0","79 55:14.649","4","0","0","0","2301","0","0","0","N","0","0","0","3","02301","2","","1.0","","1","N","N","","0","","0","0","1","","2","N","","2","2","0","0","0","0","0","2","0","2","","","","N","","","","","","","","","",""
"2019101889","","1","0","0","0","0","0","0","0","0","5","1","","02","10","2019","3","40.653075","-80.062763","1027","11","0","0","0","0","0","0","0","0","","0","1","0","","","1","","0","","40 39:11.069","","0","80 03:45.946","3","0","0","0","2216","0","0","0","N","0","0","0","3","68T02","0","","1.0","","1","N","N","","0","","1","0","0","","0","","","2","1","0","0","0","0","0","2","0","2","","","","N","","","","","","","","","",""
"2019016382","","1","0","0","0","0","0","0","0","0","4","0","","02","2","2019","2","40.456922","-79.894133","1525","11","0","0","0","0","0","0","0","0","","0","0","0","","","1","","1","","40 27:24.919","","0","79 53:38.878","3","0","0","0","2301","0","0","0","N","0","0","0","2","02301","0","","1.0","","9","N","N","","0","","1","0","0","","3","","","2","1","0","0","0","0","1","2","0","2","","","","N","","","","","","","","","",""
"2019019819","","0","0","0","0","0","0","0","0","0","7","0","","02","2","2019","5","40.459414","-80.226614","1221","11","0","0","0","0","1","0","0","0","1","0","0","0","","","0","","0","","40 27:33.890","2","0","80 13:35.810","0","0","0","0","2203","0","0","0","N","0","0","0","1","02203","0","","5.0","","1","N","N","","0","","0","0","1","","0","N","","1","0","0","0","0","0","0","2","0","1","","","","N","","","","","","","","","",""
"2019031268","","1","0","0","0","0","0","0","0","0","2","0","","02","3","2019","4","40.436584","-79.779985","1145","11","0","0","0","0","0","0","0","0","1","0","0","0","","","1","","1","","40 26:11.702","3","0","79 46:47.946","3","0","0","0","2446","0","0","0","N","0","0","0","2","02446","0","","1.0","","1","N","N","","0","","1","0","0","","1","N","","2","1","0","0","0","0","0","2","1","2","","","","N","","","","","","","","","",""