"CRN","ARRIVAL_TM","AUTOMOBILE_COUNT","BELTED_DEATH_COUNT","BELTED_SUSP_SERIOUS_INJ_COUNT","BICYCLE_COUNT","BICYCLE_DEATH_COUNT","BICYCLE_SUSP_SERIOUS_INJ_COUNT","BUS_COUNT","CHLDPAS_DEATH_COUNT","CHLDPAS_SUSP_SERIOUS_INJ_COUNT","COLLISION_TYPE","COMM_VEH_COUNT","CONS_ZONE_SPD_LIM","COUNTY","CRASH_MONTH","CRASH_YEAR","DAY_OF_WEEK","DEC_LATITUDE","DEC_LONGITUDE","DISPATCH_TM","DISTRICT","DRIVER_COUNT_16YR","DRIVER_COUNT_17YR","DRIVER_COUNT_18YR","DRIVER_COUNT_19YR","DRIVER_COUNT_20YR","DRIVER_COUNT_50_64YR","DRIVER_COUNT_65_74YR","DRIVER_COUNT_75PLUS","EST_HRS_CLOSED","FATAL_COUNT","HEAVY_TRUCK_COUNT","HORSE_BUGGY_COUNT","HOUR_OF_DAY","ILLUMINATION","INJURY_COUNT","INTERSECTION_RELATED","INTERSECT_TYPE","LANE_CLOSED","LATITUDE","LN_CLOSE_DIR","LOCATION_TYPE","LONGITUDE","MAX_SEVERITY_LEVEL","MCYCLE_DEATH_COUNT","MCYCLE_SUSP_SERIOUS_INJ_COUNT","MOTORCYCLE_COUNT","MUNICIPALITY","NONMOTR_COUNT","NONMOTR_DEATH_COUNT","NONMOTR_SUSP_SERIOUS_INJ_COUNT","NTFY_HIWY_MAINT","PED_COUNT","PED_DEATH_COUNT","PED_SUSP_SERIOUS_INJ_COUNT","PERSON_COUNT","POLICE_AGCY","POSSIBLE_INJ_COUNT","RDWY_SURF_TYPE_CD","RELATION_TO_ROAD","ROADWAY_CLEARED","ROAD_CONDITION","SCH_BUS_IND","SCH_ZONE_IND","SECONDARY_CRASH","SMALL_TRUCK_COUNT","SPEC_JURIS_CD","SUSP_MINOR_INJ_COUNT","SUSP_SERIOUS_INJ_COUNT","SUV_COUNT","TCD_FUNC_CD","TCD_TYPE","TFC_DETOUR_IND","TIME_OF_DAY","TOTAL_UNITS","TOT_INJ_COUNT","UNBELTED_OCC_COUNT","UNB_DEATH_COUNT","UNB_SUSP_SERIOUS_INJ_COUNT","UNK_INJ_DEG_COUNT","UNK_INJ_PER_COUNT","URBAN_RURAL","VAN_COUNT","VEHICLE_COUNT","WEATHER1","WEATHER2","WORKERS_PRES","WORK_ZONE_IND","WORK_ZONE_LOC","WORK_ZONE_TYPE","WZ_CLOSE_DETOUR","WZ_FLAGGER","WZ_LAW_OFFCR_IND","WZ_LN_CLOSURE","WZ_MOVING","WZ_OTHER","WZ_SHLDER_MDN","WZ_WORKERS_INJ_KILLED"
"2019018256","","1","0","0","0","0","0","0","0","0","7","0","","02","2","2019","5","40.355634","-79.877851","0509","11","0","0","0","0","0","0","0","0","","0","0","0","","","1","","0","","40 21:20.281","","0","79 52:40.262","8","0","0","0","2473","0","0","0","N","0","0","0","1","02304","0","","5.0","","9","N","N","","0","","0","0","0","","0","","","1","1","0","0","0","1","0","2","0","1","","","","N","","","","","","","","","",""
"2019101128","","1","0","0","0","0","0","0","0","0","1","0","","02","10","2019","3","40.589813","-80.03664","0710","11","0","0","0","0","0","0","0","0","2","0","0","0","","","0","","2","","40 35:23.326","2","0","80 02:11.903","0","0","0","0","2108","0","0","0","N","0","0","0","3","02108","0","","1.0","","9","N","N","","0","","0","0","1","","3","N","","2","0","0","0","0","0","0","2","0","2","","","","N","","","","","","","","","",""
"2019021285","","1","0","0","0","0","0","0","0","0","1","0","","02","2","2019","4","40.423871","-80.10895","1001","11","0","0","0","0","0","0","0","0","","0","0","0","","","0","","0","","40 25:25.937","","0","80 06:32.219","9","0","0","0","2115","0","0","0","N","0","0","0","2","68B03","0","","1.0","","7","N","N","","1","","0","0","0","","0","","","2","0","0","0","0","0","1","2","0","2","","","","N","","","","","","","","","",""
"2019100743","","1","0","0","0","0","0","0","0","0","99","0","","02","10","2019","5","40.594664","-79.911367","2333","11","0","0","0","0","0","0","0","0","","0","0","0","","","0","","0","","40 35:40.789","","0","79 54:40.922","0","0","0","0","2207","0","0","0","N","0","0","0","1","68T02","0","","1.0","","1","N","N","","0","","0","0","0","","0","","","1","0","0","0","0","0","0","1","0","1","","","","N","","","","","","","","","",""
"2019097871","","0","0","0","0","0","0","0","0","0","5","0","","02","9","2019","1","40.329172","-79.891771","0450","11","0","0","0","0","0","0","0","0","","0","0","0","","","0","","0","","40 19:45.020","","0","79 53:30.377","9","0","0","0","2433","0","0","0","N","0","0","0","1","02433","0","","1.0","","1","N","N","","0","","0","0","1","","0","N","","2","0","0","0","0","0","1","2","0","2","","","","N","","","","","","","","","",""
"2019017228","","1","0","0","0","0","0","0","0","0","4","0","","02","2","2019","3","40.440425","-79.991598","1628","11","0","0","0","0","0","0","0","0","","0","0","0","","","0","","1","","40 26:25.530","","0","79 59:29.751","0","0","0","0","2301","0","0","0","N","0","0","0","3","02301","0","","1.0","","9","N","N","","0","","0","0","1","","2","","","2","0","0","0","0","0","0","2","0","2","","","","N","","","","","","","","","",""
"2019017511","","0","0","0","0","0","0","0","0","0","6","0","","02","2","2019","4","40.329729","-79.841711","0626","11","0","0","0","0","0","0","0","0","","0","0","0","","","0","","0","","40 19:47.024","","0","79 50:30.158","0","0","0","0","2304","0","0","0","N","0","0","0","3","02304","0","","1.0","","2","N","N","","0","","0","0","2","","0","","","2","0","0","0","0","0","0","2","0","2","","","","N","","","","","","","","","",""
"2019016849","","1","0","0","0","0","0","0","0","0","1","0","","02","2","2019","3","40.485287","-79.909698","0649","11","0","0","0","0","1","2","0","0","","0","0","0","","","0","","0","","40 29:07.033","","0","79 54:34.912","0","0","0","0","2301","0","0","0","N","0","0","0","4","02301","0","","1.0","","9","N","N","","0","","0","0","1","","0","","","3","0","0","0","0","0","0","2","1","3","","","","N","","","","","","","","","",""
"2019076348","","1","0","0","0","0","0","0","0","0","7","0","","02","2","2019","5","40.422415","-79.885935","2250","11","0","0","0","0","0","0","0","0","","0","0","0","","","0","","2","","40 25:20.694","","0","79 53:09.366","0","0","0","0","2463","0","0","0","N","0","0","0","1","02463","0","","5.0","","1","N","N","","0","","0","0","0","","2","","","1","0","0","0","0","0","0","2","0","1","","","","N","","","","","","","","","",""
"2019016859","","1","0","0","0","0","0","0","0","0","1","0","","02","2","2019","3","40.438933","-80.072807","0830","11","0","0","0","0","0","1","0","0","","0","0","0","","","0","","0","","40 26:20.157","","0","80 04:22.104","0","0","0","0","2421","0","0","0","N","0","0","0","2","02421","0","","1.0","","9","N","N","","1","","0","0","0","","0","","","2","0","0","0","0","0","0","2","0","2","","","","N","","","","","","","","","",""
"2019100568","","1","0","0","0","0","0","0","0","0","7","0","","02","10","2019","1","40.350888","-79.888338","0653","11","0","0","0","0","0","0","0","0","","0","0","0","","","0","","2","","40 21:03.196","","0","79 53:18.016","0","0","0","0","2423","0","0","0","N","0","0","0","1","02304","0","","4.0","","1","N","N","","0","","0","0","0","","0","","","1","0","0","0","0","0","0","2","0","1","","","","N","","","","","","","","","",""
"2019015994","","0","0","0","0","0","0","0","0","0","7","0","","02","2","2019","1","40.4095","-80.023667","1847","11","0","0","0","0","0","0","0","0","","0","0","0","","","0","","0","","40 24:34.200","","0","80 01:25.200","0","0","0","0","2301","0","0","0","N","0","0","0","1","02301","0","","5.0","","7","N","N","","0","","0","0","1","","0","","","1","0","0","0","0","0","0","2","0","1","","","","N","","","","","","","","","",""
"2019039597","","1","0","0","0","0","0","0","0","0","0","0","","02","2","2019","5","40.435004","-79.868013","0529","11","0","0","0","0","0","1","0","0","1","0","0","0","","","0","","0","","40 26:06.015","4","2","79 52:04.848","0","0","0","0","2478","0","0","0","N","0","0","0","1","68B03","0","","4.0","","2","N","N","","0","","0","0","0","","0","N","","1","0","0","0","0","0","0","2","0","1","","","","N","","","","","","","","","",""
"2019015968","","0","0","0","0","0","0","0","0","0","0","0","","02","2","2019","1","40.481139","-79.919889","1947","11","0","0","0","0","0","0","0","0","1","0","0","0","","","0","","0","","40 28:52.100","6","0","79 55:11.600","0","0","0","0","2301","0","0","0","N","0","0","0","2","02301","0","","1.0","","7","N","N","","0","","0","0","1","","0","N","","1","0","0","0","0","0","0","2","0","1","","","","N","","","","","","","","","",""
"2019100796","","1","0","0","0","0","0","0","0","0","7","0","","02","10","2019","1","40.641391","-79.908795","2002","11","0","1","0","0","0","0","0","0","1","0","0","0","","","0","","0","","40 38:29.006","5","0","79 54:31.661","0","0","0","0","2220","0","0","0","N","0","0","0","2","02220","0","","5.0","","9","N","N","","0","","0","0","0","","0","Y","","1","0","0","0","0","0","0","1","0","1","","","","N","","","","","","","","","",""
"2019027466","","0","0","0","0","0","0","0","0","0","7","0","","02","2","2019","7","40.379446","-79.776927","1858","11","0","0","0","0","0","0","0","0","2","0","0","0","","","0","","0","","40 22:46.007","5","0","79 46:36.937","0","0","0","0","2111","0","0","0","Y","0","0","0","1","02111","0","","5.0","","1","N","N","","0","","0","0","1","","0","N","","1","0","0","0","0","0","0","2","0","1","","","","N","","","","","","","","","",""
"2019100879","","1","0","0","0","0","0","0","0","0","7","0","","02","10","2019","1","40.453057","-79.966943","0436","11","0","0","0","0","0","0","0","0","","0","0","0","","","0","","0","","40 27:11.006","","0","79 58:00.994","0","0","0","0","2301","0","0","0","N","0","0","0","1","02301","0","","4.0","","1","N","N","","0","","0","0","0","","0","N","","1","0","0","0","0","0","0","2","0","1","","","","N","","","","","","","","","",""
"2019027131","","1","0","0","0","0","0","0","0","0","7","0","","02","2","2019","6","40.261529","-79.878464","0300","11","0","0","0","0","0","0","0","0","1","0","0","0","","","1","","0","","40 15:41.504","2","0","79 52:42.472","8","0","0","0","2204","0","0","0","Y","0","0","0","1","02204","0","","3.0","","1","N","N","","0","","0","0","0","","0","N","","1","1","0","0","0","1","0","1","0","1","","","","N","","","","","","","","","",""
"2019016901","","2","0","0","0","0","0","0","0","0","1","0","","02","2","2019","3","40.437903","-79.961985","1215","11","0","0","0","0","0","0","0","0","","0","0","0","","","2","","0","","40 26:16.451","","0","79 57:43.146","3","0","0","0","2301","0","0","0","N","0","0","0","6","02301","0","","1.0","","9","N","N","","0","","2","0","0","","0","","","2","2","2","0","0","0","0","2","0","2","","","","N","","","","","","","","","",""
"2019019256","","1","0","0","0","0","0","0","0","0","1","0","","02","2","2019","3","40.624908","-80.054076","1114","11","0","0","0","0","0","0","0","0","","0","0","0","","","1","","0","","40 37:29.668","","0","80 03:14.674","3","0","0","0","2216","0","0","0","N","0","0","0","2","02505","0","","1.0","","9","N","N","","0","","1","0","1","","3","","","2","1","0","0","0","0","0","2","0","2","","","","N","","","","","","","","","",""
"2019016613","","1","0","0","0","0","0","0","0","0","7","0","","02","2","2019","2","40.277573","-79.876314","0541","11","0","0","0","0","0","0","1","0","","0","0","0","","","0","N","0","","40 16:39.261","","0","79 52:34.730","0","0","0","0","2105","0","0","0","N","0","0","0","1","02105","0","","2.0","","2","N","N","","0","","0","0","0","","3","","","1","0","0","0","0","0","0","2","0","1","","","","N","","","","","","","","","",""
"2019101306","","0","0","0","0","0","0","0","0","0","8","0","","02","10","2019","4","40.407832","-79.90932","1816","11","0","0","0","0","0","0","0","0","","0","0","0","","","1","","1","","40 24:28.195","","0","79 54:33.551","8","0","0","0","2438","1","0","0","N","1","0","0","2","02438","0","","1.0","","1","N","N","","0","","0","0","1","","2","N","","2","1","0","0","0","1","1","2","0","1","","","","N","","","","","","","","","",""
"2019099123","","1","0","0","1","0","0","0","0","0","8","0","","02","10","2019","4","40.463085","-79.924115","1915","11","0","0","0","0","0","0","0","0","","0","0","0","","","1","","1","","40 27:47.106","","0","79 55:26.813","8","0","0","0","2301","1","0","0","N","0","0","0","3","02301","0","","1.0","","1","N","N","","0","","0","0","0","","0","","","2","1","0","0","0","1","0","2","0","1","","","","N","","","","","","","","","",""
"2019018069","","1","0","0","0","0","0","0","0","0","5","0","","02","2","2019","5","40.461667","-79.872667","0003","11","0","0","0","0","0","0","0","0","","0","0","0","","","0","","0","","40 27:42.000","","0","79 52:21.600","9","0","0","0","2113","0","0","0","N","0","0","0","1","02113","0","","1.0","","1","N","N","","0","","0","0","2","","0","","","3","0","0","0","0","0","1","2","0","3","","","","N","","","","","","","","","",""
"2019021295","","0","0","0","0","0","0","0","0","0","7","0","","02","2","2019","7","40.519899","-80.274895","1036","11","0","0","0","0","0","0","0","0","","0","0","0","","","0","","0","","40 31:11.636","","0","80 16:29.622","0","0","0","0","2203","0","0","0","Y","0","0","0","1","68B03","0","","4.0","","1","N","N","","1","","0","0","0","","0","","","1","0","0","0","0","0","0","2","0","1","","","","N","","","","","","","","","",""
"2019019079","","1","0","0","0","0","0","0","0","0","7","0","","02","2","2019","6","40.475113","-79.768033","1432","11","0","1","0","0","0","0","0","0","1","0","0","0","","","0","","2","","40 28:30.407","3","0","79 46:04.920","0","0","0","0","2466","0","0","0","N","0","0","0","2","02466","0","","5.0","","1","N","N","","0","","0","0","1","","3","Y","","2","0","0","0","0","0","0","2","0","2","","","","N","","","","","","","","","",""
"2019023621","","3","0","0","0","0","0","0","0","0","1","0","","02","2","2019","6","40.537836","-80.011254","1613","11","0","0","0","0","0","1","1","0","1","0","0","0","","","2","","0","","40 32:16.208","1","0","80 00:40.514","2","0","0","0","2116","0","0","0","N","0","0","0","4","02116","0","","1.0","","1","N","N","","0","","1","1","0","","0","N","","4","2","1","0","1","0","0","2","1","4","","","","N","","","","","","","","","",""
"2019019149","","1","0","0","0","0","0","0","0","0","8","0","","02","2","2019","5","40.465389","-79.945861","0629","11","0","0","0","0","0","0","0","0","","0","0","0","","","1","","0","","40 27:55.400","","0","79 56:45.100","3","0","0","0","2301","1","0","0","N","1","0","0","5","02301","0","","1.0","","1","N","N","","0","","1","0","0","","2","","","2","1","0","0","0","0","0","2","0","1","","","","N","","","","","","","","","",""
"2019102001","","0","0","0","0","0","0","0","0","0","7","0","","02","9","2019","7","40.37597","-80.047506","0158","11","0","0","0","0","0","0","0","0","2","0","0","0","","","1","","0","","40 22:33.491","2","0","80 02:51.021","8","0","0","0","2109","0","0","0","N","0","0","0","1","02109","0","","5.0","","1","N","N","","0","","0","0","1","","0","N","","1","1","0","0","0","1","0","2","0","1","","","","N","","","","","","","","","",""
"2019101942","","2","0","0","0","0","0","0","0","0","1","0","","02","10","2019","4","40.394999","-79.992772","0649","11","0","0","0","0","0","0","0","0","","0","0","0","","","0","","0","","40 23:41.996","","0","79 59:33.978","0","0","0","0","2301","0","0","0","N","0","0","0","1","02301","0","","4.0","","1","N","N","","0","","0","0","0","","0","","","2","0","0","0","0","0","0","2","0","2","","","","N","","","","","","","","","",""
"2019017778","","1","0","0","0","0","0","0","0","0","6","0","","02","2","2019","4","40.323559","-79.788058","1530","11","0","1","0","0","0","1","0","0","1","0","0","0","","","1","","1","","40 19:24.813","2","0","79 47:17.009","3","0","0","0","2477","0","0","0","N","0","0","0","2","02477","0","","1.0","","1","N","N","","0","","1","0","1","","3","N","","2","1","0","0","0","0","0","2","0","2","","","","N","","","","","","","","","",""
"2019016001","","2","0","0","0","0","0","0","0","0","1","0","","02","2","2019","1","40.369809","-79.814819","2227","11","0","0","0","0","0","0","0","0","","0","0","0","","","0","","0","","40 22:11.313","","0","79 48:53.348","0","0","0","0","2301","0","0","0","N","0","0","0","1","02301","0","","6.0","","7","N","N","","0","","0","0","0","","0","","","2","0","0","0","0","0","0","2","0","2","","","","N","","","","","","","","","",""
"2019100431","","2","0","0","0","0","0","0","0","0","1","0","","02","10","2019","6","40.498147","-80.031361","1450","11","0","0","0","0","0","0","0","0","","0","0","0","","","0","","0","","40 29:53.328","","0","80 01:52.898","0","0","0","0","2116","0","0","0","N","0","0","0","1","02116","0","","5.0","","1","N","N","","0","","0","0","0","","0","","","2","0","0","0","0","0","0","2","0","2","","","","N","","","","","","","","","",""
"2019018429","","1","0","0","0","0","0","0","0","0","8","0","","02","2","2019","5","40.352276","-79.856711","1057","11","0","0","0","0","0","0","0","0","1","0","0","0","","","1","","1","","40 21:08.194","4","0","79 51:24.160","3","0","0","0","2304","1","0","0","N","1","0","0","2","02304","0","","1.0","","1","","","","0","","1","0","0","","2","N","","2","1","0","0","0","0","0","2","0","1","","","","N","","","","","","","","","",""
"2019090481","","0","0","0","0","0","0","0","0","0","4","0","","02","8","2019","2","40.380422","-79.831386","0516","11","0","0","0","0","0","0","0","0","2","0","0","0","","","1","","0","","40 22:49.518","7","0","79 49:52.991","3","0","0","0","2111","0","0","0","N","0","0","0","1","02111","0","","5.0","","1","N","N","","0","","1","0","2","","0","Y","","2","1","0","0","0","0","0","2","0","2","","","","N","","","","","","","","","",""
"2019100936","","3","0","0","0","0","0","0","0","0","1","0","","02","9","2019","5","40.606383","-79.764223","0523","11","0","0","0","0","0","3","0","0","2","0","0","0","","","0","","0","","40 36:22.979","2","0","79 45:51.203","0","0","0","0","2464","0","0","0","N","0","0","0","4","68D02","0","","1.0","","1","N","N","","0","","0","0","1","","0","Y","","4","0","0","0","0","0","0","2","0","4","","","","N","","","","","","","","","",""
"2019016371","","0","0","0","0","0","0","0","0","0","0","0","","02","2","2019","2","40.494935","-79.80856","1537","11","0","0","0","0","0","0","0","0","1","0","0","0","","","0","","3","","40 29:41.767","6","0","79 48:30.816","0","0","0","0","2113","0","0","0","N","0","0","0","1","02113","0","","1.0","","9","N","N","","0","","0","0","1","","0","N","","1","0","0","0","0","0","0","2","0","1","","","","N","","","","","","","","","",""
"2019016593","","1","0","0","0","0","0","0","0","0","8","0","","02","2","2019","2","40.436878","-79.896465","2101","11","0","0","0","0","1","0","0","0","2","0","0","0","","","1","","1","","40 26:12.760","1","0","79 53:47.274","8","0","0","0","2301","1","0","0","N","1","0","0","2","02301","0","","1.0","","9","N","N","","0","","0","0","0","","0","Y","","2","1","0","0","0","1","0","2","0","1","","","","N","","","","","","","","","",""
"2019097351","","1","0","0","0","0","0","0","0","0","8","0","","02","9","2019","6","40.452453","-79.949689","1400","11","0","1","0","0","0","0","0","0","","0","0","0","","","1","","0","","40 27:08.830","","0","79 56:58.881","3","0","0","0","2301","1","0","0","N","1","0","0","2","02301","0","","1.0","","1","N","N","","0","","1","0","0","","0","","","2","1","0","0","0","0","0","2","0","1","","","","N","","","","","","","","","",""
"2019018334","","2","0","1","0","0","0","0","0","0","6","0","","02","2","2019","4","40.471032","-79.820711","1519","11","0","0","0","0","0","0","1","0","","0","0","0","","","1","","0","","40 28:15.716","","0","79 49:14.560","2","0","0","0","2113","0","0","0","N","0","0","0","5","02113","0","","1.0","","9","N","N","","0","","0","1","1","","0","","","3","1","0","0","0","0","0","2","0","3","","","","N","","","","","","","","","",""
"2019017006","","1","0","0","0","0","0","0","0","0","1","0","","02","2","2019","3","40.477713","-79.78562","1101","11","0","0","0","0","0","0","0","0","2","0","0","0","","","1","","0","","40 28:39.768","4","0","79 47:08.233","3","0","0","0","2113","0","0","0","N","0","0","0","3","02113","0","","1.0","","9","N","N","","0","","1","0","1","","0","Y","","2","1","1","0","0","0","0","2","0","2","","","","N","","","","","","","","","",""
"2019017764","","0","0","0","0","0","0","0","0","0","7","0","","02","2","2019","3","40.462489","-79.768234","2122","11","0","0","0","0","0","0","0","0","","0","0","0","","","0","","0","","40 27:44.960","","0","79 46:05.644","0","0","0","0","2466","0","0","0","N","0","0","0","2","02466","0","","5.0","","9","N","N","","0","","0","0","1","","0","","","1","0","0","0","0","0","0","2","0","1","","","","N","","","","","","","","","",""
"2019019260","","1","0","0","0","0","0","0","0","0","6","0","","02","2","2019","5","40.429566","-80.130696","0856","11","0","0","0","0","0","0","0","0","2","0","0","0","","","0","","0","","40 25:46.437","4","0","80 07:50.505","0","0","0","0","2115","0","0","0","N","0","0","0","2","02115","0","","1.0","","1","N","N","","0","","0","0","1","","0","N","","2","0","0","0","0","0","0","2","0","2","","","","N","","","","","","","","","",""
"2019050683","","0","0","0","0","0","0","0","0","0","8","0","","02","4","2019","6","40.495557","-79.945215","1610","11","0","0","0","0","0","0","0","0","1","0","0","0","","","1","","2","","40 29:44.005","5","0","79 56:42.775","8","0","0","0","2430","1","0","0","N","1","0","0","3","02430","0","","1.0","","9","N","N","","1","","0","0","0","","0","N","","2","1","1","0","0","1","1","2","0","1","","","","N","","","","","","","","","",""
"2019043020","","1","0","0","0","0","0","0","0","0","1","0","","02","4","2019","5","40.450806","-79.906102","1942","11","0","0","0","0","1","0","0","0","2","0","0","0","","","1","","0","","40 27:02.900","4","0","79 54:21.968","8","0","0","0","2301","0","0","0","N","0","0","0","2","02301","0","","1.0","","9","N","N","","0","","0","0","0","","0","N","","2","1","0","0","0","1","0","2","1","2","","","","N","","","","","","","","","",""
"2019043499","","1","0","0","0","0","0","0","0","0","4","0","","02","4","2019","7","40.426064","-79.980822","1145","11","0","0","0","0","0","1","1","0","1","0","0","0","","","1","","1","","40 25:33.832","2","0","79 58:50.959","3","0","0","0","2301","0","0","0","N","0","0","0","4","02301","0","","1.0","","1","N","N","","0","","1","0","0","","3","N","","2","1","0","0","0","0","0","2","1","2","","","","N","","","","","","","","","",""
"2019120852","","0","0","0","0","0","0","1","0","0","4","1","","02","11","2019","2","40.588697","-80.101833","1000","11","0","0","0","0","0","0","0","0","","0","0","0","","","0","","3","","40 35:19.310","1","0","80 06:06.600","0","0","0","0","2481","0","0","0","N","0","0","0","3","02481","0","","1.0","1020.0","1","N","N","N","0","","0","0","1","","3","Y","","2","0","0","0","0","0","0","2","0","2","","","","N","","","","","","","","","",""
"2019044256","","1","0","0","0","0","0","0","0","0","1","0","","02","4","2019","2","40.524441","-79.961954","1752","11","0","0","0","0","0","1","0","0","","0","0","0","","","0","","0","","40 31:27.989","","0","79 57:43.035","0","0","0","0","2118","0","0","0","N","0","0","0","3","02118","0","","1.0","","1","N","N","","1","","0","0","0","","0","","","2","0","0","0","0","0","0","2","0","2","","","","N","","","","","","","","","",""
"2019123969","","1","0","0","0","0","0","0","0","0","7","0","","02","11","2019","5","40.650816","-79.724015","1219","11","0","0","0","0","0","0","1","0","","0","0","0","","","1","N","0","","40 39:02.938","2","0","79 43:26.453","3","0","0","0","2106","0","0","0","Y","0","0","0","1","68D02","0","","5.0","1219.0","1","N","N","N","0","","1","0","0","","0","N","","2","1","0","0","0","0","0","2","0","1","","","","N","","","","","","","","","",""
"2019044038","","2","0","0","0","0","0","0","0","0","1","0","","02","4","2019","2","40.451565","-79.908484","1103","11","0","0","0","0","0","0","0","0","1","0","0","0","","","1","","1","","40 27:05.634","4","0","79 54:30.542","3","0","0","0","2301","0","0","0","N","0","0","0","3","02301","0","","1.0","","1","N","N","","0","","1","0","0","","2","Y","","2","1","0","0","0","0","0","2","0","2","","","","N","","","","","","","","","",""
"2019123974","","1","0","0","0","0","0","0","0","0","2","0","","02","11","2019","7","40.550995","-79.81806","2128","11","0","0","0","0","0","0","0","0","","0","0","0","","","0","N","0","","40 33:03.583","2","0","79 49:05.015","0","0","0","0","2208","0","0","0","N","0","0","0","1","68D02","0","","4.0","2200.0","9","N","N","N","0","","0","0","0","","0","N","","1","0","0","0","0","0","0","2","0","1","","","","N","","","","","","","","","",""
"2019122666","","2","0","0","0","0","0","0","0","0","4","0","","02","11","2019","6","40.421924","-79.890408","1224","11","0","0","0","0","0","0","0","0","","0","0","0","","","0","","1","","40 25:18.926","","0","79 53:25.468","0","0","0","0","2463","0","0","0","N","0","0","0","2","02463","0","","1.0","","1","N","N","N","0","","0","0","0","","2","N","","2","0","0","0","0","0","0","2","0","2","","04","","N","","","","","","","","","",""
"2019044029","","1","0","0","1","0","0","0","0","0","8","0","","02","4","2019","7","40.611701","-80.036292","1433","11","0","0","0","0","0","0","0","1","","0","0","0","","","1","","2","","40 36:42.123","","0","80 02:10.651","4","0","0","0","2108","1","0","0","N","0","0","0","2","02108","1","","1.0","","1","N","N","","0","","0","0","0","","3","","","2","1","0","0","0","0","0","2","0","1","","","","N","","","","","","","","","",""
"2019041340","","0","0","0","0","0","0","0","0","0","1","0","","02","4","2019","6","40.385342","-80.051683","1336","11","0","0","0","0","0","0","0","0","2","0","0","0","","","1","","0","","40 23:07.230","4","0","80 03:06.060","8","0","0","0","2109","0","0","0","N","0","0","0","2","02109","0","","1.0","","9","N","N","","0","","0","0","2","","2","Y","","2","1","0","0","0","1","0","2","0","2","","","","N","","","","","","","","","",""
"2019019076","","2","0","0","0","0","0","0","0","0","4","0","","02","2","2019","6","40.435847","-79.96512","1610","11","0","0","0","0","1","0","0","0","1","0","0","0","","","0","","6","","40 26:09.049","3","2","79 57:54.433","0","0","0","0","2301","0","0","0","N","0","0","0","2","02301","0","","1.0","","1","N","N","","0","","0","0","0","","0","N","","2","0","0","0","0","0","0","2","0","2","","","","N","","","","","","","","","",""
"2019042017","","1","0","0","0","0","0","0","0","0","1","0","","02","4","2019","3","40.371722","-80.096444","0900","11","0","0","0","0","0","1","0","0","","0","0","0","","","0","","0","","40 22:18.200","","0","80 05:47.200","0","0","0","0","2117","0","0","0","N","0","0","0","2","02117","0","","1.0","","1","N","N","","0","","0","0","1","","0","","","2","0","0","0","0","0","0","2","0","2","","","","N","","","","","","","","","",""
"2019043636","","1","0","0","0","0","0","0","0","0","7","0","","02","4","2019","6","40.343576","-79.799298","2246","11","0","0","0","0","0","0","0","0","2","0","0","0","","","1","","0","","40 20:36.872","2","0","79 47:57.474","8","0","0","0","2477","0","0","0","Y","0","0","0","2","02477","0","","2.0","","9","N","N","","0","","0","0","0","","0","N","","1","1","1","0","0","1","0","2","0","1","","","","N","","","","","","","","","",""
"2019123993","","0","0","0","0","0","0","0","0","0","0","1","","02","11","2019","4","40.422634","-79.736497","1036","11","0","0","0","0","0","1","1","1","","0","1","0","","","4","N","0","","40 25:21.481","3","0","79 44:11.390","4","0","0","0","2446","0","0","0","N","0","0","0","9","68T09","4","","4.0","1130.0","9","N","N","N","0","","0","0","2","","0","N","","3","4","0","0","0","0","0","2","0","3","","","","N","","","","","","","","","",""
"2019102002","","1","0","0","0","0","0","0","0","0","1","0","","02","10","2019","2","40.367108","-80.072993","2203","11","0","0","0","0","0","0","0","0","2","0","0","0","","","0","","0","","40 22:01.588","2","0","80 04:22.775","0","0","0","0","2109","0","0","0","N","0","0","0","1","02109","0","","1.0","","1","N","N","","0","","0","0","1","","0","N","","2","0","0","0","0","0","0","2","0","2","","","","N","","","","","","","","","",""
"2019041056","","1","0","0","0","0","0","0","0","0","1","0","","02","4","2019","6","40.319333","-79.971306","1630","11","0","0","0","0","0","0","0","0","1","0","0","0","","","1","","0","","40 19:09.600","4","0","79 58:16.700","8","0","0","0","2440","0","0","0","N","0","0","0","2","02440","0","","1.0","","9","N","N","","0","","0","0","1","","0","N","","2","1","0","0","0","1","0","2","0","2","","","","N","","","","","","","","","",""
"2019015980","","1","0","0","0","0","0","0","0","0","2","0","","02","2","2019","1","40.605302","-79.890498","1814","11","0","0","0","0","0","1","0","0","2","0","0","0","","","0","","0","","40 36:19.086","3","7","79 53:25.791","0","0","0","0","2220","0","0","0","N","0","0","0","6","02220","0","","1.0","","7","N","N","","1","","0","0","0","","0","N","","2","0","0","0","0","0","0","1","0","2","","","","N","","","","","","","","","",""
"2019041617","","0","0","0","0","0","0","0","0","0","2","0","","02","4","2019","6","40.56796","-80.049493","1901","11","0","0","0","0","0","0","0","0","1","0","0","0","","","0","","1","","40 34:04.655","2","0","80 02:58.174","0","0","0","0","2108","0","0","0","N","0","0","0","3","02108","0","","1.0","","9","N","N","","0","","0","0","2","","3","N","","2","0","0","0","0","0","0","2","0","2","","","","N","","","","","","","","","",""