"CRN","ARRIVAL_TM","AUTOMOBILE_COUNT","BELTED_DEATH_COUNT","BELTED_SUSP_SERIOUS_INJ_COUNT","BICYCLE_COUNT","BICYCLE_DEATH_COUNT","BICYCLE_SUSP_SERIOUS_INJ_COUNT","BUS_COUNT","CHLDPAS_DEATH_COUNT","CHLDPAS_SUSP_SERIOUS_INJ_COUNT","COLLISION_TYPE","COMM_VEH_COUNT","CONS_ZONE_SPD_LIM","COUNTY","CRASH_MONTH","CRASH_YEAR","DAY_OF_WEEK","DEC_LATITUDE","DEC_LONGITUDE","DISPATCH_TM","DISTRICT","DRIVER_COUNT_16YR","DRIVER_COUNT_17YR","DRIVER_COUNT_18YR","DRIVER_COUNT_19YR","DRIVER_COUNT_20YR","DRIVER_COUNT_50_64YR","DRIVER_COUNT_65_74YR","DRIVER_COUNT_75PLUS","EST_HRS_CLOSED","FATAL_COUNT","HEAVY_TRUCK_COUNT","HORSE_BUGGY_COUNT","HOUR_OF_DAY","ILLUMINATION","INJURY_COUNT","INTERSECTION_RELATED","INTERSECT_TYPE","LANE_CLOSED","LATITUDE","LN_CLOSE_DIR","LOCATION_TYPE","LONGITUDE","MAX_SEVERITY_LEVEL","MCYCLE_DEATH_COUNT","MCYCLE_SUSP_SERIOUS_INJ_COUNT","MOTORCYCLE_COUNT","MUNICIPALITY","NONMOTR_COUNT","NONMOTR_DEATH_COUNT","NONMOTR_SUSP_SERIOUS_INJ_COUNT","NTFY_HIWY_MAINT","PED_COUNT","PED_DEATH_COUNT","PED_SUSP_SERIOUS_INJ_COUNT","PERSON_COUNT","POLICE_AGCY","POSSIBLE_INJ_COUNT","RDWY_SURF_TYPE_CD","RELATION_TO_ROAD","ROADWAY_CLEARED","ROAD_CONDITION","SCH_BUS_IND","SCH_ZONE_IND","SECONDARY_CRASH","SMALL_TRUCK_COUNT","SPEC_JURIS_CD","SUSP_MINOR_INJ_COUNT","SUSP_SERIOUS_INJ_COUNT","SUV_COUNT","TCD_FUNC_CD","TCD_TYPE","TFC_DETOUR_IND","TIME_OF_DAY","TOTAL_UNITS","TOT_INJ_COUNT","UNBELTED_OCC_COUNT","UNB_DEATH_COUNT","UNB_SUSP_SERIOUS_INJ_COUNT","UNK_INJ_DEG_COUNT","UNK_INJ_PER_COUNT","URBAN_RURAL","VAN_COUNT","VEHICLE_COUNT","WEATHER1","WEATHER2","WORKERS_PRES","WORK_ZONE_IND","WORK_ZONE_LOC","WORK_ZONE_TYPE","WZ_CLOSE_DETOUR","WZ_FLAGGER","WZ_LAW_OFFCR_IND","WZ_LN_CLOSURE","WZ_MOVING","WZ_OTHER","WZ_SHLDER_MDN","WZ_WORKERS_INJ_KILLED"
"2019125206","0710","2","0","0","0","0","0","0","0","0","4","0","","02","12","2019","5","40.524692","-79.962089","0708","11","0","0","0","0","0","0","0","0","","0","0","0","","","0","","1","","40 31:28.891","","0","79 57:43.522","0","0","0","0","2118","0","0","0","N","0","0","0","3","02118","0","","1.0","","9","N","N","N","0","","0","0","0","","2","","","2","0","0","0","0","0","0","2","0","2","","03","","N","","","","","","","","","",""
"2019122938","1710","0","0","0","0","0","0","0","0","0","99","0","","02","11","2019","4","40.36814","-79.998893","1708","11","0","0","0","0","0","1","0","0","3","0","0","0","","","0","","0","","40 22:05.305","5","0","79 59:56.014","0","0","0","0","2476","0","0","0","N","0","0","0","1","02476","0","","1.0","","1","N","N","","1","","0","0","0","","0","N","","1","0","0","0","0","0","0","2","0","1","","","","N","","","","","","","","","",""
"2019042737","0733","4","0","0","0","0","0","0","0","0","4","0","","02","4","2019","5","40.41919","-79.990757","0730","11","0","0","0","1","0","1","0","0","","0","0","0","","","2","","1","","40 25:09.083","","0","79 59:26.724","3","0","0","0","2301","0","0","0","N","0","0","0","3","02301","1","","1.0","","9","N","N","","0","","1","0","0","","3","","","4","2","0","0","0","0","0","2","0","4","","","","N","","","","","","","","","",""
"2019044522","1237","2","0","0","0","0","0","0","0","0","6","0","","02","4","2019","2","40.530221","-80.017349","1237","11","0","1","0","0","0","1","0","0","","0","0","0","","","1","","1","","40 31:48.795","","0","80 01:02.455","3","0","0","0","2116","0","0","0","N","0","0","0","2","02116","0","","1.0","","1","N","N","","0","","1","0","0","","3","N","","2","1","0","0","0","0","0","2","0","2","","","","N","","","","","","","","","",""
"2019043467","1105","1","0","0","0","0","0","0","0","0","1","0","","02","4","2019","5","40.494643","-79.859414","1101","11","0","0","0","0","0","0","1","0","","0","0","0","","","1","","2","","40 29:40.714","","0","79 51:33.890","4","0","0","0","2408","0","0","0","N","0","0","0","3","02408","1","","1.0","","1","N","N","","0","","0","0","2","","0","","","3","1","0","0","0","0","0","2","0","3","","","","N","","","","","","","","","",""
"2019040636","1102","1","0","0","0","0","0","0","0","0","7","0","","02","4","2019","5","40.435741","-80.035994","1056","11","0","0","0","0","0","0","0","0","1","0","0","0","","","0","","0","","40 26:08.668","2","0","80 02:09.577","0","0","0","0","2301","0","0","0","N","0","0","0","1","02301","0","","2.0","","1","N","N","","0","","0","0","0","","0","N","","1","0","0","0","0","0","0","2","0","1","","","","N","","","","","","","","","",""
"2019122482","1756","1","0","0","0","0","0","0","0","0","1","0","","02","11","2019","3","40.532775","-80.063032","1748","11","0","0","0","0","0","1","0","0","","0","0","0","","","0","N","0","","40 31:57.989","","0","80 03:46.914","0","0","0","0","2116","0","0","0","N","0","0","0","2","02116","0","","1.0","","1","N","N","N","0","","0","0","1","","0","","","2","0","0","0","0","0","0","2","0","2","","","","N","","","","","","","","","",""
"2019043993","2139","0","0","0","0","0","0","0","0","0","7","0","","02","4","2019","6","40.54503","-80.039091","2136","11","0","0","0","0","0","1","0","0","2","0","0","0","","","1","","0","","40 32:42.107","4","0","80 02:20.726","3","0","0","0","2116","0","0","0","N","0","0","0","1","02116","0","","5.0","","9","N","N","","1","","1","0","0","","0","N","","1","1","0","0","0","0","0","2","0","1","","","","N","","","","","","","","","",""
"2019042202","1400","1","0","0","0","0","0","0","0","0","4","0","","02","4","2019","6","40.503632","-80.22245","1356","11","0","0","0","0","0","0","0","0","1","0","0","0","","","0","","1","","40 30:13.074","2","0","80 13:20.821","0","0","0","0","2213","0","0","0","N","0","0","0","2","02213","0","","1.0","","9","N","N","","0","","0","0","1","","2","N","","2","0","0","0","0","0","0","2","0","2","","","","N","","","","","","","","","",""
"2019124370","0440","0","0","0","0","0","0","0","0","0","5","0","","02","12","2019","4","40.405641","-80.218342","0440","11","0","0","0","0","0","1","0","0","","0","0","0","","","1","N","0","","40 24:20.309","5","0","80 13:06.030","2","0","0","0","2214","0","0","0","N","0","0","0","1","02214","0","","2.0","533.0","9","N","N","N","0","","0","1","1","","0","Y","","1","1","1","0","1","0","0","1","0","1","","","","N","","","","","","","","","",""
"2019042899","2328","0","0","0","0","0","0","0","0","0","7","0","","02","4","2019","3","40.505135","-80.173102","2023","11","0","0","0","0","0","0","0","0","4","0","0","0","","","0","","0","","40 30:18.487","5","7","80 10:23.167","0","0","0","0","2213","0","0","0","N","0","0","0","1","02213","0","","5.0","","1","N","N","","0","","0","0","1","","0","Y","","1","0","0","0","0","0","0","2","0","1","","","","N","","","","","","","","","",""
"2019124550","2222","1","0","0","0","0","0","0","0","0","6","1","","02","11","2019","4","40.475508","-80.05851","2222","11","0","0","0","0","0","2","0","0","","0","1","0","","","0","N","6","","40 28:31.828","","1","80 03:30.636","0","0","0","0","2122","0","0","0","N","0","0","0","3","02444","0","","1.0","","9","N","N","N","0","","0","0","0","","3","","","2","0","0","0","0","0","0","2","0","2","","","","N","","","","","","","","","",""
"2019043473","1233","1","0","0","0","0","0","0","0","0","7","0","","02","4","2019","6","40.445637","-79.855336","1233","11","0","0","0","0","0","0","0","0","","0","0","0","","","0","","2","","40 26:44.293","","0","79 51:19.211","9","0","0","0","2419","0","0","0","Y","0","0","0","1","02419","0","","3.0","","9","N","N","","0","","0","0","0","","0","","","1","0","0","0","0","0","1","2","0","1","","","","N","","","","","","","","","",""
"2019125220","2343","3","0","0","0","0","0","0","0","0","4","0","","02","12","2019","5","40.426484","-80.007208","2333","11","0","0","0","0","0","0","0","0","","0","0","0","","","1","N","0","","40 25:35.344","5","0","80 00:25.949","8","0","0","0","2301","0","0","0","N","0","0","0","1","02301","0","","1.0","40.0","1","N","N","N","0","","0","0","0","","0","Y","","3","1","0","0","0","1","0","2","0","3","","03","","N","","","","","","","","","",""
"2019070278","0030","2","0","0","0","0","0","0","0","0","4","0","","02","4","2019","5","40.393727","-79.836889","2345","11","0","0","0","0","0","0","0","0","","0","0","0","","","0","","1","","40 23:37.416","","0","79 50:12.799","0","0","0","0","2425","0","0","0","N","0","0","0","2","68B03","0","","1.0","","1","N","N","","0","","0","0","0","","3","","","2","0","0","0","0","0","0","2","0","2","","","","N","","","","","","","","","",""
"2019043664","1646","1","0","0","0","0","0","0","0","0","4","0","","02","4","2019","7","40.37703","-80.046794","1642","11","0","0","0","0","0","1","0","0","2","0","0","0","","","2","","0","","40 22:37.309","2","0","80 02:48.458","8","0","0","0","2109","0","0","0","N","0","0","0","2","02109","0","","1.0","","1","N","N","","0","","0","0","1","","0","N","","2","2","0","0","0","2","0","2","0","2","","","","N","","","","","","","","","",""
"2019042843","1413","2","0","0","0","0","0","0","0","0","1","0","","02","4","2019","1","40.438889","-80.011227","1359","11","0","0","0","0","0","0","0","0","1","0","0","0","","","0","","0","","40 26:20.000","3","3","80 00:40.417","0","0","0","0","2301","0","0","0","N","0","0","0","10","68B03","0","","1.0","","1","N","N","","0","","0","0","1","","0","N","","3","0","0","0","0","0","0","2","0","3","","","","N","","","","","","","","","",""
"2019043270","1659","0","0","0","0","0","0","0","0","0","6","0","","02","4","2019","6","40.454043","-79.912443","1651","11","0","0","0","0","0","1","0","0","1","0","0","0","","","0","","1","","40 27:14.553","3","0","79 54:44.793","0","0","0","0","2301","0","0","0","N","0","0","0","4","02301","0","","1.0","","9","N","N","","0","","0","0","1","","2","N","","2","0","0","0","0","0","0","2","1","2","","","","N","","","","","","","","","",""
"2019044260","1704","0","0","0","0","0","0","0","0","0","8","0","","02","4","2019","2","40.405758","-79.912552","1703","11","0","0","0","0","0","1","0","0","1","0","0","0","","","1","","0","","40 24:20.728","4","0","79 54:45.188","8","0","0","0","2438","1","0","0","N","1","0","0","5","02438","0","","1.0","","1","N","N","","0","","0","0","1","","0","Y","","2","1","0","0","0","1","0","2","0","1","","","","N","","","","","","","","","",""
"2019121170","2326","1","0","0","0","0","0","0","0","0","5","0","","02","11","2019","1","40.385662","-79.880212","2324","11","0","0","0","0","0","0","0","0","","0","0","0","","","0","N","0","","40 23:08.383","5","0","79 52:48.763","0","0","0","0","2473","0","0","0","N","0","0","0","1","02473","0","","1.0","5.0","1","N","N","N","0","","0","0","1","","0","Y","","2","0","0","0","0","0","0","2","0","2","","03","","N","","","","","","","","","",""
"2019077933","1414","2","0","0","0","0","0","0","0","0","1","0","","02","4","2019","1","40.436514","-79.783264","1410","11","0","0","0","0","1","0","0","0","","0","0","0","","","0","","0","","40 26:11.451","","0","79 46:59.752","0","0","0","0","2446","0","0","0","N","0","0","0","3","02446","0","","1.0","","1","N","N","","0","","0","0","1","","0","N","","3","0","0","0","0","0","0","2","0","3","","","","N","","","","","","","","","",""
"2019044263","1749","0","0","0","0","0","0","0","0","0","1","0","","02","4","2019","2","40.291044","-79.913783","1746","11","0","0","0","0","0","0","0","0","2","0","0","0","","","0","","3","","40 17:27.760","4","0","79 54:49.617","0","0","0","0","2440","0","0","0","N","0","0","0","2","02440","0","","1.0","","1","N","N","","0","","0","0","2","","3","Y","","2","0","0","0","0","0","0","2","0","2","","","","N","","","","","","","","","",""
"2019124179","0215","1","0","0","0","0","0","0","0","0","7","0","","02","9","2019","2","40.427561","-79.950601","0205","11","0","0","0","0","0","0","0","0","","0","0","0","","","0","","0","","40 25:39.219","","0","79 57:02.162","9","0","0","0","2301","0","0","0","N","0","0","0","1","68B03","0","","4.0","","1","N","N","","0","","0","0","0","","0","","","1","0","0","0","0","0","1","2","0","1","","","","N","","","","","","","","","",""
"2019041164","0817","2","0","0","0","0","0","0","0","0","4","0","","02","4","2019","7","40.469701","-79.921059","0809","11","0","0","0","0","0","1","0","0","","0","0","0","","","1","","1","","40 28:10.923","","0","79 55:15.812","8","0","0","0","2301","0","0","0","N","0","0","0","2","02301","0","","1.0","","1","N","N","","0","","0","0","0","","2","","","2","1","0","0","0","1","0","2","0","2","","","","N","","","","","","","","","",""
"2019043753","1128","0","0","0","0","0","0","0","0","0","7","0","","02","4","2019","1","40.296111","-79.99375","1123","11","0","0","0","0","0","0","0","0","1","0","0","0","","","0","","0","","40 17:46.000","6","0","79 59:37.500","0","0","0","0","2219","0","0","0","Y","0","0","0","1","02219","0","","4.0","","1","N","N","","0","","0","0","1","","0","N","","1","0","0","0","0","0","0","2","0","1","","","","N","","","","","","","","","",""
"2019122099","1257","1","0","0","0","0","0","1","0","0","4","1","","02","11","2019","4","40.343138","-79.964028","1257","11","0","0","0","0","0","1","0","0","","0","0","0","","","1","","2","","40 20:35.295","4","0","79 57:50.500","8","0","0","0","2454","0","0","0","N","0","0","0","2","02454","0","","1.0","1329.0","1","Y","N","N","0","","0","0","0","","0","Y","","2","1","0","0","0","1","0","2","0","2","","03","","N","","","","","","","","","",""
"2019042777","1026","0","0","0","0","0","0","0","0","0","1","0","","02","4","2019","5","40.402639","-79.989583","1026","11","0","0","0","0","0","2","0","0","1","0","0","0","","","0","","0","","40 24:09.500","2","0","79 59:22.500","0","0","0","0","2301","0","0","0","N","0","0","0","2","02301","0","","1.0","","9","N","N","","2","","0","0","0","","0","N","","2","0","0","0","0","0","0","2","0","2","","","","N","","","","","","","","","",""
"2019124559","1852","3","0","0","0","0","0","0","0","0","4","0","","02","12","2019","1","40.53654","-80.184319","1849","11","0","0","0","0","0","0","0","1","","0","0","0","","","1","","1","","40 32:11.544","4","0","80 11:03.548","4","0","0","0","2458","0","0","0","N","0","0","0","5","02458","1","","1.0","1936.0","9","N","N","N","0","","0","0","1","","2","N","","4","1","0","0","0","0","0","2","0","4","","","","N","","","","","","","","","",""
"2019044505","1021","1","0","0","0","0","0","0","0","0","6","0","","02","4","2019","7","40.534224","-80.049972","1017","11","0","0","0","0","0","0","0","0","2","0","0","0","","","0","","3","","40 32:03.205","1","0","80 02:59.900","0","0","0","0","2116","0","0","0","N","0","0","0","3","02116","0","","1.0","","1","N","N","","1","","0","0","0","","3","N","","2","0","0","0","0","0","0","2","0","2","","","","N","","","","","","","","","",""
"2019056877","1837","0","0","0","0","0","0","0","0","0","1","0","","02","5","2019","7","40.497628","-79.947524","1827","11","0","0","0","0","0","0","0","0","1","0","0","0","","","0","","0","","40 29:51.462","6","0","79 56:51.086","0","0","0","0","2430","0","0","0","N","0","0","0","2","02430","0","","1.0","","1","N","N","","0","","0","0","2","","0","Y","","2","0","0","0","0","0","0","2","0","2","","","","N","","","","","","","","","",""
"2019044143","1512","1","0","0","0","0","0","0","0","0","1","0","","02","4","2019","2","40.488819","-79.901077","1509","11","0","0","0","0","1","0","0","0","","0","0","0","","","0","","2","","40 29:19.749","","0","79 54:03.877","0","0","0","0","2401","0","0","0","N","0","0","0","2","02401","0","","1.0","","1","N","N","","0","","0","0","1","","2","","","2","0","0","0","0","0","0","2","0","2","","","","N","","","","","","","","","",""
"2019049200","1347","0","0","0","0","0","0","0","0","0","7","0","","02","4","2019","1","40.435736","-79.999937","1332","11","0","0","0","0","0","2","0","0","1","0","0","0","","","2","","0","","40 26:08.651","3","0","79 59:59.772","4","0","0","0","2301","0","0","0","N","0","0","0","2","68B03","2","","4.0","","1","N","N","","0","","0","0","2","","0","N","","2","2","0","0","0","0","0","2","0","2","","","","N","","","","","","","","","",""
"2019044408","0802","0","0","0","0","0","0","0","0","0","7","0","","02","4","2019","3","40.280375","-79.821738","0800","11","0","0","0","0","0","1","0","0","3","0","0","0","","","1","","2","","40 16:49.350","6","0","79 49:18.256","8","0","0","0","2105","0","0","0","N","0","0","0","1","02105","0","","5.0","","1","N","N","","0","","0","0","1","","3","Y","","1","1","0","0","0","1","0","2","0","1","","","","N","","","","","","","","","",""
"2019041176","0932","0","0","0","1","0","0","0","0","0","7","0","","02","4","2019","7","40.394143","-79.936108","0929","11","0","0","0","0","0","0","0","0","","0","0","0","","","1","","0","","40 23:38.914","","1","79 56:09.988","4","0","0","0","2301","0","0","0","N","0","0","0","1","02301","1","","2.0","","1","N","N","","0","","0","0","0","","0","","","1","1","0","0","0","0","0","2","0","1","","","","N","","","","","","","","","",""
"2019044227","0137","0","0","0","0","0","0","0","0","0","7","0","","02","4","2019","7","40.526097","-80.229316","0135","11","0","0","0","0","0","0","0","0","1","0","0","0","","","1","","0","","40 31:33.950","3","0","80 13:45.538","3","0","0","0","2213","0","0","0","Y","0","0","0","3","02213","0","","2.0","","9","N","N","","1","","1","0","0","","0","N","","1","1","1","0","0","0","0","2","0","1","","","","N","","","","","","","","","",""
"2019041442","1309","1","0","0","0","0","0","0","0","0","1","0","","02","4","2019","1","40.400959","-80.043008","1258","11","0","0","0","0","0","0","1","0","2","0","0","0","","","1","","0","","40 24:03.453","4","7","80 02:34.827","3","0","0","0","2301","0","0","0","N","0","0","0","4","02301","0","","1.0","","1","N","N","","0","","1","0","1","","0","Y","","2","1","0","0","0","0","0","2","0","2","","","","N","","","","","","","","","",""
"2019043456","1838","1","0","0","0","0","0","0","0","0","1","0","","02","4","2019","1","40.432797","-79.731109","1835","11","0","0","0","0","0","1","0","0","","0","0","0","","","1","","0","","40 25:58.068","","0","79 43:51.993","4","0","0","0","2446","0","0","0","N","0","0","0","6","02446","1","","1.0","","1","N","N","","0","","0","0","1","","0","","","2","1","0","0","0","0","0","2","0","2","","","","N","","","","","","","","","",""
"2019041619","1440","0","0","0","0","0","0","0","0","0","4","0","","02","4","2019","7","40.567388","-80.00696","1435","11","0","0","0","0","0","0","1","0","2","0","0","0","","","0","","1","","40 34:02.595","3","0","80 00:25.056","0","0","0","0","2108","0","0","0","N","0","0","0","2","02108","0","","1.0","","1","N","N","","0","","0","0","1","","2","N","","2","0","0","0","0","0","0","2","1","2","","","","N","","","","","","","","","",""
"2019043649","0032","0","0","0","0","0","0","0","0","0","7","0","","02","4","2019","1","40.429611","-79.848139","0030","11","0","0","0","0","0","0","0","0","2","0","0","0","","","1","","0","","40 25:46.600","4","0","79 50:53.300","4","0","0","0","2431","0","0","0","N","0","0","0","1","02431","1","","5.0","","9","N","N","","0","","0","0","1","","0","N","","1","1","0","0","0","0","0","2","0","1","","","","N","","","","","","","","","",""
"2019044404","0400","2","0","0","0","0","0","0","0","0","2","0","","02","4","2019","3","40.337806","-79.868417","0357","11","0","0","0","0","0","0","0","0","","0","0","0","","","1","","0","","40 20:16.100","","0","79 52:06.300","3","0","0","0","2455","0","0","0","N","0","0","0","1","02455","0","","1.0","","1","N","N","","0","","1","0","1","","0","","","3","1","0","0","0","0","0","2","0","3","","","","N","","","","","","","","","",""
"2019043017","1855","2","0","0","0","0","0","0","0","0","6","0","","02","4","2019","5","40.428628","-79.978415","1850","11","0","0","0","0","0","0","0","1","2","0","0","0","","","3","","0","","40 25:43.060","3","0","79 58:42.293","3","0","0","0","2301","0","0","0","N","0","0","0","5","02301","2","","1.0","","9","N","N","","0","","1","0","1","","0","Y","","3","3","1","0","0","0","0","2","0","3","","","","N","","","","","","","","","",""
"2019045732","1538","2","0","0","0","0","0","0","0","0","1","0","","02","4","2019","7","40.437389","-79.776194","1537","11","0","0","0","0","0","1","1","0","2","0","0","0","","","3","","0","","40 26:14.600","6","0","79 46:34.300","8","0","0","0","2446","0","0","0","N","0","0","0","5","02446","0","","1.0","","1","N","N","","0","","0","0","1","","0","N","","3","3","0","0","0","3","0","2","0","3","","","","N","","","","","","","","","",""
"2019008689","1940","1","0","0","0","0","0","0","0","0","4","0","","02","1","2019","2","40.344917","-79.872083","1940","11","0","0","0","0","0","0","0","0","2","0","0","0","","","0","","0","","40 20:41.700","7","0","79 52:19.500","0","0","0","0","2455","0","0","0","Y","0","0","0","1","02455","0","","1.0","","9","N","N","","0","","0","0","1","","0","Y","","2","0","0","0","0","0","0","2","0","2","","","","N","","","","","","","","","",""
"2019124984","2340","0","0","0","0","0","0","0","0","0","98","0","","02","12","2019","2","40.548899","-80.120238","2247","11","0","0","0","0","0","0","0","0","","0","0","0","","","0","N","0","","40 32:56.038","","0","80 07:12.856","0","0","0","0","2215","0","0","0","N","0","0","0","1","68B03","0","","1.0","","9","N","N","N","0","","0","0","1","","0","","","1","0","0","0","0","0","0","2","0","1","","07","","N","","","","","","","","","",""
"2019042114","1935","1","0","0","0","0","0","0","0","0","7","0","","02","4","2019","2","40.444438","-80.129342","1930","11","0","0","0","0","0","0","0","1","","0","0","0","","","0","","2","","40 26:39.975","","0","80 07:45.630","0","0","0","0","2115","0","0","0","N","0","0","0","1","02115","0","","5.0","","1","N","N","","0","","0","0","0","","0","","","1","0","0","0","0","0","0","2","0","1","","","","N","","","","","","","","","",""
"2019041665","1108","1","0","0","0","0","0","0","0","0","5","0","","02","4","2019","2","40.419689","-79.928264","1100","11","0","0","0","0","0","1","0","0","","0","0","0","","","0","","2","","40 25:10.880","","0","79 55:41.750","9","0","0","0","2301","0","0","0","N","0","0","0","3","02301","0","","1.0","","1","N","N","","0","","0","0","1","","3","N","","2","0","0","0","0","0","1","2","0","2","","","","N","","","","","","","","","",""
"2019043852","1729","1","0","0","0","0","0","0","0","0","1","0","","02","4","2019","1","40.429666","-79.998887","1729","11","0","0","0","0","0","0","0","0","","0","0","0","","","0","","0","","40 25:46.798","","3","79 59:55.992","0","0","0","0","2301","0","0","0","N","0","0","0","3","02301","0","","1.0","","1","N","N","","1","","0","0","0","","0","","","2","0","0","0","0","0","0","2","0","2","","","","N","","","","","","","","","",""
"2019044618","1704","0","0","0","0","0","0","0","0","0","8","0","","02","4","2019","3","40.458843","-79.943751","1704","11","0","0","0","0","0","0","0","0","","0","0","0","","","1","","1","","40 27:31.834","","0","79 56:37.503","4","0","0","0","2301","1","0","0","N","1","0","0","2","02301","1","","1.0","","9","N","N","","0","","0","0","1","","2","","","2","1","0","0","0","0","0","2","0","1","","","","N","","","","","","","","","",""
"2019055211","1543","1","0","0","0","0","0","0","0","0","5","0","","02","5","2019","5","40.383136","-80.043826","1543","11","0","0","0","0","0","0","0","0","2","0","1","0","","","0","","0","","40 22:59.290","1","0","80 02:37.775","0","0","0","0","2109","0","0","0","N","0","0","0","1","02109","0","","6.0","","9","N","N","","0","","0","0","0","","0","N","","2","0","0","0","0","0","0","2","0","2","","","","N","","","","","","","","","",""
"2019046101","2200","0","0","0","0","0","0","0","0","0","7","0","","02","4","2019","2","40.526455","-80.048405","2154","11","0","0","0","0","0","0","0","0","","0","0","0","","","1","","3","","40 31:35.238","","0","80 02:54.257","8","0","0","0","2116","0","0","0","N","0","0","0","2","02116","0","","5.0","","1","N","N","","0","","0","0","0","","0","","","1","1","0","0","0","1","1","2","1","1","","","","N","","","","","","","","","",""
"2019041331","2045","0","0","0","0","0","0","0","0","0","4","0","","02","4","2019","7","40.497262","-80.285901","2040","11","0","0","0","0","0","0","0","0","2","0","0","0","","","1","","1","","40 29:50.143","4","0","80 17:09.244","3","0","0","0","2203","0","0","0","N","0","0","0","2","02203","0","","1.0","","9","N","N","","1","","1","0","1","","2","N","","2","1","0","0","0","0","0","2","0","2","","","","N","","","","","","","","","",""
"2019124865","0020","1","0","1","0","0","0","0","0","0","7","0","","02","11","2019","2","40.429498","-79.876558","0013","11","0","0","0","0","0","0","0","0","1","0","0","0","","","1","","0","","40 25:46.191","4","0","79 52:35.607","2","0","0","0","2426","0","0","0","Y","0","0","0","1","68B03","0","","3.0","","1","N","N","","0","","0","1","0","","0","N","","1","1","0","0","0","0","0","2","0","1","","","","N","","","","","","","","","",""
"2019043655","0024","2","0","0","0","0","0","0","0","0","4","0","","02","4","2019","1","40.43854","-79.985073","0022","11","0","0","0","0","0","0","0","0","1","0","0","0","","","0","","1","","40 26:18.745","4","0","79 59:06.264","0","0","0","0","2301","0","0","0","N","0","0","0","3","02301","0","","1.0","","9","N","N","","0","","0","0","0","","1","N","","2","0","0","0","0","0","0","2","0","2","","","","N","","","","","","","","","",""
"2019042395","0947","1","0","0","0","0","0","0","0","0","5","0","","02","4","2019","3","40.340329","-79.93829","0943","11","0","0","0","0","0","1","0","0","1","0","0","0","","","1","","2","","40 20:25.183","4","0","79 56:17.845","8","0","0","0","2473","0","0","0","N","0","0","0","2","02473","0","","1.0","","1","N","N","","0","","0","0","1","","2","Y","","2","1","0","0","0","1","0","2","0","2","","","","N","","","","","","","","","",""
"2019124787","0913","2","0","0","0","0","0","0","0","0","1","0","","02","12","2019","5","40.395373","-80.086987","0911","11","0","0","0","0","0","0","0","1","","0","0","0","","","0","N","0","","40 23:43.342","","0","80 05:13.153","0","0","0","0","2102","0","0","0","N","0","0","0","2","02102","0","","1.0","","1","N","N","N","0","","0","0","0","","0","N","","2","0","0","0","0","0","0","2","0","2","","","","N","","","","","","","","","",""
"2019041545","2220","2","0","0","0","0","0","0","0","0","4","0","","02","4","2019","1","40.370667","-79.852861","2220","11","0","1","0","0","0","0","0","0","3","0","0","0","","","2","","0","","40 22:14.400","2","0","79 51:10.300","8","0","0","0","2303","0","0","0","N","0","0","0","3","02303","0","","2.0","","1","N","N","","0","","0","0","0","","0","N","","2","2","0","0","0","2","0","2","0","2","","","","N","","","","","","","","","",""
"2019122920","1942","0","0","0","0","0","0","1","0","0","8","1","","02","11","2019","3","40.38375","-79.868556","1937","11","0","0","0","0","0","0","0","0","","0","0","0","","","1","Y","0","","40 23:01.500","","7","79 52:06.800","3","0","0","0","2473","1","0","0","N","1","0","0","2","02503","0","","1.0","","1","","N","N","0","","1","0","0","","0","","","2","1","0","0","0","0","0","2","0","1","","03","","N","","","","","","","","","",""
"2019041565","0205","0","0","0","0","0","0","0","0","0","4","0","","02","4","2019","7","40.358013","-79.844217","0200","11","0","0","0","0","0","0","0","0","3","0","0","0","","","0","","0","","40 21:28.848","6","3","79 50:39.181","0","0","0","0","2303","0","0","0","N","0","0","0","1","02303","0","","1.0","","1","N","N","","0","","0","0","2","","0","Y","","2","0","0","0","0","0","0","2","0","2","","","","N","","","","","","","","","",""
"2019123455","1322","1","0","0","0","0","0","0","0","0","7","0","","02","12","2019","1","40.567141","-80.048177","1314","11","0","0","0","0","0","0","0","0","1","0","0","0","","","0","","0","","40 34:01.707","3","0","80 02:53.438","0","0","0","0","2108","0","0","0","N","0","0","0","1","02108","0","","2.0","","9","N","N","","0","","0","0","0","","0","N","","1","0","0","0","0","0","0","2","0","1","","","","N","","","","","","","","","",""
"2019050699","0248","2","0","0","0","0","0","0","0","0","1","0","","02","5","2019","7","40.483272","-80.035485","0239","11","0","0","0","0","0","0","0","0","","0","0","0","","","0","N","0","","40 28:59.779","","0","80 02:07.747","0","0","0","0","2301","0","0","0","N","0","0","0","2","02301","0","","2.0","","1","N","N","","0","","0","0","0","","0","","","2","0","0","0","0","0","0","2","0","2","","","","N","","","","","","","","","",""
"2019041099","2242","4","0","0","0","0","0","0","0","0","1","0","","02","4","2019","6","40.467306","-79.981278","2236","11","0","0","0","0","0","0","0","0","","0","0","0","","","0","","0","","40 28:02.300","","0","79 58:52.600","0","0","0","0","2301","0","0","0","N","0","0","0","1","02301","0","","6.0","","9","N","N","","0","","0","0","0","","0","","","4","0","0","0","0","0","0","2","0","4","","","","N","","","","","","","","","",""
"2019044389","1626","1","0","0","0","0","0","0","0","0","4","0","","02","4","2019","6","40.318882","-80.087955","1626","11","0","0","0","0","0","0","0","1","1","0","0","0","","","2","","0","","40 19:07.976","1","7","80 05:16.638","3","0","0","0","2123","0","0","0","N","0","0","0","2","02123","1","","1.0","","9","N","N","","0","","1","0","1","","0","Y","","2","2","0","0","0","0","0","2","0","2","","","","N","","","","","","","","","",""