"CRN","ARRIVAL_TM","AUTOMOBILE_COUNT","BELTED_DEATH_COUNT","BELTED_SUSP_SERIOUS_INJ_COUNT","BICYCLE_COUNT","BICYCLE_DEATH_COUNT","BICYCLE_SUSP_SERIOUS_INJ_COUNT","BUS_COUNT","CHLDPAS_DEATH_COUNT","CHLDPAS_SUSP_SERIOUS_INJ_COUNT","COLLISION_TYPE","COMM_VEH_COUNT","CONS_ZONE_SPD_LIM","COUNTY","CRASH_MONTH","CRASH_YEAR","DAY_OF_WEEK","DEC_LATITUDE","DEC_LONGITUDE","DISPATCH_TM","DISTRICT","DRIVER_COUNT_16YR","DRIVER_COUNT_17YR","DRIVER_COUNT_18YR","DRIVER_COUNT_19YR","DRIVER_COUNT_20YR","DRIVER_COUNT_50_64YR","DRIVER_COUNT_65_74YR","DRIVER_COUNT_75PLUS","EST_HRS_CLOSED","FATAL_COUNT","HEAVY_TRUCK_COUNT","HORSE_BUGGY_COUNT","HOUR_OF_DAY","ILLUMINATION","INJURY_COUNT","INTERSECTION_RELATED","INTERSECT_TYPE","LANE_CLOSED","LATITUDE","LN_CLOSE_DIR","LOCATION_TYPE","LONGITUDE","MAX_SEVERITY_LEVEL","MCYCLE_DEATH_COUNT","MCYCLE_SUSP_SERIOUS_INJ_COUNT","MOTORCYCLE_COUNT","MUNICIPALITY","NONMOTR_COUNT","NONMOTR_DEATH_COUNT","NONMOTR_SUSP_SERIOUS_INJ_COUNT","NTFY_HIWY_MAINT","PED_COUNT","PED_DEATH_COUNT","PED_SUSP_SERIOUS_INJ_COUNT","PERSON_COUNT","POLICE_AGCY","POSSIBLE_INJ_COUNT","RDWY_SURF_TYPE_CD","RELATION_TO_ROAD","ROADWAY_CLEARED","ROAD_CONDITION","SCH_BUS_IND","SCH_ZONE_IND","SECONDARY_CRASH","SMALL_TRUCK_COUNT","SPEC_JURIS_CD","SUSP_MINOR_INJ_COUNT","SUSP_SERIOUS_INJ_COUNT","SUV_COUNT","TCD_FUNC_CD","TCD_TYPE","TFC_DETOUR_IND","TIME_OF_DAY","TOTAL_UNITS","TOT_INJ_COUNT","UNBELTED_OCC_COUNT","UNB_DEATH_COUNT","UNB_SUSP_SERIOUS_INJ_COUNT","UNK_INJ_DEG_COUNT","UNK_INJ_PER_COUNT","URBAN_RURAL","VAN_COUNT","VEHICLE_COUNT","WEATHER1","WEATHER2","WORKERS_PRES","WORK_ZONE_IND","WORK_ZONE_LOC","WORK_ZONE_TYPE","WZ_CLOSE_DETOUR","WZ_FLAGGER","WZ_LAW_OFFCR_IND","WZ_LN_CLOSURE","WZ_MOVING","WZ_OTHER","WZ_SHLDER_MDN","WZ_WORKERS_INJ_KILLED"
"2019026272","0355","2","0","0","0","0","0","0","0","0","4","0","","02","3","2019","4","40.457917","-79.972639","0349","11","0","0","0","0","0","0","1","0","1","0","0","0","","","2","","0","","40 27:28.500","2","0","79 58:21.500","4","0","0","0","2301","0","0","0","N","0","0","0","3","02301","2","","1.0","","1","N","N","","0","","0","0","1","","0","N","","3","2","0","0","0","0","0","2","0","3","","","","N","","","","","","","","","",""
"2019014902","1301","1","0","0","0","0","0","0","0","0","7","0","","02","2","2019","5","40.45994","-80.03122","1256","11","0","0","0","0","0","0","0","0","","0","0","0","","","0","","0","","40 27:35.784","","0","80 01:52.391","9","0","0","0","2301","0","0","0","N","0","0","0","1","02301","0","","5.0","","1","N","N","","0","","0","0","0","","0","","","1","0","0","0","0","0","1","2","0","1","","","","N","","","","","","","","","",""
"2019039437","2107","2","0","0","0","0","0","0","0","0","4","0","","02","4","2019","1","40.461682","-79.922099","2103","11","0","0","0","1","0","0","1","0","1","0","0","0","","","0","","1","","40 27:42.054","2","0","79 55:19.555","0","0","0","0","2301","0","0","0","N","0","0","0","3","02301","0","","1.0","","9","N","N","","0","","0","0","0","","2","N","","2","0","0","0","0","0","0","2","0","2","","","","N","","","","","","","","","",""
"2019094030","1036","1","0","0","0","0","0","0","0","0","7","0","","02","9","2019","5","40.451765","-79.829536","1026","11","0","0","0","0","0","0","0","0","1","0","0","0","","","2","","0","","40 27:06.353","7","0","79 49:46.328","8","0","0","0","2113","0","0","0","Y","0","0","0","2","02113","0","","2.0","","1","N","N","","0","","0","0","0","","0","Y","","1","2","2","0","0","2","0","2","0","1","","","","N","","","","","","","","","",""
"2019012355","2045","0","0","0","0","0","0","0","0","0","4","0","","02","2","2019","6","40.431264","-79.977928","2045","11","0","0","0","0","1","0","0","0","","0","0","0","","","0","","0","","40 25:52.550","","7","79 58:40.539","0","0","0","0","2301","0","0","0","N","0","0","0","2","02301","0","","9.0","","9","N","N","","0","","0","0","2","","0","","","2","0","0","0","0","0","0","2","0","2","","","","N","","","","","","","","","",""
"2019109959","1749","1","0","0","0","0","0","0","0","0","1","0","","02","10","2019","5","40.448786","-80.00601","0715","11","0","0","0","0","0","0","0","0","","0","0","0","","","0","","0","","40 26:55.631","","0","80 00:21.637","0","0","0","0","2301","0","0","0","N","0","0","0","2","68B03","0","","1.0","","1","N","N","","0","","0","0","1","","0","","","2","0","0","0","0","0","0","2","0","2","","","","N","","","","","","","","","",""
"2019012594","1455","1","0","0","0","0","0","0","0","0","8","0","","02","2","2019","6","40.440521","-80.004427","1451","11","0","0","0","0","0","0","0","0","","0","0","0","","","1","","2","","40 26:25.874","","0","80 00:15.936","3","0","0","0","2301","1","0","0","N","1","0","0","3","02301","0","","1.0","","1","N","N","","0","","1","0","0","","8","","","2","1","0","0","0","0","2","2","0","1","","","","N","","","","","","","","","",""
"2019096221","1520","0","0","0","0","0","0","0","0","0","7","0","","02","9","2019","6","40.45645","-80.029867","1445","11","0","0","0","0","0","0","0","0","3","1","0","0","","","0","","0","","40 27:23.220","5","6","80 01:47.520","1","0","0","0","2301","0","0","0","N","0","0","0","1","02301","0","1","4.0","","1","N","N","","0","0","0","0","0","","0","Y","","1","0","1","1","0","0","0","2","1","1","","","","N","","","","","","","","","",""
"2019029467","1645","0","0","0","0","0","0","0","0","0","0","0","","02","3","2019","5","40.349327","-79.944204","1642","11","0","0","0","0","0","0","0","0","","0","0","0","","","1","","0","","40 20:57.576","","0","79 56:39.133","8","0","0","1","2473","0","0","0","N","0","0","0","1","02473","0","","1.0","","1","N","N","","0","","0","0","0","","0","","","1","1","0","0","0","1","0","2","0","1","","","","N","","","","","","","","","",""
"2019109994","2047","2","0","0","0","0","0","0","0","0","4","0","","02","10","2019","3","40.455975","-79.894538","2046","11","0","0","0","0","0","0","1","0","2","0","0","0","","","0","","1","","40 27:21.511","","0","79 53:40.336","0","0","0","0","2301","0","0","0","N","0","0","0","3","02301","0","","1.0","","1","N","N","","0","","0","0","0","","3","Y","","2","0","0","0","0","0","0","2","0","2","","","","N","","","","","","","","","",""
"2019012466","0206","2","0","0","0","0","0","0","0","0","4","0","","02","2","2019","7","40.438231","-79.99604","0159","11","0","0","0","0","0","0","0","0","","0","0","0","","","2","","2","","40 26:17.633","","0","79 59:45.745","4","0","0","0","2301","0","0","0","N","0","0","0","4","02301","2","","1.0","","9","N","N","","0","","0","0","0","","2","","","2","2","3","0","0","0","1","2","0","2","","","","N","","","","","","","","","",""
"2019097433","1950","2","0","0","0","0","0","0","0","0","1","0","","02","9","2019","3","40.429316","-79.956421","1942","11","0","0","0","0","0","0","1","0","","0","0","0","","","0","N","0","","40 25:45.537","","0","79 57:23.115","0","0","0","0","2301","0","0","0","N","0","0","0","2","68B03","0","","1.0","","1","N","N","","0","","0","0","0","","0","","","2","0","0","0","0","0","0","2","0","2","","","","N","","","","","","","","","",""
"2019027865","0820","1","0","0","0","0","0","0","0","0","7","0","","02","3","2019","6","40.523518","-79.961101","0816","11","0","0","0","0","0","1","0","0","1","0","0","0","","","1","","0","","40 31:24.666","5","0","79 57:39.963","8","0","0","0","2118","0","0","0","N","0","0","0","1","02118","0","","5.0","","1","N","N","","0","","0","0","0","","0","Y","","1","1","0","0","0","1","0","2","0","1","","","","N","","","","","","","","","",""
"2019033535","1428","0","0","0","0","0","0","0","0","0","5","0","","02","3","2019","7","40.572991","-80.091874","1426","11","0","0","0","0","0","0","0","0","1","0","0","0","","","0","","0","","40 34:22.768","2","0","80 05:30.745","9","0","0","0","2481","0","0","0","N","0","0","0","2","68B03","0","","1.0","","1","N","N","","0","","0","0","1","","0","N","","2","0","0","0","0","0","1","2","1","2","","","","N","","","","","","","","","",""
"2019033532","1250","0","0","0","0","0","0","0","0","0","4","0","","02","3","2019","5","40.43135","-80.025255","1234","11","0","0","0","0","0","0","1","0","","0","0","0","","","0","","0","","40 25:52.859","","0","80 01:30.917","0","0","0","0","2301","0","0","0","N","0","0","0","2","68B03","0","","1.0","","1","N","N","","2","","0","0","0","","0","","","2","0","0","0","0","0","0","2","0","2","","","","N","","","","","","","","","",""
"2019098998","0452","5","0","0","0","0","0","0","0","0","4","0","","02","9","2019","1","40.328336","-79.891458","0450","11","0","0","0","0","0","0","0","0","","0","0","0","","","1","","0","","40 19:42.008","","0","79 53:29.248","8","0","0","0","2433","0","0","0","N","0","0","0","1","02433","0","","2.0","","1","N","N","","0","","0","0","0","","0","N","","5","1","0","0","0","1","0","2","0","5","","","","N","","","","","","","","","",""
"2019028153","0328","0","0","0","0","0","0","0","0","0","5","0","","02","3","2019","2","40.444232","-80.028216","0328","11","0","0","0","0","0","0","0","0","2","0","0","0","","","1","","1","","40 26:39.234","4","3","80 01:41.577","3","0","0","0","2301","0","0","0","N","0","0","0","5","02301","0","","1.0","","1","N","N","","0","","1","0","1","","0","N","","2","1","0","0","0","0","0","2","1","2","","","","N","","","","","","","","","",""
"2019095953","1446","0","0","0","0","0","0","0","0","0","1","0","","02","9","2019","3","40.585503","-80.036023","1435","11","0","2","0","0","0","0","0","0","2","0","0","0","","","0","","1","","40 35:07.811","2","0","80 02:09.684","0","0","0","0","2108","0","0","0","N","0","0","0","3","02108","0","","1.0","","1","N","N","","0","","0","0","2","","1","Y","","2","0","0","0","0","0","0","2","0","2","","","","N","","","","","","","","","",""
"2019012154","0924","2","0","0","0","0","0","0","0","0","4","0","","02","2","2019","6","40.603191","-79.947101","0920","11","0","0","0","0","0","1","0","1","1","0","0","0","","","0","","0","","40 36:11.489","6","7","79 56:49.562","0","0","0","0","2207","0","0","0","N","0","0","0","2","02207","0","","1.0","","7","N","N","","0","","0","0","0","","2","Y","","2","0","0","0","0","0","0","2","0","2","","","","N","","","","","","","","","",""
"2019026890","1258","2","0","0","0","0","0","0","0","0","4","0","","02","3","2019","5","40.486524","-79.837318","1255","11","0","0","0","0","0","2","0","0","2","0","0","0","","","1","","1","","40 29:11.486","3","0","79 50:14.344","8","0","0","0","2113","0","0","0","N","0","0","0","3","02113","0","","1.0","","1","N","N","","0","","0","0","1","","2","Y","","3","1","1","0","0","1","0","2","0","3","","","","N","","","","","","","","","",""
"2019027747","2122","1","0","0","0","0","0","0","0","0","8","0","","02","3","2019","7","40.471843","-79.959486","2106","11","0","0","0","0","0","0","1","0","","0","0","0","","","1","","0","","40 28:18.635","","0","79 57:34.151","3","0","0","0","2301","1","0","0","N","1","0","0","2","02301","0","","1.0","","9","N","N","","0","","1","0","0","","2","","","2","1","0","0","0","0","0","2","0","1","","","","N","","","","","","","","","",""
"2019028986","1932","1","0","0","0","0","0","0","0","0","7","0","","02","3","2019","6","40.469948","-80.060277","1928","11","0","0","0","0","0","0","0","0","2","0","0","0","","","0","","0","","40 28:11.813","5","0","80 03:36.996","0","0","0","0","2444","0","0","0","N","0","0","0","1","02444","0","","4.0","","1","N","N","","0","","0","0","0","","0","Y","","1","0","1","0","0","0","0","2","0","1","","","","N","","","","","","","","","",""
"2019093315","1756","1","0","0","0","0","0","0","0","0","4","0","","02","9","2019","3","40.441997","-80.034535","","11","0","0","0","0","0","1","0","1","","0","0","0","","","0","","2","","40 26:31.189","","0","80 02:04.325","0","0","0","0","2301","0","0","0","N","0","0","0","2","02301","0","","1.0","","1","N","N","","0","","0","0","0","","2","N","","2","0","0","0","0","0","0","2","1","2","","","","N","","","","","","","","","",""
"2019033790","1418","1","0","0","0","0","0","0","0","0","4","0","","02","3","2019","4","40.543025","-80.217738","1411","11","0","0","0","0","0","1","0","1","1","0","0","0","","","1","","2","","40 32:34.890","7","0","80 13:03.856","3","0","0","0","2213","0","0","0","N","0","0","0","2","02213","0","","1.0","","1","N","N","","0","","1","0","0","","3","N","","2","1","0","0","0","0","0","2","1","2","","","","N","","","","","","","","","",""
"2019104368","1644","1","0","0","0","0","0","0","0","0","1","0","","02","10","2019","4","40.432291","-80.008051","1633","11","0","0","0","0","0","0","0","0","","0","0","0","","","2","","2","","40 25:56.247","","0","80 00:28.984","4","0","0","0","2301","0","0","0","N","0","0","0","8","02301","2","","1.0","","1","Y","N","","0","","0","0","0","","0","N","","2","2","0","0","0","0","0","2","1","2","","","","N","","","","","","","","","",""
"2019012809","0451","1","0","0","0","0","0","0","0","0","7","0","","02","2","2019","6","40.590048","-79.888372","0443","11","0","0","0","0","0","0","0","0","","0","0","0","","","0","","0","","40 35:24.171","","3","79 53:18.140","0","0","0","0","2209","0","0","0","N","0","0","0","1","02209","0","","2.0","","7","N","N","","0","","0","0","0","","0","","","1","0","0","0","0","0","0","1","0","1","","","","N","","","","","","","","","",""
"2019029877","2200","0","0","0","0","0","0","0","0","0","2","0","","02","3","2019","5","40.522641","-79.990763","2155","11","0","0","0","0","0","1","1","0","2","0","0","0","","","1","","0","","40 31:21.506","1","0","79 59:26.746","8","0","0","1","2301","0","0","0","N","0","0","0","2","02116","0","","1.0","","1","N","N","","0","","0","0","0","","0","N","","2","1","0","0","0","1","0","2","1","2","","","","N","","","","","","","","","",""
"2019033192","1350","1","0","0","0","0","0","0","0","0","8","0","","02","3","2019","7","40.369444","-80.033453","1347","11","0","0","0","0","0","1","0","0","","0","0","0","","","1","","1","","40 22:10.000","","0","80 02:00.430","3","0","0","0","2416","1","0","0","N","1","0","0","2","02416","0","","1.0","","1","N","N","","0","","1","0","0","","0","","","2","1","0","0","0","0","0","2","0","1","","","","N","","","","","","","","","",""
"2019028595","1920","0","0","0","0","0","0","0","0","0","1","0","","02","3","2019","6","40.604773","-80.05073","1920","11","0","1","0","0","0","0","0","0","1","0","0","0","","","0","","2","","40 36:17.184","1","0","80 03:02.628","0","0","0","0","2108","0","0","0","N","0","0","0","4","02108","0","","1.0","","1","N","N","","0","","0","0","2","","2","N","","2","0","0","0","0","0","0","2","0","2","","","","N","","","","","","","","","",""
"2019107430","0625","1","0","0","0","0","0","0","0","0","7","0","","02","10","2019","4","40.653266","-80.121009","0617","11","0","0","0","0","0","0","0","0","3","0","0","0","","","0","","0","","40 39:11.756","6","0","80 07:15.634","0","0","0","0","2212","0","0","0","N","0","0","0","1","02505","0","","5.0","","9","N","N","","0","","0","0","0","","0","N","","1","0","0","0","0","0","0","1","0","1","","","","N","","","","","","","","","",""
"2019027892","0347","2","0","0","0","0","0","0","0","0","4","0","","02","3","2019","7","40.431472","-79.893083","0347","11","0","0","0","0","0","0","0","0","","0","0","0","","","0","","0","","40 25:53.300","","0","79 53:35.100","0","0","0","0","2463","0","0","0","N","0","0","0","1","02463","0","","6.0","","1","N","N","","0","","0","0","1","","0","","","3","0","0","0","0","0","0","2","0","3","","","","N","","","","","","","","","",""
"2019016156","1209","1","0","0","0","0","0","0","0","0","1","0","","02","2","2019","7","40.444219","-80.146547","1204","11","0","0","0","0","0","0","0","0","2","0","0","0","","","0","","0","","40 26:39.189","4","0","80 08:47.570","0","0","0","0","2115","0","0","0","N","0","0","0","3","02115","0","","1.0","","1","N","N","","0","","0","0","1","","2","N","","4","0","0","0","0","0","0","2","2","4","","","","N","","","","","","","","","",""
"2019029652","1431","0","0","0","0","0","0","0","0","0","4","0","","02","3","2019","5","40.4555","-80.006644","1423","11","0","0","0","0","0","0","0","0","","0","0","0","","","0","","1","","40 27:19.801","","0","80 00:23.920","0","0","0","0","2301","0","0","0","N","0","0","0","3","02301","0","","1.0","","1","N","N","","0","","0","0","1","","1","","","2","0","0","0","0","0","0","2","1","2","","","","N","","","","","","","","","",""
"2019027039","1717","0","0","0","0","0","0","0","0","0","4","0","","02","3","2019","5","40.443938","-80.237026","1710","11","1","0","0","0","0","0","0","0","","0","0","0","","","0","","1","","40 26:38.176","","7","80 14:13.293","0","0","0","0","2214","0","0","0","N","0","0","0","2","02214","0","","1.0","","1","N","N","","0","","0","0","2","","3","","","2","0","0","0","0","0","0","2","0","2","","","","N","","","","","","","","","",""
"2019097483","2211","0","0","0","0","0","0","0","0","0","7","0","","02","7","2019","1","40.439977","-80.188138","2157","11","0","0","0","0","0","0","0","0","1","0","0","0","","","1","","0","","40 26:23.917","3","0","80 11:17.295","3","0","0","0","2214","0","0","0","N","0","0","0","1","68B03","0","","4.0","","9","N","N","","0","","1","0","1","","0","N","","1","1","0","0","0","0","0","2","0","1","","","","N","","","","","","","","","",""
"2019110259","1904","1","0","0","0","0","0","0","0","0","1","0","","02","10","2019","4","40.394299","-80.066155","1849","11","0","0","1","0","0","0","0","0","1","0","0","0","","","0","","0","","40 23:39.478","2","0","80 03:58.157","0","0","0","0","2117","0","0","0","N","0","0","0","2","02117","0","","1.0","","9","N","N","","1","","0","0","0","","0","N","","2","0","0","0","0","0","0","2","0","2","","","","N","","","","","","","","","",""
"2019028555","0032","0","0","0","0","0","0","0","0","0","5","0","","02","3","2019","3","40.391","-79.889361","0032","11","0","0","0","0","0","1","0","0","","0","0","0","","","0","","0","","40 23:27.600","","0","79 53:21.700","0","0","0","0","2473","0","0","0","N","0","0","0","1","02473","0","","4.0","","1","N","N","","1","","0","0","2","","0","","","3","0","0","0","0","0","0","2","0","3","","","","N","","","","","","","","","",""
"2019110865","0710","0","0","0","0","0","0","0","0","0","7","0","","02","7","2019","1","40.442646","-79.810994","0703","11","0","0","0","0","0","0","0","0","","0","0","0","","","1","","0","","40 26:33.527","","0","79 48:39.579","8","0","0","0","2113","0","0","0","N","0","0","0","1","68B03","0","","4.0","","1","N","N","","0","","0","0","1","","0","","","1","1","0","0","0","1","0","2","0","1","","","","N","","","","","","","","","",""
"2019015831","1827","1","0","0","0","0","0","0","0","0","7","0","","02","2","2019","6","40.550985","-80.096741","1821","11","0","0","0","0","0","0","0","0","1","0","0","0","","","0","","0","","40 33:03.547","2","0","80 05:48.266","0","0","0","0","2215","0","0","0","Y","0","0","0","1","02215","0","","4.0","","2","N","N","","0","","0","0","0","","0","N","","1","0","0","0","0","0","0","2","0","1","","","","N","","","","","","","","","",""
"2019030321","0729","1","0","0","0","0","0","0","0","0","1","0","","02","3","2019","4","40.586521","-79.950322","0724","11","0","1","0","0","0","0","0","0","2","0","0","0","","","2","","2","","40 35:11.474","2","0","79 57:01.160","4","0","0","0","2207","0","0","0","N","0","0","0","2","02207","2","","1.0","","1","N","N","","0","","0","0","1","","0","N","","2","2","0","0","0","0","0","2","0","2","","","","N","","","","","","","","","",""
"2019027209","0116","0","0","0","0","0","0","0","0","0","2","0","","02","3","2019","6","40.384472","-79.983861","0112","11","0","0","0","0","0","0","0","0","","0","0","0","","","0","","0","","40 23:04.100","","0","79 59:01.900","9","0","0","0","2301","0","0","0","N","0","0","0","1","02301","0","","6.0","","1","N","N","","0","","0","0","2","","0","","","2","0","0","0","0","0","1","2","0","2","","","","N","","","","","","","","","",""
"2019027990","0154","1","0","0","0","0","0","0","0","0","6","0","","02","3","2019","1","40.469752","-79.827535","0137","11","0","0","0","0","0","1","0","0","2","0","0","0","","","0","","2","","40 28:11.107","5","0","79 49:39.127","0","0","0","0","2113","0","0","0","N","0","0","0","3","02113","0","","1.0","","9","N","N","","0","","0","0","1","","0","Y","","2","0","0","0","0","0","0","2","0","2","","","","N","","","","","","","","","",""
"2019014101","1830","1","0","0","0","0","0","0","0","0","0","0","","02","2","2019","3","40.466436","-79.978345","1826","11","0","0","0","1","0","0","0","0","2","0","0","0","","","1","","0","","40 27:59.169","1","0","79 58:42.042","3","0","0","0","2301","0","0","0","N","0","0","0","1","02301","0","","1.0","","1","N","N","","0","","1","0","0","","0","N","","1","1","0","0","0","0","0","2","0","1","","","","N","","","","","","","","","",""
"2019012098","0759","1","0","0","0","0","0","0","0","0","7","0","","02","2","2019","6","40.322694","-79.956361","0754","11","0","0","0","0","0","0","0","0","","0","0","0","","","0","","0","","40 19:21.700","","0","79 57:22.900","0","0","0","0","2454","0","0","0","N","0","0","0","2","02454","0","","2.0","","7","N","N","","0","","0","0","0","","0","","","1","0","0","0","0","0","0","2","0","1","","","","N","","","","","","","","","",""
"2019026332","1022","1","0","0","0","0","0","0","0","0","1","0","","02","3","2019","3","40.438117","-79.774168","1019","11","0","0","0","0","0","2","0","0","","0","0","0","","","2","","1","","40 26:17.220","","0","79 46:27.006","3","0","0","0","2446","0","0","0","N","0","0","0","2","02446","0","","1.0","","1","N","N","","0","","2","0","1","","0","","","2","2","0","0","0","0","0","2","0","2","","","","N","","","","","","","","","",""
"2019109035","1721","2","0","0","0","0","0","0","0","0","4","0","","02","10","2019","1","40.388391","-80.042939","1720","11","0","0","0","0","0","1","0","0","2","0","0","0","","","1","","2","","40 23:18.206","1","0","80 02:34.581","3","0","0","0","2109","0","0","0","N","0","0","0","5","02109","0","","1.0","","1","N","N","","0","","1","0","0","","2","N","","2","1","0","0","0","0","0","2","0","2","","","","N","","","","","","","","","",""
"2019106888","2209","2","0","0","0","0","0","0","0","0","4","0","","02","10","2019","3","40.364917","-79.908375","2154","11","0","0","0","0","0","1","0","0","","0","0","0","","","2","N","0","","40 21:53.702","","7","79 54:30.149","4","0","0","0","2301","0","0","0","N","0","0","0","3","02301","2","","1.0","","1","N","N","","0","","0","0","0","","0","","","2","2","0","0","0","0","0","2","0","2","","","","N","","","","","","","","","",""
"2019016377","2001","0","0","0","0","0","0","0","0","0","7","0","","02","2","2019","1","40.275865","-79.908446","1956","11","0","0","0","0","0","0","0","0","2","0","0","0","","","0","","2","","40 16:33.114","2","0","79 54:30.407","0","0","0","0","2440","0","0","0","N","0","0","0","1","02440","0","","2.0","","7","N","N","","0","","0","0","1","","0","Y","","1","0","0","0","0","0","0","2","0","1","","","","N","","","","","","","","","",""
"2019012960","1019","1","0","0","0","0","0","0","0","0","4","0","","02","2","2019","1","40.469743","-79.998566","1009","11","0","0","0","0","0","1","0","0","","0","0","0","","","0","","0","","40 28:11.074","","0","79 59:54.836","0","0","0","0","2301","0","0","0","N","0","0","0","1","02301","0","","1.0","","1","N","N","","1","","0","0","0","","0","","","2","0","0","0","0","0","0","2","0","2","","","","N","","","","","","","","","",""
"2019026640","1706","1","0","0","0","0","0","0","0","0","1","0","","02","3","2019","4","40.427553","-79.721144","1706","11","0","0","0","0","0","0","0","0","","0","0","0","","","0","","0","","40 25:39.191","","0","79 43:16.117","0","0","0","0","2446","0","0","0","N","0","0","0","3","02446","0","","1.0","","1","N","N","","1","","0","0","1","","0","","","3","0","0","0","0","0","0","2","0","3","","","","N","","","","","","","","","",""
"2019027536","0053","1","0","0","0","0","0","0","0","0","7","0","","02","3","2019","7","40.448472","-80.017699","0047","11","0","0","0","0","0","1","0","0","","0","0","0","","","0","","0","","40 26:54.499","","2","80 01:03.717","0","0","0","0","2301","0","0","0","N","0","0","0","1","02301","0","","2.0","","1","N","N","","0","","0","0","0","","0","","","1","0","0","0","0","0","0","2","0","1","","","","N","","","","","","","","","",""
"2019054990","1450","1","0","0","0","0","0","0","0","0","1","0","","02","3","2019","3","40.513248","-80.222319","1445","11","2","0","0","0","0","0","0","1","","0","0","0","","","1","","0","","40 30:47.694","","0","80 13:20.348","4","0","0","0","2213","0","0","0","N","0","0","0","3","02213","1","","1.0","","1","N","N","","1","","0","0","1","","0","","","3","1","1","0","0","0","0","2","0","3","","","","N","","","","","","","","","",""
"2019108431","1521","1","0","0","0","0","0","0","0","0","8","0","","02","10","2019","7","40.443247","-80.000266","1521","11","0","0","0","0","0","1","0","0","","0","0","0","","","1","","1","","40 26:35.689","","0","80 00:00.959","2","0","0","0","2301","1","0","1","N","1","0","1","2","02301","0","","1.0","","9","N","N","","0","","0","1","0","","2","","","2","1","0","0","0","0","0","2","0","1","","","","N","","","","","","","","","",""
"2019029018","1537","0","0","0","0","0","0","0","0","0","8","0","","02","3","2019","4","40.442056","-79.999306","1531","11","0","0","0","0","0","1","0","0","","0","0","0","","","1","","0","","40 26:31.400","","0","79 59:57.500","8","0","0","0","2301","1","0","0","N","1","0","0","3","02301","0","","1.0","","1","N","N","","0","","0","0","1","","0","","","2","1","0","0","0","1","0","2","0","1","","","","N","","","","","","","","","",""
"2019026660","2209","0","0","0","0","0","0","0","0","0","1","0","","02","3","2019","4","40.392883","-79.997382","2205","11","0","0","0","0","0","1","0","0","","0","0","0","","","0","","2","","40 23:34.377","","0","79 59:50.575","0","0","0","0","2301","0","0","0","N","0","0","0","2","02301","0","","1.0","","1","N","N","","0","","0","0","2","","2","","","2","0","0","0","0","0","0","2","0","2","","","","N","","","","","","","","","",""
"2019012730","1610","1","0","0","0","0","0","0","0","0","1","0","","02","1","2019","5","40.494152","-80.056191","1606","11","0","0","0","0","0","0","0","0","","0","0","0","","","0","","0","","40 29:38.947","","0","80 03:22.289","0","0","0","0","2404","0","0","0","N","0","0","0","1","02404","0","","6.0","","1","N","N","","2","","0","0","0","","0","","","3","0","0","0","0","0","0","2","0","3","","","","N","","","","","","","","","",""
"2019026322","0804","1","0","0","0","0","0","0","0","0","4","0","","02","3","2019","4","40.584083","-80.079412","0802","11","0","1","0","0","0","0","1","0","","0","0","0","","","0","","2","","40 35:02.698","","0","80 04:45.883","0","0","0","0","2481","0","0","0","N","0","0","0","5","02481","0","","1.0","","1","N","N","","0","","0","0","1","","3","","","2","0","0","0","0","0","0","2","0","2","","","","N","","","","","","","","","",""
"2019012214","1320","1","0","0","0","0","0","0","0","0","1","0","","02","2","2019","6","40.459895","-79.907164","1320","11","0","0","0","0","0","0","0","0","2","0","0","0","","","0","","2","","40 27:35.622","2","0","79 54:25.789","0","0","0","0","2301","0","0","0","N","0","0","0","6","02301","0","","1.0","","2","N","N","","0","","0","0","1","","3","N","","2","0","0","0","0","0","0","2","0","2","","","","N","","","","","","","","","",""
"2019106496","0918","0","0","0","0","0","0","0","0","0","1","1","","02","10","2019","3","40.365957","-80.107181","0916","11","0","0","0","0","0","0","0","0","2","0","1","0","","","0","","2","","40 21:57.444","3","0","80 06:25.851","0","0","0","0","2102","0","0","0","N","0","0","0","2","02102","0","","1.0","","9","N","N","","1","","0","0","0","","2","N","","2","0","0","0","0","0","0","2","0","2","","","","N","","","","","","","","","",""
"2019034400","1440","0","0","0","0","0","0","0","0","0","1","0","","02","3","2019","7","40.367846","-79.779969","1435","11","0","0","0","0","0","1","1","0","","0","0","0","","","1","","0","","40 22:04.246","","0","79 46:47.890","8","0","0","0","2111","0","0","0","N","0","0","0","6","02111","0","","1.0","","1","N","N","","0","","0","0","3","","0","","","3","1","0","0","0","1","0","2","0","3","","","","N","","","","","","","","","",""
"2019110663","2355","1","0","0","0","0","0","0","0","0","2","0","","02","10","2019","5","40.421801","-79.992566","2355","11","0","0","0","0","0","0","0","0","1","0","0","0","","","0","","0","","40 25:18.483","5","0","79 59:33.237","0","0","0","0","2301","0","0","0","N","0","0","0","2","02301","0","","4.0","","1","N","N","","0","","0","0","2","","0","N","","3","0","0","0","0","0","0","2","0","3","","","","N","","","","","","","","","",""
"2019015303","1523","0","0","0","1","0","0","0","0","0","8","0","","02","2","2019","6","40.447344","-79.989839","1515","11","0","0","0","0","0","0","0","0","1","0","0","0","","","0","","1","","40 26:50.440","2","0","79 59:23.420","0","0","0","0","2301","1","0","0","N","0","0","0","2","02301","0","","1.0","","1","N","N","","0","","0","0","1","","0","Y","","2","0","0","0","0","0","0","2","0","1","","","","N","","","","","","","","","",""