"CRN","ARRIVAL_TM","AUTOMOBILE_COUNT","BELTED_DEATH_COUNT","BELTED_SUSP_SERIOUS_INJ_COUNT","BICYCLE_COUNT","BICYCLE_DEATH_COUNT","BICYCLE_SUSP_SERIOUS_INJ_COUNT","BUS_COUNT","CHLDPAS_DEATH_COUNT","CHLDPAS_SUSP_SERIOUS_INJ_COUNT","COLLISION_TYPE","COMM_VEH_COUNT","CONS_ZONE_SPD_LIM","COUNTY","CRASH_MONTH","CRASH_YEAR","DAY_OF_WEEK","DEC_LATITUDE","DEC_LONGITUDE","DISPATCH_TM","DISTRICT","DRIVER_COUNT_16YR","DRIVER_COUNT_17YR","DRIVER_COUNT_18YR","DRIVER_COUNT_19YR","DRIVER_COUNT_20YR","DRIVER_COUNT_50_64YR","DRIVER_COUNT_65_74YR","DRIVER_COUNT_75PLUS","EST_HRS_CLOSED","FATAL_COUNT","HEAVY_TRUCK_COUNT","HORSE_BUGGY_COUNT","HOUR_OF_DAY","ILLUMINATION","INJURY_COUNT","INTERSECTION_RELATED","INTERSECT_TYPE","LANE_CLOSED","LATITUDE","LN_CLOSE_DIR","LOCATION_TYPE","LONGITUDE","MAX_SEVERITY_LEVEL","MCYCLE_DEATH_COUNT","MCYCLE_SUSP_SERIOUS_INJ_COUNT","MOTORCYCLE_COUNT","MUNICIPALITY","NONMOTR_COUNT","NONMOTR_DEATH_COUNT","NONMOTR_SUSP_SERIOUS_INJ_COUNT","NTFY_HIWY_MAINT","PED_COUNT","PED_DEATH_COUNT","PED_SUSP_SERIOUS_INJ_COUNT","PERSON_COUNT","POLICE_AGCY","POSSIBLE_INJ_COUNT","RDWY_SURF_TYPE_CD","RELATION_TO_ROAD","ROADWAY_CLEARED","ROAD_CONDITION","SCH_BUS_IND","SCH_ZONE_IND","SECONDARY_CRASH","SMALL_TRUCK_COUNT","SPEC_JURIS_CD","SUSP_MINOR_INJ_COUNT","SUSP_SERIOUS_INJ_COUNT","SUV_COUNT","TCD_FUNC_CD","TCD_TYPE","TFC_DETOUR_IND","TIME_OF_DAY","TOTAL_UNITS","TOT_INJ_COUNT","UNBELTED_OCC_COUNT","UNB_DEATH_COUNT","UNB_SUSP_SERIOUS_INJ_COUNT","UNK_INJ_DEG_COUNT","UNK_INJ_PER_COUNT","URBAN_RURAL","VAN_COUNT","VEHICLE_COUNT","WEATHER1","WEATHER2","WORKERS_PRES","WORK_ZONE_IND","WORK_ZONE_LOC","WORK_ZONE_TYPE","WZ_CLOSE_DETOUR","WZ_FLAGGER","WZ_LAW_OFFCR_IND","WZ_LN_CLOSURE","WZ_MOVING","WZ_OTHER","WZ_SHLDER_MDN","WZ_WORKERS_INJ_KILLED"
"2019026508","0657","1","0","0","0","0","0","0","0","0","1","0","","02","3","2019","4","40.360304","-79.960674","0652","11","0","0","0","0","0","1","0","0","","0","0","0","","","2","","0","","40 21:37.094","","0","79 57:38.426","3","0","0","0","2476","0","0","0","N","0","0","0","3","02403","0","","1.0","","1","N","N","","0","","2","0","1","","2","","","2","2","0","0","0","0","1","2","0","2","","","","N","","","","","","","","","",""
"2019096148","1955","0","0","0","0","0","0","0","0","0","4","0","","02","9","2019","3","40.585238","-80.036192","1947","11","0","0","0","0","0","1","0","0","","0","0","0","","","0","","0","","40 35:06.858","","7","80 02:10.291","0","0","0","0","2108","0","0","0","N","0","0","0","4","02108","0","","1.0","","1","N","N","","0","","0","0","1","","3","","","2","0","0","0","0","0","0","2","1","2","","","","N","","","","","","","","","",""
"2019019831","2303","1","0","0","0","0","0","0","0","0","7","0","","02","2","2019","1","40.543956","-79.972346","2300","11","0","0","0","1","0","0","0","0","2","0","0","0","","","0","","2","","40 32:38.241","5","0","79 58:20.447","0","0","0","0","2118","0","0","0","N","0","0","0","1","02118","0","","5.0","","9","N","N","","0","","0","0","0","","3","Y","","1","0","0","0","0","0","0","2","0","1","","05","","N","","","","","","","","","",""
"2019096871","1438","2","0","0","0","0","0","0","0","0","1","1","","02","9","2019","6","40.373766","-80.006357","1435","11","0","0","0","0","0","1","0","0","2","0","1","0","","","0","","2","","40 22:25.559","6","0","80 00:22.884","0","0","0","0","2416","0","0","0","N","0","0","0","2","02416","0","","1.0","","1","N","N","","0","","0","0","0","","0","Y","","3","0","0","0","0","0","0","2","0","3","","","","N","","","","","","","","","",""
"2019103622","1112","1","0","0","0","0","0","0","0","0","4","0","","02","10","2019","6","40.549409","-79.839986","1110","11","0","0","0","0","0","2","0","0","1","0","0","0","","","2","","1","","40 32:57.873","4","0","79 50:23.951","3","0","0","0","2208","0","0","0","N","0","0","0","2","02208","0","","2.0","","1","N","N","","0","","2","0","0","","2","Y","","2","2","0","0","0","0","0","2","1","2","","","","N","","","","","","","","","",""
"2019102044","1140","1","0","0","0","0","0","0","0","0","1","1","","02","10","2019","4","40.433947","-79.732203","1130","11","0","0","0","0","0","0","0","0","2","0","0","0","","","0","","0","","40 26:02.210","4","0","79 43:55.932","0","0","0","0","2446","0","0","0","N","0","0","0","2","02446","0","","1.0","","1","N","N","","1","","0","0","0","","0","Y","","2","0","0","0","0","0","0","2","0","2","","","","N","","","","","","","","","",""
"2019028804","","0","0","0","0","0","0","0","0","0","1","0","","02","3","2019","3","40.585349","-80.074973","1911","11","0","0","1","0","0","0","0","0","","0","0","0","","","0","","2","","40 35:07.256","","0","80 04:29.902","0","0","0","0","2481","0","0","0","N","0","0","0","2","02481","0","","1.0","","1","N","N","","0","","0","0","2","","0","","","2","0","0","0","0","0","0","2","0","2","","","","N","","","","","","","","","",""
"2019102171","","0","0","0","0","0","0","0","0","0","7","0","","02","10","2019","4","40.458556","-80.004472","1923","11","0","0","0","0","0","1","0","0","","0","0","0","","","0","N","0","","40 27:30.800","","0","80 00:16.100","0","0","0","0","2301","0","0","0","N","0","0","0","1","02301","0","","5.0","","1","N","N","","0","","0","0","1","","0","N","","1","0","0","0","0","0","0","2","0","1","","","","N","","","","","","","","","",""
"2019034135","","1","0","0","0","0","0","0","0","0","4","0","","02","2","2019","4","40.523896","-80.152","1018","11","0","0","0","0","0","1","1","0","2","0","0","0","","","0","","0","","40 31:26.027","4","0","80 09:07.200","0","0","0","0","2436","0","0","0","N","0","0","0","2","68B03","0","","1.0","","7","N","N","","0","","0","0","1","","0","N","","2","0","0","0","0","0","0","2","0","2","","","","N","","","","","","","","","",""
"2019104536","","0","0","0","0","0","0","0","0","0","1","0","","02","10","2019","3","40.496963","-79.920546","1752","11","0","0","0","0","0","0","0","0","","0","0","0","","","0","","0","","40 29:49.065","","0","79 55:13.965","0","0","0","0","2112","0","0","0","N","0","0","0","2","68D02","0","","1.0","","1","N","N","","0","","0","0","2","","0","","","2","0","0","0","0","0","0","2","0","2","","","","N","","","","","","","","","",""
"2019102119","","1","0","0","0","0","0","0","0","0","1","1","","02","10","2019","3","40.361154","-79.905694","1544","11","0","0","0","0","0","2","0","1","1","0","1","0","","","0","","2","","40 21:40.156","3","0","79 54:20.499","0","0","0","0","2473","0","0","0","N","0","0","0","4","02473","0","","1.0","","1","N","N","","0","","0","0","1","","0","N","","3","0","1","0","0","0","0","2","0","3","","","","N","","","","","","","","","",""
"2019102434","","1","0","0","0","0","0","0","0","0","4","0","","02","10","2019","6","40.569534","-80.021762","1435","11","0","0","0","0","0","0","2","0","","0","0","0","","","0","","0","","40 34:10.324","","0","80 01:18.343","0","0","0","0","2108","0","0","0","N","0","0","0","2","02108","0","","1.0","","1","N","N","","0","","0","0","1","","3","N","","2","0","1","0","0","0","0","2","0","2","","","","N","","","","","","","","","",""
"2019109908","","1","0","0","0","0","0","0","0","0","4","1","","02","9","2019","4","40.43964","-79.755705","0625","11","0","0","0","0","0","1","0","0","","0","0","0","","","0","","3","","40 26:22.704","","2","79 45:20.539","9","0","0","0","2446","0","0","0","N","0","0","0","2","68T09","0","","1.0","","1","N","N","","0","","0","0","0","","0","","","2","0","0","0","0","0","1","2","0","2","","","","N","","","","","","","","","",""
"2019012673","","0","0","0","0","0","0","0","0","0","7","0","","02","1","2019","4","40.340123","-79.887944","2014","11","0","0","0","0","0","0","0","0","","0","0","0","","","0","","2","","40 20:24.442","","0","79 53:16.598","0","0","0","0","2433","0","0","0","N","0","0","0","1","02433","0","","2.0","","1","N","N","","0","","0","0","1","","0","","","1","0","0","0","0","0","0","2","0","1","","","","N","","","","","","","","","",""
"2019023206","","1","0","0","0","0","0","0","0","0","4","0","","02","2","2019","4","40.608771","-80.094794","1141","11","0","0","0","0","0","0","0","0","","0","0","0","","","1","","0","","40 36:31.574","","0","80 05:41.260","4","0","0","0","2481","0","0","0","Y","0","0","0","2","68B03","1","","1.0","","6","Y","N","","0","","0","0","1","","0","","","2","1","0","0","0","0","0","2","0","2","","","","N","","","","","","","","","",""
"2019104102","","2","0","0","0","0","0","0","0","0","4","0","","02","10","2019","3","40.394542","-79.970058","2152","11","0","1","1","0","0","0","0","0","2","0","0","0","","","0","","2","","40 23:40.352","1","0","79 58:12.208","0","0","0","0","2403","0","0","0","N","0","0","0","3","02403","0","","1.0","","1","N","N","","0","","0","0","0","","3","N","","2","0","0","0","0","0","0","2","0","2","","","","N","","","","","","","","","",""
"2019103433","","1","0","0","0","0","0","0","0","0","7","0","","02","10","2019","7","40.370672","-80.061878","1618","11","0","0","0","0","0","0","0","1","2","0","0","0","","","1","","0","","40 22:14.420","7","0","80 03:42.760","8","0","0","0","2109","0","0","0","N","0","0","0","1","02109","0","","4.0","","1","N","N","","0","","0","0","0","","0","Y","","1","1","0","0","0","1","0","2","0","1","","","","N","","","","","","","","","",""
"2019103572","","2","0","0","0","0","0","0","0","0","4","0","","02","10","2019","2","40.240917","-79.860138","1642","11","0","0","0","0","0","0","0","0","2","0","0","0","","","1","","1","","40 14:27.300","7","0","79 51:36.495","8","0","0","0","2105","0","0","0","N","0","0","0","2","02105","0","","1.0","","1","N","N","","0","","0","0","0","","0","Y","","2","1","1","0","0","1","0","1","0","2","","","","N","","","","","","","","","",""
"2019021988","","0","0","0","0","0","0","0","0","0","1","0","","02","2","2019","3","40.506119","-79.990498","1628","11","0","0","0","0","0","2","0","0","","0","0","0","","","1","","3","","40 30:22.028","","0","79 59:25.791","8","0","0","0","2116","0","0","0","N","0","0","0","3","02116","0","","1.0","","1","N","N","","1","","0","0","1","","4","","","2","1","0","0","0","1","0","2","0","2","","","","N","","","","","","","","","",""
"2019021979","","0","0","0","0","0","0","0","0","0","8","0","","02","2","2019","3","40.443263","-79.965194","1438","11","0","0","0","0","0","1","0","0","2","0","0","0","","","1","","2","","40 26:35.746","2","0","79 57:54.698","8","0","0","0","2301","1","0","0","N","1","0","0","2","02506","0","","1.0","","1","N","N","","1","","0","0","0","","2","Y","","2","1","0","0","0","1","0","2","0","1","","","","N","","","","","","","","","",""
"2019101936","","0","0","0","0","0","0","0","0","0","7","1","","02","10","2019","2","40.555388","-80.138514","0756","11","0","0","0","0","0","0","0","0","6","0","1","0","","","1","","0","","40 33:19.398","5","0","80 08:18.651","4","0","0","0","2459","0","0","0","N","0","0","0","1","02459","1","","2.0","","9","N","N","","0","","0","0","0","","0","Y","","1","1","1","0","0","0","0","1","0","1","","","","N","","","","","","","","","",""
"2019102631","","2","0","0","0","0","0","0","0","0","1","0","","02","10","2019","5","40.337676","-79.937555","0805","11","0","0","0","0","0","1","0","0","2","0","0","0","","","0","","0","","40 20:15.632","2","0","79 56:15.199","0","0","0","0","2473","0","0","0","N","0","0","0","7","02473","0","","1.0","","1","N","N","","1","","0","0","1","","0","N","","4","0","0","0","0","0","0","2","0","4","","","","N","","","","","","","","","",""
"2019016088","","1","0","0","0","0","0","0","0","0","1","0","","02","2","2019","1","40.378454","-79.852381","2240","11","0","0","0","0","0","0","0","0","1","0","0","0","","","1","","0","","40 22:42.435","2","3","79 51:08.573","3","0","0","0","2303","0","0","0","N","0","0","0","2","02303","0","","1.0","","7","N","N","","0","","1","0","1","","0","N","","2","1","0","0","0","0","0","2","0","2","","","","N","","","","","","","","","",""
"2019083048","","0","0","0","0","0","0","0","0","0","0","0","","02","8","2019","7","40.659661","-79.974187","2120","11","0","0","0","0","0","1","0","0","4","1","0","0","","","0","","0","","40 39:34.779","5","0","79 58:27.073","1","1","0","1","2217","0","0","0","N","0","0","0","1","02505","0","2","1.0","","1","N","N","","0","0","0","0","0","","0","Y","","1","0","0","0","0","0","0","2","0","1","","","","N","","","","","","","","","",""
"2019021796","","1","0","0","0","0","0","0","0","0","4","0","","02","2","2019","6","40.441438","-79.99546","0544","11","0","0","0","0","0","1","0","0","","0","0","0","","","0","","1","","40 26:29.175","","0","79 59:43.655","0","0","0","0","2301","0","0","0","N","0","0","0","4","02301","0","","1.0","","1","N","N","","0","","0","0","1","","2","","","2","0","0","0","0","0","0","2","0","2","","","","N","","","","","","","","","",""
"2019103578","","2","0","0","0","0","0","0","0","0","4","0","","02","10","2019","2","40.539878","-79.840332","1536","11","0","0","0","0","0","1","1","0","","0","0","0","","","0","N","0","","40 32:23.560","","0","79 50:25.196","0","0","0","0","2208","0","0","0","N","0","0","0","2","02208","0","","1.0","","1","N","N","","0","","0","0","0","","0","","","2","0","0","0","0","0","0","2","0","2","","","","N","","","","","","","","","",""
"2019021158","","0","0","0","0","0","0","0","0","0","7","0","","02","2","2019","4","40.59124","-80.052817","1143","11","0","0","0","0","0","1","0","0","1","0","0","0","","","0","","0","","40 35:28.464","3","0","80 03:10.141","0","0","0","0","2108","0","0","0","N","0","0","0","1","02108","0","","4.0","","2","N","N","","0","","0","0","1","","0","N","","1","0","0","0","0","0","0","2","0","1","","","","N","","","","","","","","","",""
"2019103776","","1","0","0","0","0","0","0","0","0","1","0","45","02","10","2019","6","40.320873","-80.145856","1432","11","0","0","1","0","1","1","0","0","","0","0","0","","","0","","0","","40 19:15.144","","0","80 08:45.080","0","0","0","0","2119","0","0","0","N","0","0","0","3","68B01","0","","1.0","","1","N","N","","0","","0","0","2","","0","","","3","0","0","0","0","0","0","2","0","3","","","Y","Y","4","1","N","N","N","N","N","N","Y",""
"2019023838","","0","0","0","0","0","0","0","0","0","7","0","","02","2","2019","4","40.368329","-79.816621","0925","11","0","0","0","0","0","0","0","0","1","0","0","0","","","0","","3","","40 22:05.985","1","0","79 48:59.836","0","0","0","0","2111","0","0","0","N","0","0","0","5","02111","0","","4.0","","7","N","N","","0","","0","0","1","","0","N","","1","0","0","0","0","0","0","2","0","1","","","","N","","","","","","","","","",""
"2019102830","","1","0","0","0","0","0","0","0","0","7","0","","02","9","2019","6","40.36908","-80.118539","0404","11","0","0","0","0","0","0","0","0","","0","0","0","","","0","","0","","40 22:08.687","","0","80 07:06.742","0","0","0","0","2102","0","0","0","N","0","0","0","1","68B03","0","","4.0","","1","N","N","","0","","0","0","0","","0","","","1","0","0","0","0","0","0","2","0","1","","","","N","","","","","","","","","",""
"2019102583","","0","0","0","0","0","0","0","0","0","7","0","","02","10","2019","6","40.648504","-80.110934","0550","11","0","0","0","0","0","0","0","0","2","0","0","0","","","0","","3","","40 38:54.616","1","0","80 06:39.363","0","0","0","0","2212","0","0","0","Y","0","0","0","1","02505","0","","5.0","","1","N","N","","1","","0","0","0","","0","Y","","1","0","0","0","0","0","0","2","0","1","","","","N","","","","","","","","","",""
"2019100385","","1","0","0","0","0","0","0","0","0","5","0","","02","10","2019","1","40.565749","-80.20818","1409","11","0","0","0","0","0","0","0","0","2","0","0","0","","","0","","0","","40 33:56.696","2","0","80 12:29.449","0","0","0","0","2441","0","0","0","N","0","0","0","1","02441","0","","1.0","","9","","","","0","","0","0","0","","0","N","","2","0","0","0","0","0","0","2","1","2","","","","N","","","","","","","","","",""
"2019102623","","0","0","0","0","0","0","0","0","0","4","0","","02","10","2019","7","40.460232","-79.842633","0526","11","0","0","0","0","0","1","0","0","2","0","1","0","","","0","","3","","40 27:36.835","7","0","79 50:33.477","0","0","0","0","2113","0","0","0","N","0","0","0","2","02113","0","","1.0","","9","N","N","","0","","0","0","1","","4","N","","2","0","0","0","0","0","0","2","0","2","","","","N","","","","","","","","","",""
"2019019675","","1","0","0","0","0","0","0","0","0","1","0","","02","2","2019","1","40.478306","-79.9535","2228","11","0","0","0","0","0","0","0","0","","0","0","0","","","0","","0","","40 28:41.900","","0","79 57:12.600","0","0","0","0","2301","0","0","0","N","0","0","0","2","02301","0","","2.0","","9","N","N","","0","","0","0","2","","0","","","3","0","0","0","0","0","0","2","0","3","","","","N","","","","","","","","","",""
"2019021213","","0","0","0","0","0","0","0","0","0","1","0","","02","2","2019","5","40.451832","-79.826496","1043","11","0","0","0","0","0","0","1","0","","0","0","0","","","1","","0","","40 27:06.594","","0","79 49:35.384","3","0","0","0","2113","0","0","0","N","0","0","0","3","02113","0","","1.0","","1","N","N","","0","","1","0","1","","0","","","2","1","0","0","0","0","0","2","1","2","","","","N","","","","","","","","","",""
"2019090067","","1","0","0","0","0","0","0","0","0","4","0","","02","3","2019","5","40.278492","-79.855916","0741","11","0","0","1","0","0","0","0","0","2","0","0","0","","","1","","2","","40 16:42.572","6","7","79 51:21.296","4","0","0","0","2443","0","0","0","N","0","0","0","2","02443","1","","1.0","","9","N","N","","0","","0","0","1","","0","Y","","2","1","0","0","0","0","0","1","0","2","","","","N","","","","","","","","","",""
"2019100700","","1","0","0","0","0","0","0","0","0","7","0","","02","10","2019","2","40.426117","-79.861967","1048","11","0","0","0","0","1","0","0","0","2","0","0","0","","","1","Y","0","","40 25:34.020","3","0","79 51:43.081","8","0","0","0","2431","0","0","0","Y","0","0","0","1","02431","0","","3.0","1120.0","9","N","N","N","0","","0","0","0","","0","N","","1","1","0","0","0","1","0","2","0","1","","","","N","","","","","","","","","",""
"2019020696","","1","0","0","0","0","0","0","0","0","7","0","","02","2","2019","4","40.459361","-79.835083","0714","11","0","0","0","0","0","0","0","0","","0","0","0","","","0","","0","","40 27:33.700","","0","79 50:06.300","0","0","0","0","2113","0","0","0","N","0","0","0","1","02113","0","","5.0","","7","N","N","","0","","0","0","0","","0","","","1","0","0","0","0","0","0","2","0","1","","","","N","","","","","","","","","",""
"2019104541","","0","0","0","0","0","0","0","0","0","4","0","","02","10","2019","3","40.487328","-79.895511","2131","11","0","0","1","0","0","1","0","0","","0","0","0","","","0","","2","","40 29:14.380","","0","79 53:43.839","0","0","0","0","2301","0","0","0","N","0","0","0","2","02301","0","","1.0","","1","N","N","","0","","0","0","2","","0","","","2","0","0","0","0","0","0","2","0","2","","","","N","","","","","","","","","",""
"2019102597","","0","0","0","0","0","0","0","0","0","7","0","","02","10","2019","7","40.634264","-80.058237","0019","11","0","0","0","0","0","1","0","0","1","0","0","0","","","0","","1","","40 38:03.350","3","0","80 03:29.653","0","0","0","0","2216","0","0","0","N","0","0","0","1","02505","0","","4.0","","1","N","N","","0","","0","0","1","","0","N","","1","0","0","0","0","0","0","2","0","1","","","","N","","","","","","","","","",""
"2019101951","","0","0","0","0","0","0","0","0","0","7","0","","02","10","2019","1","40.630846","-80.057451","1150","11","0","0","1","0","0","0","0","0","","0","0","0","","","0","N","0","","40 37:51.045","","7","80 03:26.825","0","0","0","0","2216","0","0","0","N","0","0","0","2","02505","0","","2.0","","9","N","N","","0","","0","0","1","","0","","","1","0","0","0","0","0","0","2","0","1","","","","N","","","","","","","","","",""
"2019104085","","2","0","0","0","0","0","0","0","0","4","0","","02","10","2019","3","40.581611","-79.921784","1935","11","0","0","1","0","0","0","1","0","2","0","0","0","","","0","","1","","40 34:53.800","2","0","79 55:18.423","0","0","0","0","2207","0","0","0","N","0","0","0","2","02207","0","","1.0","","1","N","N","","0","","0","0","0","","3","N","","2","0","0","0","0","0","0","1","0","2","","","","N","","","","","","","","","",""
"2019029969","","2","0","0","0","0","0","0","0","0","1","0","","02","3","2019","5","40.46512","-79.954427","0051","11","0","0","0","0","0","0","0","0","2","0","0","0","","","0","","0","","40 27:54.432","5","0","79 57:15.938","0","0","0","0","2301","0","0","0","N","0","0","0","1","02301","0","","6.0","","1","N","N","","1","","0","0","0","","0","Y","","3","0","0","0","0","0","0","2","0","3","","","","N","","","","","","","","","",""
"2019103061","","2","0","0","0","0","0","0","0","0","5","0","","02","10","2019","7","40.516035","-80.001856","0350","11","0","0","0","0","0","1","0","0","","0","0","0","","","1","","0","","40 30:57.727","","0","80 00:06.680","3","0","0","0","2116","0","0","0","N","0","0","0","1","02116","0","","4.0","","1","N","N","","0","","1","0","0","","0","N","","2","1","0","0","0","0","0","2","0","2","","","","N","","","","","","","","","",""
"2019021548","","1","0","0","0","0","0","0","0","0","7","0","","02","2","2019","4","40.499389","-80.049528","0836","11","0","0","0","0","0","1","0","0","","0","0","0","","","0","","0","","40 29:57.800","","0","80 02:58.300","0","0","0","0","2116","0","0","0","N","0","0","0","1","02116","0","","2.0","","2","N","N","","0","","0","0","0","","0","","","1","0","0","0","0","0","0","2","0","1","","","","N","","","","","","","","","",""
"2019104553","","1","0","0","0","0","0","0","0","0","8","0","","02","10","2019","2","40.497854","-79.943877","1955","11","0","0","0","0","0","1","0","0","1","0","0","0","","","1","","1","","40 29:52.276","2","0","79 56:37.957","8","0","0","0","2430","1","0","0","N","1","0","0","2","02430","0","","1.0","","1","N","N","","0","","0","0","0","","2","N","","2","1","1","0","0","1","0","2","0","1","","","","N","","","","","","","","","",""
"2019103170","","0","0","0","0","0","0","0","0","0","5","1","","02","9","2019","5","40.430843","-79.729238","0545","11","0","0","0","0","0","1","0","0","","0","1","0","","","0","","0","","40 25:51.036","","0","79 43:45.255","0","0","0","0","2446","0","0","0","N","0","0","0","2","02446","0","","1.0","","1","N","N","","0","","0","0","1","","0","N","","2","0","0","0","0","0","0","2","0","2","","","","N","","","","","","","","","",""
"2019102866","","0","0","0","0","0","0","0","0","0","7","0","","02","10","2019","2","40.442273","-79.807918","0155","11","0","0","0","0","0","0","0","0","1","0","0","0","","","1","","0","","40 26:32.183","3","0","79 48:28.503","8","0","0","0","2113","0","0","0","N","0","0","0","1","68B03","0","","3.0","","9","N","N","","0","","0","0","1","","0","N","","1","1","0","0","0","1","0","2","0","1","","","","N","","","","","","","","","",""
"2019034466","","0","0","0","0","0","0","0","0","0","1","0","","02","2","2019","5","40.424913","-80.118784","1831","11","0","0","0","1","0","0","0","0","2","0","0","0","","","0","","0","","40 25:29.688","3","0","80 07:07.624","0","0","0","0","2102","0","0","0","N","0","0","0","2","68B03","0","","1.0","","1","N","N","","1","","0","0","1","","0","N","","2","0","0","0","0","0","0","2","0","2","","","","N","","","","","","","","","",""
"2019020270","","0","0","0","0","0","0","0","0","0","1","0","","02","2","2019","3","40.668127","-80.143329","0745","11","0","0","0","0","0","1","0","0","2","0","0","0","","","0","","0","","40 40:05.258","6","0","80 08:35.984","0","0","0","0","2212","0","0","0","N","0","0","0","2","02505","0","","1.0","","1","N","N","","0","","0","0","2","","0","N","","2","0","0","0","0","0","0","1","0","2","","","","N","","","","","","","","","",""
"2019021860","","1","0","0","0","0","0","0","0","0","7","0","","02","2","2019","3","40.585694","-80.117472","0631","11","0","0","0","0","0","0","0","0","2","0","0","0","","","0","","0","","40 35:08.500","4","0","80 07:02.900","0","0","0","0","2481","0","0","0","N","0","0","0","1","02481","0","","5.0","","7","N","N","","0","","0","0","0","","0","N","","1","0","0","0","0","0","0","1","0","1","","","","N","","","","","","","","","",""
"2019021128","","1","0","0","0","0","0","0","0","0","7","0","","02","2","2019","4","40.355324","-80.14042","0905","11","0","0","0","0","0","0","0","0","","0","0","0","","","0","","0","","40 21:19.166","","0","80 08:25.513","0","0","0","0","2119","0","0","0","N","0","0","0","1","02119","0","","2.0","","7","N","N","","0","","0","0","0","","0","","","1","0","0","0","0","0","0","2","0","1","","","","N","","","","","","","","","",""
"2019020328","","0","0","0","0","0","0","0","0","0","0","0","","02","2","2019","1","40.55837","-80.006016","0235","11","0","0","1","0","0","0","0","0","1","0","0","0","","","0","","2","","40 33:30.132","6","0","80 00:21.657","0","0","0","0","2108","0","0","0","N","0","0","0","2","02108","0","","1.0","","1","N","N","","0","","0","0","1","","3","Y","","1","0","0","0","0","0","0","2","0","1","","","","N","","","","","","","","","",""
"2019099159","","2","0","0","0","0","0","0","0","0","4","0","","02","10","2019","4","40.467923","-79.861371","0000","11","0","0","0","0","0","0","0","0","","0","0","0","","","0","","0","","40 28:04.522","","0","79 51:40.936","0","0","0","0","2113","0","0","0","N","0","0","0","3","02113","0","","1.0","","9","N","N","","0","","0","0","0","","0","","","2","0","1","0","0","0","0","2","0","2","","","","N","","","","","","","","","",""
"2019020582","","2","0","0","0","0","0","0","0","0","1","0","","02","2","2019","3","40.446641","-80.031397","0652","11","0","0","0","0","0","0","0","0","2","0","0","0","","","0","","0","","40 26:47.909","3","0","80 01:53.029","0","0","0","0","2301","0","0","0","N","0","0","0","2","02301","0","","1.0","","1","N","N","","0","","0","0","0","","0","N","","2","0","0","0","0","0","0","2","0","2","","","","N","","","","","","","","","",""
"2019021390","","0","0","0","0","0","0","0","0","0","7","0","","02","2","2019","5","40.424417","-79.978028","1718","11","0","0","0","0","0","0","0","0","","0","0","0","","","2","","0","","40 25:27.900","","0","79 58:40.900","3","0","0","0","2301","0","0","0","N","0","0","0","3","02301","0","","1.0","","1","N","N","","0","","2","0","1","","0","","","1","2","1","0","0","0","0","2","0","1","","","","N","","","","","","","","","",""
"2019021775","","1","0","0","0","0","0","0","0","0","2","0","","02","2","2019","6","40.435126","-79.956406","1731","11","0","0","0","0","0","0","0","0","2","0","0","0","","","0","","1","","40 26:06.452","7","0","79 57:23.060","0","0","0","0","2301","0","0","0","N","0","0","0","2","02301","0","","1.0","","1","N","N","","1","","0","0","0","","2","N","","2","0","0","0","0","0","0","2","0","2","","","","N","","","","","","","","","",""
"2019102837","","3","0","0","0","0","0","0","0","0","1","0","","02","9","2019","2","40.353686","-80.11798","0625","11","0","0","0","0","0","0","0","0","1","0","0","0","","","1","","0","","40 21:13.271","2","0","80 07:04.727","3","0","0","0","2119","0","0","0","N","0","0","0","4","68B03","0","","1.0","","1","N","N","","0","","1","0","0","","0","N","","3","1","0","0","0","0","0","2","0","3","","","","N","","","","","","","","","",""
"2019103391","","0","0","0","0","0","0","0","0","0","7","0","","02","10","2019","2","40.488809","-79.783887","1316","11","0","0","0","1","0","0","0","0","","0","0","0","","","0","","0","","40 29:19.711","","0","79 47:01.993","0","0","0","0","2113","0","0","0","N","0","0","0","1","02113","0","","2.0","","1","N","N","","1","","0","0","0","","0","","","1","0","0","0","0","0","0","2","0","1","","","","N","","","","","","","","","",""
"2019019528","","0","0","0","0","0","0","0","0","0","4","0","","02","2","2019","1","40.426369","-79.968028","1058","11","0","0","0","0","0","0","1","0","1","0","0","0","","","1","","2","","40 25:34.928","7","7","79 58:04.900","3","0","0","0","2301","0","0","0","N","0","0","0","3","02301","0","","1.0","","1","N","N","","1","","1","0","1","","0","N","","2","1","0","0","0","0","0","2","0","2","","","","N","","","","","","","","","",""
"2019105463","","1","0","0","0","0","0","0","0","0","5","0","","02","10","2019","6","40.518227","-80.00482","1842","11","0","0","0","0","0","0","0","0","","0","1","0","","","0","","0","","40 31:05.616","","0","80 00:17.352","0","0","0","0","2116","0","0","0","N","0","0","0","2","02116","0","","1.0","","1","N","N","","0","","0","0","0","","0","N","","2","0","0","0","0","0","0","2","0","2","","","","N","","","","","","","","","",""
"2019020303","","0","0","0","0","0","0","0","0","0","8","0","","02","2","2019","3","40.444402","-79.954813","0927","11","0","0","0","0","0","0","0","0","1","0","0","0","","","1","","1","","40 26:39.847","2","0","79 57:17.325","3","0","0","0","2301","1","0","0","N","1","0","0","3","02506","0","","1.0","","1","N","N","","0","","1","0","1","","2","N","","2","1","2","0","0","0","0","2","0","1","","","","N","","","","","","","","","",""