"CRN","ARRIVAL_TM","AUTOMOBILE_COUNT","BELTED_DEATH_COUNT","BELTED_SUSP_SERIOUS_INJ_COUNT","BICYCLE_COUNT","BICYCLE_DEATH_COUNT","BICYCLE_SUSP_SERIOUS_INJ_COUNT","BUS_COUNT","CHLDPAS_DEATH_COUNT","CHLDPAS_SUSP_SERIOUS_INJ_COUNT","COLLISION_TYPE","COMM_VEH_COUNT","CONS_ZONE_SPD_LIM","COUNTY","CRASH_MONTH","CRASH_YEAR","DAY_OF_WEEK","DEC_LATITUDE","DEC_LONGITUDE","DISPATCH_TM","DISTRICT","DRIVER_COUNT_16YR","DRIVER_COUNT_17YR","DRIVER_COUNT_18YR","DRIVER_COUNT_19YR","DRIVER_COUNT_20YR","DRIVER_COUNT_50_64YR","DRIVER_COUNT_65_74YR","DRIVER_COUNT_75PLUS","EST_HRS_CLOSED","FATAL_COUNT","HEAVY_TRUCK_COUNT","HORSE_BUGGY_COUNT","HOUR_OF_DAY","ILLUMINATION","INJURY_COUNT","INTERSECTION_RELATED","INTERSECT_TYPE","LANE_CLOSED","LATITUDE","LN_CLOSE_DIR","LOCATION_TYPE","LONGITUDE","MAX_SEVERITY_LEVEL","MCYCLE_DEATH_COUNT","MCYCLE_SUSP_SERIOUS_INJ_COUNT","MOTORCYCLE_COUNT","MUNICIPALITY","NONMOTR_COUNT","NONMOTR_DEATH_COUNT","NONMOTR_SUSP_SERIOUS_INJ_COUNT","NTFY_HIWY_MAINT","PED_COUNT","PED_DEATH_COUNT","PED_SUSP_SERIOUS_INJ_COUNT","PERSON_COUNT","POLICE_AGCY","POSSIBLE_INJ_COUNT","RDWY_SURF_TYPE_CD","RELATION_TO_ROAD","ROADWAY_CLEARED","ROAD_CONDITION","SCH_BUS_IND","SCH_ZONE_IND","SECONDARY_CRASH","SMALL_TRUCK_COUNT","SPEC_JURIS_CD","SUSP_MINOR_INJ_COUNT","SUSP_SERIOUS_INJ_COUNT","SUV_COUNT","TCD_FUNC_CD","TCD_TYPE","TFC_DETOUR_IND","TIME_OF_DAY","TOTAL_UNITS","TOT_INJ_COUNT","UNBELTED_OCC_COUNT","UNB_DEATH_COUNT","UNB_SUSP_SERIOUS_INJ_COUNT","UNK_INJ_DEG_COUNT","UNK_INJ_PER_COUNT","URBAN_RURAL","VAN_COUNT","VEHICLE_COUNT","WEATHER1","WEATHER2","WORKERS_PRES","WORK_ZONE_IND","WORK_ZONE_LOC","WORK_ZONE_TYPE","WZ_CLOSE_DETOUR","WZ_FLAGGER","WZ_LAW_OFFCR_IND","WZ_LN_CLOSURE","WZ_MOVING","WZ_OTHER","WZ_SHLDER_MDN","WZ_WORKERS_INJ_KILLED"
"2019013172","","1","0","0","0","0","0","0","0","0","1","0","","02","2","2019","1","","","2233","11","0","0","0","0","0","1","0","0","","0","0","0","","","1","","0","","","","1","","4","0","0","0","2301","0","0","0","N","0","0","0","3","02301","1","","1.0","","1","N","N","","0","","0","0","1","","0","","","2","1","0","0","0","0","0","1","0","2","","","","N","","","","","","","","","",""
"2019000419","","1","0","0","0","0","0","0","0","0","4","0","","02","1","2019","3","40.354974","-80.115927","1426","11","0","0","0","0","0","1","0","1","","0","0","0","","","2","","2","","40 21:17.906","","2","80 06:57.338","4","0","0","0","2119","0","0","0","N","0","0","0","3","02119","1","","1.0","","1","N","N","","0","","0","0","1","","2","","","2","2","0","0","0","1","0","2","0","2","","","","N","","","","","","","","","",""
"2019090054","","0","0","0","0","0","0","0","0","0","7","0","","02","9","2019","7","40.443675","-80.027823","1037","11","0","0","0","0","0","1","0","0","1","0","0","0","","","0","N","0","","40 26:37.230","3","0","80 01:40.164","0","0","0","0","2301","0","0","0","N","0","0","0","1","02301","0","","2.0","","1","N","N","","0","","0","0","1","","0","Y","","1","0","0","0","0","0","0","2","0","1","","","","N","","","","","","","","","",""
"2019028625","","2","0","0","0","0","0","0","0","0","6","0","","02","3","2019","3","40.392447","-80.103955","0718","11","0","1","0","0","0","0","1","0","","0","0","0","","","0","","2","","40 23:32.810","","0","80 06:14.239","0","0","0","0","2102","0","0","0","N","0","0","0","2","02102","0","","1.0","","1","N","N","","0","","0","0","0","","3","N","","2","0","0","0","0","0","0","2","0","2","","","","N","","","","","","","","","",""
"2019026042","","1","0","0","0","0","0","0","0","0","1","0","","02","3","2019","3","40.455401","-79.993168","1511","11","0","0","0","0","0","0","0","0","","0","0","0","","","0","","0","","40 27:19.445","","0","79 59:35.405","0","0","0","0","2301","0","0","0","N","0","0","0","2","02301","0","","1.0","","1","N","N","","0","","0","0","1","","0","","","2","0","0","0","0","0","0","2","0","2","","","","N","","","","","","","","","",""
"2019085402","","0","0","0","0","0","0","0","0","0","1","0","","02","8","2019","7","40.428596","-80.024513","1645","11","0","0","0","0","0","0","0","0","","0","0","0","","","0","","0","","40 25:42.947","","0","80 01:28.248","0","0","0","0","2301","0","0","0","N","0","0","0","2","02301","0","","1.0","","1","N","N","","1","","0","0","1","","0","N","","2","0","0","0","0","0","0","2","0","2","","","","N","","","","","","","","","",""
"2019006751","","1","0","0","0","0","0","0","0","0","99","0","","02","1","2019","5","40.587413","-79.998742","1801","11","0","0","0","0","0","1","0","0","","0","0","0","","","0","","0","","40 35:14.685","","0","79 59:55.471","0","0","0","0","2108","0","0","0","N","0","0","0","2","02501","0","","1.0","","1","N","N","","0","","0","0","0","","0","N","","1","0","0","0","0","0","0","1","0","1","","","","N","","","","","","","","","",""
"2019028132","","1","0","0","0","0","0","0","0","0","4","0","","02","3","2019","1","40.432533","-79.96178","2311","11","0","0","0","0","0","0","0","0","2","0","0","0","","","0","","0","","40 25:57.120","3","0","79 57:42.407","9","0","0","0","2301","0","0","0","N","0","0","0","2","02301","0","","1.0","","1","N","N","","0","","0","0","1","","0","N","","2","0","0","0","0","0","1","2","0","2","","","","N","","","","","","","","","",""
"2019006478","","2","0","0","0","0","0","0","0","0","1","0","","02","1","2019","5","40.37865","-79.992835","0616","11","0","0","0","0","0","1","0","0","1","0","0","0","","","0","","2","","40 22:43.139","1","0","79 59:34.207","0","0","0","0","2301","0","0","0","Y","0","0","0","2","02301","0","","1.0","","1","N","N","","0","","0","0","0","","2","N","","2","0","0","0","0","0","0","2","0","2","","","","N","","","","","","","","","",""
"2019029099","","0","0","0","0","0","0","0","0","0","4","0","","02","3","2019","4","40.451707","-79.981609","2125","11","0","0","0","0","0","0","0","0","2","0","0","0","","","1","","2","","40 27:06.145","7","0","79 58:53.791","2","0","1","1","2301","0","0","0","N","0","0","0","2","02301","0","","1.0","","1","N","N","","0","","0","1","1","","0","Y","","2","1","1","0","0","0","0","2","0","2","","","","N","","","","","","","","","",""
"2019019853","","1","0","0","0","0","0","0","0","0","7","0","","02","2","2019","2","40.458714","-80.023514","1057","11","0","0","0","0","0","0","0","0","1","0","0","0","","","0","","2","","40 27:31.372","3","0","80 01:24.651","0","0","0","0","2301","0","0","0","N","0","0","0","3","02301","0","","2.0","","2","N","N","","0","","0","0","0","","0","N","","1","0","0","0","0","0","0","2","0","1","","","","N","","","","","","","","","",""
"2019033604","","0","0","0","0","0","0","0","0","0","0","0","","02","1","2019","3","40.429743","-79.879281","2152","11","0","0","0","0","0","1","0","0","1","0","0","0","","","0","","0","","40 25:47.075","3","0","79 52:45.413","0","0","0","0","2426","0","0","0","N","0","0","0","3","68B03","0","","1.0","","1","N","N","","1","","0","0","1","","0","N","","2","0","0","0","0","0","0","2","0","2","","","","N","","","","","","","","","",""
"2019004429","","1","0","0","0","0","0","0","0","0","2","0","","02","1","2019","7","40.449839","-79.929647","1837","11","0","0","0","0","0","0","0","0","3","0","0","0","","","2","","1","","40 26:59.420","4","0","79 55:46.729","8","0","0","0","2301","0","0","0","N","0","0","0","4","02301","0","","1.0","","7","N","N","","0","","0","0","1","","2","N","","2","2","0","0","0","2","0","2","0","2","","","","N","","","","","","","","","",""
"2019103360","","1","0","0","0","0","0","0","0","0","1","0","","02","10","2019","6","40.440617","-80.155998","0802","11","0","0","0","0","1","1","0","0","1","0","0","0","","","0","","0","","40 26:26.220","4","0","80 09:21.592","0","0","0","0","2115","0","0","0","N","0","0","0","3","68B03","0","","1.0","","1","N","N","","0","","0","0","2","","0","N","","3","0","0","0","0","0","0","2","0","3","","","","N","","","","","","","","","",""
"2019031475","","1","0","0","0","0","0","0","0","0","1","0","","02","3","2019","5","40.617297","-80.095532","1607","11","0","0","0","0","0","0","0","0","1","0","0","0","","","1","","0","","40 37:02.270","1","0","80 05:43.915","2","0","1","1","2212","0","0","0","N","0","0","0","2","68B03","0","","1.0","","1","N","N","","0","","0","1","0","","0","N","","2","1","0","0","0","0","0","2","0","2","","","","N","","","","","","","","","",""
"2019109127","","1","0","2","0","0","0","0","0","0","2","0","","02","10","2019","7","40.65282","-80.054176","1951","11","0","0","0","0","1","1","0","0","2","0","0","0","","","6","","2","","40 39:10.152","6","0","80 03:15.032","2","0","0","0","2216","0","0","0","N","0","0","0","6","02505","0","","1.0","","9","N","N","","1","","4","2","0","","0","N","","2","6","1","0","0","0","0","2","0","2","","","","N","","","","","","","","","",""
"2019086649","","1","0","0","0","0","0","0","0","0","7","0","","02","8","2019","4","40.520757","-79.834453","0820","11","0","0","0","0","0","1","0","0","","0","0","0","","","0","","0","","40 31:14.725","","0","79 50:04.032","0","0","0","0","2451","0","0","0","N","0","0","0","1","02451","0","","5.0","","9","N","N","","0","","0","0","0","","0","N","","1","0","0","0","0","0","0","2","0","1","","","","N","","","","","","","","","",""
"2019007269","","1","0","0","0","0","0","0","0","0","7","0","","02","1","2019","1","40.479629","-80.043812","1107","11","0","0","0","0","0","1","0","0","","0","0","0","","","0","","0","","40 28:46.663","","0","80 02:37.722","0","0","0","0","2301","0","0","0","N","0","0","0","2","02301","0","","5.0","","6","N","N","","1","","0","0","0","","0","","","2","0","0","0","0","0","0","2","0","2","","","","N","","","","","","","","","",""
"2019008754","","1","0","0","0","0","0","0","0","0","4","0","","02","1","2019","7","40.435694","-79.771056","1920","11","0","0","0","0","0","0","0","0","","0","0","0","","","0","","0","","40 26:08.500","","7","79 46:15.800","0","0","0","0","2446","0","0","0","N","0","0","0","2","02446","0","","1.0","","9","N","N","","0","","0","0","1","","2","","","2","0","0","0","0","0","0","2","0","2","","","","N","","","","","","","","","",""
"2019003870","","1","0","0","0","0","0","0","0","0","4","0","","02","1","2019","4","40.450199","-80.140093","1811","11","0","0","0","0","0","1","1","0","","0","0","0","","","0","","2","","40 27:00.716","","0","80 08:24.333","0","0","0","0","2115","0","0","0","N","0","0","0","3","02115","0","","1.0","","9","N","N","","1","","0","0","1","","2","","","3","0","0","0","0","0","0","2","0","3","","","","N","","","","","","","","","",""
"2019022379","","1","0","0","0","0","0","0","0","0","1","0","","02","2","2019","6","40.425839","-79.899706","1806","11","0","0","0","0","0","0","0","0","","0","0","0","","","0","","0","","40 25:33.021","","0","79 53:58.940","0","0","0","0","2301","0","0","0","N","0","0","0","4","68B03","0","","1.0","","1","N","N","","1","","0","0","2","","0","","","4","0","0","0","0","0","0","2","0","4","","","","N","","","","","","","","","",""
"2019033748","","2","0","0","0","0","0","0","0","0","1","0","","02","1","2019","2","40.431796","-80.024785","0605","11","0","0","0","0","0","1","0","0","","0","0","0","","","0","","0","","40 25:54.464","","0","80 01:29.225","0","0","0","0","2301","0","0","0","N","0","0","0","3","68B03","0","","1.0","","9","N","N","","0","","0","0","1","","0","","","3","0","0","0","0","0","0","2","0","3","","","","N","","","","","","","","","",""
"2019016176","","1","0","0","0","0","0","0","0","0","7","0","","02","1","2019","2","40.493568","-79.945802","2108","11","0","0","0","0","0","0","0","0","","0","0","0","","","0","","0","","40 29:36.845","","0","79 56:44.886","0","0","0","0","2430","0","0","0","N","0","0","0","1","02430","0","","1.0","","2","N","N","","0","","0","0","0","","0","","","1","0","0","0","0","0","0","2","0","1","","","","N","","","","","","","","","",""
"2019006454","","1","0","0","0","0","0","0","0","0","4","0","","02","1","2019","4","40.397761","-79.821054","2139","11","0","0","0","0","0","0","0","0","2","0","0","0","","","0","","2","","40 23:51.938","7","0","79 49:15.793","0","0","0","0","2111","0","0","0","N","0","0","0","2","02111","0","","1.0","","1","N","N","","1","","0","0","0","","3","Y","","2","0","0","0","0","0","0","2","0","2","","","","N","","","","","","","","","",""
"2019019980","","0","0","0","0","0","0","0","0","0","1","0","","02","2","2019","1","40.447919","-80.166408","1454","11","0","0","0","0","0","0","0","0","","0","0","0","","","1","","0","","40 26:52.509","","0","80 09:59.067","4","0","0","0","2115","0","0","0","N","0","0","0","2","68B03","1","","1.0","","9","N","N","","2","","0","0","0","","0","","","2","1","0","0","0","0","0","2","0","2","","","","N","","","","","","","","","",""
"2019006036","","2","0","0","0","0","0","0","0","0","4","0","","02","1","2019","7","40.451372","-79.920252","2001","11","0","0","0","0","0","1","0","0","","0","0","0","","","0","","0","","40 27:04.938","","0","79 55:12.908","0","0","0","0","2301","0","0","0","N","0","0","0","2","02301","0","","6.0","","2","N","N","","0","","0","0","0","","0","","","2","0","0","0","0","0","0","2","0","2","","","","N","","","","","","","","","",""
"2019088144","","0","0","0","0","0","0","1","0","0","1","1","","02","8","2019","6","40.41725","-79.966278","1442","11","0","0","0","0","0","0","1","0","","0","0","0","","","1","","0","","40 25:02.100","","0","79 57:58.600","3","0","0","1","2301","0","0","0","N","0","0","0","3","02301","0","","1.0","","1","Y","N","","0","","1","0","0","","0","","","2","1","0","0","0","0","0","2","0","2","","","","N","","","","","","","","","",""
"2019022007","","2","0","0","0","0","0","0","0","0","4","0","","02","2","2019","5","40.327999","-80.040224","1240","11","0","0","0","0","0","2","0","0","","0","0","0","","","1","","0","","40 19:40.796","","7","80 02:24.807","4","0","0","0","2407","0","0","0","N","0","0","0","2","02407","1","","1.0","","1","N","N","","0","","0","0","0","","0","","","2","1","0","0","0","0","0","2","0","2","","","","N","","","","","","","","","",""
"2019026877","","0","0","0","0","0","0","0","0","0","4","0","","02","3","2019","5","40.465739","-79.966165","1155","11","0","0","0","0","0","2","0","0","2","0","0","0","","","0","","1","","40 27:56.660","1","0","79 57:58.193","0","0","0","0","2301","0","0","0","N","0","0","0","3","02301","0","","1.0","","1","N","N","","0","","0","0","0","","3","Y","","2","0","0","0","0","0","0","2","2","2","","","","N","","","","","","","","","",""
"2019003742","","2","0","0","0","0","0","0","0","0","4","0","","02","1","2019","5","40.486524","-79.837318","1134","11","0","0","0","0","0","0","0","1","","0","0","0","","","0","","1","","40 29:11.486","","0","79 50:14.344","0","0","0","0","2113","0","0","0","N","0","0","0","3","02113","0","","1.0","","9","N","N","","0","","0","0","0","","2","","","2","0","1","0","0","0","0","2","0","2","","","","N","","","","","","","","","",""
"2019104493","","1","0","0","0","0","0","0","0","0","1","1","","02","10","2019","4","40.391918","-79.996934","2029","11","0","0","0","0","1","0","0","0","","0","1","0","","","1","","0","","40 23:30.903","","7","79 59:48.962","3","0","0","0","2301","0","0","0","N","0","0","0","2","02301","0","","1.0","","9","N","N","","0","","1","0","0","","0","","","2","1","0","0","0","0","0","2","0","2","","","","N","","","","","","","","","",""
"2019010166","","2","0","1","0","0","0","0","0","0","1","0","","02","1","2019","6","40.332008","-79.933499","2210","11","0","0","0","0","0","0","0","0","1","0","0","0","","","3","","0","","40 19:55.229","5","0","79 56:00.596","2","0","0","0","2473","0","0","0","N","0","0","0","4","02473","0","","1.0","","1","N","N","","0","","2","1","1","","2","Y","","3","3","0","0","0","0","0","2","0","3","","","","N","","","","","","","","","",""
"2019005464","","0","0","0","0","0","0","0","0","0","7","0","","02","1","2019","1","40.329346","-79.937746","0800","11","0","0","0","0","0","0","0","0","2","0","0","0","","","0","","0","","40 19:45.645","3","0","79 56:15.886","0","0","0","0","2440","0","0","0","N","0","0","0","1","02440","0","","5.0","","9","N","N","","1","","0","0","0","","0","N","","1","0","0","0","0","0","0","2","0","1","","","","N","","","","","","","","","",""
"2019087973","","1","0","0","0","0","0","0","0","0","7","0","","02","9","2019","1","40.468337","-80.018141","1125","11","0","0","0","0","0","1","0","0","","0","0","0","","","0","","0","","40 28:06.013","","7","80 01:05.308","0","0","0","0","2301","0","0","0","N","0","0","0","2","02301","0","","4.0","","9","Y","N","","0","","0","0","0","","0","","","1","0","0","0","0","0","0","2","0","1","","","","N","","","","","","","","","",""
"2019026505","","2","0","0","0","0","0","0","0","0","1","0","","02","3","2019","4","40.471861","-79.787778","1348","11","0","0","2","0","0","0","0","0","2","0","0","0","","","0","","0","","40 28:18.700","2","0","79 47:16.000","0","0","0","0","2113","0","0","0","N","0","0","0","2","02113","0","","1.0","","1","N","N","","0","","0","0","0","","0","N","","2","0","0","0","0","0","0","2","0","2","","","","N","","","","","","","","","",""
"2019103903","","2","0","0","0","0","0","0","0","0","4","0","","02","10","2019","3","40.455463","-79.892272","1722","11","0","0","0","0","0","0","0","0","","0","0","0","","","0","","1","","40 27:19.668","","0","79 53:32.179","0","0","0","0","2301","0","0","0","N","0","0","0","2","02301","0","","1.0","","1","N","N","","0","","0","0","0","","3","","","2","0","0","0","0","0","0","2","0","2","","","","N","","","","","","","","","",""
"2019006255","","1","0","0","0","0","0","0","0","0","1","0","","02","1","2019","5","40.439118","-79.993768","0903","11","0","0","0","0","0","0","0","0","1","0","0","0","","","1","","0","","40 26:20.824","1","0","79 59:37.564","3","0","0","0","2301","0","0","0","N","0","0","0","2","02301","0","","1.0","","1","N","N","","0","","1","0","0","","0","Y","","2","1","0","0","0","0","0","2","1","2","","","","N","","","","","","","","","",""
"2019004295","","2","0","0","0","0","0","0","0","0","1","0","","02","1","2019","7","40.398181","-80.026721","0230","11","0","0","0","1","0","0","0","0","","0","0","0","","","0","","0","","40 23:53.452","","0","80 01:36.195","0","0","0","0","2301","0","0","0","N","0","0","0","2","02301","0","","1.0","","1","N","N","","0","","0","0","0","","2","","","2","0","0","0","0","0","0","2","0","2","","","","N","","","","","","","","","",""
"2019007089","","0","0","0","0","0","0","0","0","0","4","0","","02","1","2019","6","40.471815","-79.898492","0900","11","0","0","0","0","0","1","0","0","","0","0","0","","","0","","2","","40 28:18.533","","0","79 53:54.571","0","0","0","0","2301","0","0","0","N","0","0","0","1","02301","0","","1.0","","9","N","N","","0","","0","0","1","","3","","","2","0","0","0","0","0","0","2","1","2","","","","N","","","","","","","","","",""
"2019033602","","1","0","0","0","0","0","0","0","0","7","0","","02","1","2019","6","40.603812","-80.093794","2037","11","0","0","0","0","0","0","0","0","","0","0","0","","","1","","0","","40 36:13.724","","0","80 05:37.658","3","0","0","0","2481","0","0","0","Y","0","0","0","1","68B03","0","","4.0","","1","N","N","","0","","1","0","0","","0","","","1","1","0","0","0","0","0","2","0","1","","","","N","","","","","","","","","",""
"2019086184","","1","0","0","0","0","0","0","0","0","1","0","","02","8","2019","2","40.357244","-80.120969","0745","11","0","0","0","0","0","0","0","0","","0","0","0","","","0","","0","","40 21:26.078","","0","80 07:15.490","0","0","0","0","2119","0","0","0","N","0","0","0","2","02119","0","","1.0","","1","N","N","","0","","0","0","1","","0","N","","2","0","0","0","0","0","0","2","0","2","","","","N","","","","","","","","","",""
"2019004037","","2","0","0","0","0","0","0","0","0","1","0","","02","1","2019","6","40.427509","-80.000462","0745","11","0","0","0","0","0","0","0","0","2","0","0","0","","","3","","0","","40 25:39.034","7","4","80 00:01.662","3","0","0","0","2301","0","0","0","N","0","0","0","5","02301","1","","1.0","","1","N","N","","0","","2","0","3","","0","Y","","5","3","0","0","0","0","0","2","0","5","","","","N","","","","","","","","","",""
"2019102857","","1","0","0","0","0","0","0","0","0","1","0","","02","10","2019","5","40.461004","-79.999373","1815","11","0","0","0","0","0","0","0","0","","0","0","0","","","0","","0","","40 27:39.613","","0","79 59:57.742","0","0","0","0","2301","0","0","0","N","0","0","0","3","68B03","0","","1.0","","1","N","N","","0","","0","0","1","","0","","","2","0","1","0","0","0","0","2","0","2","","","","N","","","","","","","","","",""
"2019007537","","1","0","0","0","0","0","0","0","0","7","0","","02","1","2019","2","40.357315","-79.956917","1239","11","0","0","0","0","0","1","0","0","3","0","0","0","","","1","","0","","40 21:26.333","6","0","79 57:24.900","8","0","0","0","2403","0","0","0","N","0","0","0","1","02403","0","","2.0","","2","N","N","","0","","0","0","0","","0","Y","","1","1","0","0","0","1","0","2","0","1","","","","N","","","","","","","","","",""
"2019002452","","0","0","0","0","0","0","0","0","0","7","0","","02","1","2019","2","40.458944","-79.838","0809","11","0","0","0","0","1","0","0","0","","0","0","0","","","0","","0","","40 27:32.200","","0","79 50:16.800","0","0","0","0","2113","0","0","0","N","0","0","0","1","02113","0","","5.0","","1","N","N","","0","","0","0","1","","0","","","1","0","0","0","0","0","0","2","0","1","","","","N","","","","","","","","","",""
"2019087720","","1","0","0","0","0","0","0","0","0","7","0","","02","8","2019","3","40.315061","-79.819486","2320","11","0","0","0","0","0","0","0","0","2","0","0","0","","","0","","0","","40 18:54.221","6","0","79 49:10.149","9","0","0","0","2105","0","0","0","N","0","0","0","1","02105","0","","5.0","","9","N","N","","0","","0","0","0","","0","Y","","1","0","0","0","0","0","1","2","0","1","","","","N","","","","","","","","","",""
"2019089342","","2","0","0","0","0","0","0","0","0","2","0","","02","9","2019","5","40.514475","-79.952171","0749","11","0","0","0","0","0","1","0","0","2","0","0","0","","","2","","2","","40 30:52.111","2","0","79 57:07.814","3","0","0","0","2118","0","0","0","N","0","0","0","2","02118","0","","1.0","","1","N","N","","0","","1","0","0","","3","N","","2","2","0","0","0","1","0","2","0","2","","","","N","","","","","","","","","",""
"2019022681","","1","0","0","0","0","0","0","0","0","7","0","","02","2","2019","4","40.519413","-79.80884","1230","11","0","0","0","0","0","0","0","0","","0","0","0","","","0","","0","","40 31:09.885","","0","79 48:31.823","0","0","0","0","2466","0","0","0","N","0","0","0","1","02466","0","","5.0","","7","N","N","","0","","0","0","0","","0","","","1","0","0","0","0","0","0","2","0","1","","","","N","","","","","","","","","",""
"2019104848","","1","0","0","0","0","0","0","0","0","4","0","","02","10","2019","3","40.360333","-80.018639","2046","11","0","0","0","0","0","0","0","0","1","0","0","0","","","0","","0","","40 21:37.200","1","0","80 01:07.100","0","0","0","0","2416","0","0","0","N","0","0","0","1","02416","0","","1.0","","1","N","N","","0","","0","0","1","","0","N","","2","0","0","0","0","0","0","2","0","2","","","","N","","","","","","","","","",""
"2019085270","","2","0","0","0","0","0","0","0","0","4","0","","02","8","2019","7","40.480572","-79.800628","0752","11","0","0","0","0","0","1","0","0","2","0","0","0","","","0","","2","","40 28:50.058","6","0","79 48:02.259","0","0","0","0","2113","0","0","0","N","0","0","0","2","02113","0","","1.0","","1","N","N","","0","","0","0","0","","3","Y","","2","0","0","0","0","0","0","2","0","2","","","","N","","","","","","","","","",""
"2019027377","","0","0","0","0","0","0","0","0","0","4","0","","02","3","2019","6","40.319392","-79.8889","1353","11","0","0","0","0","0","0","0","1","","0","0","0","","","0","","2","","40 19:09.811","","0","79 53:20.040","0","0","0","0","2433","0","0","0","N","0","0","0","2","02433","0","","1.0","","1","N","N","","0","","0","0","2","","0","","","2","0","0","0","0","0","0","2","0","2","","","","N","","","","","","","","","",""
"2019019626","","1","0","0","0","0","0","0","0","0","7","0","","02","2","2019","1","40.644959","-79.944178","1743","11","0","0","0","1","0","0","0","0","1","0","0","0","","","0","","0","","40 38:41.854","4","0","79 56:39.041","0","0","0","0","2217","0","0","0","N","0","0","0","1","02505","0","","5.0","","9","N","N","","0","","0","0","0","","0","N","","1","0","0","0","0","0","0","2","0","1","","","","N","","","","","","","","","",""
"2019102828","","1","0","0","0","0","0","0","0","0","99","0","","02","9","2019","4","40.434439","-79.965325","0139","11","0","0","0","0","0","0","0","0","","0","0","0","","","0","","0","","40 26:03.980","","0","79 57:55.171","9","0","0","0","2301","0","0","0","N","0","0","0","1","68B03","0","","9.0","","1","N","N","","0","","0","0","0","","0","","","1","0","0","0","0","0","1","2","0","1","","","","N","","","","","","","","","",""
"2019012572","","2","0","0","0","0","0","0","0","0","1","0","","02","1","2019","6","40.371682","-80.088996","1052","11","0","0","0","0","0","2","0","0","","0","0","0","","","0","","0","","40 22:18.056","","0","80 05:20.387","0","0","0","0","2117","0","0","0","N","0","0","0","4","02117","0","","1.0","","1","N","N","","0","","0","0","2","","0","","","4","0","0","0","0","0","0","2","0","4","","","","N","","","","","","","","","",""
"2019084941","","0","0","0","0","0","0","1","0","0","1","1","","02","8","2019","6","40.437806","-79.931472","1041","11","0","0","0","0","0","0","0","0","","0","0","0","","","1","","0","","40 26:16.100","","0","79 55:53.300","4","0","0","0","2301","0","0","0","N","0","0","0","3","02503","1","","1.0","","1","N","N","","0","","0","0","1","","0","N","","2","1","0","0","0","0","0","2","0","2","","","","N","","","","","","","","","",""
"2019103106","","1","0","0","0","0","0","0","0","0","1","0","","02","10","2019","1","40.366998","-79.77825","1557","11","0","1","0","0","0","1","0","0","","0","0","0","","","0","","0","","40 22:01.192","","0","79 46:41.700","0","0","0","0","2111","0","0","0","N","0","0","0","4","02111","0","","1.0","","1","N","N","","0","","0","0","1","","0","","","2","0","0","0","0","0","0","2","0","2","","","","N","","","","","","","","","",""
"2019007606","","0","0","0","0","0","0","0","0","0","7","0","","02","1","2019","2","40.433433","-79.958279","1833","11","0","0","0","0","0","0","0","0","1","0","0","0","","","1","","0","","40 26:00.360","1","0","79 57:29.805","4","0","0","0","2301","0","0","0","N","0","0","0","1","02301","1","","5.0","","1","N","N","","0","","0","0","1","","0","Y","","1","1","0","0","0","0","0","2","0","1","","","","N","","","","","","","","","",""
"2019105135","","1","0","0","0","0","0","0","0","0","1","0","","02","10","2019","2","40.468216","-80.002061","0925","11","0","0","0","0","0","0","0","0","","0","0","0","","","0","","0","","40 28:05.577","","0","80 00:07.419","0","0","0","0","2301","0","0","0","N","0","0","0","2","68B03","0","","1.0","","9","N","N","","0","","0","0","1","","0","","","2","0","0","0","0","0","0","2","0","2","","","","N","","","","","","","","","",""
"2019086532","","1","0","0","0","0","0","0","0","0","6","0","","02","8","2019","3","40.32966","-80.067606","2000","11","0","0","0","0","0","0","0","0","","0","0","0","","","0","","0","","40 19:46.776","","0","80 04:03.383","0","0","0","0","2123","0","0","0","N","0","0","0","4","02123","0","","1.0","","1","N","N","","1","","0","0","0","","0","","","2","0","1","0","0","0","0","2","0","2","","","","N","","","","","","","","","",""
"2019087497","","0","0","0","0","0","0","0","0","0","7","1","","02","8","2019","2","40.585403","-80.099961","0323","11","0","0","0","0","0","1","0","0","3","0","1","0","","","0","","0","","40 35:07.451","2","0","80 05:59.861","0","0","0","0","2481","0","0","0","Y","0","0","0","1","68B03","0","","2.0","","9","N","N","","0","","0","0","0","","0","Y","","1","0","0","0","0","0","0","2","0","1","","","","N","","","","","","","","","",""
"2019007356","","1","0","0","0","0","0","0","0","0","7","0","","02","1","2019","1","40.445806","-79.972528","1633","11","0","0","0","0","0","0","0","0","","0","0","0","","","0","","0","","40 26:44.900","","0","79 58:21.100","0","0","0","0","2301","0","0","0","N","0","0","0","1","02301","0","","5.0","","7","N","N","","0","","0","0","0","","0","","","1","0","0","0","0","0","0","2","0","1","","","","N","","","","","","","","","",""
"2019004213","","2","0","0","0","0","0","0","0","0","1","0","","02","1","2019","6","40.414379","-80.009366","1952","11","0","0","0","0","1","0","0","0","1","0","0","0","","","1","","0","","40 24:51.763","4","4","80 00:33.717","4","0","0","0","2301","0","0","0","N","0","0","0","5","02301","1","","1.0","","1","Y","N","","0","","0","0","1","","0","N","","3","1","0","0","0","0","0","2","0","3","","","","N","","","","","","","","","",""
"2019102834","","0","0","0","0","0","0","0","0","0","1","0","","02","9","2019","6","40.430067","-79.880217","1320","11","0","0","0","0","0","1","0","0","1","0","0","0","","","0","","0","","40 25:48.241","4","0","79 52:48.780","0","0","0","0","2426","0","0","0","N","0","0","0","2","68B03","0","","1.0","","1","N","N","","1","","0","0","1","","0","N","","2","0","0","0","0","0","0","2","0","2","","","","N","","","","","","","","","",""