"CRN","ARRIVAL_TM","AUTOMOBILE_COUNT","BELTED_DEATH_COUNT","BELTED_SUSP_SERIOUS_INJ_COUNT","BICYCLE_COUNT","BICYCLE_DEATH_COUNT","BICYCLE_SUSP_SERIOUS_INJ_COUNT","BUS_COUNT","CHLDPAS_DEATH_COUNT","CHLDPAS_SUSP_SERIOUS_INJ_COUNT","COLLISION_TYPE","COMM_VEH_COUNT","CONS_ZONE_SPD_LIM","COUNTY","CRASH_MONTH","CRASH_YEAR","DAY_OF_WEEK","DEC_LATITUDE","DEC_LONGITUDE","DISPATCH_TM","DISTRICT","DRIVER_COUNT_16YR","DRIVER_COUNT_17YR","DRIVER_COUNT_18YR","DRIVER_COUNT_19YR","DRIVER_COUNT_20YR","DRIVER_COUNT_50_64YR","DRIVER_COUNT_65_74YR","DRIVER_COUNT_75PLUS","EST_HRS_CLOSED","FATAL_COUNT","HEAVY_TRUCK_COUNT","HORSE_BUGGY_COUNT","HOUR_OF_DAY","ILLUMINATION","INJURY_COUNT","INTERSECTION_RELATED","INTERSECT_TYPE","LANE_CLOSED","LATITUDE","LN_CLOSE_DIR","LOCATION_TYPE","LONGITUDE","MAX_SEVERITY_LEVEL","MCYCLE_DEATH_COUNT","MCYCLE_SUSP_SERIOUS_INJ_COUNT","MOTORCYCLE_COUNT","MUNICIPALITY","NONMOTR_COUNT","NONMOTR_DEATH_COUNT","NONMOTR_SUSP_SERIOUS_INJ_COUNT","NTFY_HIWY_MAINT","PED_COUNT","PED_DEATH_COUNT","PED_SUSP_SERIOUS_INJ_COUNT","PERSON_COUNT","POLICE_AGCY","POSSIBLE_INJ_COUNT","RDWY_SURF_TYPE_CD","RELATION_TO_ROAD","ROADWAY_CLEARED","ROAD_CONDITION","SCH_BUS_IND","SCH_ZONE_IND","SECONDARY_CRASH","SMALL_TRUCK_COUNT","SPEC_JURIS_CD","SUSP_MINOR_INJ_COUNT","SUSP_SERIOUS_INJ_COUNT","SUV_COUNT","TCD_FUNC_CD","TCD_TYPE","TFC_DETOUR_IND","TIME_OF_DAY","TOTAL_UNITS","TOT_INJ_COUNT","UNBELTED_OCC_COUNT","UNB_DEATH_COUNT","UNB_SUSP_SERIOUS_INJ_COUNT","UNK_INJ_DEG_COUNT","UNK_INJ_PER_COUNT","URBAN_RURAL","VAN_COUNT","VEHICLE_COUNT","WEATHER1","WEATHER2","WORKERS_PRES","WORK_ZONE_IND","WORK_ZONE_LOC","WORK_ZONE_TYPE","WZ_CLOSE_DETOUR","WZ_FLAGGER","WZ_LAW_OFFCR_IND","WZ_LN_CLOSURE","WZ_MOVING","WZ_OTHER","WZ_SHLDER_MDN","WZ_WORKERS_INJ_KILLED"
"2019081263","","0","0","0","0","0","0","0","0","0","4","0","","02","8","2019","2","40.480055","-79.97138","1106","11","0","0","0","0","0","1","0","0","1","0","0","0","","","0","","1","","40 28:48.197","5","0","79 58:16.967","0","0","0","0","2445","0","0","0","N","0","0","0","1","02445","0","","1.0","","1","N","N","","1","","0","0","1","","0","Y","","2","0","0","0","0","0","0","2","0","2","","","","N","","","","","","","","","",""
"2019004941","","1","0","0","0","0","0","0","0","0","7","0","","02","1","2019","4","40.456245","-80.029983","0211","11","0","0","0","0","0","0","0","0","1","0","0","0","","","0","","0","","40 27:22.482","2","0","80 01:47.939","0","0","0","0","2301","0","0","0","N","0","0","0","2","02301","0","","3.0","","1","N","N","","0","","0","0","0","","2","N","","1","0","0","0","0","0","0","2","0","1","","","","N","","","","","","","","","",""
"2019009048","","1","0","0","0","0","0","0","0","0","7","0","","02","1","2019","2","40.522274","-80.034945","1914","11","0","0","0","0","0","0","0","0","1","0","0","0","","","0","","0","","40 31:20.186","3","0","80 02:05.801","0","0","0","0","2474","0","0","0","N","0","0","0","1","02474","0","","2.0","","2","N","N","","0","","0","0","0","","0","N","","1","0","0","0","0","0","0","2","0","1","","","","N","","","","","","","","","",""
"2019094620","","0","0","0","0","0","0","1","0","0","7","1","","02","9","2019","3","40.491519","-80.297641","1532","11","0","0","0","0","0","1","0","0","","0","0","0","","","1","","0","","40 29:29.469","","0","80 17:51.508","8","0","0","0","2203","0","0","0","N","0","0","0","1","02203","0","","5.0","","1","Y","N","","0","","0","0","0","","0","","","1","1","0","0","0","1","0","2","0","1","","","","N","","","","","","","","","",""
"2019094779","","2","0","0","0","0","0","0","0","0","4","0","","02","9","2019","6","40.451508","-80.018919","0646","11","0","0","0","0","0","0","0","0","","0","0","0","","","0","","1","","40 27:05.428","","0","80 01:08.107","0","0","0","0","2301","0","0","0","N","0","0","0","3","02301","0","","1.0","","1","N","N","N","0","","0","0","0","","2","","","2","0","0","0","0","0","0","2","0","2","","","","N","","","","","","","","","",""
"2019097336","","2","0","0","0","0","0","0","0","0","4","0","","02","9","2019","7","40.449641","-80.002446","0137","11","0","0","0","0","0","1","0","0","2","0","0","0","","","2","","1","","40 26:58.706","7","0","80 00:08.807","8","0","0","0","2301","0","0","0","N","0","0","0","2","02301","0","","1.0","","1","N","N","","0","","0","0","0","","1","Y","","2","2","0","0","0","2","0","2","0","2","","","","N","","","","","","","","","",""
"2019005993","","1","0","0","0","0","0","0","0","0","7","0","","02","1","2019","4","40.458843","-79.943751","1344","11","0","0","0","0","0","0","0","1","","0","0","0","","","1","","1","","40 27:31.834","","0","79 56:37.503","3","0","0","0","2301","0","0","0","N","0","0","0","2","02301","0","","5.0","","9","N","N","","0","","1","0","0","","2","","","1","1","0","0","0","0","0","2","0","1","","","","N","","","","","","","","","",""
"2019005295","","1","0","0","0","0","0","0","0","0","4","0","","02","1","2019","2","40.448964","-80.162739","1700","11","0","0","0","0","0","1","0","0","","0","0","0","","","0","","2","","40 26:56.270","","7","80 09:45.860","0","0","0","0","2115","0","0","0","N","0","0","0","3","02115","0","","1.0","","1","N","N","","0","","0","0","1","","0","","","2","0","0","0","0","0","0","2","0","2","","","","N","","","","","","","","","",""
"2019084887","","1","0","0","0","0","0","0","0","0","4","1","","02","8","2019","5","40.439394","-79.996812","1956","11","0","0","0","0","0","2","0","0","1","0","1","0","","","0","","1","","40 26:21.819","4","0","79 59:48.522","0","0","0","0","2301","0","0","0","N","0","0","0","3","02301","0","","1.0","","1","N","N","","0","","0","0","0","","2","Y","","2","0","0","0","0","0","0","2","0","2","","","","N","","","","","","","","","",""
"2019086379","","1","0","0","0","0","0","0","0","0","7","0","","02","8","2019","2","40.494046","-79.860645","1550","11","0","0","0","1","0","0","0","0","","0","0","0","","","0","","0","","40 29:38.566","","0","79 51:38.322","0","0","0","0","2408","0","0","0","N","0","0","0","1","02408","0","","4.0","","1","N","N","","0","","0","0","0","","0","N","","1","0","0","0","0","0","0","2","0","1","","","","N","","","","","","","","","",""
"2019012091","","2","0","0","0","0","0","0","0","0","1","0","","02","1","2019","4","40.391229","-79.810819","1332","11","0","0","0","0","0","0","0","0","","0","0","0","","","0","","1","","40 23:28.424","","0","79 48:38.948","0","0","0","0","2479","0","0","0","N","0","0","0","2","02501","0","","1.0","","1","N","N","","0","","0","0","0","","0","","","2","0","0","0","0","0","0","2","0","2","","","","N","","","","","","","","","",""
"2019015182","","1","0","0","0","0","0","0","0","0","2","0","","02","2","2019","6","40.46588","-79.922822","0901","11","0","0","0","0","0","0","0","0","","0","0","0","","","1","","1","","40 27:57.168","","0","79 55:22.159","3","0","0","0","2301","0","0","0","N","0","0","0","6","02301","0","","1.0","","1","N","N","","0","","1","0","1","","2","","","2","1","0","0","0","0","0","2","0","2","","","","N","","","","","","","","","",""
"2019015541","","1","0","0","0","0","0","0","0","0","4","0","","02","2","2019","6","40.399444","-79.820972","0718","11","0","0","0","0","1","1","0","0","2","0","0","0","","","1","","0","","40 23:58.000","5","0","79 49:15.500","8","0","0","0","2111","0","0","0","N","0","0","0","2","02111","0","","1.0","","7","N","N","","0","","0","0","1","","0","Y","","2","1","0","0","0","1","0","2","0","2","","","","N","","","","","","","","","",""
"2019084984","","0","0","0","0","0","0","0","0","0","3","1","","02","8","2019","5","40.403492","-79.831789","1041","11","0","0","0","0","0","1","0","1","","0","1","0","","","0","","0","","40 24:12.570","","7","79 49:54.440","0","0","0","0","2467","0","0","0","N","0","0","0","4","02467","0","","1.0","","1","N","N","","0","","0","0","2","","3","","","3","0","0","0","0","0","0","2","0","3","","","","N","","","","","","","","","",""
"2019088917","","0","0","0","0","0","0","1","0","0","6","2","","02","9","2019","4","40.511936","-80.131284","0846","11","0","0","0","0","0","0","1","0","1","0","1","0","","","2","","1","","40 30:42.971","4","0","80 07:52.622","3","0","0","0","2110","0","0","0","N","0","0","0","5","02503","1","","1.0","","1","N","N","","0","","1","0","0","","0","N","","2","2","0","0","0","0","0","2","0","2","","","","N","","","","","","","","","",""
"2019013103","","0","0","0","0","0","0","0","0","0","7","0","","02","2","2019","1","40.420848","-79.99175","1708","11","0","0","0","0","0","0","0","0","","0","0","0","","","0","","2","","40 25:15.052","","0","79 59:30.300","0","0","0","0","2301","0","0","0","N","0","0","0","2","02301","0","","2.0","","9","N","N","","0","","0","0","1","","0","","","1","0","0","0","0","0","0","2","0","1","","","","N","","","","","","","","","",""
"2019086599","","0","0","0","0","0","0","0","0","0","7","1","","02","8","2019","2","40.373802","-79.844968","1344","11","0","0","0","0","0","1","0","0","","0","1","0","","","0","","0","","40 22:25.687","","7","79 50:41.883","0","0","0","0","2303","0","0","0","Y","0","0","0","1","02303","0","","5.0","","1","N","N","","0","","0","0","0","","0","N","","1","0","1","0","0","0","0","2","0","1","","","","N","","","","","","","","","",""
"2019013693","","1","0","0","0","0","0","0","0","0","7","0","","02","2","2019","6","40.439494","-80.00942","0528","11","0","0","0","0","0","0","0","0","1","0","0","0","","","0","","0","","40 26:22.179","1","0","80 00:33.913","0","0","0","0","2301","0","0","0","N","0","0","0","1","02301","0","","1.0","","2","N","N","","0","","0","0","0","","0","N","","1","0","0","0","0","0","0","2","0","1","","","","N","","","","","","","","","",""
"2019012090","","0","0","0","0","0","0","0","0","0","7","0","","02","2","2019","6","40.486035","-79.913706","0912","11","0","0","0","0","0","0","0","1","1","0","0","0","","","0","","0","","40 29:09.725","1","0","79 54:49.342","0","0","0","0","2301","0","0","0","N","0","0","0","1","02301","0","","2.0","","2","N","N","","0","","0","0","1","","0","N","","1","0","0","0","0","0","0","2","0","1","","","","N","","","","","","","","","",""
"2019005505","","1","0","0","0","0","0","0","0","0","7","0","","02","1","2019","3","40.429444","-79.937722","0830","11","0","0","0","0","0","0","0","0","","0","0","0","","","1","","0","","40 25:46.000","","0","79 56:15.800","8","0","0","0","2301","0","0","0","N","0","0","0","1","02301","0","","4.0","","1","N","N","","0","","0","0","0","","0","","","1","1","0","0","0","1","0","2","0","1","","","","N","","","","","","","","","",""
"2019022916","","1","0","0","0","0","0","0","0","0","7","0","","02","2","2019","5","40.439161","-80.008507","0018","11","0","0","0","0","0","0","0","0","1","0","0","0","","","0","","0","","40 26:20.980","3","0","80 00:30.624","0","0","0","0","2301","0","0","0","N","0","0","0","3","68B03","0","","4.0","","9","N","N","","0","","0","0","0","","0","N","","1","0","0","0","0","0","0","2","0","1","","","","N","","","","","","","","","",""
"2019096434","","1","0","0","0","0","0","0","0","0","1","0","","02","9","2019","3","40.500026","-80.222035","0608","11","0","0","0","0","0","1","0","0","","0","0","0","","","0","","1","","40 30:00.094","","0","80 13:19.327","0","0","0","0","2213","0","0","0","N","0","0","0","2","02213","0","","1.0","","1","N","N","","0","","0","0","1","","4","","","2","0","0","0","0","0","0","2","0","2","","","","N","","","","","","","","","",""
"2019017446","","1","0","0","0","0","0","0","0","0","8","0","","02","2","2019","6","40.436751","-79.955332","1226","11","0","0","0","0","0","0","0","0","1","0","0","0","","","1","","0","","40 26:12.305","4","0","79 57:19.196","4","0","0","0","2301","1","0","0","N","1","0","0","2","02506","1","","1.0","","1","N","N","","0","","0","0","0","","0","N","","2","1","0","0","0","0","0","2","0","1","","","","N","","","","","","","","","",""
"2019097472","","0","0","0","0","0","0","0","0","0","1","0","","02","9","2019","4","40.427776","-79.925233","1916","11","0","0","0","0","0","0","0","0","","0","0","0","","","1","","0","","40 25:39.992","","4","79 55:30.839","4","0","0","0","2301","0","0","0","N","0","0","0","3","68B03","1","","1.0","","1","N","N","","1","","0","0","1","","0","","","2","1","0","0","0","0","0","2","0","2","","","","N","","","","","","","","","",""
"2019012910","","1","0","0","0","0","0","0","0","0","7","0","","02","2","2019","7","40.443417","-80.081528","2155","11","0","0","0","0","0","1","0","0","","0","0","0","","","0","","0","","40 26:36.300","","0","80 04:53.500","0","0","0","0","2301","0","0","0","N","0","0","0","1","02301","0","","1.0","","1","N","N","","0","","0","0","0","","0","","","1","0","0","0","0","0","0","2","0","1","","","","N","","","","","","","","","",""
"2019001719","","1","0","0","0","0","0","0","0","0","4","0","","02","1","2019","6","40.426412","-80.057785","1516","11","0","0","0","0","0","1","1","0","1","0","0","0","","","0","","1","","40 25:35.083","2","0","80 03:28.026","0","0","0","0","2435","0","0","0","N","0","0","0","4","02435","0","","1.0","","1","N","N","","0","","0","0","1","","2","N","","2","0","1","0","0","0","0","2","0","2","","","","N","","","","","","","","","",""
"2019004767","","0","0","0","0","0","0","0","0","0","7","0","","02","1","2019","7","40.538732","-80.053304","2003","11","0","0","0","0","0","0","0","0","","0","0","0","","","0","","0","","40 32:19.435","","0","80 03:11.893","0","0","0","0","2116","0","0","0","N","0","0","0","1","02116","0","","4.0","","7","N","N","","0","","0","0","1","","0","","","1","0","0","0","0","0","0","2","0","1","","","","N","","","","","","","","","",""
"2019015342","","0","0","0","0","0","0","0","0","0","7","0","","02","2","2019","6","40.62734","-80.045281","1632","11","0","0","0","0","0","0","0","0","","0","0","0","","","0","","0","","40 37:38.423","","0","80 02:43.010","0","0","0","0","2216","0","0","0","Y","0","0","0","1","02505","0","","5.0","","2","N","N","","1","","0","0","0","","0","","","1","0","0","0","0","0","0","1","0","1","","","","N","","","","","","","","","",""
"2019013730","","1","0","0","0","0","0","0","0","0","7","0","","02","2","2019","6","40.384409","-79.978537","0923","11","0","0","0","0","0","0","0","0","","0","0","0","","","0","","2","","40 23:03.872","","0","79 58:42.733","0","0","0","0","2301","0","0","0","N","0","0","0","1","02301","0","","2.0","","7","N","N","","0","","0","0","0","","0","","","1","0","0","0","0","0","0","2","0","1","","","","N","","","","","","","","","",""
"2019012590","","2","0","0","0","0","0","0","0","0","4","0","","02","2","2019","7","40.384484","-79.984355","1031","11","0","0","1","0","0","0","1","0","2","0","0","0","","","1","","2","","40 23:04.144","4","0","79 59:03.678","8","0","0","0","2301","0","0","0","N","0","0","0","2","02301","0","","1.0","","6","N","N","","0","","0","0","0","","3","N","","2","1","0","0","0","1","0","2","0","2","","","","N","","","","","","","","","",""
"2019087916","","0","0","0","0","0","0","0","0","0","4","1","","02","9","2019","1","40.440626","-79.99319","0018","11","0","0","0","1","0","0","0","0","","0","1","0","","","0","","6","","40 26:26.255","","2","79 59:35.485","0","0","0","0","2301","0","0","0","N","0","0","0","3","02301","0","","1.0","","1","N","N","","0","","0","0","1","","0","N","","2","0","0","0","0","0","0","2","0","2","","","","N","","","","","","","","","",""
"2019030283","","1","0","0","0","0","0","0","0","0","7","0","","02","2","2019","1","40.521794","-80.06595","0012","11","0","0","0","1","0","0","0","0","","0","0","0","","","0","","0","","40 31:18.460","","0","80 03:57.419","0","0","0","0","2215","0","0","0","N","0","0","0","1","68B03","0","","2.0","","2","N","N","","0","","0","0","0","","0","","","1","0","0","0","0","0","0","2","0","1","","","","N","","","","","","","","","",""
"2019016012","","2","0","0","0","0","0","0","0","0","4","0","","02","2","2019","7","40.439652","-80.016819","0316","11","0","0","0","0","0","0","0","0","1","0","0","0","","","0","","6","","40 26:22.747","4","2","80 01:00.547","0","0","0","0","2301","0","0","0","N","0","0","0","3","02301","0","","1.0","","9","N","N","","0","","0","0","0","","4","N","","2","0","0","0","0","0","0","2","0","2","","","","N","","","","","","","","","",""
"2019004324","","1","0","0","0","0","0","0","0","0","4","0","","02","1","2019","7","40.438722","-79.988722","0513","11","0","0","0","1","0","0","0","0","1","0","0","0","","","0","","0","","40 26:19.400","4","0","79 59:19.400","0","0","0","0","2301","0","0","0","N","0","0","0","1","02301","0","","4.0","","1","N","N","","1","","0","0","0","","0","N","","2","0","0","0","0","0","0","2","0","2","","","","N","","","","","","","","","",""
"2019038864","","1","0","0","0","0","0","0","0","0","4","0","","02","2","2019","4","40.515226","-80.160012","1921","11","0","0","0","0","0","0","0","0","1","0","0","0","","","0","","0","","40 30:54.812","7","0","80 09:36.043","0","0","0","0","2420","0","0","0","N","0","0","0","2","02420","0","","6.0","","1","N","N","","1","","0","0","0","","0","Y","","2","0","0","0","0","0","0","2","0","2","","","","N","","","","","","","","","",""
"2019097453","","1","0","0","0","0","0","0","0","0","5","0","","02","9","2019","7","40.526527","-80.159081","2232","11","0","0","0","0","0","0","0","1","2","0","0","0","","","1","","1","","40 31:35.498","1","0","80 09:32.693","8","0","0","0","2436","0","0","0","N","0","0","0","3","68B03","0","","1.0","","1","N","N","","0","","0","0","1","","0","N","","2","1","1","0","0","1","0","2","0","2","","","","N","","","","","","","","","",""
"2019089247","","1","0","0","0","0","0","1","0","0","4","1","","02","9","2019","4","40.524003","-79.834881","0645","11","0","0","2","0","0","0","0","0","1","0","0","0","","","1","","2","","40 31:26.412","4","0","79 50:05.571","3","0","0","1","2451","0","0","0","N","0","0","0","4","02451","0","","1.0","","1","Y","N","","0","","1","0","0","","3","Y","","3","1","0","0","0","0","0","2","0","3","","","","N","","","","","","","","","",""
"2019002079","","0","0","0","0","0","0","0","0","0","4","0","","02","1","2019","7","40.634254","-80.058191","1825","11","1","0","0","0","0","0","0","0","1","0","0","0","","","0","","1","","40 38:03.314","3","0","80 03:29.488","0","0","0","0","2216","0","0","0","N","0","0","0","8","02505","0","","1.0","","1","N","N","","0","","0","0","2","","2","Y","","2","0","0","0","0","0","0","2","0","2","","","","N","","","","","","","","","",""
"2019019289","","1","0","0","0","0","0","0","0","0","4","0","","02","2","2019","6","40.327841","-80.032446","1612","11","0","0","0","0","0","0","0","0","","0","0","0","","","0","","0","","40 19:40.227","","7","80 01:56.805","0","0","0","0","2407","0","0","0","N","0","0","0","3","02407","0","","1.0","","1","N","N","","0","","0","0","1","","0","","","2","0","0","0","0","0","0","2","0","2","","","","N","","","","","","","","","",""
"2019087584","","2","0","0","0","0","0","0","0","0","4","0","","02","8","2019","6","40.500803","-80.069745","1403","11","0","0","0","0","0","1","1","0","1","0","0","0","","","0","","1","","40 30:02.890","1","0","80 04:11.081","0","0","0","0","2402","0","0","0","N","0","0","0","2","02402","0","","1.0","","1","N","N","","0","","0","0","0","","0","N","","2","0","0","0","0","0","0","2","0","2","","","","N","","","","","","","","","",""
"2019097361","","1","0","0","0","0","0","0","0","0","7","0","","02","9","2019","7","40.453443","-79.885491","0537","11","0","0","0","0","0","0","0","0","","0","0","0","","","0","","2","","40 27:12.395","","0","79 53:07.769","0","0","0","0","2301","0","0","0","N","0","0","0","1","02301","0","","5.0","","1","N","N","","0","","0","0","0","","0","","","1","0","0","0","0","0","0","2","0","1","","","","N","","","","","","","","","",""
"2019015190","","0","0","0","0","0","0","0","0","0","7","0","","02","2","2019","6","40.391871","-79.834991","1001","11","0","0","0","0","0","0","0","0","2","0","0","0","","","0","","0","","40 23:30.735","6","3","79 50:05.967","0","0","0","0","2111","0","0","0","N","0","0","0","1","02111","0","","4.0","","7","N","N","","0","","0","0","1","","0","N","","1","0","0","0","0","0","0","2","0","1","","","","N","","","","","","","","","",""
"2019099774","","1","0","0","0","0","0","0","0","0","5","0","","02","10","2019","3","40.35375","-79.967306","0900","11","0","0","0","0","0","0","0","0","1","0","0","0","","","0","N","0","","40 21:13.500","5","7","79 58:02.300","0","0","0","0","2403","0","0","0","N","0","0","0","2","02403","0","","1.0","","1","N","N","","0","","0","0","1","","0","N","","2","0","0","0","0","0","0","2","0","2","","","","N","","","","","","","","","",""
"2019092535","","3","0","0","0","0","0","0","0","0","1","0","","02","9","2019","7","40.380929","-79.814615","0044","11","0","0","0","0","0","1","0","0","2","0","0","0","","","1","N","0","","40 22:51.344","6","0","79 48:52.613","3","0","0","0","2424","0","0","0","N","0","0","0","5","02424","0","","1.0","","1","N","N","","0","","1","0","3","","3","Y","","6","1","3","0","0","0","1","2","0","6","","","","N","","","","","","","","","",""
"2019013521","","2","0","0","0","0","0","0","0","0","1","0","","02","2","2019","2","40.448254","-80.004238","1624","11","0","0","0","0","0","1","0","0","","0","0","0","","","1","","1","","40 26:53.714","","0","80 00:15.257","3","0","0","0","2301","0","0","0","N","0","0","0","2","02301","0","","1.0","","1","N","N","","0","","1","0","0","","0","","","2","1","0","0","0","0","0","2","0","2","","","","N","","","","","","","","","",""
"2019016127","","0","0","0","0","0","0","0","0","0","1","0","","02","2","2019","1","40.624639","-80.054167","1143","11","0","0","0","0","0","0","0","0","","0","0","0","","","2","","0","","40 37:28.700","","0","80 03:15.000","3","0","0","0","2216","0","0","0","N","0","0","0","3","02505","0","","1.0","","1","N","N","","0","","2","0","2","","3","","","2","2","0","0","0","0","0","2","0","2","","","","N","","","","","","","","","",""
"2019097879","","0","0","0","0","0","0","0","0","0","1","0","","02","9","2019","6","40.631456","-79.866475","1426","11","0","0","0","1","0","0","0","0","1","0","0","0","","","0","","2","","40 37:53.241","4","0","79 51:59.310","0","0","0","0","2220","0","0","0","N","0","0","0","2","02220","0","","1.0","","1","N","N","","1","","0","0","1","","0","N","","2","0","0","0","0","0","0","2","0","2","","","","N","","","","","","","","","",""
"2019095792","","0","0","0","0","0","0","1","0","0","7","1","","02","9","2019","6","40.494907","-80.038488","1339","11","0","0","0","0","0","0","1","0","2","0","0","0","","","0","","3","","40 29:41.664","1","0","80 02:18.555","0","0","0","0","2116","0","0","0","N","0","0","0","1","02116","0","","5.0","","1","Y","Y","","0","","0","0","0","","0","Y","","1","0","0","0","0","0","0","2","0","1","","","","N","","","","","","","","","",""
"2019030166","","0","0","0","0","0","0","0","0","0","7","0","","02","2","2019","7","40.500735","-80.122056","0825","11","0","0","0","0","0","1","0","0","","0","0","0","","","1","","0","","40 30:02.646","","0","80 07:19.403","3","0","0","0","2115","0","0","0","N","0","0","0","1","68B03","0","","4.0","","1","N","N","","0","","1","0","1","","0","","","1","1","0","0","0","0","0","2","0","1","","","","N","","","","","","","","","",""
"2019086388","","1","0","0","0","0","0","0","0","0","7","0","","02","8","2019","3","40.614267","-79.956056","1145","11","0","0","0","0","0","0","0","0","1","0","0","0","","","0","","0","","40 36:51.362","5","0","79 57:21.803","0","0","0","0","2207","0","0","0","N","0","0","0","2","02207","0","","5.0","","9","N","N","","0","","0","0","0","","0","N","","1","0","0","0","0","0","0","2","0","1","","","","N","","","","","","","","","",""
"2019019900","","1","0","0","0","0","0","0","0","0","7","0","","02","2","2019","6","40.652383","-80.050319","1240","11","0","0","0","0","0","0","0","0","","0","0","0","","","2","","0","","40 39:08.579","","0","80 03:01.147","8","0","0","0","2216","0","0","0","N","0","0","0","2","68T02","0","","3.0","","9","N","N","","0","","0","0","0","","0","","","1","2","0","0","0","2","0","2","0","1","","","","N","","","","","","","","","",""
"2019085144","","2","0","0","0","0","0","0","0","0","6","0","","02","8","2019","6","40.446211","-79.918353","1802","11","0","0","0","1","0","1","0","0","","0","0","0","","","0","","1","","40 26:46.359","","0","79 55:06.070","0","0","0","0","2301","0","0","0","N","0","0","0","3","02301","0","","1.0","","1","N","N","","0","","0","0","0","","3","N","","2","0","0","0","0","0","0","2","0","2","","","","N","","","","","","","","","",""
"2019094048","","1","0","0","0","0","0","0","0","0","1","0","","02","9","2019","2","40.439997","-80.084005","1409","11","0","0","0","0","0","0","1","0","","0","0","0","","","0","","2","","40 26:23.988","","0","80 05:02.418","0","0","0","0","2115","0","0","0","N","0","0","0","3","02115","0","","1.0","","1","N","N","","0","","0","0","1","","3","N","","2","0","0","0","0","0","0","2","0","2","","","","N","","","","","","","","","",""
"2019085524","","1","0","0","0","0","0","0","0","0","7","0","","02","8","2019","1","40.416906","-80.014416","0006","11","0","0","0","0","0","0","1","0","","0","0","0","","","0","","1","","40 25:00.863","","0","80 00:51.898","0","0","0","0","2301","0","0","0","N","0","0","0","1","02301","0","","4.0","","1","N","N","","0","","0","0","0","","2","","","1","0","0","0","0","0","0","2","0","1","","","","N","","","","","","","","","",""
"2019033284","","1","0","0","0","0","0","0","0","0","1","0","","02","2","2019","7","40.416227","-80.05871","1204","11","0","0","0","0","1","0","0","0","","0","0","0","","","0","","0","","40 24:58.417","","0","80 03:31.357","0","0","0","0","2435","0","0","0","N","0","0","0","5","68B03","0","","1.0","","1","N","N","","0","","0","0","2","","0","","","3","0","0","0","0","0","0","2","0","3","","","","N","","","","","","","","","",""
"2019087140","","1","0","0","0","0","0","0","0","0","7","0","","02","8","2019","7","40.540479","-80.122538","1027","11","0","0","0","0","0","0","0","0","1","0","0","0","","","0","","0","","40 32:25.723","2","0","80 07:21.136","0","0","0","0","2125","0","0","0","Y","0","0","0","1","68B03","0","","2.0","","1","N","N","","0","","0","0","0","","0","Y","","1","0","0","0","0","0","0","1","0","1","","","","N","","","","","","","","","",""
"2019089849","","2","0","0","0","0","0","0","0","0","4","0","","02","9","2019","6","40.517089","-79.726591","1559","11","0","0","0","0","0","0","2","0","","0","0","0","","","0","","1","","40 31:01.521","","0","79 43:35.729","0","0","0","0","2466","0","0","0","N","0","0","0","3","02466","0","","1.0","","1","N","N","","0","","0","0","0","","3","","","2","0","0","0","0","0","0","1","0","2","","","","N","","","","","","","","","",""
"2019016049","","1","0","0","0","0","0","0","0","0","1","0","55","02","2","2019","6","40.605483","-79.93932","1530","11","0","0","0","0","0","2","0","0","1","0","0","0","","","2","","0","","40 36:19.737","3","0","79 56:21.551","4","0","0","0","2207","0","0","0","N","0","0","0","3","68T02","2","","1.0","","1","N","N","","1","","0","0","1","","0","N","","3","2","0","0","0","0","0","2","0","3","","","N","Y","4","1","N","N","N","N","N","N","Y",""
"2019003473","","1","0","0","0","0","0","0","0","0","6","0","","02","1","2019","2","40.457505","-79.917383","1610","11","0","0","0","0","1","0","0","0","","0","0","0","","","0","","1","","40 27:27.018","","0","79 55:02.578","0","0","0","0","2301","0","0","0","N","0","0","0","3","02301","0","","1.0","","9","N","N","","0","","0","0","0","","2","","","2","0","0","0","0","0","0","2","1","2","","","","N","","","","","","","","","",""
"2019005056","","0","0","0","0","0","0","0","0","0","6","0","","02","1","2019","2","40.386599","-80.010031","1144","11","0","0","0","0","0","0","0","0","","0","0","0","","","0","","0","","40 23:11.756","","0","80 00:36.113","0","0","0","0","2301","0","0","0","N","0","0","0","1","02301","0","","4.0","","1","N","N","","0","","0","0","1","","0","","","2","0","0","0","0","0","0","2","1","2","","","","N","","","","","","","","","",""
"2019089335","","1","0","0","0","0","0","0","0","0","8","0","","02","9","2019","5","40.438025","-79.992886","0833","11","0","0","0","0","0","0","0","0","","0","0","0","","","1","","0","","40 26:16.889","","0","79 59:34.388","3","0","0","0","2301","1","0","0","N","1","0","0","2","02301","0","","1.0","","1","N","N","","0","","1","0","0","","0","N","","2","1","1","0","0","0","1","2","0","1","","","","N","","","","","","","","","",""
"2019015631","","1","0","0","0","0","0","0","0","0","1","0","","02","2","2019","7","40.35153","-79.977194","1454","11","0","0","0","0","0","1","0","0","1","0","0","0","","","0","","3","","40 21:05.507","1","0","79 58:37.897","0","0","0","0","2476","0","0","0","N","0","0","0","3","02476","0","","1.0","","1","N","N","","0","","0","0","0","","2","N","","2","0","0","0","0","0","0","2","1","2","","","","N","","","","","","","","","",""
"2019013720","","1","0","0","0","0","0","0","0","0","4","0","","02","2","2019","3","40.453378","-79.979171","0539","11","0","0","0","0","0","0","1","0","","0","0","0","","","1","","2","","40 27:12.160","","0","79 58:45.017","3","0","0","0","2301","0","0","0","N","0","0","0","2","02301","0","","1.0","","1","N","N","","0","","1","0","1","","2","","","2","1","0","0","0","0","0","2","0","2","","","","N","","","","","","","","","",""