"CRN","ARRIVAL_TM","AUTOMOBILE_COUNT","BELTED_DEATH_COUNT","BELTED_SUSP_SERIOUS_INJ_COUNT","BICYCLE_COUNT","BICYCLE_DEATH_COUNT","BICYCLE_SUSP_SERIOUS_INJ_COUNT","BUS_COUNT","CHLDPAS_DEATH_COUNT","CHLDPAS_SUSP_SERIOUS_INJ_COUNT","COLLISION_TYPE","COMM_VEH_COUNT","CONS_ZONE_SPD_LIM","COUNTY","CRASH_MONTH","CRASH_YEAR","DAY_OF_WEEK","DEC_LATITUDE","DEC_LONGITUDE","DISPATCH_TM","DISTRICT","DRIVER_COUNT_16YR","DRIVER_COUNT_17YR","DRIVER_COUNT_18YR","DRIVER_COUNT_19YR","DRIVER_COUNT_20YR","DRIVER_COUNT_50_64YR","DRIVER_COUNT_65_74YR","DRIVER_COUNT_75PLUS","EST_HRS_CLOSED","FATAL_COUNT","HEAVY_TRUCK_COUNT","HORSE_BUGGY_COUNT","HOUR_OF_DAY","ILLUMINATION","INJURY_COUNT","INTERSECTION_RELATED","INTERSECT_TYPE","LANE_CLOSED","LATITUDE","LN_CLOSE_DIR","LOCATION_TYPE","LONGITUDE","MAX_SEVERITY_LEVEL","MCYCLE_DEATH_COUNT","MCYCLE_SUSP_SERIOUS_INJ_COUNT","MOTORCYCLE_COUNT","MUNICIPALITY","NONMOTR_COUNT","NONMOTR_DEATH_COUNT","NONMOTR_SUSP_SERIOUS_INJ_COUNT","NTFY_HIWY_MAINT","PED_COUNT","PED_DEATH_COUNT","PED_SUSP_SERIOUS_INJ_COUNT","PERSON_COUNT","POLICE_AGCY","POSSIBLE_INJ_COUNT","RDWY_SURF_TYPE_CD","RELATION_TO_ROAD","ROADWAY_CLEARED","ROAD_CONDITION","SCH_BUS_IND","SCH_ZONE_IND","SECONDARY_CRASH","SMALL_TRUCK_COUNT","SPEC_JURIS_CD","SUSP_MINOR_INJ_COUNT","SUSP_SERIOUS_INJ_COUNT","SUV_COUNT","TCD_FUNC_CD","TCD_TYPE","TFC_DETOUR_IND","TIME_OF_DAY","TOTAL_UNITS","TOT_INJ_COUNT","UNBELTED_OCC_COUNT","UNB_DEATH_COUNT","UNB_SUSP_SERIOUS_INJ_COUNT","UNK_INJ_DEG_COUNT","UNK_INJ_PER_COUNT","URBAN_RURAL","VAN_COUNT","VEHICLE_COUNT","WEATHER1","WEATHER2","WORKERS_PRES","WORK_ZONE_IND","WORK_ZONE_LOC","WORK_ZONE_TYPE","WZ_CLOSE_DETOUR","WZ_FLAGGER","WZ_LAW_OFFCR_IND","WZ_LN_CLOSURE","WZ_MOVING","WZ_OTHER","WZ_SHLDER_MDN","WZ_WORKERS_INJ_KILLED"
"2019015695","","0","0","0","0","0","0","0","0","0","7","0","","02","1","2019","5","40.335472","-79.991389","2002","11","0","0","0","0","0","0","0","0","1","0","0","0","","","0","","0","","40 20:07.700","2","1","79 59:29.000","0","0","0","0","2403","0","0","0","N","0","0","0","1","02403","0","","5.0","","1","N","N","","0","","0","0","1","","0","Y","","1","0","0","0","0","0","0","2","0","1","","","","N","","","","","","","","","",""
"2019095425","","1","0","0","0","0","0","0","0","0","7","0","","02","9","2019","3","40.462405","-79.759685","0902","11","0","0","0","0","0","0","0","0","1","0","0","0","","","0","","0","","40 27:44.658","2","0","79 45:34.865","0","0","0","0","2466","0","0","0","Y","0","0","0","1","02466","0","","2.0","","1","N","N","","0","","0","0","0","","0","Y","","1","0","0","0","0","0","0","2","0","1","","","","N","","","","","","","","","",""
"2019093806","","2","0","0","0","0","0","0","0","0","4","0","","02","9","2019","2","40.449027","-79.951897","1708","11","0","0","0","0","1","0","0","0","","0","0","0","","","1","","1","","40 26:56.497","","0","79 57:06.829","8","0","0","0","2301","0","0","0","N","0","0","0","3","02301","0","","1.0","","1","N","N","","0","","0","0","0","","3","","","2","1","0","0","0","1","0","2","0","2","","","","N","","","","","","","","","",""
"2019014386","","0","0","0","0","0","0","0","0","0","7","0","","02","2","2019","6","40.496841","-79.917095","1412","11","0","0","0","0","0","0","0","0","2","0","0","0","","","1","","0","","40 29:48.629","2","0","79 55:01.543","4","0","0","0","2112","0","0","0","N","0","0","0","1","68D02","1","","4.0","","1","N","N","","0","","0","0","1","","0","N","","1","1","0","0","0","0","0","2","0","1","","","","N","","","","","","","","","",""
"2019092775","","0","0","0","0","0","0","0","0","0","7","0","","02","9","2019","1","40.451284","-79.84385","1855","11","0","0","0","0","0","0","0","0","2","0","0","0","","","1","","0","","40 27:04.621","1","0","79 50:37.860","3","0","0","0","2113","0","0","0","N","0","0","0","3","02113","0","","2.0","","1","N","N","","0","","1","0","1","","0","N","","1","1","0","0","0","0","0","2","0","1","","","","N","","","","","","","","","",""
"2019039593","","1","0","0","0","0","0","0","0","0","7","0","","02","2","2019","6","40.445143","-79.84464","2007","11","0","0","0","0","0","0","0","0","","0","0","0","","","1","","0","","40 26:42.513","","0","79 50:40.705","4","0","0","0","2419","0","0","0","N","0","0","0","4","68B03","1","","5.0","","98","N","N","","0","","0","0","0","","0","","","1","1","0","0","0","0","0","2","0","1","","","","N","","","","","","","","","",""
"2019095243","","2","0","0","0","0","0","0","0","0","5","0","","02","9","2019","7","40.419759","-79.993706","","11","0","0","0","0","0","0","0","0","","0","0","0","","","0","","0","","40 25:11.131","","0","79 59:37.340","0","0","0","0","2301","0","0","0","N","0","0","0","1","02301","0","","1.0","","1","N","N","","0","","0","0","0","","0","","","2","0","0","0","0","0","0","2","0","2","","","","N","","","","","","","","","",""
"2019096112","","0","0","0","0","0","0","0","0","0","99","0","","02","9","2019","4","40.420223","-79.733917","0638","11","0","0","0","0","0","1","0","0","","0","0","0","","","0","","0","","40 25:12.801","","0","79 44:02.101","0","0","0","0","2446","0","0","0","N","0","0","0","1","68T09","0","","1.0","","1","N","N","","0","","0","0","1","","0","","","1","0","0","0","0","0","0","2","0","1","","","","N","","","","","","","","","",""
"2019011700","","0","0","0","0","0","0","0","0","0","1","0","","02","1","2019","5","40.43708","-79.998329","1250","11","0","0","0","0","0","0","0","0","1","0","0","0","","","0","","1","","40 26:13.487","3","0","79 59:53.986","0","0","0","0","2301","0","0","0","N","0","0","0","2","02301","0","","1.0","","1","N","N","","0","","0","0","2","","2","Y","","2","0","2","0","0","0","0","2","0","2","","","","N","","","","","","","","","",""
"2019070395","","0","0","0","0","0","0","0","0","0","7","0","","02","7","2019","7","40.481606","-79.95339","0222","11","0","0","0","0","0","0","0","0","3","1","0","0","","","0","","1","","40 28:53.782","7","0","79 57:12.203","1","1","0","1","2301","0","0","0","N","0","0","0","1","02301","0","2","5.0","450.0","1","N","N","N","0","0","0","0","0","","2","Y","","1","0","0","0","0","0","0","2","0","1","","","","N","","","","","","","","","",""
"2019097313","","2","0","1","0","0","0","0","0","0","4","0","","02","9","2019","6","40.456663","-79.844164","1714","11","0","0","0","0","0","1","0","0","2","0","0","0","","","2","","1","","40 27:23.985","2","0","79 50:38.991","2","0","0","0","2113","0","0","0","N","0","0","0","6","02113","0","","1.0","","1","N","N","","0","","0","2","0","","3","N","","2","2","1","0","1","0","2","2","0","2","","","","N","","","","","","","","","",""
"2019094410","","1","0","0","0","0","0","0","0","0","7","0","","02","9","2019","5","40.442944","-80.298337","2145","11","0","0","0","0","0","0","0","0","","0","0","0","","","0","","0","","40 26:34.597","","0","80 17:54.013","0","0","0","0","2203","0","0","0","N","0","0","0","1","02203","0","","4.0","","1","N","N","","0","","0","0","0","","0","N","","1","0","0","0","0","0","0","1","0","1","","","","N","","","","","","","","","",""
"2019013181","","2","0","0","0","0","0","0","0","0","1","0","","02","2","2019","2","40.469203","-79.86204","0049","11","0","0","0","0","0","0","0","0","2","0","0","0","","","0","","0","","40 28:09.132","6","0","79 51:43.344","0","0","0","0","2113","0","0","0","N","0","0","0","1","02113","0","","2.0","","1","N","N","","0","","0","0","0","","0","N","","2","0","0","0","0","0","0","2","0","2","","","","N","","","","","","","","","",""
"2019090238","","0","0","0","0","0","0","0","0","0","5","0","","02","9","2019","6","40.288537","-79.98677","2207","11","0","0","0","0","0","0","0","0","","0","0","0","","","0","","0","","40 17:18.734","","0","79 59:12.372","0","0","0","0","2219","0","0","0","N","0","0","0","1","02219","0","","1.0","","1","N","N","","2","","0","0","1","","0","N","","3","0","0","0","0","0","0","2","0","3","","","","N","","","","","","","","","",""
"2019012566","","0","0","0","0","0","0","0","0","0","7","0","","02","2","2019","6","40.433083","-80.149333","0748","11","0","0","0","0","0","0","0","0","","0","0","0","","","0","","0","","40 25:59.100","","0","80 08:57.600","0","0","0","0","2115","0","0","0","N","0","0","0","3","02501","0","","5.0","","7","N","N","","0","","0","0","1","","8","","","1","0","0","0","0","0","0","2","0","1","","","","N","","","","","","","","","",""
"2019012473","","1","0","0","0","0","0","0","0","0","7","0","","02","2","2019","6","40.541199","-79.722867","0513","11","0","0","0","0","0","1","0","0","","0","0","0","","","0","","0","","40 32:28.317","","0","79 43:22.320","0","0","0","0","2466","0","0","0","N","0","0","0","1","02466","0","","5.0","","2","N","N","","0","","0","0","0","","0","","","1","0","0","0","0","0","0","1","0","1","","","","N","","","","","","","","","",""
"2019017278","","0","0","0","0","0","0","0","0","0","4","0","","02","2","2019","4","40.264508","-79.878699","2035","11","0","0","0","0","0","2","0","0","","0","0","0","","","0","","2","","40 15:52.227","","0","79 52:43.316","0","0","0","0","2204","0","0","0","N","0","0","0","3","02204","0","","1.0","","9","N","N","","0","","0","0","2","","2","","","2","0","2","0","0","0","0","1","0","2","","","","N","","","","","","","","","",""
"2019012966","","2","0","0","0","0","0","0","0","0","7","0","","02","2","2019","7","40.492688","-79.818842","2238","11","0","0","0","1","0","0","0","0","1","0","0","0","","","0","","0","","40 29:33.675","2","0","79 49:07.831","0","0","0","0","2113","0","0","0","N","0","0","0","2","02113","0","","5.0","","9","N","N","","0","","0","0","0","","0","N","","2","0","0","0","0","0","0","2","0","2","","","","N","","","","","","","","","",""
"2019021614","","2","0","0","0","0","0","0","0","0","4","0","","02","2","2019","1","40.634524","-79.839288","1914","11","0","1","0","0","0","0","0","0","2","0","0","0","","","1","","0","","40 38:04.288","3","0","79 50:21.438","4","0","0","0","2220","0","0","0","N","0","0","0","3","02220","1","","1.0","","7","N","N","","0","","0","0","0","","0","N","","2","1","0","0","0","0","0","2","0","2","","","","N","","","","","","","","","",""
"2019095632","","1","0","0","0","0","0","0","0","0","7","0","","02","9","2019","1","40.644537","-80.127381","2150","11","0","0","0","0","0","0","0","0","2","0","0","0","","","0","","0","","40 38:40.333","4","0","80 07:38.570","0","0","0","0","2212","0","0","0","N","0","0","0","1","02505","0","","5.0","","1","N","N","","0","","0","0","0","","0","N","","1","0","0","0","0","0","0","1","0","1","","","","N","","","","","","","","","",""
"2019011654","","2","0","0","0","0","0","0","0","0","1","0","","02","1","2019","5","40.433007","-79.731306","0835","11","0","0","0","0","0","0","0","0","1","0","0","0","","","0","","0","","40 25:58.824","4","0","79 43:52.700","0","0","0","0","2446","0","0","0","N","0","0","0","2","02446","0","","1.0","","1","N","N","","0","","0","0","0","","0","N","","2","0","0","0","0","0","0","2","0","2","","","","N","","","","","","","","","",""
"2019097499","","1","0","0","0","0","0","0","0","0","5","0","","02","9","2019","6","40.354827","-79.95625","1703","11","0","0","0","0","0","0","0","1","2","0","0","0","","","1","","3","","40 21:17.378","6","0","79 57:22.500","4","0","0","0","2473","0","0","0","N","0","0","0","2","02473","1","","1.0","","1","N","N","","1","","0","0","0","","3","Y","","2","1","0","0","0","0","0","2","0","2","","","","N","","","","","","","","","",""
"2019097412","","1","0","0","0","0","0","0","0","0","4","0","","02","9","2019","3","40.367596","-80.104384","0858","11","0","0","0","0","0","0","0","0","1","0","0","0","","","0","N","0","","40 22:03.347","4","7","80 06:15.781","0","0","0","0","2102","0","0","0","N","0","0","0","2","02102","0","","1.0","","1","N","N","","1","","0","0","0","","3","N","","2","0","0","0","0","0","0","2","0","2","","","","N","","","","","","","","","",""
"2019031996","","0","0","0","0","0","0","0","0","0","1","0","","02","2","2019","7","40.530222","-80.017342","1253","11","0","0","0","0","0","0","0","0","1","0","0","0","","","0","","1","","40 31:48.800","1","0","80 01:02.432","0","0","0","0","2116","0","0","0","N","0","0","0","4","02116","0","","1.0","","9","N","N","","1","","0","0","1","","3","N","","2","0","0","0","0","0","0","2","0","2","","","","N","","","","","","","","","",""
"2019012723","","0","0","0","0","0","0","0","0","0","4","0","","02","2","2019","7","40.438074","-79.994419","1601","11","0","0","0","0","0","1","0","0","2","0","0","0","","","1","","1","","40 26:17.066","3","0","79 59:39.907","4","0","0","0","2301","0","0","0","N","0","0","0","2","02301","1","","1.0","","1","N","N","","0","","0","0","2","","2","Y","","2","1","0","0","0","0","0","2","0","2","","","","N","","","","","","","","","",""
"2019015280","","1","0","0","0","0","0","0","0","0","7","0","","02","2","2019","6","40.391332","-79.986781","1350","11","0","0","0","0","0","0","0","0","","0","0","0","","","0","","0","","40 23:28.794","","0","79 59:12.411","0","0","0","0","2301","0","0","0","N","0","0","0","1","02301","0","","4.0","","1","N","N","","0","","0","0","0","","0","","","1","0","0","0","0","0","0","2","0","1","","","","N","","","","","","","","","",""
"2019098817","","2","0","0","0","0","0","0","0","0","4","0","","02","10","2019","4","40.532873","-80.176693","0818","11","0","0","0","1","0","1","0","0","2","0","0","0","","","0","","2","","40 31:58.341","5","0","80 10:36.096","0","0","0","0","2458","0","0","0","N","0","0","0","2","02458","0","","1.0","","1","N","N","","0","","0","0","0","","3","N","","2","0","0","0","0","0","0","2","0","2","","","","N","","","","","","","","","",""
"2019098765","","1","0","0","0","0","0","0","0","0","1","1","","02","9","2019","5","40.489668","-79.952779","0642","11","0","0","0","0","0","0","0","0","2","0","1","0","","","0","","0","","40 29:22.804","2","0","79 57:10.003","0","0","0","0","2118","0","0","0","N","0","0","0","3","02118","0","","1.0","","9","N","N","","0","","0","0","1","","0","N","","3","0","0","0","0","0","0","2","0","3","","","","N","","","","","","","","","",""
"2019015637","","0","0","0","0","0","0","0","0","0","7","0","","02","2","2019","7","40.328922","-80.1121","1336","11","0","0","0","0","0","0","0","0","3","0","0","0","","","0","","0","","40 19:44.119","2","0","80 06:43.561","0","0","0","0","2119","0","0","0","N","0","0","0","2","02119","0","","5.0","","2","N","N","","0","","0","0","1","","0","N","","1","0","0","0","0","0","0","2","0","1","","","","N","","","","","","","","","",""
"2019015917","","1","0","0","0","0","0","0","0","0","1","0","","02","2","2019","1","40.523139","-80.031972","2235","11","0","0","0","0","0","0","0","0","","0","0","0","","","0","","0","","40 31:23.300","","0","80 01:55.100","0","0","0","0","2474","0","0","0","N","0","0","0","1","02474","0","","4.0","","1","N","N","","1","","0","0","1","","0","","","3","0","0","0","0","0","0","2","0","3","","","","N","","","","","","","","","",""
"2019096611","","0","0","0","0","0","0","0","0","0","4","0","","02","9","2019","4","40.448285","-80.160732","1655","11","0","0","0","0","0","1","0","0","1","0","0","0","","","0","","1","","40 26:53.825","1","0","80 09:38.635","0","0","0","0","2115","0","0","0","N","0","0","0","3","02115","0","","1.0","","1","N","N","","0","","0","0","2","","2","N","","2","0","0","0","0","0","0","2","0","2","","","","N","","","","","","","","","",""
"2019012252","","0","0","0","0","0","0","0","0","0","7","0","","02","1","2019","5","40.41593","-80.068834","1658","11","0","0","0","0","0","1","0","0","2","0","0","0","","","1","","0","","40 24:57.347","3","0","80 04:07.803","8","0","0","0","2435","0","0","0","N","0","0","0","1","02435","0","","5.0","","2","N","N","","0","","0","0","1","","0","N","","1","1","1","0","0","1","0","2","0","1","","","","N","","","","","","","","","",""
"2019095043","","1","0","0","0","0","0","0","0","0","1","1","","02","9","2019","4","40.497272","-79.924012","0809","11","0","0","0","0","0","1","0","0","1","0","1","0","","","0","","0","","40 29:50.180","1","0","79 55:26.443","0","0","0","0","2112","0","0","0","N","0","0","0","2","68D02","0","","1.0","","1","N","N","","0","","0","0","0","","0","N","","2","0","0","0","0","0","0","2","0","2","","","","N","","","","","","","","","",""
"2019099434","","1","0","0","0","0","0","0","0","0","5","1","","02","9","2019","4","40.503212","-79.945479","0804","11","0","0","0","0","0","2","0","0","1","0","1","0","","","0","","2","","40 30:11.562","3","0","79 56:43.726","0","0","0","0","2430","0","0","0","N","0","0","0","3","02430","0","","1.0","","1","N","N","","0","","0","0","0","","3","N","","2","0","1","0","0","0","0","2","0","2","","","","N","","","","","","","","","",""
"2019011623","","1","0","0","0","0","0","0","0","0","7","0","","02","1","2019","5","40.47405","-80.039342","0746","11","0","0","0","0","0","0","0","0","2","0","0","0","","","0","","0","","40 28:26.581","2","0","80 02:21.631","0","0","0","0","2301","0","0","0","N","0","0","0","1","02301","0","","2.0","","1","N","N","","0","","0","0","0","","0","N","","1","0","0","0","0","0","0","2","0","1","","","","N","","","","","","","","","",""
"2019096257","","0","0","0","0","0","0","0","0","0","4","0","","02","9","2019","2","40.457246","-79.904355","2150","11","0","0","0","0","0","0","0","0","3","1","0","0","","","0","","1","","40 27:26.085","7","0","79 54:15.677","1","1","0","1","2301","0","0","0","N","0","0","0","5","02301","0","2","1.0","","1","N","N","","0","0","0","0","0","","3","Y","","2","0","0","0","0","0","0","2","1","2","","","","N","","","","","","","","","",""
"2019097032","","1","0","0","0","0","0","0","0","0","1","0","","02","9","2019","1","40.341125","-79.84938","1328","11","0","0","0","0","0","0","0","0","2","0","0","0","","","1","","0","","40 20:28.050","5","0","79 50:57.767","3","0","0","0","2304","0","0","0","N","0","0","0","1","02304","0","","1.0","","1","N","N","","0","","1","0","1","","0","Y","","2","1","1","0","0","0","0","2","0","2","","","","N","","","","","","","","","",""
"2019013820","","2","0","0","0","0","0","0","0","0","4","0","","02","2","2019","7","40.581512","-80.056592","2036","11","0","1","0","0","1","0","0","0","","0","0","0","","","0","","1","","40 34:53.444","","0","80 03:23.731","0","0","0","0","2108","0","0","0","N","0","0","0","3","02108","0","","1.0","","1","N","N","","0","","0","0","0","","2","","","2","0","0","0","0","0","0","2","0","2","","","","N","","","","","","","","","",""
"2019007440","","0","0","0","0","0","0","0","0","0","7","0","","02","1","2019","1","40.472778","-79.9405","2302","11","0","0","0","0","0","0","0","0","1","0","0","0","","","0","","0","","40 28:22.000","1","0","79 56:25.800","0","0","0","0","2301","0","0","0","N","0","0","0","1","02301","0","","4.0","","7","N","N","","0","","0","0","1","","0","N","","1","0","0","0","0","0","0","2","0","1","","","","N","","","","","","","","","",""
"2019096748","","2","0","0","0","0","0","0","0","0","4","0","","02","9","2019","5","40.481965","-80.04165","1233","11","0","0","0","0","0","0","1","0","","0","0","0","","","0","","5","","40 28:55.074","","0","80 02:29.940","0","0","0","0","2301","0","0","0","N","0","0","0","2","02301","0","","1.0","","1","N","N","","0","","0","0","0","","2","N","","2","0","0","0","0","0","0","2","0","2","","","","N","","","","","","","","","",""
"2019004349","","2","0","0","0","0","0","0","0","0","4","0","","02","1","2019","2","40.309707","-80.058826","1233","11","0","0","0","0","0","0","0","2","","0","0","0","","","1","","2","","40 18:34.946","","0","80 03:31.775","4","0","0","0","2407","0","0","0","N","0","0","0","3","02407","1","","1.0","","1","N","N","","0","","0","0","0","","3","","","2","1","0","0","0","0","0","2","0","2","","","","N","","","","","","","","","",""
"2019097067","","2","0","0","0","0","0","0","0","0","4","0","","02","9","2019","6","40.48682","-80.044365","0828","11","0","0","0","0","0","0","0","0","","0","0","0","","","1","","2","","40 29:12.551","","0","80 02:39.714","3","0","0","0","2301","0","0","0","N","0","0","0","2","02301","0","","1.0","","1","N","N","","0","","1","0","0","","0","","","2","1","0","0","0","0","0","2","0","2","","","","N","","","","","","","","","",""
"2019003088","","1","0","0","0","0","0","0","0","0","1","0","","02","1","2019","3","40.43055","-80.028328","1840","11","0","0","0","0","0","0","0","0","","0","0","0","","","0","","0","","40 25:49.981","","2","80 01:41.980","0","0","0","0","2301","0","0","0","N","0","0","0","3","02301","0","","1.0","","1","N","N","","0","","0","0","1","","4","","","2","0","0","0","0","0","0","2","0","2","","","","N","","","","","","","","","",""
"2019013164","","0","0","0","0","0","0","0","0","0","7","0","","02","2","2019","1","40.355068","-79.878683","2207","11","0","0","0","0","0","1","0","0","","0","0","0","","","1","","0","","40 21:18.246","","0","79 52:43.257","8","0","0","0","2423","0","0","0","N","0","0","0","1","02304","0","","2.0","","9","N","N","","0","","0","0","1","","0","","","1","1","0","0","0","1","0","2","0","1","","","","N","","","","","","","","","",""
"2019014246","","1","0","0","0","0","0","0","0","0","1","0","","02","2","2019","3","40.393639","-79.805","1325","11","0","0","0","0","0","0","0","0","1","0","0","0","","","0","","0","","40 23:37.100","4","0","79 48:18.000","0","0","0","0","2479","0","0","0","N","0","0","0","2","02501","0","","1.0","","1","N","N","","1","","0","0","0","","2","N","","2","0","0","0","0","0","0","2","0","2","","","","N","","","","","","","","","",""
"2019013573","","0","0","0","0","0","0","0","0","0","8","0","","02","2","2019","2","40.524138","-80.006792","1548","11","0","0","0","0","0","0","0","1","","0","0","0","","","1","","0","","40 31:26.897","","7","80 00:24.451","4","0","0","0","2116","1","0","0","N","1","0","0","2","02116","1","","6.0","","1","N","N","","0","","0","0","1","","0","","","2","1","0","0","0","0","0","2","0","1","","","","N","","","","","","","","","",""
"2019093511","","1","0","0","0","0","0","0","0","0","7","0","","02","9","2019","4","40.635453","-79.837831","0915","11","0","0","0","0","0","0","0","0","2","0","0","0","","","0","","0","","40 38:07.632","2","0","79 50:16.192","9","0","0","0","2220","0","0","0","N","0","0","0","1","02220","0","","2.0","","1","N","N","","0","","0","0","0","","0","N","","1","0","0","0","0","0","1","1","0","1","","","","N","","","","","","","","","",""
"2019015296","","1","0","0","0","0","0","0","0","0","1","0","","02","2","2019","6","40.445223","-79.991829","1558","11","0","0","0","0","0","2","0","0","","0","0","0","","","0","","2","","40 26:42.802","","1","79 59:30.584","0","0","0","0","2301","0","0","0","N","0","0","0","3","02301","0","","1.0","","1","N","N","","0","","0","0","1","","0","N","","2","0","0","0","0","0","0","2","0","2","","","","N","","","","","","","","","",""
"2019097498","","2","0","0","0","0","0","0","0","0","1","0","","02","9","2019","4","40.349329","-79.935712","1747","11","0","0","0","0","0","1","0","0","","0","0","0","","","0","","0","","40 20:57.584","","0","79 56:08.564","0","0","0","0","2473","0","0","0","N","0","0","0","2","02473","0","","1.0","","1","N","N","","0","","0","0","0","","0","N","","2","0","0","0","0","0","0","2","0","2","","","","N","","","","","","","","","",""
"2019083315","","0","0","0","0","0","0","0","0","0","1","0","","02","8","2019","1","40.389063","-79.867795","1101","11","0","0","0","0","0","1","0","0","2","0","0","0","","","2","","0","","40 23:20.628","5","0","79 52:04.062","3","0","0","0","2473","0","0","0","N","0","0","0","5","02473","1","","1.0","","1","N","N","","0","","1","0","2","","0","Y","","2","2","0","0","0","0","0","2","0","2","","","","N","","","","","","","","","",""
"2019098172","","0","0","0","0","0","0","0","0","0","5","0","","02","9","2019","1","40.636761","-80.098148","0916","11","0","0","0","0","0","1","0","0","","0","0","0","","","0","","0","","40 38:12.341","","0","80 05:53.332","0","0","0","0","2212","0","0","0","N","0","0","0","1","68B03","0","","2.0","","1","N","N","","1","","0","0","1","","0","","","2","0","0","0","0","0","0","2","0","2","","","","N","","","","","","","","","",""
"2019086354","","0","0","0","0","0","0","0","0","0","7","1","","02","8","2019","2","40.449388","-80.002401","1224","11","0","0","0","0","0","0","0","0","2","0","1","0","","","0","","7","","40 26:57.797","7","2","80 00:08.645","0","0","0","0","2301","0","0","0","Y","0","0","0","1","02301","0","","7.0","","1","N","N","","0","","0","0","0","","0","Y","","1","0","0","0","0","0","0","2","0","1","","","","N","","","","","","","","","",""
"2019015580","","1","0","0","0","0","0","0","0","0","1","0","","02","1","2019","5","40.428044","-79.927021","1743","11","0","0","0","0","0","1","0","0","","0","0","0","","","0","","0","","40 25:40.960","","0","79 55:37.274","0","0","0","0","2301","0","0","0","N","0","0","0","3","68B03","0","","1.0","","1","N","N","","0","","0","0","1","","0","","","3","0","0","0","0","0","0","2","1","3","","","","N","","","","","","","","","",""
"2019015589","","1","0","0","0","0","0","0","0","0","1","0","","02","2","2019","1","40.429238","-79.942628","1633","11","0","0","0","0","0","2","0","0","","0","0","0","","","0","","0","","40 25:45.257","","0","79 56:33.461","0","0","0","0","2301","0","0","0","N","0","0","0","4","68B03","0","","1.0","","1","N","N","","0","","0","0","2","","0","","","3","0","0","0","0","0","0","2","0","3","","","","N","","","","","","","","","",""
"2019015681","","1","0","0","0","0","0","0","0","0","7","0","","02","2","2019","6","40.501346","-79.963592","1922","11","0","0","0","0","0","0","0","0","","0","0","0","","","1","","0","","40 30:04.844","","0","79 57:48.932","3","0","0","0","2118","0","0","0","N","0","0","0","4","02118","0","","2.0","","2","N","N","","0","","1","0","0","","0","","","1","1","0","0","0","0","0","2","0","1","","","","N","","","","","","","","","",""
"2019097023","","1","0","0","0","0","0","0","0","0","5","1","","02","9","2019","3","40.374344","-79.901946","0721","11","0","0","0","0","0","0","0","0","","0","1","0","","","0","","2","","40 22:27.638","","0","79 54:07.005","0","0","0","0","2473","0","0","0","N","0","0","0","1","02473","0","","1.0","","1","N","N","","0","","0","0","0","","0","","","2","0","0","0","0","0","0","2","0","2","","","","N","","","","","","","","","",""
"2019002034","","1","0","0","0","0","0","0","0","0","4","0","","02","1","2019","7","40.454116","-80.064325","1410","11","0","0","0","0","0","0","0","0","","0","0","0","","","0","","1","","40 27:14.817","","0","80 03:51.570","0","0","0","0","2301","0","0","0","N","0","0","0","2","02301","0","","1.0","","1","N","N","","0","","0","0","0","","0","","","2","0","0","0","0","0","0","2","1","2","","","","N","","","","","","","","","",""
"2019015004","","0","0","0","0","0","0","0","0","0","2","0","","02","2","2019","5","40.436333","-80.026306","2050","11","0","0","0","1","0","0","0","0","","0","0","0","","","0","","0","","40 26:10.800","","0","80 01:34.700","0","0","0","0","2301","0","0","0","N","0","0","0","2","02301","0","","1.0","","9","N","N","","0","","0","0","2","","0","","","2","0","0","0","0","0","0","2","0","2","","","","N","","","","","","","","","",""
"2019003873","","1","0","0","0","0","0","0","0","0","0","0","","02","1","2019","5","40.399833","-79.935942","1830","11","0","0","0","0","0","0","0","0","1","0","0","0","","","2","","0","","40 23:59.398","2","3","79 56:09.390","3","0","0","0","2301","0","0","0","N","0","0","0","3","02301","1","","1.0","","3","N","N","","0","","1","0","0","","0","N","","1","2","1","0","0","0","0","2","0","1","","","","N","","","","","","","","","",""
"2019012069","","1","0","1","0","0","0","0","0","0","7","0","","02","2","2019","6","40.445556","-79.856018","0726","11","0","0","0","0","0","1","0","0","1","0","0","0","","","1","","2","","40 26:44.002","3","0","79 51:21.666","2","0","0","0","2419","0","0","0","N","0","0","0","1","02419","0","","5.0","","7","N","N","","0","","0","1","0","","0","N","","1","1","0","0","0","0","0","2","0","1","","","","N","","","","","","","","","",""
"2019012124","","2","0","0","0","0","0","0","0","0","1","0","","02","2","2019","6","40.4075","-79.940972","0942","11","0","0","0","0","0","0","0","0","","0","0","0","","","0","","0","","40 24:27.000","","0","79 56:27.500","0","0","0","0","2301","0","0","0","N","0","0","0","1","02301","0","","6.0","","7","N","N","","0","","0","0","0","","0","","","2","0","0","0","0","0","0","2","0","2","","","","N","","","","","","","","","",""
"2019015335","","1","0","0","0","0","0","0","0","0","7","0","","02","2","2019","6","40.454314","-80.058384","1735","11","0","0","0","0","0","0","0","0","","0","0","0","","","0","","1","","40 27:15.530","","0","80 03:30.182","0","0","0","0","2301","0","0","0","N","0","0","0","1","02301","0","","5.0","","1","N","N","","0","","0","0","0","","0","","","1","0","0","0","0","0","0","2","0","1","","","","N","","","","","","","","","",""