"CRN","ARRIVAL_TM","AUTOMOBILE_COUNT","BELTED_DEATH_COUNT","BELTED_SUSP_SERIOUS_INJ_COUNT","BICYCLE_COUNT","BICYCLE_DEATH_COUNT","BICYCLE_SUSP_SERIOUS_INJ_COUNT","BUS_COUNT","CHLDPAS_DEATH_COUNT","CHLDPAS_SUSP_SERIOUS_INJ_COUNT","COLLISION_TYPE","COMM_VEH_COUNT","CONS_ZONE_SPD_LIM","COUNTY","CRASH_MONTH","CRASH_YEAR","DAY_OF_WEEK","DEC_LATITUDE","DEC_LONGITUDE","DISPATCH_TM","DISTRICT","DRIVER_COUNT_16YR","DRIVER_COUNT_17YR","DRIVER_COUNT_18YR","DRIVER_COUNT_19YR","DRIVER_COUNT_20YR","DRIVER_COUNT_50_64YR","DRIVER_COUNT_65_74YR","DRIVER_COUNT_75PLUS","EST_HRS_CLOSED","FATAL_COUNT","HEAVY_TRUCK_COUNT","HORSE_BUGGY_COUNT","HOUR_OF_DAY","ILLUMINATION","INJURY_COUNT","INTERSECTION_RELATED","INTERSECT_TYPE","LANE_CLOSED","LATITUDE","LN_CLOSE_DIR","LOCATION_TYPE","LONGITUDE","MAX_SEVERITY_LEVEL","MCYCLE_DEATH_COUNT","MCYCLE_SUSP_SERIOUS_INJ_COUNT","MOTORCYCLE_COUNT","MUNICIPALITY","NONMOTR_COUNT","NONMOTR_DEATH_COUNT","NONMOTR_SUSP_SERIOUS_INJ_COUNT","NTFY_HIWY_MAINT","PED_COUNT","PED_DEATH_COUNT","PED_SUSP_SERIOUS_INJ_COUNT","PERSON_COUNT","POLICE_AGCY","POSSIBLE_INJ_COUNT","RDWY_SURF_TYPE_CD","RELATION_TO_ROAD","ROADWAY_CLEARED","ROAD_CONDITION","SCH_BUS_IND","SCH_ZONE_IND","SECONDARY_CRASH","SMALL_TRUCK_COUNT","SPEC_JURIS_CD","SUSP_MINOR_INJ_COUNT","SUSP_SERIOUS_INJ_COUNT","SUV_COUNT","TCD_FUNC_CD","TCD_TYPE","TFC_DETOUR_IND","TIME_OF_DAY","TOTAL_UNITS","TOT_INJ_COUNT","UNBELTED_OCC_COUNT","UNB_DEATH_COUNT","UNB_SUSP_SERIOUS_INJ_COUNT","UNK_INJ_DEG_COUNT","UNK_INJ_PER_COUNT","URBAN_RURAL","VAN_COUNT","VEHICLE_COUNT","WEATHER1","WEATHER2","WORKERS_PRES","WORK_ZONE_IND","WORK_ZONE_LOC","WORK_ZONE_TYPE","WZ_CLOSE_DETOUR","WZ_FLAGGER","WZ_LAW_OFFCR_IND","WZ_LN_CLOSURE","WZ_MOVING","WZ_OTHER","WZ_SHLDER_MDN","WZ_WORKERS_INJ_KILLED"
"2019013069","","2","0","0","0","0","0","0","0","0","4","0","","02","2","2019","1","40.57946","-79.957482","1355","11","0","0","0","0","0","0","0","1","","0","0","0","","","0","","2","","40 34:46.056","","0","79 57:26.936","0","0","0","0","2207","0","0","0","N","0","0","0","2","02207","0","","1.0","","9","N","N","","0","","0","0","0","","3","","","2","0","0","0","0","0","0","2","0","2","","","","N","","","","","","","","","",""
"2019097889","","1","0","0","0","0","0","1","0","0","2","1","","02","9","2019","2","40.42133","-79.886085","0745","11","0","0","0","0","0","1","0","0","","0","0","0","","","0","","2","","40 25:16.788","","0","79 53:09.906","0","0","0","0","2463","0","0","0","N","0","0","0","2","02503","0","","1.0","","9","N","N","","0","","0","0","0","","0","N","","2","0","0","0","0","0","0","2","0","2","","","","N","","","","","","","","","",""
"2019089886","","0","0","0","0","0","0","0","0","0","5","2","","02","8","2019","6","40.425916","-79.912756","1018","11","0","0","0","0","0","0","0","0","4","1","2","0","","","0","","0","","40 25:33.298","3","4","79 54:45.923","1","1","0","1","2301","0","0","0","N","0","0","0","3","68B03","0","2","1.0","","1","N","N","","0","0","0","0","0","","0","Y","","3","0","0","0","0","0","0","2","0","3","","","","N","","","","","","","","","",""
"2019007359","","1","0","0","0","0","0","0","0","0","7","0","","02","1","2019","1","40.249531","-79.877423","1304","11","0","0","0","0","1","0","0","0","","0","0","0","","","0","","0","","40 14:58.313","","0","79 52:38.724","0","0","0","0","2204","0","0","0","N","0","0","0","1","02204","0","","3.0","","2","N","N","","0","","0","0","0","","0","","","1","0","0","0","0","0","0","1","0","1","","","","N","","","","","","","","","",""
"2019097150","","1","0","0","0","0","0","0","0","0","1","0","","02","9","2019","6","40.384983","-79.994973","1323","11","0","0","0","0","0","0","2","0","1","0","0","0","","","1","","2","","40 23:05.938","2","0","79 59:41.901","3","0","0","0","2301","0","0","0","N","0","0","0","6","02301","0","","1.0","","1","N","N","","0","","1","0","1","","2","Y","","2","1","0","0","0","0","0","2","0","2","","","","N","","","","","","","","","",""
"2019088721","","1","0","0","0","0","0","0","0","0","7","0","","02","9","2019","4","40.351275","-79.966999","0136","11","0","0","0","1","0","0","0","0","","0","0","0","","","0","","0","","40 21:04.589","","0","79 58:01.198","0","0","0","0","2403","0","0","0","N","0","0","0","2","02403","0","","4.0","","1","N","N","","0","","0","0","0","","0","N","","1","0","0","0","0","0","0","2","0","1","","","","N","","","","","","","","","",""
"2019090149","","0","0","0","0","0","0","0","0","0","1","0","","02","9","2019","7","40.440626","-79.99319","1804","11","0","0","0","0","0","1","0","0","2","0","1","0","","","4","","6","","40 26:26.255","4","2","79 59:35.485","8","0","0","0","2301","0","0","0","N","0","0","0","7","02301","0","","7.0","","1","N","N","","0","","0","0","1","","3","N","","3","4","0","0","0","4","0","2","1","3","","","","N","","","","","","","","","",""
"2019078300","","0","0","0","0","0","0","0","0","0","1","0","","02","8","2019","5","40.326006","-79.793457","1602","11","0","0","0","0","0","1","1","0","","0","0","0","","","0","","2","","40 19:33.622","","0","79 47:36.446","0","0","0","0","2477","0","0","0","N","0","0","0","2","02477","0","","1.0","","1","N","N","","0","","0","0","2","","0","N","","2","0","0","0","0","0","0","2","0","2","","","","N","","","","","","","","","",""
"2019014312","","1","0","0","0","0","0","0","0","0","2","0","","02","2","2019","6","40.302061","-79.86437","1755","11","0","0","0","0","0","2","0","0","","0","0","0","","","1","","0","","40 18:07.418","","0","79 51:51.731","3","0","0","0","2443","0","0","0","N","0","0","0","2","02443","0","","1.0","","2","N","N","","1","","1","0","0","","0","","","2","1","0","0","0","0","0","1","0","2","","","","N","","","","","","","","","",""
"2019013984","","0","0","0","0","0","0","0","0","0","7","0","","02","2","2019","3","40.490818","-79.885534","1638","11","0","0","0","0","0","0","0","0","","0","0","0","","","1","","7","","40 29:26.945","","2","79 53:07.923","4","0","0","0","2301","0","0","0","N","0","0","0","1","02112","1","","5.0","","1","N","N","","0","","0","0","1","","0","","","1","1","0","0","0","0","0","2","0","1","","","","N","","","","","","","","","",""
"2019084125","","1","1","0","0","0","0","0","0","0","7","0","","02","8","2019","4","40.516892","-79.790853","0740","11","0","0","0","0","0","0","0","0","","1","0","0","","","0","","0","","40 31:00.810","","0","79 47:27.070","1","0","0","0","2466","0","0","0","N","0","0","0","1","02466","0","2","4.0","","1","N","N","","0","0","0","0","0","","0","","","1","0","0","0","0","0","0","2","0","1","","","","N","","","","","","","","","",""
"2019008494","","2","0","0","0","0","0","0","0","0","1","0","","02","1","2019","3","40.361281","-79.982507","0837","11","0","0","0","0","0","1","0","0","1","0","0","0","","","1","","2","","40 21:40.610","5","0","79 58:57.025","8","0","0","0","2413","0","0","0","N","0","0","0","4","02413","0","","1.0","","1","N","N","","0","","0","0","0","","3","N","","2","1","0","0","0","1","0","2","0","2","","","","N","","","","","","","","","",""
"2019004663","","1","0","0","0","0","0","0","0","0","7","0","","02","1","2019","1","40.501427","-80.011399","1318","11","0","0","0","0","0","0","0","0","","0","0","0","","","0","","0","","40 30:05.137","","0","80 00:41.037","0","0","0","0","2116","0","0","0","N","0","0","0","2","02116","0","","5.0","","1","N","N","","0","","0","0","0","","0","","","1","0","0","0","0","0","0","2","0","1","","","","N","","","","","","","","","",""
"2019088053","","0","0","0","0","0","0","0","0","0","0","1","","02","8","2019","3","40.541143","-80.122195","1720","11","0","0","0","0","0","0","0","0","","0","1","0","","","1","","0","","40 32:28.114","","0","80 07:19.903","3","0","0","0","2125","0","0","0","Y","0","0","0","3","68B03","0","","4.0","","1","N","N","","1","","1","0","0","","0","","","2","1","0","0","0","0","0","1","0","2","","","","N","","","","","","","","","",""
"2019006571","","1","0","0","0","0","0","0","0","0","7","0","","02","1","2019","6","40.419841","-80.013233","0219","11","0","0","0","0","0","0","0","0","","0","0","0","","","0","","2","","40 25:11.427","","0","80 00:47.638","9","0","0","0","2301","0","0","0","N","0","0","0","2","02301","0","","2.0","","9","N","N","","0","","0","0","0","","0","","","1","0","0","0","0","0","2","2","0","1","","","","N","","","","","","","","","",""
"2019004609","","0","0","0","0","0","0","0","0","0","7","0","","02","1","2019","7","40.368468","-80.062174","1800","11","0","0","0","0","0","0","0","0","1","0","0","0","","","0","","2","","40 22:06.484","1","0","80 03:43.826","0","0","0","0","2109","0","0","0","N","0","0","0","3","02109","0","","4.0","","7","N","N","","0","","0","0","1","","3","N","","1","0","0","0","0","0","0","2","0","1","","","","N","","","","","","","","","",""
"2019083314","","2","0","0","0","0","0","0","0","0","4","0","","02","8","2019","2","40.447691","-79.938848","0903","11","0","0","0","0","0","0","0","0","1","0","0","0","","","0","","2","","40 26:51.689","1","0","79 56:19.852","0","0","0","0","2301","0","0","0","N","0","0","0","2","02301","0","","1.0","","1","N","N","","0","","0","0","0","","2","N","","2","0","0","0","0","0","0","2","0","2","","","","N","","","","","","","","","",""
"2019093556","","2","0","0","0","0","0","0","0","0","4","0","","02","9","2019","4","40.454534","-79.921722","1052","11","0","0","0","0","0","0","0","1","","0","0","0","","","0","","1","","40 27:16.322","","0","79 55:18.199","0","0","0","0","2301","0","0","0","N","0","0","0","3","02301","0","","1.0","","1","N","N","","0","","0","0","0","","3","","","2","0","0","0","0","0","0","2","0","2","","","","N","","","","","","","","","",""
"2019016560","","1","0","0","0","0","0","0","0","0","7","0","","02","1","2019","5","40.403854","-80.157264","2141","11","0","0","1","0","0","0","0","0","","0","0","0","","","1","","0","","40 24:13.874","","0","80 09:26.152","3","0","0","0","2102","0","0","0","N","0","0","0","1","02102","0","","5.0","","1","N","N","","0","","1","0","0","","0","","","1","1","0","0","0","0","0","1","0","1","","","","N","","","","","","","","","",""
"2019011696","","3","0","0","0","0","0","0","0","0","1","0","","02","1","2019","5","40.466167","-79.952216","1203","11","0","0","0","0","0","0","1","0","","0","0","0","","","0","","1","","40 27:58.202","","0","79 57:07.977","0","0","0","0","2301","0","0","0","N","0","0","0","5","02301","0","","1.0","","1","N","N","","0","","0","0","0","","2","","","3","0","0","0","0","0","0","2","0","3","","","","N","","","","","","","","","",""
"2019014924","","1","0","0","0","0","0","0","0","0","4","0","","02","2","2019","3","40.273723","-79.898524","1836","11","0","0","0","0","0","2","0","0","2","0","0","0","","","1","","2","","40 16:25.401","1","0","79 53:54.686","8","0","0","0","2440","0","0","0","N","0","0","0","6","02440","0","","1.0","","9","N","N","","1","","0","0","1","","0","Y","","3","1","0","0","0","1","0","2","0","3","","","","N","","","","","","","","","",""
"2019012717","","1","0","0","0","0","0","0","0","0","2","0","","02","2","2019","7","40.35632","-80.110343","1520","11","0","0","0","0","0","1","0","0","2","0","0","0","","","0","","2","","40 21:22.751","5","0","80 06:37.233","0","0","0","0","2414","0","0","0","N","0","0","0","5","02414","0","","1.0","","1","N","N","","1","","0","0","0","","0","Y","","2","0","0","0","0","0","0","2","0","2","","","","N","","","","","","","","","",""
"2019096668","","0","0","0","0","0","0","0","0","0","1","0","","02","9","2019","7","40.43636","-79.976586","1806","11","0","0","0","0","1","0","0","0","3","0","0","0","","","1","","2","","40 26:10.897","4","0","79 58:35.711","2","0","1","1","2301","0","0","0","N","0","0","0","5","02301","0","","1.0","","1","N","N","","0","","0","1","1","","0","N","","2","1","0","0","0","0","0","2","0","2","","","","N","","","","","","","","","",""
"2019007390","","1","0","0","0","0","0","0","0","0","1","0","","02","1","2019","1","40.464986","-80.068108","1824","11","0","0","0","0","0","0","0","0","1","0","0","0","","","1","","2","","40 27:53.949","4","0","80 04:05.188","8","0","0","0","2444","0","0","0","N","0","0","0","3","02444","0","","1.0","","1","N","N","","0","","0","0","1","","0","N","","2","1","0","0","0","1","0","2","0","2","","","","N","","","","","","","","","",""
"2019091168","","2","0","0","0","0","0","0","0","0","1","0","","02","9","2019","3","40.407448","-79.941242","2249","11","0","0","0","0","0","0","0","0","","0","0","0","","","0","","0","","40 24:26.814","","0","79 56:28.470","9","0","0","0","2301","0","0","0","N","0","0","0","1","02301","0","","6.0","","1","N","N","","0","","0","0","0","","0","","","2","0","0","0","0","0","1","2","0","2","","","","N","","","","","","","","","",""
"2019097158","","1","0","0","0","0","0","0","0","0","7","0","","02","9","2019","6","40.491558","-80.061268","1419","11","0","0","1","0","0","0","0","0","1","0","0","0","","","0","","2","","40 29:29.609","4","0","80 03:40.563","0","0","0","0","2404","0","0","0","N","0","0","0","1","02404","0","","5.0","","1","N","N","","0","","0","0","0","","2","N","","1","0","0","0","0","0","0","2","0","1","","","","N","","","","","","","","","",""
"2019095144","","0","0","0","0","0","0","1","0","0","4","1","","02","9","2019","4","40.526958","-79.988251","0738","11","0","0","0","0","0","1","0","0","1","0","0","0","","","30","","2","","40 31:37.048","1","0","79 59:17.703","3","0","0","0","2116","0","0","0","N","0","0","0","42","02116","0","","1.0","","1","Y","N","","0","","30","0","0","","3","N","","2","30","0","0","0","0","0","2","1","2","","","","N","","","","","","","","","",""
"2019031684","","1","0","0","0","0","0","0","0","0","7","0","","02","1","2019","2","40.461968","-79.999789","0632","11","0","0","0","0","0","1","0","0","","0","0","0","","","0","","0","","40 27:43.084","","0","79 59:59.240","0","0","0","0","2301","0","0","0","N","0","0","0","1","68B03","0","","2.0","","1","N","N","","0","","0","0","0","","0","","","1","0","0","0","0","0","0","2","0","1","","","","N","","","","","","","","","",""
"2019003838","","1","0","0","0","0","0","0","0","0","7","0","","02","1","2019","4","40.407382","-79.89479","2005","11","0","0","0","0","0","0","0","0","","0","0","0","","","0","","0","","40 24:26.575","","0","79 53:41.244","0","0","0","0","2448","0","0","0","N","0","0","0","1","02448","0","","5.0","","2","N","N","","0","","0","0","0","","0","","","1","0","0","0","0","0","0","2","0","1","","","","N","","","","","","","","","",""
"2019085491","","1","0","0","0","0","0","0","0","0","7","0","","02","8","2019","7","40.324886","-79.810433","1919","11","0","0","0","0","0","0","0","0","3","0","0","0","","","1","","0","","40 19:29.591","6","0","79 48:37.560","8","0","0","0","2477","0","0","0","N","0","0","0","2","02477","0","","5.0","","1","N","N","","0","","0","0","0","","0","Y","","1","1","0","0","0","1","1","2","0","1","","","","N","","","","","","","","","",""
"2019013794","","0","0","0","0","0","0","0","0","0","4","0","","02","2","2019","3","40.454076","-79.996814","1044","11","0","0","0","0","0","1","0","0","","0","0","0","","","2","","1","","40 27:14.672","","0","79 59:48.532","3","0","0","0","2301","0","0","0","N","0","0","0","5","02301","0","","1.0","","1","N","N","","0","","1","0","2","","2","","","2","2","0","0","0","1","0","2","0","2","","","","N","","","","","","","","","",""
"2019091590","","0","0","0","0","0","0","0","0","0","7","1","","02","9","2019","5","40.344488","-79.88411","1056","11","0","0","0","0","0","0","0","0","3","0","1","0","","","0","","0","","40 20:40.158","1","3","79 53:02.795","0","0","0","0","2423","0","0","0","N","0","0","0","1","02304","0","","5.0","","1","N","N","","0","","0","0","0","","0","Y","","1","0","0","0","0","0","0","2","0","1","","","","N","","","","","","","","","",""
"2019011682","","0","0","0","0","0","0","0","0","0","0","0","","02","1","2019","4","40.655468","-80.050378","1155","11","0","0","0","0","0","0","0","0","2","0","0","0","","","1","","0","","40 39:19.685","6","0","80 03:01.361","3","0","0","0","2216","0","0","0","N","0","0","0","2","02505","0","","1.0","","2","N","N","","0","","1","0","1","","0","Y","","1","1","0","0","0","0","0","2","0","1","","","","N","","","","","","","","","",""
"2019094326","","3","0","0","0","0","0","0","0","0","1","2","","02","9","2019","5","40.484317","-79.861437","1603","11","0","0","0","0","0","2","1","0","3","0","2","0","","","1","","0","","40 29:03.540","6","0","79 51:41.174","8","0","0","0","2113","0","0","0","N","0","0","0","5","02113","0","","1.0","","1","N","N","","0","","0","0","0","","0","Y","","5","1","0","0","0","1","0","2","0","5","","","","N","","","","","","","","","",""
"2019085507","","1","0","0","0","0","0","0","0","0","4","0","","02","8","2019","4","40.358243","-79.831789","2033","11","0","0","0","0","0","0","0","0","","0","0","0","","","0","N","0","","40 21:29.676","","7","79 49:54.440","0","0","0","0","2477","0","0","0","N","0","0","0","4","02477","0","","1.0","","1","N","N","","1","","0","0","0","","0","N","","2","0","0","0","0","0","0","2","0","2","","","","N","","","","","","","","","",""
"2019099437","","1","0","0","0","0","0","0","0","0","4","0","","02","10","2019","4","40.366659","-80.048794","1738","11","0","0","0","0","0","0","0","0","","0","0","0","","","1","","5","","40 21:59.971","","0","80 02:55.660","4","0","0","0","2109","0","0","0","N","0","0","0","2","02109","1","","1.0","","1","N","N","","0","","0","0","0","","2","","","2","1","0","0","0","0","0","2","1","2","","","","N","","","","","","","","","",""
"2019008087","","1","0","0","0","0","0","0","0","0","7","0","","02","1","2019","1","40.56765","-79.797754","1502","11","0","0","1","0","0","0","0","0","","0","0","0","","","0","","0","","40 34:03.541","","2","79 47:51.916","0","0","0","0","2121","0","0","0","N","0","0","0","1","68D02","0","","2.0","","6","N","N","","0","","0","0","0","","0","","","1","0","0","0","0","0","0","2","0","1","","","","N","","","","","","","","","",""
"2019096382","","2","0","0","0","0","0","0","0","0","4","0","","02","9","2019","3","40.462411","-79.99888","2129","11","0","0","0","0","0","0","1","0","1","0","0","0","","","0","","2","","40 27:44.678","6","0","79 59:55.969","0","0","0","0","2301","0","0","0","N","0","0","0","3","02301","0","","1.0","","1","N","N","","0","","0","0","0","","3","Y","","2","0","0","0","0","0","0","2","0","2","","","","N","","","","","","","","","",""
"2019016493","","1","0","0","0","0","0","0","0","0","4","0","","02","2","2019","2","40.516991","-80.221394","0851","11","0","0","1","0","0","0","0","0","1","0","0","0","","","0","","1","","40 31:01.169","4","0","80 13:17.018","0","0","0","0","2213","0","0","0","N","0","0","0","3","02213","0","","1.0","","9","N","N","","0","","0","0","1","","2","N","","2","0","0","0","0","0","0","2","0","2","","","","N","","","","","","","","","",""
"2019015542","","1","0","0","0","0","0","0","0","0","7","0","","02","2","2019","5","40.518792","-80.291911","1009","11","0","0","1","0","0","0","0","0","1","0","0","0","","","0","","0","","40 31:07.650","1","0","80 17:30.880","0","0","0","0","2203","0","0","0","N","0","0","0","1","02203","0","","5.0","","3","N","N","","0","","0","0","0","","0","N","","1","0","0","0","0","0","0","1","0","1","","","","N","","","","","","","","","",""
"2019005422","","2","0","0","0","0","0","0","0","0","4","0","","02","1","2019","5","40.382984","-79.85741","0649","11","0","0","0","0","0","0","0","0","1","0","0","0","","","0","","1","","40 22:58.744","1","0","79 51:26.676","0","0","0","0","2303","0","0","0","N","0","0","0","2","02303","0","","1.0","","9","N","N","","0","","0","0","0","","2","N","","2","0","0","0","0","0","0","2","0","2","","","","N","","","","","","","","","",""
"2019027763","","2","0","0","0","0","0","0","0","0","4","0","","02","2","2019","5","40.430129","-79.957404","2116","11","0","0","0","0","0","0","1","0","1","0","0","0","","","0","","0","","40 25:48.465","3","0","79 57:26.656","0","0","0","0","2301","0","0","0","N","0","0","0","3","68B03","0","","1.0","","9","N","N","","0","","0","0","1","","0","N","","3","0","0","0","0","0","0","2","0","3","","","","N","","","","","","","","","",""
"2019014931","","0","0","0","0","0","0","0","0","0","1","0","","02","2","2019","5","40.447426","-79.935979","1642","11","0","0","0","0","0","0","0","0","","0","0","0","","","1","","0","","40 26:50.732","","0","79 56:09.524","8","0","0","0","2301","0","0","0","N","0","0","0","2","02301","0","","1.0","","9","N","N","","0","","0","0","2","","0","","","2","1","0","0","0","1","0","2","0","2","","","","N","","","","","","","","","",""
"2019082620","","2","0","0","0","0","0","0","0","0","1","0","","02","8","2019","6","40.461729","-79.965337","1850","11","0","0","0","0","0","1","0","0","","0","0","0","","","0","","2","","40 27:42.223","","0","79 57:55.212","0","0","0","0","2301","0","0","0","N","0","0","0","3","02301","0","","1.0","","1","N","N","","0","","0","0","0","","0","N","","2","0","0","0","0","0","0","2","0","2","","","","N","","","","","","","","","",""
"2019006831","","0","0","0","0","0","0","0","0","0","7","0","","02","1","2019","6","40.496086","-80.01255","1952","11","0","0","0","0","0","1","0","0","2","0","0","0","","","1","","0","","40 29:45.908","2","0","80 00:45.181","8","0","0","0","2301","0","0","0","Y","0","0","0","1","02301","0","","2.0","","1","N","N","","1","","0","0","0","","0","N","","1","1","1","0","0","1","0","2","0","1","","","","N","","","","","","","","","",""
"2019099001","","1","0","0","0","0","0","0","0","0","5","1","","02","10","2019","4","40.278673","-79.905206","1602","11","0","0","0","0","0","1","0","1","","0","1","0","","","0","","0","","40 16:43.224","","0","79 54:18.742","0","0","0","0","2440","0","0","0","N","0","0","0","2","02440","0","","1.0","","1","N","N","","0","","0","0","0","","0","N","","2","0","0","0","0","0","0","2","0","2","","","","N","","","","","","","","","",""
"2019006992","","0","0","0","0","0","0","0","0","0","1","0","","02","1","2019","7","40.428909","-79.932038","0835","11","0","0","0","0","0","0","0","0","","0","0","0","","","0","","6","","40 25:44.074","","2","79 55:55.335","0","0","0","0","2301","0","0","0","N","0","0","0","2","02301","0","","7.0","","1","N","N","","0","","0","0","2","","3","","","2","0","0","0","0","0","0","2","0","2","","","","N","","","","","","","","","",""
"2019005861","","1","0","0","0","0","0","0","0","0","4","0","","02","1","2019","4","40.589783","-79.95195","0602","11","0","0","0","0","0","0","1","0","3","0","0","0","","","1","","0","","40 35:23.218","6","0","79 57:07.020","8","0","0","0","2207","0","0","0","N","0","0","0","3","02207","0","","1.0","","2","N","N","","0","","0","0","1","","0","Y","","2","1","0","0","0","1","0","2","0","2","","","","N","","","","","","","","","",""
"2019004521","","1","0","0","0","0","0","0","0","0","1","0","","02","1","2019","7","40.419571","-80.051879","2151","11","0","0","0","0","0","0","0","0","","0","0","0","","","2","","6","","40 25:10.454","","2","80 03:06.765","8","0","0","0","2435","0","0","0","N","0","0","0","2","68B03","0","","1.0","","1","N","N","","0","","0","0","1","","0","","","2","2","0","0","0","2","0","2","0","2","","","","N","","","","","","","","","",""
"2019087113","","2","0","0","0","0","0","0","0","0","1","0","","02","8","2019","6","40.617451","-80.096712","1500","11","0","0","0","0","1","1","0","0","2","0","0","0","","","1","","0","","40 37:02.822","2","2","80 05:48.162","3","0","0","0","2481","0","0","0","N","0","0","0","8","68B03","0","","1.0","","1","N","N","","0","","1","0","2","","0","N","","5","1","0","0","0","0","0","1","1","5","","","","N","","","","","","","","","",""
"2019007189","","0","0","0","0","0","0","0","0","0","0","0","","02","1","2019","1","40.353737","-79.836997","0139","11","0","0","0","0","0","0","0","0","","0","0","0","","","0","","0","","40 21:13.453","","0","79 50:13.189","0","0","0","0","2304","0","0","0","N","0","0","0","1","02304","0","","5.0","","9","N","N","","0","","0","0","1","","0","","","1","0","1","0","0","0","0","2","0","1","","","","N","","","","","","","","","",""
"2019012118","","1","0","0","0","0","0","0","0","0","4","0","","02","2","2019","6","40.449655","-80.026423","1036","11","0","0","0","0","0","0","0","0","","0","0","0","","","0","","0","","40 26:58.758","","0","80 01:35.121","0","0","0","0","2301","0","0","0","N","0","0","0","3","02301","0","","1.0","","2","N","N","","0","","0","0","1","","0","","","2","0","0","0","0","0","0","2","0","2","","","","N","","","","","","","","","",""
"2019085799","","0","0","0","0","0","0","0","0","0","7","0","","02","8","2019","7","40.418667","-79.986278","0200","11","0","0","0","0","0","0","0","0","3","1","0","0","","","0","","0","","40 25:07.200","5","0","79 59:10.600","1","1","0","1","2301","0","0","0","N","0","0","0","1","02301","0","2","4.0","","1","N","N","","0","0","0","0","0","","0","Y","","1","0","0","0","0","0","0","2","0","1","","","","N","","","","","","","","","",""
"2019013355","","2","0","0","0","0","0","0","0","0","1","0","","02","2","2019","2","40.332379","-79.946037","1239","11","0","0","0","0","0","2","0","0","1","0","0","0","","","3","","0","","40 19:56.565","2","0","79 56:45.732","3","0","0","0","2454","0","0","0","N","0","0","0","4","02454","0","","1.0","","1","N","N","","0","","3","0","1","","2","N","","3","3","0","0","0","0","0","2","0","3","","","","N","","","","","","","","","",""
"2019004846","","1","0","0","0","0","0","0","0","0","7","0","","02","1","2019","1","40.469135","-80.232724","0058","11","0","0","0","1","0","0","0","0","","0","0","0","","","0","","0","","40 28:08.887","","0","80 13:57.807","0","0","0","0","2203","0","0","0","N","0","0","0","2","02501","0","","2.0","","7","N","N","","0","","0","0","0","","0","","","1","0","0","0","0","0","0","2","0","1","","","","N","","","","","","","","","",""
"2019085649","","2","0","0","0","0","0","0","0","0","5","0","","02","8","2019","7","40.31608","-79.962457","1850","11","0","0","0","0","0","0","1","0","2","0","0","0","","","1","","2","","40 18:57.887","5","0","79 57:44.845","8","0","0","0","2440","0","0","0","N","0","0","0","1","02440","0","","1.0","","1","N","N","","0","","0","0","1","","0","N","","3","1","0","0","0","1","0","2","0","3","","","","N","","","","","","","","","",""
"2019012777","","2","0","0","0","0","0","0","0","0","2","0","","02","2","2019","7","40.308786","-79.889701","0645","11","0","0","0","0","0","1","0","0","2","0","0","0","","","1","","0","","40 18:31.630","5","0","79 53:22.924","3","0","0","0","2302","0","0","0","N","0","0","0","2","02302","0","","1.0","","2","N","N","","0","","1","0","0","","0","N","","2","1","0","0","0","0","0","2","0","2","","","","N","","","","","","","","","",""
"2019013089","","0","0","0","0","0","0","0","0","0","7","0","","02","2","2019","1","40.349056","-79.849556","1514","11","0","0","0","0","0","0","0","0","5","0","0","0","","","0","","0","","40 20:56.600","5","0","79 50:58.400","0","0","0","0","2304","0","0","0","N","0","0","0","1","02304","0","","5.0","","1","N","N","","1","","0","0","0","","0","Y","","1","0","1","0","0","0","0","2","0","1","","","","N","","","","","","","","","",""
"2019001994","","0","0","0","0","0","0","0","0","0","4","0","","02","1","2019","7","40.389206","-79.987846","1249","11","0","0","0","0","0","0","1","0","1","0","0","0","","","1","","1","","40 23:21.141","1","0","79 59:16.245","4","0","0","0","2301","0","0","0","N","0","0","0","4","02301","1","","1.0","","1","N","N","","0","","0","0","2","","3","N","","2","1","0","0","0","0","0","2","0","2","","","","N","","","","","","","","","",""
"2019014987","","0","0","0","0","0","0","0","0","0","7","0","","02","1","2019","5","40.638395","-80.051658","2132","11","0","0","0","0","0","1","0","0","1","0","0","0","","","0","","2","","40 38:18.221","4","0","80 03:05.967","0","0","0","0","2216","0","0","0","Y","0","0","0","1","02505","0","","5.0","","1","N","N","","0","","0","0","1","","0","N","","1","0","0","0","0","0","0","2","0","1","","","","N","","","","","","","","","",""
"2019004024","","2","0","0","0","0","0","0","0","0","4","0","","02","1","2019","6","40.404367","-79.97592","0837","11","0","0","0","0","0","1","0","0","","0","0","0","","","0","","2","","40 24:15.721","","0","79 58:33.311","9","0","0","0","2301","0","0","0","N","0","0","0","2","02301","0","","1.0","","1","N","N","","0","","0","0","0","","2","","","2","0","0","0","0","0","2","2","0","2","","","","N","","","","","","","","","",""
"2019095229","","1","0","0","0","0","0","0","0","0","1","0","","02","9","2019","4","40.530577","-80.009757","0917","11","0","0","0","0","0","1","0","1","1","0","0","0","","","1","","1","","40 31:50.078","4","0","80 00:35.126","8","0","0","0","2116","0","0","0","N","0","0","0","2","02116","0","","1.0","","1","N","N","","0","","0","0","1","","2","N","","2","1","0","0","0","1","0","2","0","2","","","","N","","","","","","","","","",""