"CRN","ARRIVAL_TM","AUTOMOBILE_COUNT","BELTED_DEATH_COUNT","BELTED_SUSP_SERIOUS_INJ_COUNT","BICYCLE_COUNT","BICYCLE_DEATH_COUNT","BICYCLE_SUSP_SERIOUS_INJ_COUNT","BUS_COUNT","CHLDPAS_DEATH_COUNT","CHLDPAS_SUSP_SERIOUS_INJ_COUNT","COLLISION_TYPE","COMM_VEH_COUNT","CONS_ZONE_SPD_LIM","COUNTY","CRASH_MONTH","CRASH_YEAR","DAY_OF_WEEK","DEC_LATITUDE","DEC_LONGITUDE","DISPATCH_TM","DISTRICT","DRIVER_COUNT_16YR","DRIVER_COUNT_17YR","DRIVER_COUNT_18YR","DRIVER_COUNT_19YR","DRIVER_COUNT_20YR","DRIVER_COUNT_50_64YR","DRIVER_COUNT_65_74YR","DRIVER_COUNT_75PLUS","EST_HRS_CLOSED","FATAL_COUNT","HEAVY_TRUCK_COUNT","HORSE_BUGGY_COUNT","HOUR_OF_DAY","ILLUMINATION","INJURY_COUNT","INTERSECTION_RELATED","INTERSECT_TYPE","LANE_CLOSED","LATITUDE","LN_CLOSE_DIR","LOCATION_TYPE","LONGITUDE","MAX_SEVERITY_LEVEL","MCYCLE_DEATH_COUNT","MCYCLE_SUSP_SERIOUS_INJ_COUNT","MOTORCYCLE_COUNT","MUNICIPALITY","NONMOTR_COUNT","NONMOTR_DEATH_COUNT","NONMOTR_SUSP_SERIOUS_INJ_COUNT","NTFY_HIWY_MAINT","PED_COUNT","PED_DEATH_COUNT","PED_SUSP_SERIOUS_INJ_COUNT","PERSON_COUNT","POLICE_AGCY","POSSIBLE_INJ_COUNT","RDWY_SURF_TYPE_CD","RELATION_TO_ROAD","ROADWAY_CLEARED","ROAD_CONDITION","SCH_BUS_IND","SCH_ZONE_IND","SECONDARY_CRASH","SMALL_TRUCK_COUNT","SPEC_JURIS_CD","SUSP_MINOR_INJ_COUNT","SUSP_SERIOUS_INJ_COUNT","SUV_COUNT","TCD_FUNC_CD","TCD_TYPE","TFC_DETOUR_IND","TIME_OF_DAY","TOTAL_UNITS","TOT_INJ_COUNT","UNBELTED_OCC_COUNT","UNB_DEATH_COUNT","UNB_SUSP_SERIOUS_INJ_COUNT","UNK_INJ_DEG_COUNT","UNK_INJ_PER_COUNT","URBAN_RURAL","VAN_COUNT","VEHICLE_COUNT","WEATHER1","WEATHER2","WORKERS_PRES","WORK_ZONE_IND","WORK_ZONE_LOC","WORK_ZONE_TYPE","WZ_CLOSE_DETOUR","WZ_FLAGGER","WZ_LAW_OFFCR_IND","WZ_LN_CLOSURE","WZ_MOVING","WZ_OTHER","WZ_SHLDER_MDN","WZ_WORKERS_INJ_KILLED"
"2019087758","","1","0","0","0","0","0","0","0","0","1","0","","02","8","2019","3","40.604609","-79.926804","1623","11","0","0","0","0","0","1","0","0","","0","0","0","","","1","","0","","40 36:16.594","","0","79 55:36.496","8","0","0","0","2207","0","0","0","N","0","0","0","2","02207","0","","1.0","","1","N","N","","0","","0","0","1","","0","N","","2","1","0","0","0","1","0","2","0","2","","","","N","","","","","","","","","",""
"2019006773","","1","0","0","0","0","0","0","0","0","6","0","","02","1","2019","3","40.363144","-80.124135","1808","11","0","0","0","0","0","0","0","0","","0","0","0","","","0","","0","","40 21:47.320","","7","80 07:26.885","0","0","0","0","2119","0","0","0","N","0","0","0","2","02119","0","","1.0","","1","N","N","","0","","0","0","1","","3","","","2","0","0","0","0","0","0","2","0","2","","","","N","","","","","","","","","",""
"2019009281","","1","0","0","0","0","0","0","0","0","1","0","","02","1","2019","6","40.49925","-79.883581","0726","11","0","0","0","1","0","1","0","0","","0","0","0","","","1","","2","","40 29:57.300","","0","79 53:00.891","8","0","0","0","2432","0","0","0","N","0","0","0","4","02432","0","","1.0","","9","N","N","","0","","0","0","2","","2","","","3","1","0","0","0","1","0","2","0","3","","","","N","","","","","","","","","",""
"2019011486","","1","0","0","0","0","0","0","0","0","7","0","","02","1","2019","4","40.494718","-80.011471","2252","11","0","0","0","0","0","0","0","0","","0","0","0","","","0","","0","","40 29:40.986","","2","80 00:41.295","0","0","0","0","2301","0","0","0","N","0","0","0","1","02301","0","","1.0","","2","N","N","","0","","0","0","0","","0","","","1","0","0","0","0","0","0","2","0","1","","","","N","","","","","","","","","",""
"2019010013","","1","0","0","0","0","0","0","0","0","7","0","","02","1","2019","6","40.357155","-79.832751","1645","11","0","0","0","0","0","0","0","0","","0","0","0","","","0","","3","","40 21:25.758","","0","79 49:57.902","0","0","0","0","2304","0","0","0","N","0","0","0","1","02304","0","","2.0","","2","N","N","","0","","0","0","0","","2","","","1","0","0","0","0","0","0","2","0","1","","","","N","","","","","","","","","",""
"2019009150","","2","0","0","0","0","0","0","0","0","2","0","","02","1","2019","1","40.426574","-79.794104","0225","11","0","0","0","0","0","0","0","0","2","0","0","0","","","1","","1","","40 25:35.665","4","0","79 47:38.774","4","0","0","0","2446","0","0","0","N","0","0","0","2","02446","1","","1.0","","9","N","N","","0","","0","0","0","","3","N","","2","1","0","0","0","0","0","2","0","2","","","","N","","","","","","","","","",""
"2019014093","","2","0","0","0","0","0","0","0","0","7","0","","02","2","2019","3","40.462056","-79.961833","1639","11","0","0","0","0","0","0","0","0","","0","0","0","","","1","","0","","40 27:43.400","","0","79 57:42.600","8","0","0","0","2301","0","0","0","N","0","0","0","2","02301","0","","6.0","","1","N","N","","0","","0","0","1","","0","","","3","1","1","0","0","1","0","2","0","3","","","","N","","","","","","","","","",""
"2019045915","","1","0","0","0","0","0","0","0","0","7","0","","02","5","2019","6","40.340951","-79.788396","1756","11","0","0","0","0","0","0","0","0","3","0","0","0","","","1","","0","","40 20:27.424","6","0","79 47:18.224","3","0","0","0","2477","0","0","0","N","0","0","0","1","02477","0","","2.0","","9","N","N","","0","","1","0","0","","0","Y","","1","1","0","0","0","0","0","2","0","1","","","","N","","","","","","","","","",""
"2019092415","","2","0","0","0","0","0","0","0","0","5","0","","02","9","2019","7","40.458017","-79.963972","1308","11","0","0","0","0","1","0","0","0","","0","0","0","","","0","","2","","40 27:28.860","","0","79 57:50.300","0","0","0","0","2301","0","0","0","N","0","0","0","2","02301","0","","2.0","","1","N","N","","0","","0","0","0","","0","N","","2","0","0","0","0","0","0","2","0","2","","","","N","","","","","","","","","",""
"2019083505","","1","0","0","0","0","0","0","0","0","4","0","","02","8","2019","2","40.332422","-79.946051","1613","11","0","0","0","0","0","1","0","1","","0","0","0","","","2","N","0","","40 19:56.719","","0","79 56:45.782","3","0","0","1","2454","0","0","0","N","0","0","0","4","02454","0","","1.0","","1","N","N","","2","","2","0","0","","0","N","","4","2","1","0","0","0","0","2","0","4","","","","N","","","","","","","","","",""
"2019087844","","2","0","0","0","0","0","0","0","0","1","0","","02","8","2019","4","40.46603","-79.705397","1850","11","0","0","0","0","0","0","0","0","1","0","0","0","","","0","","2","","40 27:57.707","1","0","79 42:19.430","0","0","0","0","2466","0","0","0","N","0","0","0","2","02466","0","","1.0","","1","N","N","","0","","0","0","0","","3","N","","2","0","0","0","0","0","0","2","0","2","","","","N","","","","","","","","","",""
"2019009455","","1","0","0","0","0","0","0","0","0","4","0","","02","1","2019","6","40.460376","-79.968993","1700","11","0","0","0","0","0","0","0","0","","0","0","0","","","2","","0","","40 27:37.355","","0","79 58:08.374","3","0","0","0","2301","0","0","0","N","0","0","0","6","02301","0","","1.0","","1","N","N","","0","","1","0","1","","0","","","2","2","0","0","0","1","0","2","0","2","","","","N","","","","","","","","","",""
"2019015207","","1","0","0","0","0","0","0","0","0","4","0","","02","2","2019","6","40.402238","-80.021579","1200","11","0","0","1","0","0","0","0","0","","0","0","0","","","0","","0","","40 24:08.058","","7","80 01:17.685","0","0","0","0","2301","0","0","0","N","0","0","0","2","02301","0","","1.0","","1","N","N","","0","","0","0","1","","0","","","2","0","0","0","0","0","0","2","0","2","","","","N","","","","","","","","","",""
"2019007644","","1","0","0","0","0","0","0","0","0","4","0","","02","1","2019","4","40.594596","-79.947832","1913","11","0","0","0","1","0","0","0","0","2","0","0","0","","","0","","3","","40 35:40.546","1","7","79 56:52.195","0","0","0","0","2207","0","0","0","N","0","0","0","2","02207","0","","1.0","","1","N","N","","0","","0","0","1","","0","N","","2","0","0","0","0","0","0","2","0","2","","","","N","","","","","","","","","",""
"2019097466","","1","0","0","0","0","0","0","0","0","1","0","","02","9","2019","4","40.430899","-79.873133","0608","11","0","0","0","0","0","0","0","0","","0","0","0","","","0","","0","","40 25:51.238","","0","79 52:23.280","0","0","0","0","2426","0","0","0","N","0","0","0","3","68B03","0","","1.0","","1","N","N","","1","","0","0","1","","0","","","3","0","0","0","0","0","0","2","0","3","","","","N","","","","","","","","","",""
"2019004937","","1","0","0","0","0","0","0","0","0","7","0","","02","1","2019","2","40.612617","-79.912515","0337","11","0","0","0","0","0","0","0","0","1","0","0","0","","","0","","0","","40 36:45.422","5","0","79 54:45.054","0","0","0","0","2220","0","0","0","N","0","0","0","1","02220","0","","5.0","","1","N","N","","0","","0","0","0","","0","N","","1","0","0","0","0","0","0","2","0","1","","","","N","","","","","","","","","",""
"2019011804","","1","0","0","0","0","0","0","0","0","1","0","","02","1","2019","5","40.337993","-79.984268","1445","11","0","0","0","0","0","1","0","0","","0","0","0","","","0","","2","","40 20:16.774","","0","79 59:03.364","0","0","0","0","2403","0","0","0","N","0","0","0","2","02403","0","","1.0","","1","N","N","","0","","0","0","1","","0","","","2","0","0","0","0","0","0","2","0","2","","","","N","","","","","","","","","",""
"2019027453","","2","0","0","0","0","0","0","0","0","5","0","","02","3","2019","6","40.442167","-79.950833","1548","11","0","0","0","0","0","0","0","0","1","0","0","0","","","0","","0","","40 26:31.800","4","0","79 57:03.000","0","0","0","0","2301","0","0","0","N","0","0","0","2","02301","0","","1.0","","1","N","N","","0","","0","0","0","","0","Y","","2","0","0","0","0","0","0","2","0","2","","","","N","","","","","","","","","",""
"2019090268","","1","0","1","0","0","0","0","0","0","7","0","","02","9","2019","1","40.370897","-79.787981","0825","11","0","0","0","0","0","0","0","0","1","0","0","0","","","1","","0","","40 22:15.229","3","0","79 47:16.730","2","0","0","0","2111","0","0","0","Y","0","0","0","2","02111","0","","2.0","","1","N","N","","0","","0","1","0","","0","Y","","1","1","0","0","0","0","0","2","0","1","","","","N","","","","","","","","","",""
"2019089679","","1","0","0","0","0","0","0","0","0","7","0","","02","9","2019","4","40.657956","-79.990021","","11","0","0","0","0","0","0","0","0","2","0","0","0","","","0","","0","","40 39:28.641","3","0","79 59:24.076","0","0","0","0","2217","0","0","0","N","0","0","0","1","02505","0","","4.0","","1","N","N","","0","","0","0","0","","0","N","","1","0","0","0","0","0","0","1","0","1","","","","N","","","","","","","","","",""
"2019097001","","0","0","0","0","0","0","0","0","0","7","0","","02","9","2019","4","40.528225","-79.876651","2235","11","0","0","0","0","0","0","1","0","3","0","0","0","","","1","","0","","40 31:41.611","1","0","79 52:35.944","4","0","0","0","2432","0","0","0","N","0","0","0","1","02432","1","","5.0","","1","N","N","","0","","0","0","1","","0","N","","1","1","0","0","0","0","0","2","0","1","","","","N","","","","","","","","","",""
"2019007466","","0","0","0","0","0","0","0","0","0","4","0","","02","1","2019","2","40.477314","-79.799042","0614","11","0","0","0","0","0","0","1","0","2","0","0","0","","","1","N","0","","40 28:38.331","1","7","79 47:56.550","8","0","0","0","2113","0","0","0","N","0","0","0","2","02113","0","","1.0","","9","N","N","","0","","0","0","2","","0","N","","2","1","0","0","0","1","0","2","0","2","","","","N","","","","","","","","","",""
"2019008775","","0","0","0","0","0","0","0","0","0","7","0","","02","1","2019","5","40.365416","-79.912218","0017","11","0","0","0","0","0","1","0","0","","0","0","0","","","0","","1","","40 21:55.497","","0","79 54:43.985","0","0","0","0","2301","0","0","0","N","0","0","0","1","02301","0","","5.0","","9","N","N","","1","","0","0","0","","0","","","1","0","0","0","0","0","0","2","0","1","","","","N","","","","","","","","","",""
"2019013092","","0","0","0","0","0","0","0","0","0","7","0","","02","2","2019","1","40.39329","-79.934835","1520","11","0","0","0","0","0","0","0","0","3","0","0","0","","","0","","6","","40 23:35.845","1","2","79 56:05.407","9","0","0","0","2301","0","0","0","N","0","0","0","1","02301","0","","4.0","","1","N","N","","0","","0","0","1","","0","N","","1","0","0","0","0","0","1","2","0","1","","","","N","","","","","","","","","",""
"2019004043","","2","0","0","0","0","0","0","0","0","1","0","","02","1","2019","6","40.39533","-79.997389","0930","11","0","0","0","0","0","0","0","0","","0","0","0","","","0","","2","","40 23:43.189","","0","79 59:50.600","0","0","0","0","2301","0","0","0","N","0","0","0","4","02301","0","","1.0","","1","N","N","","1","","0","0","0","","2","","","3","0","1","0","0","0","0","2","0","3","","","","N","","","","","","","","","",""
"2019014917","","0","0","0","0","0","0","0","0","0","7","0","","02","2","2019","4","40.386838","-79.828809","2253","11","0","0","0","0","0","0","0","0","1","0","0","0","","","0","","0","","40 23:12.618","2","99","79 49:43.712","0","0","0","0","2111","0","0","0","N","0","0","0","1","02111","0","","4.0","","9","N","N","","0","","0","0","1","","0","Y","","1","0","0","0","0","0","0","2","0","1","","","","N","","","","","","","","","",""
"2019015609","","0","0","0","0","0","0","0","0","0","1","0","","02","1","2019","3","40.440931","-80.009264","1216","11","0","0","0","0","0","0","0","0","","0","0","0","","","0","","6","","40 26:27.350","","2","80 00:33.351","9","0","0","0","2301","0","0","0","N","0","0","0","2","68B03","0","","1.0","","1","N","N","","1","","0","0","1","","4","","","2","0","0","0","0","0","2","2","0","2","","","","N","","","","","","","","","",""
"2019012568","","1","0","0","0","0","0","0","0","0","4","0","","02","1","2019","3","40.35451","-80.114766","0947","11","0","0","0","0","0","1","0","0","","0","0","0","","","0","","1","","40 21:16.237","","0","80 06:53.157","0","0","0","0","2119","0","0","0","N","0","0","0","2","02119","0","","1.0","","1","N","N","","0","","0","0","0","","2","","","2","0","0","0","0","0","0","2","1","2","","","","Y","","","","","","","","","",""
"2019001982","","1","0","0","0","0","0","0","0","0","2","0","","02","1","2019","7","40.3885","-79.996472","1138","11","0","0","0","0","0","0","1","0","","0","0","0","","","0","","0","","40 23:18.600","","7","79 59:47.300","0","0","0","0","2301","0","0","0","N","0","0","0","4","02301","0","","4.0","","1","N","N","","1","","0","0","0","","0","","","2","0","0","0","0","0","0","2","0","2","","","","N","","","","","","","","","",""
"2019023052","","0","0","0","0","0","0","0","0","0","7","0","","02","2","2019","7","40.543025","-80.217738","0514","11","0","0","0","0","0","0","0","1","","0","0","0","","","1","","2","","40 32:34.890","","0","80 13:03.856","3","0","0","0","2213","0","0","0","N","0","0","0","1","02213","0","","4.0","","1","N","N","","0","","1","0","1","","3","","","1","1","0","0","0","0","0","2","0","1","","","","N","","","","","","","","","",""
"2019094123","","1","0","0","0","0","0","0","0","0","1","0","55","02","9","2019","6","40.543108","-80.08204","2335","11","0","0","0","0","0","0","0","0","","0","0","0","","","2","","0","","40 32:35.187","","0","80 04:55.345","3","0","0","0","2215","0","0","0","N","0","0","0","3","68B03","0","","1.0","","1","N","N","","0","","2","0","0","","8","","","2","2","0","0","0","0","0","2","1","2","","","Y","Y","2","2","N","N","N","Y","N","N","N",""
"2019007506","","0","0","0","0","0","0","0","0","0","4","0","","02","1","2019","2","40.435268","-79.993702","0954","11","0","0","0","0","0","0","0","0","","0","0","0","","","2","","0","","40 26:06.964","","0","79 59:37.328","3","0","0","0","2301","0","0","0","N","0","0","0","2","02301","0","","1.0","","9","N","N","","0","","2","0","1","","0","","","2","2","0","0","0","0","0","2","1","2","","","","N","","","","","","","","","",""
"2019013256","","1","0","0","0","0","0","0","0","0","99","0","","02","1","2019","7","40.433841","-79.885208","1743","11","0","0","0","1","0","1","0","0","2","0","0","0","","","3","","1","","40 26:01.827","7","1","79 53:06.748","8","0","0","0","2426","0","0","0","N","0","0","0","5","02426","0","","1.0","","9","N","N","","0","","0","0","1","","2","N","","2","3","0","0","0","3","1","2","0","2","","","","N","","","","","","","","","",""
"2019097011","","0","0","0","0","0","0","0","0","0","4","0","","02","9","2019","4","40.650432","-80.037036","","11","0","0","0","0","0","1","0","1","2","0","0","0","","","0","","2","","40 39:01.554","2","0","80 02:13.330","0","0","0","0","2216","0","0","0","N","0","0","0","2","02505","0","","1.0","","1","N","N","","0","","0","0","1","","3","N","","2","0","0","0","0","0","0","1","1","2","","","","N","","","","","","","","","",""
"2019085889","","0","0","0","0","0","0","0","0","0","0","0","","02","7","2019","3","40.567295","-80.114787","1049","11","0","0","0","0","0","1","0","0","","0","0","0","","","0","","0","","40 34:02.263","","0","80 06:53.234","0","0","0","0","2460","0","0","0","N","0","0","0","2","68B03","0","","1.0","","1","N","N","","0","","0","0","1","","0","","","1","0","0","0","0","0","0","2","0","1","","","","N","","","","","","","","","",""
"2019018630","","1","0","0","0","0","0","0","0","0","4","0","","02","2","2019","1","40.525504","-80.224471","1704","11","0","0","0","0","0","0","0","0","2","0","0","0","","","0","","2","","40 31:31.814","4","0","80 13:28.095","0","0","0","0","2213","0","0","0","N","0","0","0","3","02213","0","","1.0","","7","N","N","","0","","0","0","0","","0","N","","2","0","0","0","0","0","0","2","1","2","","","","N","","","","","","","","","",""
"2019094087","","0","0","0","0","0","0","0","0","0","1","0","","02","8","2019","3","40.427011","-79.918941","0918","11","0","0","0","0","0","1","0","0","2","0","0","0","","","2","","0","","40 25:37.239","4","0","79 55:08.188","3","0","0","0","2301","0","0","0","N","0","0","0","5","68B03","0","","1.0","","1","N","N","","0","","2","0","4","","0","N","","4","2","0","0","0","0","0","2","0","4","","","","N","","","","","","","","","",""
"2019015517","","1","0","0","0","0","0","0","0","0","7","0","","02","2","2019","7","40.548348","-79.776839","2149","11","0","0","0","0","0","0","0","0","3","0","0","0","","","1","","0","","40 32:54.053","6","0","79 46:36.619","8","0","0","0","2121","0","0","0","N","0","0","0","1","02121","0","","5.0","","98","N","N","","0","","0","0","0","","0","Y","","1","1","0","0","0","1","0","1","0","1","","","","N","","","","","","","","","",""
"2019014240","","1","0","0","1","0","0","0","0","0","8","0","","02","2","2019","4","40.450709","-80.002895","0601","11","0","0","0","0","0","1","0","0","1","0","0","0","","","1","","2","","40 27:02.553","3","0","80 00:10.421","3","0","0","0","2301","1","0","0","N","0","0","0","2","02301","0","","4.0","","9","N","N","","0","","1","0","0","","0","N","","2","1","0","0","0","0","0","2","0","1","","","","N","","","","","","","","","",""
"2019021374","","0","0","0","0","0","0","0","0","0","1","0","","02","2","2019","5","40.507583","-80.172104","0923","11","0","0","0","0","0","1","0","0","1","0","0","0","","","0","","0","","40 30:27.297","1","0","80 10:19.575","0","0","0","0","2213","0","0","0","N","0","0","0","2","02213","0","","1.0","","1","N","N","","1","","0","0","1","","0","Y","","2","0","0","0","0","0","0","2","0","2","","","","N","","","","","","","","","",""
"2019092446","","1","0","0","0","0","0","0","0","0","7","0","","02","9","2019","1","40.293397","-79.970042","2013","11","0","1","0","0","0","0","0","0","1","0","0","0","","","2","N","0","","40 17:36.230","5","3","79 58:12.150","3","0","0","0","2440","0","0","0","Y","0","0","0","2","02440","1","","1.0","","1","N","N","","0","","1","0","0","","0","Y","","1","2","0","0","0","0","0","2","0","1","","","","N","","","","","","","","","",""
"2019010047","","1","0","0","0","0","0","0","0","0","5","0","","02","1","2019","3","40.356652","-80.113254","1815","11","0","0","0","0","0","0","0","0","","0","0","0","","","0","","0","","40 21:23.947","","0","80 06:47.713","0","0","0","0","2414","0","0","0","N","0","0","0","3","02414","0","","1.0","","1","N","N","","1","","0","0","0","","0","","","3","0","0","0","0","0","0","2","1","3","","","","N","","","","","","","","","",""
"2019009405","","1","0","0","0","0","0","0","0","0","7","0","","02","1","2019","4","40.42815","-79.947751","1721","11","0","0","0","0","0","0","0","0","","0","0","0","","","0","","0","","40 25:41.341","","0","79 56:51.903","0","0","0","0","2301","0","0","0","N","0","0","0","1","68B03","0","","4.0","","9","N","N","","0","","0","0","0","","0","","","1","0","0","0","0","0","0","2","0","1","","","","N","","","","","","","","","",""
"2019011878","","0","0","0","0","0","0","0","0","0","4","0","","02","1","2019","6","40.4385","-80.026694","2234","11","0","1","0","0","0","0","0","0","","0","0","0","","","1","","0","","40 26:18.600","","0","80 01:36.100","4","0","0","0","2301","0","0","0","N","0","0","0","3","02301","1","","1.0","","1","N","N","","0","","0","0","2","","0","N","","2","1","1","0","0","0","0","2","0","2","","","","N","","","","","","","","","",""
"2019092352","","2","0","0","0","0","0","0","0","0","1","0","","02","9","2019","2","40.639762","-80.138063","1739","11","0","0","0","0","0","1","0","0","","0","0","0","","","0","","0","","40 38:23.143","","7","80 08:17.027","9","0","0","0","2212","0","0","0","N","0","0","0","2","02505","0","","1.0","","1","N","N","","0","","0","0","0","","0","","","2","0","0","0","0","0","1","1","0","2","","","","N","","","","","","","","","",""
"2019017498","","1","0","0","0","0","0","0","0","0","5","0","","02","1","2019","3","40.373654","-79.844858","1230","11","0","0","0","0","0","0","1","0","2","0","0","0","","","1","","2","","40 22:25.154","2","0","79 50:41.489","8","0","0","0","2303","0","0","0","N","0","0","0","2","02303","0","","1.0","","1","N","N","","0","","0","0","1","","2","Y","","2","1","0","0","0","1","0","2","0","2","","","","N","","","","","","","","","",""
"2019010496","","2","0","0","0","0","0","0","0","0","1","0","","02","1","2019","4","40.435126","-79.956406","1338","11","0","0","0","0","0","1","0","1","","0","0","0","","","3","","1","","40 26:06.452","","0","79 57:23.060","3","0","0","0","2301","0","0","0","N","0","0","0","4","02301","0","","1.0","","9","N","N","","0","","3","0","0","","2","N","","2","3","0","0","0","0","0","2","0","2","","","","N","","","","","","","","","",""
"2019013068","","2","0","0","0","0","0","0","0","0","1","0","","02","2","2019","7","40.45221","-80.172519","1522","11","0","1","0","0","0","1","0","1","2","0","0","0","","","1","","0","","40 27:07.956","1","3","80 10:21.068","4","0","0","0","2214","0","0","0","N","0","0","0","4","02214","1","","1.0","","1","N","N","","0","","0","0","1","","2","N","","4","1","0","0","0","0","0","2","1","4","","","","N","","","","","","","","","",""
"2019012352","","1","0","0","0","0","0","0","0","0","7","0","","02","2","2019","6","40.448856","-80.02296","2035","11","0","0","0","0","0","0","0","0","1","0","0","0","","","1","","0","","40 26:55.883","2","0","80 01:22.657","3","0","0","0","2301","0","0","0","N","0","0","0","1","02301","0","","1.0","","6","N","N","","0","","1","0","0","","0","Y","","1","1","0","0","0","0","0","2","0","1","","","","N","","","","","","","","","",""
"2019012607","","1","0","0","0","0","0","0","0","0","6","0","","02","2","2019","6","40.349872","-80.045121","0956","11","0","0","0","0","0","1","0","0","","0","0","0","","","0","","2","","40 20:59.539","","0","80 02:42.435","0","0","0","0","2407","0","0","0","N","0","0","0","2","02407","0","","1.0","","7","N","N","","0","","0","0","1","","0","","","2","0","0","0","0","0","0","2","0","2","","","","N","","","","","","","","","",""
"2019093255","","0","0","0","0","0","0","0","0","0","4","0","","02","9","2019","5","40.514288","-80.217248","1746","11","0","0","0","0","0","1","0","0","2","0","0","0","","","3","N","0","","40 30:51.437","4","7","80 13:02.094","3","0","0","0","2213","0","0","0","N","0","0","0","6","02213","0","","1.0","","1","N","N","","0","","3","0","2","","0","Y","","2","3","0","0","0","0","0","2","0","2","","","","N","","","","","","","","","",""
"2019093260","","0","0","0","0","0","0","0","0","0","1","0","","02","9","2019","5","40.363933","-79.992165","2044","11","0","2","0","0","0","0","0","0","2","0","0","0","","","0","","1","","40 21:50.158","1","0","79 59:31.794","0","0","0","0","2476","0","0","0","N","0","0","0","3","02476","0","","1.0","","1","N","N","","0","","0","0","2","","0","N","","2","0","0","0","0","0","0","2","0","2","","","","N","","","","","","","","","",""
"2019011196","","1","0","0","0","0","0","0","0","0","7","0","","02","1","2019","4","40.425864","-79.986021","0923","11","0","0","0","0","0","0","0","0","1","0","0","0","","","0","","0","","40 25:33.109","5","0","79 59:09.675","0","0","0","0","2301","0","0","0","N","0","0","0","1","02301","0","","4.0","","2","N","N","","0","","0","0","0","","0","Y","","1","0","0","0","0","0","0","2","0","1","","","","N","","","","","","","","","",""
"2019097459","","1","0","0","0","0","0","0","0","0","4","0","","02","9","2019","2","40.526478","-80.159125","1556","11","0","0","0","0","0","0","0","1","2","0","0","0","","","2","","2","","40 31:35.322","6","0","80 09:32.850","3","0","0","0","2452","0","0","0","N","0","0","0","3","68B03","0","","1.0","","1","N","N","","1","","2","0","0","","2","Y","","2","2","0","0","0","0","0","2","0","2","","","","N","","","","","","","","","",""
"2019082445","","1","0","0","0","0","0","0","0","0","5","1","","02","8","2019","6","40.425221","-79.964199","0944","11","0","0","0","0","0","0","0","0","","0","1","0","","","0","","2","","40 25:30.797","","0","79 57:51.118","0","0","0","0","2301","0","0","0","N","0","0","0","2","02301","0","","1.0","","1","N","N","","0","","0","0","0","","0","","","2","0","0","0","0","0","0","2","0","2","","","","N","","","","","","","","","",""
"2019094137","","1","0","0","0","0","0","0","0","0","1","0","","02","9","2019","5","40.342637","-79.973084","1055","11","0","0","0","0","0","0","0","0","","0","0","0","","","0","","0","","40 20:33.493","","0","79 58:23.102","0","0","0","0","2403","0","0","0","N","0","0","0","2","02403","0","","1.0","","1","N","N","","0","","0","0","1","","0","","","2","0","0","0","0","0","0","2","0","2","","","","N","","","","","","","","","",""
"2019015893","","1","0","0","0","0","0","0","0","0","1","0","55","02","1","2019","4","40.616963","-79.752042","0731","11","0","0","0","0","0","1","0","0","","0","0","0","","","0","","0","","40 37:01.066","","0","79 45:07.350","0","0","0","0","2202","0","0","0","N","0","0","0","2","68D02","0","","1.0","","9","N","N","","0","","0","0","1","","0","","","2","0","0","0","0","0","0","2","0","2","","","N","Y","5","1","N","N","N","N","N","Y","N",""
"2019012327","","0","0","0","0","0","0","0","0","0","7","0","","02","1","2019","5","40.656895","-79.884866","1636","11","0","0","0","0","0","0","0","0","2","0","0","0","","","1","","0","","40 39:24.821","6","0","79 53:05.518","3","0","0","0","2220","0","0","0","N","0","0","0","1","02220","0","","5.0","","1","N","N","","1","","1","0","0","","0","Y","","1","1","0","0","0","0","0","1","0","1","","","","N","","","","","","","","","",""
"2019097397","","1","0","0","0","0","0","0","0","0","7","0","","02","9","2019","5","40.298879","-80.044734","1332","11","0","0","0","0","0","0","1","0","","0","0","0","","","0","","0","","40 17:55.964","","7","80 02:41.044","0","0","0","0","2407","0","0","0","N","0","0","0","1","02407","0","","5.0","","1","N","N","","0","","0","0","0","","0","","","1","0","0","0","0","0","0","2","0","1","","","","N","","","","","","","","","",""
"2019012800","","1","0","0","0","0","0","0","0","0","8","0","","02","2","2019","7","40.451509","-79.908149","2056","11","0","0","0","0","0","0","0","0","1","0","0","0","","","1","","1","","40 27:05.432","3","0","79 54:29.335","4","0","0","0","2301","1","0","0","N","1","0","0","3","02301","1","","1.0","","9","N","N","","0","","0","0","0","","2","Y","","2","1","0","0","0","0","0","2","0","1","","","","N","","","","","","","","","",""
"2019035746","","2","0","0","0","0","0","0","0","0","4","0","","02","3","2019","4","40.405782","-79.909466","2004","11","0","0","0","0","0","0","1","0","1","0","0","0","","","0","","1","","40 24:20.815","1","0","79 54:34.079","0","0","0","0","2438","0","0","0","N","0","0","0","3","02438","0","","1.0","","1","N","N","","0","","0","0","1","","3","N","","3","0","0","0","0","0","0","2","0","3","","","","N","","","","","","","","","",""
"2019001752","","1","0","0","0","0","0","0","0","0","1","0","","02","1","2019","6","40.42852","-79.976266","1730","11","0","0","0","0","0","0","0","0","1","0","0","0","","","0","","1","","40 25:42.671","3","0","79 58:34.558","0","0","0","0","2301","0","0","0","N","0","0","0","2","02301","0","","1.0","","1","N","N","","0","","0","0","1","","2","N","","2","0","0","0","0","0","0","2","0","2","","","","N","","","","","","","","","",""