"CRN","ARRIVAL_TM","AUTOMOBILE_COUNT","BELTED_DEATH_COUNT","BELTED_SUSP_SERIOUS_INJ_COUNT","BICYCLE_COUNT","BICYCLE_DEATH_COUNT","BICYCLE_SUSP_SERIOUS_INJ_COUNT","BUS_COUNT","CHLDPAS_DEATH_COUNT","CHLDPAS_SUSP_SERIOUS_INJ_COUNT","COLLISION_TYPE","COMM_VEH_COUNT","CONS_ZONE_SPD_LIM","COUNTY","CRASH_MONTH","CRASH_YEAR","DAY_OF_WEEK","DEC_LATITUDE","DEC_LONGITUDE","DISPATCH_TM","DISTRICT","DRIVER_COUNT_16YR","DRIVER_COUNT_17YR","DRIVER_COUNT_18YR","DRIVER_COUNT_19YR","DRIVER_COUNT_20YR","DRIVER_COUNT_50_64YR","DRIVER_COUNT_65_74YR","DRIVER_COUNT_75PLUS","EST_HRS_CLOSED","FATAL_COUNT","HEAVY_TRUCK_COUNT","HORSE_BUGGY_COUNT","HOUR_OF_DAY","ILLUMINATION","INJURY_COUNT","INTERSECTION_RELATED","INTERSECT_TYPE","LANE_CLOSED","LATITUDE","LN_CLOSE_DIR","LOCATION_TYPE","LONGITUDE","MAX_SEVERITY_LEVEL","MCYCLE_DEATH_COUNT","MCYCLE_SUSP_SERIOUS_INJ_COUNT","MOTORCYCLE_COUNT","MUNICIPALITY","NONMOTR_COUNT","NONMOTR_DEATH_COUNT","NONMOTR_SUSP_SERIOUS_INJ_COUNT","NTFY_HIWY_MAINT","PED_COUNT","PED_DEATH_COUNT","PED_SUSP_SERIOUS_INJ_COUNT","PERSON_COUNT","POLICE_AGCY","POSSIBLE_INJ_COUNT","RDWY_SURF_TYPE_CD","RELATION_TO_ROAD","ROADWAY_CLEARED","ROAD_CONDITION","SCH_BUS_IND","SCH_ZONE_IND","SECONDARY_CRASH","SMALL_TRUCK_COUNT","SPEC_JURIS_CD","SUSP_MINOR_INJ_COUNT","SUSP_SERIOUS_INJ_COUNT","SUV_COUNT","TCD_FUNC_CD","TCD_TYPE","TFC_DETOUR_IND","TIME_OF_DAY","TOTAL_UNITS","TOT_INJ_COUNT","UNBELTED_OCC_COUNT","UNB_DEATH_COUNT","UNB_SUSP_SERIOUS_INJ_COUNT","UNK_INJ_DEG_COUNT","UNK_INJ_PER_COUNT","URBAN_RURAL","VAN_COUNT","VEHICLE_COUNT","WEATHER1","WEATHER2","WORKERS_PRES","WORK_ZONE_IND","WORK_ZONE_LOC","WORK_ZONE_TYPE","WZ_CLOSE_DETOUR","WZ_FLAGGER","WZ_LAW_OFFCR_IND","WZ_LN_CLOSURE","WZ_MOVING","WZ_OTHER","WZ_SHLDER_MDN","WZ_WORKERS_INJ_KILLED"
"2019024188","","2","0","0","0","0","0","0","0","0","1","0","","02","3","2019","6","40.441299","-80.020535","0818","11","0","0","0","0","1","0","1","0","1","0","0","0","","","3","","0","","40 26:28.675","3","0","80 01:13.926","4","0","0","0","2301","0","0","0","N","0","0","0","3","02301","3","","1.0","","9","N","N","","0","","0","0","0","","0","N","","3","3","0","0","0","0","0","2","1","3","","","","N","","","","","","","","","",""
"2019102656","","1","0","0","0","0","0","0","0","0","7","0","","02","10","2019","7","40.478798","-80.130438","0726","11","0","0","0","0","0","0","1","0","","0","0","0","","","0","","0","","40 28:43.673","","0","80 07:49.576","0","0","0","0","2115","0","0","0","N","0","0","0","1","02115","0","","2.0","","9","N","N","","0","","0","0","0","","0","N","","1","0","0","0","0","0","0","2","0","1","","","","N","","","","","","","","","",""
"2019047395","","1","0","0","0","0","0","0","0","0","2","0","","02","5","2019","4","40.339242","-79.979906","1326","11","0","0","0","0","0","1","0","0","","0","0","0","","","0","","0","","40 20:21.271","","0","79 58:47.661","0","0","0","0","2403","0","0","0","N","0","0","0","1","02403","0","","1.0","","1","N","N","","1","","0","0","0","","0","","","2","0","0","0","0","0","0","2","0","2","","","","N","","","","","","","","","",""
"2019024870","","0","0","0","0","0","0","0","0","0","8","0","","02","3","2019","1","40.45265","-79.910324","1209","11","0","0","0","0","0","0","0","0","1","0","0","0","","","1","","1","","40 27:09.540","3","0","79 54:37.168","8","0","0","0","2301","1","0","0","N","1","0","0","2","02301","0","","1.0","","1","N","N","","0","","0","0","1","","2","N","","2","1","0","0","0","1","0","2","0","1","","","","N","","","","","","","","","",""
"2019022501","","0","0","0","0","0","0","0","0","0","4","0","","02","2","2019","2","40.451451","-79.90819","0740","11","0","0","0","0","0","0","1","0","","0","0","0","","","0","","1","","40 27:05.223","","0","79 54:29.484","0","0","0","0","2301","0","0","0","N","0","0","0","3","02301","0","","1.0","","1","N","N","","0","","0","0","2","","2","","","2","0","0","0","0","0","0","2","0","2","","","","N","","","","","","","","","",""
"2019030051","","2","0","0","0","0","0","0","0","0","4","0","","02","3","2019","6","40.278854","-79.875329","1826","11","0","0","0","0","0","0","0","0","2","0","0","0","","","2","","1","","40 16:43.875","2","0","79 52:31.186","4","0","0","0","2105","0","0","0","N","0","0","0","5","02105","2","","1.0","","1","N","N","","0","","0","0","0","","2","Y","","2","2","3","0","0","0","0","1","0","2","","","","N","","","","","","","","","",""
"2019025169","","1","0","0","0","0","0","0","0","0","7","0","","02","3","2019","1","40.641143","-79.954941","2308","11","0","0","0","0","0","0","0","0","","0","0","0","","","1","","0","","40 38:28.116","","0","79 57:17.789","3","0","0","0","2217","0","0","0","N","0","0","0","1","02505","0","","5.0","","6","N","N","","0","","1","0","0","","0","","","1","1","0","0","0","0","0","2","0","1","","","","N","","","","","","","","","",""
"2019099290","","0","0","0","0","0","0","0","0","0","5","1","","02","10","2019","4","40.537844","-80.186982","0922","11","0","0","0","0","0","0","0","0","2","0","1","0","","","2","","0","","40 32:16.240","2","0","80 11:13.136","8","0","0","0","2458","0","0","0","Y","0","0","0","3","02458","0","","1.0","","1","N","N","","0","","0","0","0","","0","Y","","2","2","0","0","0","2","0","2","1","2","","","","N","","","","","","","","","",""
"2019022650","","0","0","0","0","0","0","0","0","0","7","0","","02","2","2019","1","40.489083","-79.836611","2153","11","0","0","0","0","0","0","0","0","1","0","0","0","","","0","","0","","40 29:20.700","4","0","79 50:11.800","0","0","0","0","2113","0","0","0","N","0","0","0","1","02113","0","","5.0","","1","N","N","","0","","0","0","1","","0","Y","","1","0","1","0","0","0","0","2","0","1","","","","N","","","","","","","","","",""
"2019105203","","2","0","0","0","0","0","0","0","0","4","0","","02","10","2019","6","40.454029","-79.912399","1527","11","0","0","0","0","0","1","0","0","1","0","0","0","","","0","","1","","40 27:14.504","2","0","79 54:44.638","0","0","0","0","2301","0","0","0","N","0","0","0","2","02301","0","","1.0","","1","N","N","","0","","0","0","0","","2","N","","2","0","0","0","0","0","0","2","0","2","","","","N","","","","","","","","","",""
"2019105584","","1","0","0","0","0","0","0","0","0","4","0","","02","10","2019","7","40.513539","-80.001062","1818","11","0","0","0","0","0","1","0","1","1","0","0","0","","","0","N","0","","40 30:48.740","2","7","80 00:03.822","0","0","0","0","2116","0","0","0","N","0","0","0","3","02116","0","","1.0","","1","N","N","","0","","0","0","1","","0","N","","2","0","0","0","0","0","0","2","0","2","","","","N","","","","","","","","","",""
"2019025071","","2","0","0","0","0","0","0","0","0","1","0","","02","2","2019","7","40.493883","-79.909222","1410","11","0","0","0","0","0","0","0","0","1","0","0","0","","","1","","6","","40 29:37.979","1","2","79 54:33.200","4","0","0","0","2112","0","0","0","N","0","0","0","3","02401","1","","7.0","","1","N","N","","0","","0","0","0","","3","N","","2","1","0","0","0","0","0","2","0","2","","","","N","","","","","","","","","",""
"2019023035","","2","0","0","0","0","0","0","0","0","4","0","","02","2","2019","3","40.447298","-79.944179","1518","11","0","0","0","1","0","0","0","0","2","0","0","0","","","0","","2","","40 26:50.271","4","0","79 56:39.046","0","0","0","0","2301","0","0","0","N","0","0","0","3","02301","0","","1.0","","1","N","N","","0","","0","0","0","","0","Y","","2","0","0","0","0","0","0","2","0","2","","","","N","","","","","","","","","",""
"2019022892","","1","0","0","0","0","0","0","0","0","1","0","","02","2","2019","7","40.428583","-79.78725","9999","11","0","0","0","0","0","0","0","0","1","0","0","0","","","1","","0","","40 25:42.900","2","7","79 47:14.100","3","0","0","0","2446","0","0","0","N","0","0","0","3","02446","0","","1.0","","1","N","N","","1","","1","0","0","","0","N","","2","1","0","0","0","0","0","2","0","2","","","","N","","","","","","","","","",""
"2019106316","","1","0","0","0","0","0","0","0","0","5","1","","02","6","2019","3","40.436229","-79.971518","0040","11","0","0","0","0","0","0","0","0","2","0","1","0","","","1","","0","","40 26:10.424","4","0","79 58:17.465","8","0","0","0","2301","0","0","0","Y","0","0","0","2","68B03","0","","4.0","","9","N","N","","0","","0","0","0","","0","N","","2","1","0","0","0","1","0","2","0","2","","","","N","","","","","","","","","",""
"2019107068","","1","0","0","0","0","0","0","0","0","99","0","","02","10","2019","7","40.47128","-79.765033","0539","11","0","0","0","0","0","0","0","0","","0","0","0","","","0","","0","","40 28:16.608","","0","79 45:54.118","0","0","0","0","2466","0","0","0","N","0","0","0","1","68T02","0","","1.0","","1","N","N","","0","","0","0","0","","0","","","1","0","0","0","0","0","0","2","0","1","","","","N","","","","","","","","","",""
"2019104584","","2","0","0","0","0","0","0","0","0","99","0","","02","10","2019","4","40.455463","-79.892272","2316","11","0","0","0","0","0","0","1","0","2","0","0","0","","","0","","1","","40 27:19.668","7","0","79 53:32.179","0","0","0","0","2301","0","0","0","N","0","0","0","2","02301","0","","1.0","","9","N","N","","0","","0","0","0","","3","Y","","2","0","0","0","0","0","0","2","0","2","","","","N","","","","","","","","","",""
"2019023620","","1","0","0","0","0","0","0","0","0","1","0","","02","2","2019","4","40.421775","-80.191884","1445","11","0","0","0","0","0","0","0","1","","0","0","0","","","1","","0","","40 25:18.389","","7","80 11:30.784","3","0","0","0","2214","0","0","0","N","0","0","0","2","02214","0","","1.0","","1","N","N","","0","","1","0","1","","2","","","2","1","0","0","0","0","1","2","0","2","","","","N","","","","","","","","","",""
"2019033520","","0","0","0","0","0","0","0","0","0","1","0","","02","3","2019","6","40.456806","-80.111745","1700","11","0","0","0","0","0","0","0","0","1","0","0","0","","","0","","0","","40 27:24.500","1","0","80 06:42.282","0","0","0","0","2126","0","0","0","N","0","0","0","3","68B03","0","","1.0","","1","N","N","","0","","0","0","3","","0","N","","3","0","0","0","0","0","0","2","0","3","","","","N","","","","","","","","","",""
"2019105735","","2","0","0","0","0","0","0","0","0","5","0","","02","10","2019","4","40.346381","-79.956339","2220","11","0","0","0","0","0","0","0","1","","0","0","0","","","0","","0","","40 20:46.970","","0","79 57:22.820","0","0","0","0","2473","0","0","0","N","0","0","0","2","02473","0","","1.0","","9","N","N","","0","","0","0","0","","0","N","","2","0","0","0","0","0","0","2","0","2","","","","N","","","","","","","","","",""
"2019024471","","1","0","0","0","0","0","0","0","0","1","0","","02","2","2019","1","40.449179","-80.005046","0148","11","0","0","0","0","0","0","0","0","1","0","0","0","","","0","","2","","40 26:57.045","2","1","80 00:18.167","0","0","0","0","2301","0","0","0","N","0","0","0","2","02301","0","","1.0","","1","N","N","","0","","0","0","1","","2","N","","2","0","0","0","0","0","0","2","0","2","","","","N","","","","","","","","","",""
"2019040269","","0","0","0","0","0","0","0","0","0","1","0","","02","3","2019","2","40.504086","-80.08218","0735","11","0","0","0","0","0","2","0","0","1","0","0","0","","","1","","0","","40 30:14.711","1","0","80 04:55.849","8","0","0","0","2405","0","0","0","N","0","0","0","10","02215","0","","1.0","","1","Y","N","","0","","0","0","1","","0","N","","3","1","0","0","0","1","0","2","1","2","","","","N","","","","","","","","","",""
"2019022880","","1","0","0","0","0","0","0","0","0","4","0","","02","2","2019","1","40.552855","-79.968785","0950","11","0","0","0","0","0","0","0","0","1","0","0","0","","","0","","0","","40 33:10.278","4","7","79 58:07.626","0","0","0","0","2118","0","0","0","N","0","0","0","6","02118","0","","1.0","","1","N","N","","0","","0","0","0","","0","N","","2","0","0","0","0","0","0","2","1","2","","","","N","","","","","","","","","",""
"2019022654","","1","0","0","0","0","0","0","0","0","4","0","","02","2","2019","2","40.42047","-79.841713","1516","11","0","0","0","0","0","0","0","0","2","0","0","0","","","1","","2","","40 25:13.692","6","0","79 50:30.166","3","0","0","0","2431","0","0","0","N","0","0","0","2","02431","0","","1.0","","1","N","N","","0","","1","0","1","","3","Y","","2","1","0","0","0","0","0","2","0","2","","","","N","","","","","","","","","",""
"2019026060","","1","0","0","0","0","0","0","0","0","7","0","","02","3","2019","6","40.525437","-80.223027","0705","11","0","0","1","0","0","0","0","0","1","0","0","0","","","0","","2","","40 31:31.573","1","0","80 13:22.897","0","0","0","0","2213","0","0","0","N","0","0","0","1","02213","0","","5.0","","6","N","N","","0","","0","0","0","","0","N","","1","0","0","0","0","0","0","2","0","1","","","","N","","","","","","","","","",""
"2019022297","","0","0","0","0","0","0","0","0","0","7","0","","02","2","2019","7","40.469832","-79.963717","0320","11","0","0","0","0","0","0","0","0","","0","0","0","","","0","","2","","40 28:11.396","","0","79 57:49.382","9","0","0","0","2301","0","0","0","N","0","0","0","1","02301","0","","5.0","","1","N","N","","0","","0","0","1","","0","","","1","0","0","0","0","0","1","2","0","1","","","","N","","","","","","","","","",""
"2019038730","","0","0","0","0","0","0","0","0","0","99","0","","02","2","2019","2","40.501272","-80.123213","2123","11","0","0","0","0","0","0","0","0","","0","0","0","","","0","","0","","40 30:04.580","","0","80 07:23.568","0","0","0","0","2115","0","0","0","N","0","0","0","1","68B03","0","","1.0","","1","N","N","","0","","0","0","0","","0","","","1","0","0","0","0","0","0","2","1","1","","","","N","","","","","","","","","",""
"2019023999","","2","0","0","0","0","0","0","0","0","1","0","","02","2","2019","5","40.592141","-80.074993","1735","11","0","0","0","0","0","1","0","0","","0","0","0","","","0","","3","","40 35:31.706","","0","80 04:29.976","0","0","0","0","2481","0","0","0","N","0","0","0","2","02481","0","","1.0","","1","N","N","","0","","0","0","0","","3","","","2","0","0","0","0","0","0","2","0","2","","","","N","","","","","","","","","",""
"2019024670","","2","0","0","0","0","0","0","0","0","4","0","","02","3","2019","7","40.457149","-80.044069","1654","11","0","0","0","0","0","0","0","0","2","0","0","0","","","2","","0","","40 27:25.737","7","0","80 02:38.648","2","0","0","0","2301","0","0","0","N","0","0","0","6","02301","0","","1.0","","1","N","N","","0","","1","1","1","","0","Y","","3","2","0","0","0","0","0","2","0","3","","","","N","","","","","","","","","",""
"2019101027","","1","0","0","0","0","0","0","0","0","7","0","","02","10","2019","1","40.445808","-79.713038","2108","11","0","0","0","0","0","0","0","0","","0","0","0","","","0","","0","","40 26:44.907","","0","79 42:46.937","0","0","0","0","2446","0","0","0","N","0","0","0","1","02446","0","","5.0","","9","N","N","","0","","0","0","0","","0","","","1","0","0","0","0","0","0","2","0","1","","","","N","","","","","","","","","",""
"2019103315","","1","0","0","0","0","0","0","0","0","7","0","","02","10","2019","2","40.427018","-80.125233","1052","11","0","0","0","0","0","0","0","0","1","0","0","0","","","0","","0","","40 25:37.264","4","0","80 07:30.838","0","0","0","0","2115","0","0","0","N","0","0","0","1","02115","0","","5.0","","1","N","N","","0","","0","0","0","","0","N","","1","0","0","0","0","0","0","2","0","1","","","","N","","","","","","","","","",""
"2019023596","","2","0","0","0","0","0","0","0","0","4","0","","02","2","2019","3","40.312365","-79.806501","1800","11","0","1","0","0","0","1","0","0","","0","0","0","","","0","","3","","40 18:44.513","","0","79 48:23.403","0","0","0","0","2105","0","0","0","N","0","0","0","2","02105","0","","1.0","","1","N","N","","0","","0","0","0","","3","","","2","0","0","0","0","0","0","2","0","2","","","","N","","","","","","","","","",""
"2019105348","","2","0","0","0","0","0","0","0","0","4","0","","02","10","2019","7","40.470864","-80.032102","0025","11","0","0","0","0","0","0","0","0","","0","0","0","","","0","","0","","40 28:15.109","","0","80 01:55.567","9","0","0","0","2301","0","0","0","N","0","0","0","1","02301","0","","6.0","","1","N","N","","0","","0","0","0","","0","","","2","0","0","0","0","0","1","2","0","2","","","","N","","","","","","","","","",""
"2019032601","","1","0","0","0","0","0","0","0","0","7","0","","02","3","2019","3","40.358393","-79.978755","1629","11","0","0","0","0","0","0","0","0","","0","0","0","","","0","","0","","40 21:30.214","","0","79 58:43.519","0","0","0","0","2476","0","0","0","N","0","0","0","4","02476","0","","4.0","","9","N","N","","0","","0","0","0","","0","","","1","0","0","0","0","0","0","2","0","1","","","","N","","","","","","","","","",""
"2019024100","","1","0","0","0","0","0","0","0","0","1","0","","02","2","2019","5","40.518864","-80.004772","1905","11","0","0","0","0","0","0","0","0","","0","0","0","","","0","","0","","40 31:07.910","","0","80 00:17.180","0","0","0","0","2116","0","0","0","N","0","0","0","2","02116","0","","1.0","","1","N","N","","0","","0","0","1","","2","","","2","0","0","0","0","0","0","2","0","2","","","","N","","","","","","","","","",""
"2019023229","","0","0","0","0","0","0","0","0","0","2","0","","02","2","2019","3","40.440724","-80.018841","2126","11","0","0","0","0","0","0","0","0","","0","0","0","","","2","","0","","40 26:26.605","","7","80 01:07.828","3","0","0","0","2301","0","0","0","N","0","0","0","3","02301","0","","1.0","","1","N","N","","0","","1","0","2","","2","","","2","2","0","0","0","1","0","2","0","2","","","","N","","","","","","","","","",""
"2019107433","","1","0","0","0","0","0","0","0","0","4","0","","02","10","2019","4","40.412138","-80.045966","1228","11","0","0","0","0","0","1","1","0","1","0","0","0","","","0","","0","","40 24:43.697","1","0","80 02:45.476","0","0","0","0","2435","0","0","0","N","0","0","0","2","02435","0","","1.0","","1","N","N","","0","","0","0","1","","0","N","","2","0","0","0","0","0","0","2","0","2","","","","N","","","","","","","","","",""
"2019105653","","1","0","0","0","0","0","0","0","0","7","0","","02","10","2019","1","40.599651","-80.118726","0824","11","0","0","0","0","0","0","0","0","2","0","0","0","","","1","","2","","40 35:58.742","1","0","80 07:07.413","3","0","0","0","2481","0","0","0","Y","0","0","0","1","02481","0","","4.0","","1","N","N","","0","","1","0","0","","3","Y","","1","1","0","0","0","0","0","1","0","1","","","","N","","","","","","","","","",""
"2019022873","","1","0","0","0","0","0","0","0","0","1","0","","02","2","2019","3","40.352751","-79.847747","1017","11","0","0","0","0","0","0","1","0","","0","0","0","","","1","","3","","40 21:09.902","","0","79 50:51.888","8","0","0","0","2304","0","0","0","N","0","0","0","2","02304","0","","1.0","","1","N","N","","0","","0","0","0","","2","","","2","1","0","0","0","1","0","2","1","2","","","","N","","","","","","","","","",""
"2019025544","","3","0","0","0","0","0","0","0","0","1","0","25","02","3","2019","2","40.456222","-80.002647","1450","11","0","0","0","0","0","1","1","1","1","0","0","0","","","1","","2","","40 27:22.400","3","0","80 00:09.530","3","0","0","0","2301","0","0","0","N","0","0","0","6","02301","0","","1.0","","1","N","N","","0","","1","0","1","","2","Y","","5","1","0","0","0","0","0","2","1","5","","","N","Y","8","1","","","N","","","","",""
"2019105627","","0","0","0","0","0","0","0","0","0","4","0","","02","10","2019","7","40.538016","-79.833985","1419","11","0","0","0","0","0","0","1","0","1","0","0","0","","","2","N","0","","40 32:16.858","2","7","79 50:02.345","3","0","0","0","2208","0","0","0","N","0","0","0","4","02208","1","","1.0","","1","N","N","","0","","1","0","2","","0","N","","2","2","1","0","0","0","0","2","0","2","","","","N","","","","","","","","","",""
"2019022701","","0","0","0","0","0","0","0","0","0","1","0","","02","2","2019","1","40.431009","-80.001599","2223","11","0","0","0","0","1","0","0","0","","0","0","0","","","1","","5","","40 25:51.634","","0","80 00:05.756","4","0","0","0","2301","0","0","0","N","0","0","0","2","02301","1","","1.0","","1","N","N","","0","","0","0","2","","2","","","2","1","0","0","0","0","0","2","0","2","","","","N","","","","","","","","","",""
"2019105755","","1","0","0","0","0","0","0","0","0","4","1","","02","10","2019","5","40.361671","-80.069898","1352","11","0","0","0","0","0","1","0","0","2","0","1","0","","","0","","2","","40 21:42.016","3","0","80 04:11.633","0","0","0","0","2123","0","0","0","N","0","0","0","2","02123","0","","1.0","","1","N","N","","0","","0","0","0","","3","N","","2","0","0","0","0","0","0","2","0","2","","","","N","","","","","","","","","",""
"2019024847","","0","0","0","0","0","0","0","0","0","7","0","","02","3","2019","6","40.338238","-80.176187","0548","11","0","0","0","0","0","0","0","0","1","0","0","0","","","1","","0","","40 20:17.655","3","0","80 10:34.272","3","0","0","0","2119","0","0","0","N","0","0","0","1","02119","0","","3.0","","6","N","N","","0","","1","0","1","","0","N","","1","1","0","0","0","0","0","2","0","1","","","","N","","","","","","","","","",""
"2019026020","","1","0","0","0","0","0","0","0","0","7","0","","02","3","2019","3","40.493314","-79.909538","0312","11","0","0","0","0","0","0","0","0","2","0","0","0","","","1","","7","","40 29:35.930","1","8","79 54:34.335","3","0","0","0","2112","0","0","0","N","0","0","0","1","68D02","0","","4.0","","1","N","N","","0","","1","0","0","","0","N","","1","1","1","0","0","0","0","2","0","1","","","","N","","","","","","","","","",""
"2019022284","","1","0","0","0","0","0","0","0","0","2","0","","02","2","2019","1","40.513965","-79.843194","2146","11","0","0","0","0","0","0","1","0","","0","0","0","","","0","","1","","40 30:50.275","","0","79 50:35.498","0","0","0","0","2451","0","0","0","N","0","0","0","2","02451","0","","1.0","","1","N","N","","0","","0","0","1","","0","N","","2","0","0","0","0","0","0","2","0","2","","","","N","","","","","","","","","",""
"2019023817","","1","0","0","0","0","0","0","0","0","1","0","","02","2","2019","4","40.420838","-79.884258","0646","11","0","0","0","0","0","1","0","0","","0","0","0","","","1","","1","","40 25:15.016","","0","79 53:03.328","8","0","0","0","2463","0","0","0","N","0","0","0","2","02463","0","","1.0","","1","N","N","","0","","0","0","1","","2","","","2","1","0","0","0","1","0","2","0","2","","","","N","","","","","","","","","",""
"2019025166","","1","0","0","0","0","0","0","0","0","7","0","","02","3","2019","7","40.450829","-80.027478","2300","11","0","0","0","0","0","0","0","0","","0","0","0","","","0","","0","","40 27:02.985","","0","80 01:38.919","0","0","0","0","2301","0","0","0","N","0","0","0","2","02301","0","","4.0","","1","N","N","","0","","0","0","0","","0","","","1","0","0","0","0","0","0","2","0","1","","","","N","","","","","","","","","",""
"2019022026","","0","0","0","0","0","0","0","0","0","7","0","","02","2","2019","7","40.563472","-79.819762","1724","11","0","0","0","0","0","0","0","0","1","0","0","0","","","1","","0","","40 33:48.498","4","0","79 49:11.144","2","0","0","0","2208","0","0","0","N","0","0","0","1","02208","0","","5.0","","9","N","N","","1","","0","1","0","","0","N","","1","1","0","0","0","0","0","2","0","1","","","","N","","","","","","","","","",""
"2019024945","","1","0","0","0","0","0","0","0","0","4","0","","02","3","2019","7","40.271141","-79.839448","0958","11","0","0","0","0","1","1","0","0","2","0","0","0","","","0","","1","","40 16:16.107","7","0","79 50:22.012","0","0","0","0","2105","0","0","0","N","0","0","0","2","02105","0","","1.0","","1","N","N","","0","","0","0","1","","3","N","","2","0","0","0","0","0","0","2","0","2","","","","N","","","","","","","","","",""
"2019024056","","1","0","0","0","0","0","0","0","0","7","0","","02","2","2019","5","40.6095","-79.919778","2302","11","0","1","0","0","0","0","0","0","2","0","0","0","","","0","","0","","40 36:34.200","5","0","79 55:11.200","0","0","0","0","2220","0","0","0","N","0","0","0","2","02220","0","","5.0","","7","N","N","","0","","0","0","0","","0","Y","","1","0","0","0","0","0","0","2","0","1","","","","N","","","","","","","","","",""
"2019024863","","1","0","0","0","0","0","0","0","0","1","0","","02","2","2019","7","40.552109","-80.023334","1143","11","0","0","0","0","0","0","0","0","","0","0","0","","","1","","2","","40 33:07.592","","0","80 01:24.002","3","0","0","0","2116","0","0","0","N","0","0","0","2","02116","0","","1.0","","1","","","","0","","1","0","1","","2","","","2","1","0","0","0","0","0","2","0","2","","","","N","","","","","","","","","",""
"2019024558","","2","0","0","0","0","0","0","0","0","1","0","","02","3","2019","7","40.463583","-80.02872","1153","11","0","0","0","0","0","1","0","0","","0","0","0","","","0","","6","","40 27:48.898","","2","80 01:43.392","0","0","0","0","2301","0","0","0","N","0","0","0","3","02301","0","","1.0","","1","N","N","","0","","0","0","0","","3","","","2","0","0","0","0","0","0","2","0","2","","","","N","","","","","","","","","",""
"2019024813","","1","0","0","0","0","0","0","0","0","4","0","","02","3","2019","7","40.422296","-79.749694","2151","11","0","0","0","0","0","0","0","0","1","0","0","0","","","0","","3","","40 25:20.265","7","0","79 44:58.898","0","0","0","0","2446","0","0","0","N","0","0","0","2","02446","0","","1.0","","1","N","N","","1","","0","0","0","","0","Y","","2","0","1","0","0","0","0","2","0","2","","","","N","","","","","","","","","",""
"2019022683","","1","0","0","0","0","0","0","0","0","6","0","","02","2","2019","1","40.496131","-79.976872","1649","11","0","0","0","0","0","1","0","0","1","0","0","0","","","1","","1","","40 29:46.072","5","0","79 58:36.740","8","0","0","0","2118","0","0","0","N","0","0","0","3","02118","0","","1.0","","1","N","N","","0","","0","0","1","","0","Y","","2","1","0","0","0","1","0","2","0","2","","","","N","","","","","","","","","",""
"2019025083","","0","0","0","0","0","0","0","0","0","7","0","","02","3","2019","1","40.45125","-79.963611","2305","11","0","0","0","0","0","0","0","0","","0","0","0","","","0","","0","","40 27:04.500","","0","79 57:49.000","0","0","0","0","2301","0","0","0","N","0","0","0","1","02301","0","","5.0","","7","N","N","","0","","0","0","1","","0","","","1","0","0","0","0","0","0","2","0","1","","","","N","","","","","","","","","",""
"2019025285","","1","0","0","0","0","0","0","0","0","1","0","","02","3","2019","7","40.456238","-79.940871","0225","11","0","0","0","0","0","0","0","0","1","0","0","0","","","0","","0","","40 27:22.457","5","0","79 56:27.136","0","0","0","0","2301","0","0","0","N","0","0","0","1","02301","0","","6.0","","1","N","N","","0","","0","0","1","","2","Y","","3","0","0","0","0","0","0","2","1","3","","","","N","","","","","","","","","",""
"2019023265","","2","0","1","0","0","0","0","0","0","4","0","","02","2","2019","4","40.425783","-80.019901","0506","11","0","0","0","0","0","0","0","0","2","0","0","0","","","1","","1","","40 25:32.817","3","0","80 01:11.642","2","0","0","0","2301","0","0","0","Y","0","0","0","3","02301","0","","1.0","","1","N","N","","1","","0","1","0","","2","Y","","3","1","0","0","0","0","0","2","0","3","","","","N","","","","","","","","","",""
"2019022282","","1","0","0","0","0","0","0","0","0","4","0","","02","2","2019","1","40.504627","-79.833455","1314","11","0","0","0","0","0","0","0","0","2","0","0","0","","","0","","1","","40 30:16.657","4","0","79 50:00.439","0","0","0","0","2113","0","0","0","N","0","0","0","1","02113","0","","1.0","","1","N","N","","0","","0","0","1","","0","N","","2","0","0","0","0","0","0","2","0","2","","","","N","","","","","","","","","",""
"2019104904","","1","0","0","0","0","0","0","0","0","1","0","","02","10","2019","5","40.359628","-79.933726","1922","11","0","0","0","0","0","0","0","0","","0","0","0","","","0","","0","","40 21:34.662","","0","79 56:01.415","0","0","0","0","2473","0","0","0","N","0","0","0","2","02473","0","","1.0","","1","N","N","","0","","0","0","1","","0","N","","2","0","0","0","0","0","0","2","0","2","","","","N","","","","","","","","","",""
"2019080400","","1","0","0","0","0","0","0","0","0","4","0","","02","8","2019","4","40.385838","-79.967175","1654","11","0","1","0","0","0","0","0","0","","0","0","0","","","0","","1","","40 23:09.017","","0","79 58:01.830","0","0","0","0","2403","0","0","0","N","0","0","0","3","02403","0","","1.0","","1","N","N","","0","","0","0","0","","3","N","","2","0","0","0","0","0","0","2","1","2","","","","N","","","","","","","","","",""
"2019026615","","2","0","0","0","0","0","0","0","0","2","0","","02","3","2019","1","40.351278","-80.017472","1858","11","0","0","0","0","0","0","0","0","","0","0","0","","","1","","0","","40 21:04.600","","0","80 01:02.900","8","0","0","0","2407","0","0","0","N","0","0","0","4","02407","0","","1.0","","2","N","N","","0","","0","0","0","","0","","","2","1","0","0","0","1","0","2","0","2","","","","N","","","","","","","","","",""