"CRN","ARRIVAL_TM","AUTOMOBILE_COUNT","BELTED_DEATH_COUNT","BELTED_SUSP_SERIOUS_INJ_COUNT","BICYCLE_COUNT","BICYCLE_DEATH_COUNT","BICYCLE_SUSP_SERIOUS_INJ_COUNT","BUS_COUNT","CHLDPAS_DEATH_COUNT","CHLDPAS_SUSP_SERIOUS_INJ_COUNT","COLLISION_TYPE","COMM_VEH_COUNT","CONS_ZONE_SPD_LIM","COUNTY","CRASH_MONTH","CRASH_YEAR","DAY_OF_WEEK","DEC_LATITUDE","DEC_LONGITUDE","DISPATCH_TM","DISTRICT","DRIVER_COUNT_16YR","DRIVER_COUNT_17YR","DRIVER_COUNT_18YR","DRIVER_COUNT_19YR","DRIVER_COUNT_20YR","DRIVER_COUNT_50_64YR","DRIVER_COUNT_65_74YR","DRIVER_COUNT_75PLUS","EST_HRS_CLOSED","FATAL_COUNT","HEAVY_TRUCK_COUNT","HORSE_BUGGY_COUNT","HOUR_OF_DAY","ILLUMINATION","INJURY_COUNT","INTERSECTION_RELATED","INTERSECT_TYPE","LANE_CLOSED","LATITUDE","LN_CLOSE_DIR","LOCATION_TYPE","LONGITUDE","MAX_SEVERITY_LEVEL","MCYCLE_DEATH_COUNT","MCYCLE_SUSP_SERIOUS_INJ_COUNT","MOTORCYCLE_COUNT","MUNICIPALITY","NONMOTR_COUNT","NONMOTR_DEATH_COUNT","NONMOTR_SUSP_SERIOUS_INJ_COUNT","NTFY_HIWY_MAINT","PED_COUNT","PED_DEATH_COUNT","PED_SUSP_SERIOUS_INJ_COUNT","PERSON_COUNT","POLICE_AGCY","POSSIBLE_INJ_COUNT","RDWY_SURF_TYPE_CD","RELATION_TO_ROAD","ROADWAY_CLEARED","ROAD_CONDITION","SCH_BUS_IND","SCH_ZONE_IND","SECONDARY_CRASH","SMALL_TRUCK_COUNT","SPEC_JURIS_CD","SUSP_MINOR_INJ_COUNT","SUSP_SERIOUS_INJ_COUNT","SUV_COUNT","TCD_FUNC_CD","TCD_TYPE","TFC_DETOUR_IND","TIME_OF_DAY","TOTAL_UNITS","TOT_INJ_COUNT","UNBELTED_OCC_COUNT","UNB_DEATH_COUNT","UNB_SUSP_SERIOUS_INJ_COUNT","UNK_INJ_DEG_COUNT","UNK_INJ_PER_COUNT","URBAN_RURAL","VAN_COUNT","VEHICLE_COUNT","WEATHER1","WEATHER2","WORKERS_PRES","WORK_ZONE_IND","WORK_ZONE_LOC","WORK_ZONE_TYPE","WZ_CLOSE_DETOUR","WZ_FLAGGER","WZ_LAW_OFFCR_IND","WZ_LN_CLOSURE","WZ_MOVING","WZ_OTHER","WZ_SHLDER_MDN","WZ_WORKERS_INJ_KILLED"
"2019006401","","0","0","0","0","0","0","0","0","0","8","0","","02","1","2019","5","40.440766","-79.995889","1638","11","0","0","0","0","0","0","0","0","","0","0","0","","","1","","1","","40 26:26.756","","0","79 59:45.202","3","0","0","0","2301","1","0","0","N","1","0","0","2","02301","0","","1.0","","6","N","N","","0","","1","0","1","","2","","","2","1","0","0","0","0","0","2","0","1","","","","N","","","","","","","","","",""
"2019090527","","0","0","0","0","0","0","1","0","0","4","1","","02","9","2019","2","40.322687","-79.892451","0823","11","0","0","0","0","0","0","1","0","1","0","0","0","","","1","","1","","40 19:21.673","4","0","79 53:32.823","3","0","0","0","2433","0","0","0","N","0","0","0","3","02503","0","","1.0","","1","N","N","","0","","1","0","1","","3","N","","2","1","0","0","0","0","0","2","0","2","","","","N","","","","","","","","","",""
"2019004462","","1","0","0","0","0","0","0","0","0","2","0","","02","1","2019","7","40.473694","-79.934778","2210","11","0","0","0","0","0","1","0","0","","0","0","0","","","1","","0","","40 28:25.300","","0","79 56:05.200","4","0","0","0","2301","0","0","0","N","0","0","0","2","02301","1","","1.0","","7","N","N","","0","","0","0","1","","0","","","2","1","0","0","0","0","0","2","0","2","","","","N","","","","","","","","","",""
"2019022510","","1","0","0","0","0","0","0","0","0","2","0","","02","2","2019","2","40.34783","-79.866007","1153","11","0","0","0","0","0","0","1","0","","0","0","0","","","0","","1","","40 20:52.188","","0","79 51:57.625","0","0","0","0","2304","0","0","0","N","0","0","0","2","02304","0","","1.0","","1","N","N","","0","","0","0","1","","3","","","2","0","0","0","0","0","0","2","0","2","","","","N","","","","","","","","","",""
"2019025238","","2","0","0","0","0","0","0","0","0","7","0","","02","3","2019","2","40.468556","-79.821806","0752","11","0","1","0","0","0","0","0","0","","0","0","0","","","1","","0","","40 28:06.800","","0","79 49:18.500","2","0","0","0","2113","1","0","1","N","1","0","1","2","02113","0","","5.0","","6","N","N","","0","","0","1","0","","0","","","3","1","0","0","0","0","0","2","0","2","","","","N","","","","","","","","","",""
"2019025074","","0","0","0","0","0","0","0","0","0","7","0","","02","3","2019","1","40.630776","-80.057408","2038","11","0","0","1","0","0","0","0","0","3","0","0","0","","","0","","2","","40 37:50.794","6","0","80 03:26.667","0","0","0","0","2216","0","0","0","N","0","0","0","1","02505","0","","2.0","","7","N","N","","0","","0","0","1","","0","N","","1","0","0","0","0","0","0","2","0","1","","","","N","","","","","","","","","",""
"2019024370","","2","0","0","0","0","0","0","0","0","4","0","","02","3","2019","6","40.445295","-79.97624","1957","11","0","0","0","0","1","1","0","0","","0","0","0","","","0","","1","","40 26:43.061","","0","79 58:34.463","0","0","0","0","2301","0","0","0","N","0","0","0","2","02301","0","","1.0","","1","N","N","","0","","0","0","0","","2","","","2","0","0","0","0","0","0","2","0","2","","","","N","","","","","","","","","",""
"2019002870","","1","0","0","0","0","0","0","0","0","4","0","","02","1","2019","3","40.426264","-79.963573","0735","11","0","0","0","0","0","1","0","0","1","0","0","0","","","1","","1","","40 25:34.552","1","0","79 57:48.863","4","0","0","0","2301","0","0","0","N","0","0","0","3","02301","1","","1.0","","1","N","N","","0","","0","0","1","","2","N","","2","1","0","0","0","0","0","2","0","2","","","","N","","","","","","","","","",""
"2019106550","","0","0","0","0","0","0","0","0","0","1","0","","02","10","2019","4","40.495058","-79.941298","0710","11","0","0","0","0","0","0","1","0","2","0","0","0","","","1","","0","","40 29:42.208","2","0","79 56:28.671","3","0","0","0","2430","0","0","0","N","0","0","0","3","68D02","0","","1.0","","1","N","N","","0","","1","0","3","","0","N","","3","1","0","0","0","0","0","2","0","3","","","","N","","","","","","","","","",""
"2019105312","","0","0","0","0","0","0","0","0","0","7","0","","02","10","2019","6","40.630982","-79.980329","1605","11","0","0","0","0","0","0","1","0","3","0","0","0","","","0","","0","","40 37:51.534","6","0","79 58:49.186","0","0","0","0","2217","0","0","0","N","0","0","0","2","02505","0","","5.0","","1","N","N","","0","","0","0","2","","0","Y","","2","0","0","0","0","0","0","1","0","2","","","","N","","","","","","","","","",""
"2019064264","","1","0","0","0","0","0","0","0","0","4","0","","02","3","2019","1","40.33492","-80.135623","0342","11","0","0","0","0","0","1","0","0","1","0","0","0","","","0","","0","","40 20:05.713","1","0","80 08:08.242","9","0","0","0","2119","0","0","0","N","0","0","0","2","68B03","0","","1.0","","1","N","N","","0","","0","0","1","","0","N","","2","0","0","0","0","0","1","2","0","2","","","","N","","","","","","","","","",""
"2019009389","","1","0","0","0","0","0","0","0","0","99","0","","02","1","2019","7","40.604399","-80.094246","2052","11","0","0","0","0","0","0","0","0","","0","0","0","","","0","","0","","40 36:15.836","","0","80 05:39.286","0","0","0","0","2481","0","0","0","N","0","0","0","1","68B03","0","","1.0","","9","N","N","","0","","0","0","0","","0","","","1","0","0","0","0","0","0","2","0","1","","05","","N","","","","","","","","","",""
"2019024355","","2","0","0","0","0","0","0","0","0","1","0","","02","3","2019","6","40.4257","-80.120303","1718","11","0","0","0","0","0","0","0","0","1","0","0","0","","","0","","2","","40 25:32.520","3","0","80 07:13.090","0","0","0","0","2115","0","0","0","N","0","0","0","2","02115","0","","1.0","","1","N","N","","0","","0","0","0","","0","N","","2","0","0","0","0","0","0","2","0","2","","","","N","","","","","","","","","",""
"2019034971","","1","0","0","0","0","0","0","0","0","4","0","","02","1","2019","1","40.430585","-80.136202","0035","11","0","0","1","0","0","1","0","0","2","0","0","0","","","0","","0","","40 25:50.107","3","0","80 08:10.326","0","0","0","0","2102","0","0","0","N","0","0","0","3","68B03","0","","1.0","","9","N","N","","0","","0","0","1","","0","N","","2","0","0","0","0","0","0","2","0","2","","","","N","","","","","","","","","",""
"2019023607","","2","0","0","0","0","0","0","0","0","4","0","","02","2","2019","4","40.625531","-80.057846","1839","11","0","0","0","0","0","1","0","0","2","0","0","0","","","0","","0","","40 37:31.913","4","7","80 03:28.244","0","0","0","0","2216","0","0","0","N","0","0","0","2","02505","0","","1.0","","9","N","N","","0","","0","0","0","","0","N","","2","0","0","0","0","0","0","2","0","2","","","","N","","","","","","","","","",""
"2019022452","","2","0","0","0","0","0","0","0","0","0","0","","02","2","2019","1","40.483","-80.035806","1103","11","0","0","0","0","0","1","0","0","4","0","0","0","","","0","","0","","40 28:58.800","6","0","80 02:08.900","0","0","0","0","2301","0","0","0","N","0","0","0","2","02301","0","","1.0","","1","N","N","","0","","0","0","0","","2","Y","","2","0","0","0","0","0","0","2","0","2","","","","N","","","","","","","","","",""
"2019104972","","1","0","0","0","0","0","0","0","0","1","0","","02","10","2019","5","40.460361","-79.8426","2056","11","0","0","0","0","0","1","1","0","","0","0","0","","","1","","0","","40 27:37.299","","0","79 50:33.360","3","0","0","0","2113","0","0","0","N","0","0","0","4","02113","0","","1.0","","1","N","N","","0","","1","0","1","","2","","","2","1","0","0","0","0","0","2","0","2","","","","N","","","","","","","","","",""
"2019031605","","2","0","0","0","0","0","0","0","0","6","0","","02","3","2019","1","40.42125","-79.799556","1818","11","0","0","0","0","0","0","0","0","1","0","0","0","","","3","","0","","40 25:16.500","6","0","79 47:58.400","3","0","0","0","2446","0","0","0","N","0","0","0","5","02446","2","","1.0","","7","N","N","","1","","1","0","0","","3","Y","","3","3","0","0","0","0","0","2","0","3","","","","N","","","","","","","","","",""
"2019024003","","2","0","0","0","0","0","0","0","0","1","0","","02","2","2019","5","40.352498","-79.838961","1643","11","0","0","0","0","0","0","0","0","2","0","0","0","","","3","","0","","40 21:08.993","3","0","79 50:20.261","4","0","0","0","2304","0","0","0","N","0","0","0","4","02304","3","","1.0","","1","N","N","","0","","0","0","1","","8","N","","3","3","0","0","0","0","0","2","0","3","","","","N","","","","","","","","","",""
"2019085666","","1","0","0","0","0","0","0","0","0","4","0","","02","8","2019","6","40.386147","-79.821206","1903","11","0","0","0","0","0","0","0","0","2","0","0","0","","","0","","1","","40 23:10.129","5","0","79 49:16.341","0","0","0","0","2111","0","0","0","N","0","0","0","2","02111","0","","1.0","","1","N","N","","0","","0","0","1","","2","Y","","2","0","0","0","0","0","0","2","0","2","","","","N","","","","","","","","","",""
"2019004454","","1","0","0","0","0","0","0","0","0","4","0","","02","1","2019","7","40.552028","-79.837167","1833","11","0","0","0","0","0","1","0","0","2","0","0","0","","","0","","0","","40 33:07.300","2","0","79 50:13.800","0","0","0","0","2208","0","0","0","N","0","0","0","2","02208","0","","1.0","","7","N","N","","1","","0","0","0","","0","N","","2","0","0","0","0","0","0","2","0","2","","","","N","","","","","","","","","",""
"2019026377","","1","0","0","0","0","0","0","0","0","7","0","","02","2","2019","2","40.300421","-79.852301","1913","11","0","0","0","0","0","1","0","0","","0","0","0","","","0","","2","","40 18:01.515","","0","79 51:08.282","0","0","0","0","2443","0","0","0","N","0","0","0","1","02443","0","","4.0","","1","N","N","","0","","0","0","0","","0","","","1","0","0","0","0","0","0","1","0","1","","","","N","","","","","","","","","",""
"2019031948","","0","0","0","0","0","0","0","0","0","4","0","","02","3","2019","2","40.523813","-80.071906","0829","11","0","0","0","0","0","1","0","0","","0","0","0","","","1","","1","","40 31:25.726","","0","80 04:18.861","8","0","0","0","2215","0","0","0","N","0","0","0","2","02215","0","","1.0","","1","N","N","","0","","0","0","2","","2","","","2","1","1","0","0","1","0","2","0","2","","","","N","","","","","","","","","",""
"2019022821","","1","0","1","0","0","0","0","0","0","7","0","","02","2","2019","3","40.484033","-79.862558","0527","11","0","0","0","0","0","0","0","0","","0","0","0","","","1","","0","","40 29:02.518","","0","79 51:45.210","2","0","0","0","2113","0","0","0","N","0","0","0","2","02113","0","","5.0","","1","N","N","","0","","0","1","0","","0","","","1","1","0","0","0","0","0","2","0","1","","","","N","","","","","","","","","",""
"2019025546","","2","0","0","0","0","0","0","0","0","6","0","","02","3","2019","6","40.471405","-80.064504","1443","11","0","0","0","0","0","0","0","0","1","0","0","0","","","0","","0","","40 28:17.059","4","0","80 03:52.215","9","0","0","0","2444","0","0","0","N","0","0","0","1","02444","0","","1.0","","1","N","N","","0","","0","0","0","","0","N","","2","0","0","0","0","0","1","2","0","2","","","","N","","","","","","","","","",""
"2019022276","","2","0","0","0","0","0","0","0","0","4","0","","02","2","2019","1","40.428727","-79.980195","2000","11","0","0","0","0","0","0","0","0","","0","0","0","","","2","","0","","40 25:43.416","","7","79 58:48.701","3","0","0","0","2301","0","0","0","N","0","0","0","5","02301","1","","1.0","","1","N","N","","0","","1","0","0","","0","","","2","2","0","0","0","0","1","2","0","2","","","","N","","","","","","","","","",""
"2019030872","","0","0","0","0","0","0","0","0","0","8","0","","02","2","2019","2","40.540966","-79.795804","1916","11","0","0","0","0","0","0","0","0","1","0","0","0","","","1","","2","","40 32:27.477","3","0","79 47:44.894","3","0","0","0","2418","1","0","0","N","1","0","0","2","02418","0","","1.0","","1","N","N","","0","","1","0","1","","0","N","","2","1","0","0","0","0","0","2","0","1","","","","N","","","","","","","","","",""
"2019024509","","0","0","0","0","0","0","0","0","0","7","0","","02","3","2019","6","40.546664","-80.218916","0638","11","0","0","0","0","0","0","0","0","","0","0","0","","","0","","0","","40 32:47.989","","0","80 13:08.096","0","0","0","0","2103","0","0","0","N","0","0","0","1","02103","0","","2.0","","2","N","N","","0","","0","0","1","","0","","","1","0","0","0","0","0","0","2","0","1","","","","N","","","","","","","","","",""
"2019104093","","1","0","0","0","0","0","0","0","0","2","0","","02","10","2019","4","40.396495","-80.066113","1601","11","0","0","0","0","0","2","0","0","2","0","0","0","","","1","N","0","","40 23:47.383","5","7","80 03:58.005","8","0","0","0","2117","0","0","0","N","0","0","0","2","02117","0","","1.0","","1","N","N","","0","","0","0","1","","0","N","","2","1","0","0","0","1","0","2","0","2","","","","N","","","","","","","","","",""
"2019089634","","0","0","0","0","0","0","0","0","0","8","0","","02","9","2019","5","40.458478","-79.97179","2107","11","0","0","0","0","0","1","0","0","","0","0","0","","","1","","0","","40 27:30.521","","0","79 58:18.443","3","0","0","0","2301","1","0","0","N","1","0","0","2","02301","0","","1.0","","1","N","N","","0","","1","0","1","","0","N","","2","1","0","0","0","0","0","2","0","1","","","","N","","","","","","","","","",""
"2019005274","","3","0","0","0","0","0","0","0","0","1","0","","02","1","2019","2","40.442832","-79.991351","1805","11","0","0","0","0","0","1","0","0","1","0","0","0","","","0","","7","","40 26:34.194","1","2","79 59:28.862","0","0","0","0","2301","0","0","0","N","0","0","0","6","02301","0","","1.0","","1","N","N","","0","","0","0","1","","0","N","","4","0","0","0","0","0","0","2","0","4","","","","N","","","","","","","","","",""
"2019026344","","2","0","0","0","0","0","0","0","0","4","0","","02","2","2019","4","40.372984","-80.099265","1244","11","0","0","0","0","0","0","1","0","2","0","0","0","","","0","","2","","40 22:22.744","2","2","80 05:57.354","0","0","0","0","2102","0","0","0","N","0","0","0","2","02102","0","","1.0","","1","N","N","","0","","0","0","0","","2","N","","2","0","0","0","0","0","0","2","0","2","","","","Y","","","","","","","","","",""
"2019007411","","0","0","0","0","0","0","0","0","0","0","0","","02","1","2019","1","40.524176","-79.784003","0140","11","0","0","0","0","0","0","0","0","2","0","0","0","","","0","","0","","40 31:27.032","5","0","79 47:02.410","0","0","0","0","2466","0","0","0","N","0","0","0","1","02466","0","","5.0","","9","N","N","","0","","0","0","1","","0","Y","","1","0","0","0","0","0","0","2","0","1","","05","","N","","","","","","","","","",""
"2019010869","","1","0","0","0","0","0","0","0","0","1","0","","02","1","2019","7","40.456904","-79.758798","1549","11","0","0","0","0","0","2","0","0","","0","0","0","","","0","","3","","40 27:24.855","","0","79 45:31.673","0","0","0","0","2446","0","0","0","N","0","0","0","4","02446","0","","1.0","","9","N","N","","0","","0","0","1","","0","","","2","0","2","0","0","0","0","2","0","2","","","","N","","","","","","","","","",""
"2019023809","","1","0","0","0","0","0","0","0","0","1","0","","02","2","2019","5","40.440073","-80.017783","0911","11","0","0","0","0","0","1","0","0","2","0","0","0","","","0","","0","","40 26:24.264","3","0","80 01:04.018","0","0","0","0","2301","0","0","0","N","0","0","0","2","02301","0","","1.0","","1","N","N","","0","","0","0","1","","0","N","","2","0","0","0","0","0","0","2","0","2","","","","N","","","","","","","","","",""
"2019105973","","1","0","0","0","0","0","0","0","0","1","0","","02","10","2019","2","40.35451","-80.114766","0640","11","0","0","0","0","0","0","0","0","","0","0","0","","","0","","3","","40 21:16.237","","0","80 06:53.157","0","0","0","0","2119","0","0","0","N","0","0","0","2","02119","0","","1.0","","1","N","N","","0","","0","0","1","","4","N","","2","0","0","0","0","0","0","2","0","2","","","","N","","","","","","","","","",""
"2019024995","","1","0","0","0","0","0","0","0","0","7","0","","02","3","2019","1","40.438083","-79.905444","1813","11","0","0","0","0","0","0","0","0","2","0","0","0","","","0","","0","","40 26:17.100","3","0","79 54:19.600","0","0","0","0","2301","0","0","0","N","0","0","0","1","02301","0","","4.0","","7","N","N","","0","","0","0","0","","0","N","","1","0","0","0","0","0","0","2","0","1","","","","N","","","","","","","","","",""
"2019025004","","0","0","0","0","0","0","0","0","0","7","0","","02","3","2019","1","40.61403","-79.943225","0103","11","0","0","0","0","0","0","0","0","1","0","0","0","","","0","","0","","40 36:50.508","6","0","79 56:35.609","0","0","0","0","2207","0","0","0","Y","0","0","0","1","02207","0","","5.0","","1","N","N","","0","","0","0","1","","0","N","","1","0","0","0","0","0","0","2","0","1","","","","N","","","","","","","","","",""
"2019026206","","2","0","0","0","0","0","0","0","0","4","0","","02","3","2019","6","40.471044","-80.228615","0759","11","0","0","0","0","0","1","0","0","1","0","0","0","","","2","","0","","40 28:15.760","4","0","80 13:43.015","8","0","0","0","2203","0","0","0","N","0","0","0","2","68B03","0","","1.0","","9","N","N","","0","","0","0","0","","0","N","","2","2","0","0","0","2","0","2","0","2","","","","N","","","","","","","","","",""
"2019090024","","0","0","0","0","0","0","0","0","0","1","0","","02","9","2019","4","40.457318","-79.909073","1340","11","0","0","0","0","0","0","0","0","","0","1","0","","","2","","1","","40 27:26.345","","0","79 54:32.662","8","0","0","0","2301","0","0","0","N","0","0","0","3","02301","0","","1.0","","1","N","N","","1","","0","0","0","","2","","","2","2","0","0","0","2","0","2","0","2","","","","N","","","","","","","","","",""
"2019025036","","0","0","0","0","0","0","0","0","0","7","0","","02","3","2019","1","40.398086","-79.999658","2040","11","0","0","0","0","0","0","0","0","2","0","0","0","","","1","","0","","40 23:53.111","1","0","79 59:58.767","3","0","0","0","2301","0","0","0","N","0","0","0","1","02301","0","","2.0","","6","N","N","","0","","1","0","1","","0","Y","","1","1","0","0","0","0","0","2","0","1","","","","N","","","","","","","","","",""
"2019037009","","1","0","0","0","0","0","0","0","0","7","0","","02","4","2019","7","40.396914","-79.974141","2049","11","0","0","0","0","0","0","0","1","3","0","0","0","","","0","","0","","40 23:48.890","5","0","79 58:26.906","0","0","0","0","2403","0","0","0","N","0","0","0","2","02403","0","","5.0","","1","N","N","","0","","0","0","0","","0","N","","1","0","1","0","0","0","0","2","0","1","","","","N","","","","","","","","","",""
"2019103582","","2","0","0","0","0","0","0","0","0","1","0","","02","10","2019","2","40.48519","-80.03458","2025","11","0","0","0","0","0","1","0","0","1","0","0","0","","","1","","0","","40 29:06.685","4","0","80 02:04.487","3","0","0","0","2301","0","0","0","N","0","0","0","1","02301","0","","4.0","","1","N","N","","0","","1","0","0","","0","N","","2","1","0","0","0","0","0","2","0","2","","","","N","","","","","","","","","",""
"2019023086","","1","0","0","0","0","0","0","0","0","2","0","","02","2","2019","3","40.438043","-79.994357","1824","11","0","0","0","0","0","0","0","0","","0","0","0","","","0","","1","","40 26:16.956","","0","79 59:39.684","0","0","0","0","2301","0","0","0","N","0","0","0","2","02301","0","","1.0","","1","N","N","","0","","0","0","1","","2","","","2","0","0","0","0","0","0","2","0","2","","","","N","","","","","","","","","",""
"2019022046","","1","0","0","0","0","0","0","0","0","7","0","","02","2","2019","1","40.48038","-79.875229","0009","11","0","0","0","0","1","0","0","0","","0","0","0","","","0","","0","","40 28:49.369","","0","79 52:30.823","0","0","0","0","2113","0","0","0","N","0","0","0","1","02113","0","","4.0","","9","N","N","","0","","0","0","0","","0","","","1","0","0","0","0","0","0","2","0","1","","","","N","","","","","","","","","",""
"2019022465","","1","0","0","0","0","0","0","0","0","0","0","","02","2","2019","2","40.452154","-79.796779","0835","11","0","0","0","0","0","0","0","0","2","0","0","0","","","0","","0","","40 27:07.753","7","0","79 47:48.405","0","0","0","0","2113","0","0","0","N","0","0","0","1","02113","0","","1.0","","2","N","N","","0","","0","0","0","","0","Y","","1","0","0","0","0","0","0","2","0","1","","","","N","","","","","","","","","",""
"2019003066","","1","0","0","0","0","0","0","0","0","7","0","","02","1","2019","3","40.351204","-79.994141","1612","11","0","0","0","0","0","0","0","0","1","0","0","0","","","0","","2","","40 21:04.334","1","0","79 59:38.907","0","0","0","0","2476","0","0","0","N","0","0","0","1","02476","0","","4.0","","9","N","N","","0","","0","0","0","","3","N","","1","0","0","0","0","0","0","2","0","1","","","","N","","","","","","","","","",""
"2019107089","","0","0","0","0","0","0","0","0","0","7","0","","02","10","2019","3","40.588969","-79.885769","0924","11","0","0","0","0","0","0","0","0","1","0","0","0","","","0","","0","","40 35:20.287","3","0","79 53:08.770","0","0","0","0","2209","0","0","0","N","0","0","0","1","68T02","0","","4.0","","9","N","N","","0","","0","0","0","","0","N","","1","0","0","0","0","0","0","2","1","1","","","","N","","","","","","","","","",""
"2019024616","","3","0","0","0","0","0","0","0","0","1","0","","02","2","2019","4","40.493086","-79.899277","0722","11","0","0","0","0","0","0","0","0","3","0","0","0","","","1","","0","","40 29:35.109","2","0","79 53:57.398","8","0","0","0","2401","0","0","0","N","0","0","0","6","68D02","0","","1.0","","1","N","N","","0","","0","0","1","","0","N","","4","1","0","0","0","1","0","2","0","4","","","","N","","","","","","","","","",""
"2019025226","","1","0","0","0","0","0","0","0","0","4","0","","02","3","2019","1","40.471747","-79.960152","1439","11","0","0","0","0","0","1","0","0","","0","0","0","","","1","","2","","40 28:18.290","","0","79 57:36.546","4","0","0","0","2301","0","0","0","N","0","0","0","4","02301","1","","1.0","","9","N","N","","1","","0","0","0","","3","","","2","1","0","0","0","0","0","2","0","2","","","","N","","","","","","","","","",""
"2019107248","","1","0","0","0","0","0","0","0","0","7","0","","02","10","2019","7","40.632647","-80.097514","0129","11","0","0","0","0","0","1","0","0","","0","0","0","","","0","","0","","40 37:57.528","","0","80 05:51.051","0","0","0","0","2212","0","0","0","Y","0","0","0","1","68B03","0","","4.0","","1","N","N","","0","","0","0","0","","0","","","1","0","0","0","0","0","0","2","0","1","","","","N","","","","","","","","","",""
"2019104412","","2","0","0","0","0","0","0","0","0","2","0","","02","10","2019","4","40.45329","-80.001665","1614","11","0","0","0","0","0","1","1","0","1","0","0","0","","","0","","1","","40 27:11.845","4","0","80 00:05.994","0","0","0","0","2301","0","0","0","N","0","0","0","4","02301","0","","1.0","","1","N","N","","0","","0","0","1","","2","N","","3","0","0","0","0","0","0","2","0","3","","","","N","","","","","","","","","",""
"2019106435","","1","0","0","0","0","0","0","0","0","1","0","99","02","10","2019","2","40.36144","-79.932588","1403","11","0","0","0","0","1","1","0","0","1","0","0","0","","","2","","0","","40 21:41.184","2","0","79 55:57.317","4","0","0","0","2473","0","0","0","N","0","0","0","3","02473","2","","1.0","","1","N","N","","1","","0","0","0","","0","N","","2","2","0","0","0","0","0","2","0","2","","","N","Y","4","2","","","N","","","Y","",""
"2019007227","","2","0","0","0","0","0","0","0","0","4","0","","02","1","2019","4","40.395697","-80.023984","1903","11","0","0","0","0","0","0","0","0","","0","0","0","","","0","","0","","40 23:44.510","","7","80 01:26.344","0","0","0","0","2301","0","0","0","N","0","0","0","3","02301","0","","1.0","","1","N","N","","0","","0","0","0","","2","","","2","0","1","0","0","0","0","2","0","2","","","","N","","","","","","","","","",""
"2019031396","","0","0","0","0","0","0","0","0","0","7","0","","02","3","2019","6","40.546688","-80.218914","0638","11","0","0","0","0","0","0","0","0","","0","0","0","","","0","","0","","40 32:48.078","","0","80 13:08.089","0","0","0","0","2103","0","0","0","N","0","0","0","1","02103","0","","2.0","","2","N","N","","0","","0","0","1","","0","","","1","0","0","0","0","0","0","2","0","1","","","","N","","","","","","","","","",""
"2019024170","","1","0","0","0","0","0","0","0","0","5","0","","02","2","2019","4","40.612375","-80.054343","1419","11","0","0","0","0","0","1","0","0","2","0","0","0","","","0","","1","","40 36:44.551","1","0","80 03:15.633","0","0","0","0","2108","0","0","0","N","0","0","0","2","02108","0","","1.0","","1","N","N","","0","","0","0","1","","2","N","","2","0","0","0","0","0","0","2","0","2","","","","N","","","","","","","","","",""
"2019023326","","2","0","0","0","0","0","0","0","0","1","0","","02","2","2019","4","40.648376","-79.937259","0752","11","0","0","0","0","0","1","0","0","1","0","0","0","","","0","","3","","40 38:54.153","1","0","79 56:14.131","0","0","0","0","2217","0","0","0","N","0","0","0","2","02505","0","","1.0","","1","N","N","","0","","0","0","0","","0","N","","2","0","0","0","0","0","0","2","0","2","","","","N","","","","","","","","","",""
"2019025181","","1","0","0","0","0","0","0","0","0","1","0","","02","3","2019","1","40.358462","-80.058594","1027","11","0","0","0","0","0","0","0","0","1","0","0","0","","","0","","0","","40 21:30.462","3","0","80 03:30.937","0","0","0","0","2109","0","0","0","N","0","0","0","2","02109","0","","1.0","","1","N","N","","0","","0","0","1","","0","N","","2","0","0","0","0","0","0","2","0","2","","","","N","","","","","","","","","",""
"2019024394","","1","0","0","0","0","0","0","0","0","2","0","","02","3","2019","6","40.408433","-80.017819","2142","11","0","0","0","0","0","0","0","0","2","0","0","0","","","0","","2","","40 24:30.358","3","0","80 01:04.149","0","0","0","0","2301","0","0","0","N","0","0","0","2","02301","0","","1.0","","1","N","N","","0","","0","0","1","","2","Y","","2","0","0","0","0","0","0","2","0","2","","","","N","","","","","","","","","",""
"2019025550","","0","0","0","0","0","0","0","0","0","1","0","","02","3","2019","2","40.415608","-80.008738","1531","11","0","0","0","0","0","0","0","0","2","0","0","0","","","0","","0","","40 24:56.188","4","4","80 00:31.455","0","0","0","0","2301","0","0","0","N","0","0","0","7","02301","0","","1.0","","1","N","N","","0","","0","0","2","","0","N","","2","0","0","0","0","0","0","2","0","2","","","","N","","","","","","","","","",""
"2019088830","","2","0","0","0","0","0","0","0","0","0","0","","02","9","2019","4","40.480833","-79.801006","1334","11","0","0","0","0","0","1","0","1","","0","0","0","","","1","","0","","40 28:50.997","","0","79 48:03.621","8","0","0","0","2113","0","0","0","N","0","0","0","2","02113","0","","5.0","","1","N","N","","0","","0","0","0","","0","N","","2","1","0","0","0","1","0","2","0","2","","","","N","","","","","","","","","",""
"2019070528","","1","0","0","0","0","0","0","0","0","7","0","","02","7","2019","6","40.435999","-79.840714","0225","11","0","0","0","0","0","0","0","1","1","0","0","0","","","0","","0","","40 26:09.597","5","0","79 50:26.572","9","0","0","0","2419","0","0","0","N","0","0","0","1","02419","0","","5.0","","1","N","N","","0","","0","0","0","","0","N","","1","0","0","0","0","0","1","2","0","1","","","","N","","","","","","","","","",""