"CRN","ARRIVAL_TM","AUTOMOBILE_COUNT","BELTED_DEATH_COUNT","BELTED_SUSP_SERIOUS_INJ_COUNT","BICYCLE_COUNT","BICYCLE_DEATH_COUNT","BICYCLE_SUSP_SERIOUS_INJ_COUNT","BUS_COUNT","CHLDPAS_DEATH_COUNT","CHLDPAS_SUSP_SERIOUS_INJ_COUNT","COLLISION_TYPE","COMM_VEH_COUNT","CONS_ZONE_SPD_LIM","COUNTY","CRASH_MONTH","CRASH_YEAR","DAY_OF_WEEK","DEC_LATITUDE","DEC_LONGITUDE","DISPATCH_TM","DISTRICT","DRIVER_COUNT_16YR","DRIVER_COUNT_17YR","DRIVER_COUNT_18YR","DRIVER_COUNT_19YR","DRIVER_COUNT_20YR","DRIVER_COUNT_50_64YR","DRIVER_COUNT_65_74YR","DRIVER_COUNT_75PLUS","EST_HRS_CLOSED","FATAL_COUNT","HEAVY_TRUCK_COUNT","HORSE_BUGGY_COUNT","HOUR_OF_DAY","ILLUMINATION","INJURY_COUNT","INTERSECTION_RELATED","INTERSECT_TYPE","LANE_CLOSED","LATITUDE","LN_CLOSE_DIR","LOCATION_TYPE","LONGITUDE","MAX_SEVERITY_LEVEL","MCYCLE_DEATH_COUNT","MCYCLE_SUSP_SERIOUS_INJ_COUNT","MOTORCYCLE_COUNT","MUNICIPALITY","NONMOTR_COUNT","NONMOTR_DEATH_COUNT","NONMOTR_SUSP_SERIOUS_INJ_COUNT","NTFY_HIWY_MAINT","PED_COUNT","PED_DEATH_COUNT","PED_SUSP_SERIOUS_INJ_COUNT","PERSON_COUNT","POLICE_AGCY","POSSIBLE_INJ_COUNT","RDWY_SURF_TYPE_CD","RELATION_TO_ROAD","ROADWAY_CLEARED","ROAD_CONDITION","SCH_BUS_IND","SCH_ZONE_IND","SECONDARY_CRASH","SMALL_TRUCK_COUNT","SPEC_JURIS_CD","SUSP_MINOR_INJ_COUNT","SUSP_SERIOUS_INJ_COUNT","SUV_COUNT","TCD_FUNC_CD","TCD_TYPE","TFC_DETOUR_IND","TIME_OF_DAY","TOTAL_UNITS","TOT_INJ_COUNT","UNBELTED_OCC_COUNT","UNB_DEATH_COUNT","UNB_SUSP_SERIOUS_INJ_COUNT","UNK_INJ_DEG_COUNT","UNK_INJ_PER_COUNT","URBAN_RURAL","VAN_COUNT","VEHICLE_COUNT","WEATHER1","WEATHER2","WORKERS_PRES","WORK_ZONE_IND","WORK_ZONE_LOC","WORK_ZONE_TYPE","WZ_CLOSE_DETOUR","WZ_FLAGGER","WZ_LAW_OFFCR_IND","WZ_LN_CLOSURE","WZ_MOVING","WZ_OTHER","WZ_SHLDER_MDN","WZ_WORKERS_INJ_KILLED"
"2019077867","","2","0","0","0","0","0","0","0","0","1","0","","02","7","2019","3","40.512117","-80.103945","1638","11","0","0","0","0","0","0","0","0","","0","0","0","","","0","","2","","40 30:43.621","","0","80 06:14.201","0","0","0","0","2429","0","0","0","N","0","0","0","2","02215","0","","1.0","","1","N","N","","0","","0","0","0","","2","","","2","0","0","0","0","0","0","2","0","2","","","","N","","","","","","","","","",""
"2019002428","","1","0","0","0","0","0","0","0","0","7","0","","02","1","2019","2","40.460806","-79.968333","0346","11","0","0","0","0","0","1","0","0","","0","0","0","","","0","","0","","40 27:38.900","","0","79 58:06.000","0","0","0","0","2301","0","0","0","N","0","0","0","1","02301","0","","5.0","","1","N","N","","0","","0","0","0","","0","","","1","0","0","0","0","0","0","2","0","1","","","","N","","","","","","","","","",""
"2019021319","","0","0","0","0","0","0","0","0","0","7","0","","02","1","2019","7","40.339826","-80.130469","2347","11","0","0","0","0","0","0","0","0","","0","0","0","","","0","","0","","40 20:23.374","","0","80 07:49.690","0","0","0","0","2119","0","0","0","Y","0","0","0","2","68B03","0","","4.0","","7","N","N","","0","","0","0","1","","0","","","1","0","0","0","0","0","0","2","0","1","","","","N","","","","","","","","","",""
"2019083808","","0","0","0","0","0","0","0","0","0","4","1","","02","8","2019","3","40.447931","-80.00206","1438","11","0","0","0","0","0","0","0","0","","0","1","0","","","0","","1","","40 26:52.553","","0","80 00:07.417","0","0","0","0","2301","0","0","0","N","0","0","0","2","02301","0","","1.0","","1","N","N","","0","","0","0","1","","0","N","","2","0","0","0","0","0","0","2","0","2","","","","N","","","","","","","","","",""
"2019004298","","1","0","0","0","0","0","0","0","0","4","0","","02","1","2019","7","40.427028","-79.962694","0007","11","0","0","0","0","0","0","0","0","1","0","0","0","","","0","","0","","40 25:37.300","2","0","79 57:45.700","9","0","0","0","2301","0","0","0","N","0","0","0","3","02301","0","","1.0","","1","N","N","","0","","0","0","1","","2","N","","2","0","0","0","0","0","2","2","0","2","","","","N","","","","","","","","","",""
"2019007325","","2","0","0","0","0","0","0","0","0","4","0","","02","1","2019","1","40.441191","-79.829631","1226","11","0","0","0","0","0","0","0","0","1","0","0","0","","","0","","0","","40 26:28.287","6","0","79 49:46.673","9","0","0","0","2419","0","0","0","N","0","0","0","3","02419","0","","1.0","","9","N","N","","0","","0","0","0","","0","N","","2","0","0","0","0","0","2","2","0","2","","","","N","","","","","","","","","",""
"2019004302","","0","0","0","0","0","0","0","0","0","1","0","","02","1","2019","7","40.430131","-79.981914","0230","11","0","0","0","0","0","0","0","0","","0","0","0","","","0","","2","","40 25:48.473","","0","79 58:54.891","0","0","0","0","2301","0","0","0","N","0","0","0","1","02301","0","","1.0","","1","N","N","","1","","0","0","1","","3","","","2","0","0","0","0","0","0","2","0","2","","","","N","","","","","","","","","",""
"2019091073","","2","0","0","0","0","0","0","0","0","2","0","","02","9","2019","3","40.452917","-79.920736","1723","11","0","0","0","0","0","0","0","0","2","0","0","0","","","0","","1","","40 27:10.501","4","0","79 55:14.649","0","0","0","0","2301","0","0","0","N","0","0","0","2","02301","0","","1.0","","1","N","N","","0","","0","0","0","","2","Y","","2","0","0","0","0","0","0","2","0","2","","","","N","","","","","","","","","",""
"2019087815","","1","0","0","0","0","0","0","0","0","1","0","","02","8","2019","6","40.430632","-80.026611","1556","11","0","0","0","0","0","0","0","0","","0","0","0","","","0","","0","","40 25:50.274","","0","80 01:35.801","0","0","0","0","2301","0","0","0","N","0","0","0","2","68B03","0","","1.0","","1","N","N","","0","","0","0","1","","0","","","2","0","0","0","0","0","0","2","0","2","","","","N","","","","","","","","","",""
"2019006044","","2","0","0","0","0","0","0","0","0","1","0","","02","1","2019","4","40.410608","-80.005559","1756","11","0","0","0","0","0","0","0","0","","0","0","0","","","0","","0","","40 24:38.188","","0","80 00:20.011","0","0","0","0","2301","0","0","0","N","0","0","0","2","02301","0","","1.0","","1","N","N","","0","","0","0","0","","0","","","2","0","0","0","0","0","0","2","0","2","","","","N","","","","","","","","","",""
"2019007518","","1","0","0","0","0","0","0","0","0","1","0","","02","1","2019","6","40.56541","-79.999204","1208","11","0","0","0","0","1","0","0","0","","0","0","0","","","0","","0","","40 33:55.477","","0","79 59:57.135","0","0","0","0","2108","0","0","0","N","0","0","0","2","02108","0","","1.0","","9","N","N","","0","","0","0","1","","0","","","2","0","0","0","0","0","0","2","0","2","","","","N","","","","","","","","","",""
"2019086767","","2","0","0","0","0","0","0","0","0","1","0","","02","8","2019","4","40.305245","-79.892602","1509","11","0","1","0","0","0","1","0","0","","0","0","0","","","0","","1","","40 18:18.881","","0","79 53:33.368","0","0","0","0","2302","0","0","0","N","0","0","0","2","02302","0","","1.0","","1","N","N","","0","","0","0","0","","0","N","","2","0","0","0","0","0","0","2","0","2","","","","N","","","","","","","","","",""
"2019007557","","0","0","0","0","0","0","0","0","0","0","0","","02","1","2019","2","40.488082","-79.852804","1517","11","0","0","0","0","0","0","0","0","1","0","0","0","","","0","","0","","40 29:17.096","5","0","79 51:10.095","9","0","0","0","2113","0","0","0","N","0","0","0","2","02113","0","","1.0","","6","N","N","","0","","0","0","1","","0","N","","2","0","0","0","0","0","1","2","1","2","","","","N","","","","","","","","","",""
"2019082260","","2","0","0","0","0","0","0","0","0","4","0","","02","8","2019","7","40.541911","-80.012913","1036","11","0","0","0","0","0","1","1","0","1","0","0","0","","","2","","1","","40 32:30.878","1","0","80 00:46.485","8","0","0","0","2116","0","0","0","N","0","0","0","3","02116","0","","1.0","","1","N","N","","0","","0","0","0","","2","N","","2","2","1","0","0","2","0","2","0","2","","","","N","","","","","","","","","",""
"2019004583","","2","0","0","0","0","0","0","0","0","4","0","","02","1","2019","1","40.442168","-79.994957","0048","11","0","0","0","0","1","0","0","0","","0","0","0","","","0","","1","","40 26:31.803","","0","79 59:41.846","0","0","0","0","2301","0","0","0","N","0","0","0","2","02301","0","","1.0","","7","N","N","","0","","0","0","0","","2","","","2","0","0","0","0","0","0","2","0","2","","","","N","","","","","","","","","",""
"2019005025","","0","0","0","0","0","0","0","0","0","4","0","","02","1","2019","6","40.582047","-80.038076","1825","11","0","0","0","0","0","1","0","0","2","0","0","0","","","3","","1","","40 34:55.369","7","0","80 02:17.073","3","0","0","0","2108","0","0","0","N","0","0","0","5","02108","0","","1.0","","1","N","N","","0","","3","0","2","","2","N","","2","3","0","0","0","0","0","2","0","2","","","","N","","","","","","","","","",""
"2019084524","","1","0","0","0","0","0","0","0","0","2","0","","02","8","2019","4","40.352674","-79.902142","1125","11","0","0","0","0","0","0","1","0","2","0","0","0","","","3","","0","","40 21:09.627","6","0","79 54:07.711","3","0","0","0","2473","0","0","0","N","0","0","0","3","02473","0","","1.0","","1","N","N","","0","","3","0","1","","0","Y","","2","3","0","0","0","0","0","2","0","2","","","","N","","","","","","","","","",""
"2019087523","","1","0","0","0","0","0","0","0","0","4","0","","02","8","2019","4","40.418523","-80.088694","0709","11","0","0","0","0","0","1","0","0","","0","0","0","","","0","","0","","40 25:06.684","","0","80 05:19.299","0","0","0","0","2457","0","0","0","N","0","0","0","2","68B03","0","","1.0","","9","N","N","","1","","0","0","0","","0","","","2","0","0","0","0","0","0","2","0","2","","","","N","","","","","","","","","",""
"2019002332","","0","0","0","0","0","0","0","0","0","7","0","","02","1","2019","1","40.414888","-80.011227","1840","11","0","0","0","0","0","0","0","0","1","0","0","0","","","1","","2","","40 24:53.596","3","0","80 00:40.416","3","0","0","1","2301","0","0","0","N","0","0","0","1","02301","0","","2.0","","1","N","N","","0","","1","0","0","","0","N","","1","1","0","0","0","0","0","2","0","1","","","","N","","","","","","","","","",""
"2019006642","","2","0","0","0","0","0","0","0","0","4","0","","02","1","2019","6","40.479306","-80.042944","0923","11","0","0","0","0","0","1","0","0","1","0","0","0","","","1","","0","","40 28:45.500","4","0","80 02:34.600","3","0","0","0","2301","0","0","0","N","0","0","0","2","02301","0","","1.0","","9","N","N","","0","","1","0","0","","0","N","","2","1","0","0","0","0","0","2","0","2","","","","N","","","","","","","","","",""
"2019081880","","1","0","0","0","0","0","0","0","0","1","0","","02","8","2019","1","40.448788","-80.122024","1540","11","0","0","0","0","0","0","0","0","","0","0","0","","","1","","1","","40 26:55.635","","0","80 07:19.286","3","0","0","0","2115","0","0","0","N","0","0","0","3","02115","0","","1.0","","1","N","N","","2","","1","0","0","","2","N","","3","1","0","0","0","0","0","2","0","3","","","","N","","","","","","","","","",""
"2019082711","","1","0","0","0","0","0","0","0","0","8","0","","02","8","2019","5","40.438631","-79.768988","2251","11","0","0","0","0","0","1","0","0","","0","0","0","","","1","","1","","40 26:19.070","","0","79 46:08.357","8","0","0","0","2446","1","0","0","N","1","0","0","2","02446","0","","1.0","","1","N","N","","0","","0","0","0","","0","N","","2","1","0","0","0","1","0","2","0","1","","","","N","","","","","","","","","",""
"2019088698","","2","0","0","0","0","0","0","0","0","1","0","","02","9","2019","3","40.385821","-79.967851","1844","11","0","0","0","0","0","0","0","0","2","0","0","0","","","0","","0","","40 23:08.954","3","0","79 58:04.263","0","0","0","0","2403","0","0","0","N","0","0","0","3","02403","0","","1.0","","1","N","N","","0","","0","0","0","","0","Y","","2","0","0","0","0","0","0","2","0","2","","","","N","","","","","","","","","",""
"2019010908","","1","0","0","0","0","0","0","0","0","7","0","","02","1","2019","2","40.523361","-80.268833","1154","11","0","0","0","0","0","0","0","0","2","0","0","0","","","1","","0","","40 31:24.100","1","0","80 16:07.800","3","0","0","0","2203","0","0","0","N","0","0","0","1","02203","0","","5.0","","6","N","N","","0","","1","0","0","","0","N","","1","1","1","0","0","0","0","2","0","1","","","","N","","","","","","","","","",""
"2019087296","","1","0","0","0","0","0","0","0","0","7","0","","02","8","2019","5","40.495004","-79.906451","2206","11","0","0","0","0","0","0","0","0","","0","0","0","","","0","","7","","40 29:42.016","","8","79 54:23.225","0","0","0","0","2401","0","0","0","N","0","0","0","1","68D02","0","","2.0","","9","N","N","","0","","0","0","0","","0","","","1","0","0","0","0","0","0","2","0","1","","","","N","","","","","","","","","",""
"2019084109","","0","0","0","0","0","0","1","0","0","4","1","","02","8","2019","3","40.367474","-80.104439","1242","11","0","0","0","1","0","1","0","0","","0","0","0","","","0","","0","","40 22:02.906","","7","80 06:15.982","0","0","0","0","2102","0","0","0","N","0","0","0","2","02503","0","","1.0","","1","Y","N","","0","","0","0","1","","0","","","2","0","0","0","0","0","0","2","0","2","","","","N","","","","","","","","","",""
"2019084631","","2","0","0","0","0","0","0","0","0","1","0","","02","8","2019","5","40.403324","-80.040898","1227","11","0","0","0","0","0","0","0","0","1","0","0","0","","","0","N","0","","40 24:11.965","2","7","80 02:27.234","0","0","0","0","2301","0","0","0","N","0","0","0","2","02301","0","","1.0","","1","N","N","","0","","0","0","0","","0","N","","2","0","0","0","0","0","0","2","0","2","","","","N","","","","","","","","","",""
"2019075167","","0","0","0","0","0","0","0","0","0","4","0","","02","7","2019","5","40.323559","-79.788058","1403","11","0","0","1","0","0","0","1","0","1","0","0","0","","","3","","2","","40 19:24.813","6","0","79 47:17.009","4","0","0","0","2477","0","0","0","N","0","0","0","6","02477","1","","1.0","","1","N","N","","0","","0","0","2","","3","Y","","2","3","0","0","0","2","0","2","0","2","","","","N","","","","","","","","","",""
"2019086151","","2","0","0","0","0","0","0","0","0","1","0","","02","8","2019","1","40.416731","-79.752222","0304","11","0","0","0","0","0","0","0","0","1","0","0","0","","","0","","0","","40 25:00.232","1","0","79 45:07.999","0","0","0","0","2446","0","0","0","N","0","0","0","1","02446","0","","2.0","","1","N","N","","0","","0","0","0","","0","N","","2","0","0","0","0","0","0","2","0","2","","","","N","","","","","","","","","",""
"2019085297","","2","0","0","0","0","0","0","0","0","1","0","","02","8","2019","7","40.441728","-80.021533","1141","11","0","0","0","0","0","1","0","1","","0","0","0","","","0","","0","","40 26:30.222","","0","80 01:17.518","9","0","0","0","2301","0","0","0","N","0","0","0","3","02301","0","","1.0","","1","N","N","","0","","0","0","0","","2","","","2","0","0","0","0","0","1","2","0","2","","","","N","","","","","","","","","",""
"2019005556","","1","0","0","0","0","0","0","0","0","1","0","","02","1","2019","3","40.628085","-80.055906","1222","11","0","0","0","0","0","1","1","0","","0","0","0","","","0","","0","","40 37:41.106","","0","80 03:21.263","0","0","0","0","2216","0","0","0","N","0","0","0","3","02505","0","","1.0","","1","N","N","","0","","0","0","2","","0","","","3","0","0","0","0","0","0","2","0","3","","","","N","","","","","","","","","",""
"2019007043","","2","0","0","0","0","0","0","0","0","1","0","","02","1","2019","6","40.497891","-80.012873","2030","11","0","0","0","0","0","0","0","1","","0","0","0","","","0","","0","","40 29:52.409","","3","80 00:46.342","0","0","0","0","2301","0","0","0","N","0","0","0","3","02301","0","","1.0","","9","N","N","","0","","0","0","0","","0","N","","2","0","0","0","0","0","0","2","0","2","","","","N","","","","","","","","","",""
"2019086263","","2","0","0","0","0","0","0","0","0","4","0","","02","8","2019","3","40.343138","-79.964028","0825","11","0","0","0","0","0","1","0","0","1","0","0","0","","","0","","2","","40 20:35.295","4","0","79 57:50.500","0","0","0","0","2454","0","0","0","N","0","0","0","2","02454","0","","1.0","","9","N","N","","0","","0","0","0","","0","N","","2","0","0","0","0","0","0","2","0","2","","","","N","","","","","","","","","",""
"2019003833","","1","0","0","0","0","0","0","0","0","4","0","","02","1","2019","4","40.372984","-80.099265","1911","11","0","0","0","0","0","0","0","0","2","0","0","0","","","0","","2","","40 22:22.744","4","2","80 05:57.354","0","0","0","0","2102","0","0","0","N","0","0","0","3","02102","0","","1.0","","1","N","N","","0","","0","0","1","","2","N","","2","0","0","0","0","0","0","2","0","2","","","","N","","","","","","","","","",""
"2019091593","","0","0","0","0","0","0","0","0","0","7","0","","02","9","2019","5","40.44729","-79.849101","0022","11","0","0","0","0","0","0","0","0","1","0","0","0","","","1","","0","","40 26:50.245","1","0","79 50:56.764","3","0","0","0","2419","0","0","0","N","0","0","0","1","02419","0","","2.0","","1","N","N","","0","","1","0","1","","0","N","","1","1","0","0","0","0","0","2","0","1","","","","N","","","","","","","","","",""
"2019002272","","1","0","0","0","0","0","0","0","0","1","0","","02","1","2019","1","40.49991","-79.843286","1410","11","0","0","0","0","0","0","0","0","1","0","0","0","","","0","","0","","40 29:59.675","3","0","79 50:35.831","0","0","0","0","2113","0","0","0","N","0","0","0","2","02113","0","","1.0","","1","N","N","","0","","0","0","1","","2","Y","","2","0","0","0","0","0","0","2","0","2","","","","N","","","","","","","","","",""
"2019007197","","1","0","0","0","0","0","0","0","0","7","0","","02","1","2019","7","40.425917","-79.986083","0201","11","0","0","0","0","0","0","0","0","1","0","0","0","","","1","","0","","40 25:33.300","2","0","79 59:09.900","8","0","0","0","2301","0","0","0","N","0","0","0","1","02301","0","","2.0","","9","N","N","","0","","0","0","0","","0","N","","1","1","0","0","0","1","0","2","0","1","","","","N","","","","","","","","","",""
"2019007486","","1","0","0","0","0","0","0","0","0","7","0","","02","1","2019","2","40.296725","-79.829773","0750","11","0","0","0","0","0","0","0","0","","0","0","0","","","0","","0","","40 17:48.210","","0","79 49:47.183","0","0","0","0","2105","0","0","0","N","0","0","0","1","02105","0","","4.0","","2","N","N","","0","","0","0","0","","0","","","1","0","1","0","0","0","0","1","0","1","","","","N","","","","","","","","","",""
"2019087056","","1","0","0","0","0","0","0","0","0","1","0","","02","8","2019","7","40.327624","-80.024826","1128","11","0","0","0","0","0","2","0","0","","0","0","0","","","1","","0","","40 19:39.448","","0","80 01:29.372","4","0","0","0","2407","0","0","0","N","0","0","0","9","02407","1","","1.0","","1","N","N","","0","","0","0","2","","0","","","4","1","0","0","0","0","0","2","1","4","","","","N","","","","","","","","","",""
"2019006920","","1","0","0","0","0","0","0","0","0","7","0","","02","1","2019","1","40.379119","-80.110106","0017","11","0","0","1","0","0","0","0","0","1","0","0","0","","","0","","0","","40 22:44.829","1","0","80 06:36.381","0","0","0","0","2102","0","0","0","N","0","0","0","1","02102","0","","2.0","","7","N","N","","0","","0","0","0","","0","N","","1","0","0","0","0","0","0","2","0","1","","","","N","","","","","","","","","",""
"2019002217","","1","0","0","0","0","0","0","0","0","5","0","","02","1","2019","1","40.425666","-79.949505","0920","11","0","0","0","0","0","1","0","0","","0","0","0","","","1","","0","","40 25:32.399","","0","79 56:58.217","4","0","0","0","2301","0","0","0","N","0","0","0","1","02301","1","","1.0","","1","N","N","","0","","0","0","1","","0","","","2","1","0","0","0","0","0","2","0","2","","","","N","","","","","","","","","",""
"2019006190","","1","0","0","0","0","0","0","0","0","4","0","","02","1","2019","4","40.372854","-80.04899","1001","11","0","0","0","0","0","0","1","0","1","0","0","0","","","0","","2","","40 22:22.274","1","0","80 02:56.364","0","0","0","0","2109","0","0","0","N","0","0","0","2","02109","0","","1.0","","9","N","N","","0","","0","0","1","","2","N","","2","0","0","0","0","0","0","2","0","2","","","","N","","","","","","","","","",""
"2019005720","","1","0","0","0","0","0","0","0","0","1","0","","02","1","2019","3","40.428322","-79.973013","1955","11","0","0","0","0","0","0","0","0","","0","0","0","","","2","","1","","40 25:41.960","","0","79 58:22.848","4","0","0","0","2301","0","0","0","N","0","0","0","3","02301","1","","1.0","","1","N","N","","0","","0","0","1","","2","","","2","2","0","0","0","1","0","2","0","2","","","","N","","","","","","","","","",""
"2019091081","","0","0","0","0","0","0","0","0","0","1","0","","02","9","2019","3","40.525236","-80.048238","1527","11","0","0","0","1","0","0","1","0","2","0","0","0","","","0","","2","","40 31:30.851","1","0","80 02:53.657","0","0","0","0","2116","0","0","0","N","0","0","0","3","02116","0","","1.0","","9","N","N","","0","","0","0","2","","3","N","","2","0","0","0","0","0","0","2","0","2","","","","N","","","","","","","","","",""
"2019006275","","3","0","0","0","0","0","0","0","0","1","0","","02","1","2019","5","40.491481","-79.86589","","11","0","0","0","0","0","1","0","0","2","0","0","0","","","1","","1","","40 29:29.330","1","0","79 51:57.203","4","0","0","0","2112","0","0","0","N","0","0","0","5","02112","1","","1.0","","1","N","N","","0","","0","0","0","","2","N","","3","1","0","0","0","0","0","2","0","3","","","","N","","","","","","","","","",""
"2019090485","","1","0","0","0","0","0","0","0","0","7","0","","02","9","2019","6","40.409913","-79.980742","0655","11","0","0","0","1","0","0","0","0","","0","0","0","","","0","","0","","40 24:35.687","","0","79 58:50.670","0","0","0","0","2301","0","0","0","N","0","0","0","2","02301","0","","5.0","","1","N","N","","0","","0","0","0","","0","N","","1","0","0","0","0","0","0","2","0","1","","","","N","","","","","","","","","",""
"2019081234","","0","0","0","0","0","0","0","0","0","5","1","","02","8","2019","2","40.561875","-80.206828","1003","11","0","0","0","0","0","1","0","0","2","0","1","0","","","1","","0","","40 33:42.749","1","0","80 12:24.580","8","0","0","0","2441","0","0","0","N","0","0","0","2","02441","0","","1.0","","1","N","N","","0","","0","0","1","","0","N","","2","1","0","0","0","1","0","2","0","2","","","","N","","","","","","","","","",""
"2019006011","","3","0","0","0","0","0","0","0","0","4","0","","02","1","2019","4","40.328423","-79.944841","1518","11","0","0","0","0","1","0","0","0","","0","0","0","","","2","","0","","40 19:42.321","","0","79 56:41.426","3","0","0","0","2454","0","0","0","N","0","0","0","4","02454","1","","1.0","","1","N","N","","0","","1","0","0","","0","","","3","2","0","0","0","0","0","2","0","3","","","","N","","","","","","","","","",""
"2019087850","","2","0","0","0","0","0","0","0","0","2","0","","02","8","2019","4","40.597126","-79.930321","1047","11","0","0","0","0","0","0","1","0","","0","0","0","","","0","","2","","40 35:49.652","","0","79 55:49.157","0","0","0","0","2207","0","0","0","N","0","0","0","2","02207","0","","1.0","","1","N","N","","0","","0","0","0","","0","N","","2","0","0","0","0","0","0","1","0","2","","","","N","","","","","","","","","",""
"2019006283","","1","0","0","0","0","0","0","0","0","4","1","","02","1","2019","4","40.240878","-79.86012","1203","11","0","0","0","0","0","0","0","0","1","0","0","0","","","1","","1","","40 14:27.160","5","0","79 51:36.431","8","0","0","0","2105","0","0","0","N","0","0","0","2","02105","0","","1.0","","9","N","N","","0","","0","0","0","","3","Y","","2","1","0","0","0","1","0","1","0","2","","","","N","","","","","","","","","",""
"2019084929","","1","0","0","0","0","0","0","0","0","5","0","","02","8","2019","6","40.460232","-79.842633","0535","11","0","0","0","0","0","0","0","0","","0","0","0","","","0","","1","","40 27:36.835","","0","79 50:33.477","0","0","0","0","2113","0","0","0","N","0","0","0","2","02113","0","","1.0","","1","N","N","","0","","0","0","1","","2","N","","2","0","0","0","0","0","0","2","0","2","","","","N","","","","","","","","","",""
"2019004555","","1","0","0","0","0","0","0","0","0","1","0","","02","1","2019","6","40.494674","-79.905978","1503","11","0","0","0","1","0","0","0","0","1","0","0","0","","","0","","0","","40 29:40.827","1","0","79 54:21.520","0","0","0","0","2401","0","0","0","N","0","0","0","2","68D02","0","","1.0","","1","N","N","","0","","0","0","1","","0","Y","","2","0","0","0","0","0","0","2","0","2","","","","N","","","","","","","","","",""
"2019017742","","0","0","0","0","0","0","0","0","0","1","0","","02","1","2019","2","40.626581","-80.096733","1654","11","0","0","0","0","0","0","0","0","2","0","0","0","","","2","","0","","40 37:35.693","1","0","80 05:48.239","4","0","0","0","2212","0","0","0","N","0","0","0","2","68B03","2","","1.0","","1","N","N","","2","","0","0","0","","0","N","","2","2","0","0","0","0","0","2","0","2","","","","N","","","","","","","","","",""
"2019006204","","1","0","0","0","0","0","0","0","0","6","0","","02","1","2019","5","40.46374","-79.923809","0534","11","0","0","0","0","0","0","0","0","","0","0","0","","","0","","1","","40 27:49.464","","0","79 55:25.712","0","0","0","0","2301","0","0","0","N","0","0","0","2","02301","0","","1.0","","1","N","N","","0","","0","0","1","","1","","","2","0","0","0","0","0","0","2","0","2","","","","N","","","","","","","","","",""
"2019007094","","0","0","0","0","0","0","0","0","0","4","0","","02","1","2019","6","40.434195","-79.7515","1840","11","0","0","0","0","0","1","0","0","2","0","0","0","","","0","","0","","40 26:03.101","4","7","79 45:05.400","0","0","0","0","2446","0","0","0","N","0","0","0","2","02446","0","","1.0","","1","N","N","","0","","0","0","2","","0","Y","","2","0","0","0","0","0","0","2","0","2","","","","N","","","","","","","","","",""
"2019006838","","3","0","0","0","0","0","0","0","0","5","0","","02","1","2019","6","40.476278","-80.039722","1643","11","0","0","0","0","0","0","0","0","","0","0","0","","","0","","0","","40 28:34.600","","0","80 02:23.000","9","0","0","0","2301","0","0","0","N","0","0","0","2","02301","0","","2.0","","1","N","N","","0","","0","0","0","","0","","","3","0","0","0","0","0","2","2","0","3","","","","N","","","","","","","","","",""
"2019092088","","0","0","0","0","0","0","0","0","0","99","0","","02","9","2019","3","40.278258","-79.940129","2042","11","0","0","0","0","0","0","0","0","","0","0","0","","","0","","0","","40 16:41.730","","0","79 56:24.465","0","0","0","0","2440","0","0","0","N","0","0","0","1","68T09","0","","1.0","","1","N","N","","0","","0","0","1","","0","","","1","0","0","0","0","0","0","2","0","1","","","","N","","","","","","","","","",""
"2019090819","","2","0","0","0","0","0","0","0","0","2","0","","02","9","2019","2","40.454043","-79.912443","2035","11","0","0","0","0","0","1","0","0","2","0","0","0","","","1","","1","","40 27:14.553","1","0","79 54:44.793","3","0","0","0","2301","0","0","0","N","0","0","0","2","02301","0","","1.0","","1","N","N","","0","","1","0","0","","2","N","","2","1","0","0","0","0","0","2","0","2","","","","N","","","","","","","","","",""
"2019087930","","0","0","0","1","1","0","0","0","0","8","0","","02","8","2019","5","40.535341","-79.842486","0618","11","0","0","0","0","0","1","1","0","4","1","0","0","","","0","","0","","40 32:07.229","1","0","79 50:32.948","1","0","0","0","2208","1","1","0","N","0","0","0","3","02208","0","2","1.0","","1","N","N","","0","0","0","0","0","","0","Y","","3","0","0","0","0","0","0","2","2","2","","","","N","","","","","","","","","",""
"2019003468","","1","0","0","0","0","0","0","0","0","4","0","","02","1","2019","4","40.487612","-80.04072","1513","11","0","0","0","0","0","0","1","0","","0","0","0","","","0","","1","","40 29:15.403","","0","80 02:26.591","0","0","0","0","2301","0","0","0","N","0","0","0","2","02301","0","","1.0","","1","N","N","","0","","0","0","1","","3","N","","2","0","0","0","0","0","0","2","0","2","","","","N","","","","","","","","","",""
"2019085532","","0","0","0","0","0","0","0","0","0","1","0","","02","8","2019","4","40.406309","-80.003693","0727","11","0","0","0","0","0","1","0","0","","0","0","0","","","1","","2","","40 24:22.711","","0","80 00:13.295","8","0","0","0","2301","0","0","0","N","0","0","0","2","02301","0","","1.0","","1","N","N","","1","","0","0","1","","0","","","2","1","0","0","0","1","0","2","0","2","","","","N","","","","","","","","","",""
"2019003989","","0","0","0","0","0","0","0","0","0","7","0","","02","1","2019","6","40.470106","-79.897149","0250","11","0","0","0","0","0","0","0","0","2","0","0","0","","","0","","2","","40 28:12.381","7","0","79 53:49.736","0","0","0","0","2301","0","0","0","N","0","0","0","1","02301","0","","4.0","","1","N","N","","1","","0","0","0","","0","Y","","1","0","0","0","0","0","0","2","0","1","","","","N","","","","","","","","","",""