"CRN","ARRIVAL_TM","AUTOMOBILE_COUNT","BELTED_DEATH_COUNT","BELTED_SUSP_SERIOUS_INJ_COUNT","BICYCLE_COUNT","BICYCLE_DEATH_COUNT","BICYCLE_SUSP_SERIOUS_INJ_COUNT","BUS_COUNT","CHLDPAS_DEATH_COUNT","CHLDPAS_SUSP_SERIOUS_INJ_COUNT","COLLISION_TYPE","COMM_VEH_COUNT","CONS_ZONE_SPD_LIM","COUNTY","CRASH_MONTH","CRASH_YEAR","DAY_OF_WEEK","DEC_LATITUDE","DEC_LONGITUDE","DISPATCH_TM","DISTRICT","DRIVER_COUNT_16YR","DRIVER_COUNT_17YR","DRIVER_COUNT_18YR","DRIVER_COUNT_19YR","DRIVER_COUNT_20YR","DRIVER_COUNT_50_64YR","DRIVER_COUNT_65_74YR","DRIVER_COUNT_75PLUS","EST_HRS_CLOSED","FATAL_COUNT","HEAVY_TRUCK_COUNT","HORSE_BUGGY_COUNT","HOUR_OF_DAY","ILLUMINATION","INJURY_COUNT","INTERSECTION_RELATED","INTERSECT_TYPE","LANE_CLOSED","LATITUDE","LN_CLOSE_DIR","LOCATION_TYPE","LONGITUDE","MAX_SEVERITY_LEVEL","MCYCLE_DEATH_COUNT","MCYCLE_SUSP_SERIOUS_INJ_COUNT","MOTORCYCLE_COUNT","MUNICIPALITY","NONMOTR_COUNT","NONMOTR_DEATH_COUNT","NONMOTR_SUSP_SERIOUS_INJ_COUNT","NTFY_HIWY_MAINT","PED_COUNT","PED_DEATH_COUNT","PED_SUSP_SERIOUS_INJ_COUNT","PERSON_COUNT","POLICE_AGCY","POSSIBLE_INJ_COUNT","RDWY_SURF_TYPE_CD","RELATION_TO_ROAD","ROADWAY_CLEARED","ROAD_CONDITION","SCH_BUS_IND","SCH_ZONE_IND","SECONDARY_CRASH","SMALL_TRUCK_COUNT","SPEC_JURIS_CD","SUSP_MINOR_INJ_COUNT","SUSP_SERIOUS_INJ_COUNT","SUV_COUNT","TCD_FUNC_CD","TCD_TYPE","TFC_DETOUR_IND","TIME_OF_DAY","TOTAL_UNITS","TOT_INJ_COUNT","UNBELTED_OCC_COUNT","UNB_DEATH_COUNT","UNB_SUSP_SERIOUS_INJ_COUNT","UNK_INJ_DEG_COUNT","UNK_INJ_PER_COUNT","URBAN_RURAL","VAN_COUNT","VEHICLE_COUNT","WEATHER1","WEATHER2","WORKERS_PRES","WORK_ZONE_IND","WORK_ZONE_LOC","WORK_ZONE_TYPE","WZ_CLOSE_DETOUR","WZ_FLAGGER","WZ_LAW_OFFCR_IND","WZ_LN_CLOSURE","WZ_MOVING","WZ_OTHER","WZ_SHLDER_MDN","WZ_WORKERS_INJ_KILLED"
"2019049530","","1","0","0","0","0","0","0","0","0","6","0","","02","5","2019","3","40.350549","-79.799674","1621","11","0","0","0","0","0","1","0","0","1","0","0","0","","","1","","0","","40 21:01.975","6","0","79 47:58.826","8","0","0","0","2477","0","0","0","N","0","0","0","2","02477","0","","1.0","","1","N","N","","0","","0","0","1","","0","Y","","2","1","1","0","0","1","0","2","0","2","","","","N","","","","","","","","","",""
"2019130253","","2","0","0","0","0","0","0","0","0","4","0","","02","12","2019","3","40.473889","-79.82","2202","11","0","0","0","0","0","0","1","0","","0","0","0","","","0","N","0","","40 28:26.000","7","0","79 49:12.000","0","0","0","0","2113","0","0","0","N","0","0","0","1","02113","0","","6.0","2300.0","1","N","N","N","0","","0","0","0","","0","N","","2","0","0","0","0","0","0","2","0","2","","","","N","","","","","","","","","",""
"2019051126","","2","0","0","0","0","0","0","0","0","5","0","","02","5","2019","6","40.465501","-79.951655","1750","11","0","0","0","0","0","0","0","0","","0","0","0","","","0","","2","","40 27:55.802","","0","79 57:05.958","0","0","0","0","2301","0","0","0","N","0","0","0","1","02301","0","","1.0","","1","N","N","","0","","0","0","0","","0","","","2","0","0","0","0","0","0","2","0","2","","","","N","","","","","","","","","",""
"2019047883","","1","0","0","0","0","0","0","0","0","7","0","","02","5","2019","6","40.477802","-79.841946","1500","11","0","0","0","0","0","0","0","0","1","0","0","0","","","0","","0","","40 28:40.086","5","0","79 50:31.006","0","0","0","0","2113","0","0","0","N","0","0","0","1","02113","0","","5.0","","1","N","N","","0","","0","0","0","","0","Y","","1","0","1","0","0","0","0","2","0","1","","","","N","","","","","","","","","",""
"2019047808","","2","0","0","0","0","0","0","0","0","4","0","","02","5","2019","6","40.408943","-79.904646","1049","11","0","0","0","0","0","0","0","0","2","0","0","0","","","1","","2","","40 24:32.196","3","0","79 54:16.727","3","0","0","0","2448","0","0","0","N","0","0","0","3","02448","0","","1.0","","9","N","N","","0","","1","0","0","","3","N","","2","1","0","0","0","0","0","2","0","2","","","","N","","","","","","","","","",""
"2019048346","","1","0","0","0","0","0","0","0","0","7","0","","02","5","2019","1","40.466188","-79.912216","0120","11","0","0","0","0","0","1","0","0","","0","0","0","","","1","","1","","40 27:58.276","","0","79 54:43.977","8","0","0","0","2301","0","0","0","N","0","0","0","1","02301","0","","5.0","","9","N","N","","0","","0","0","0","","3","","","1","1","0","0","0","1","0","2","0","1","","","","N","","","","","","","","","",""
"2019061100","","2","0","0","0","0","0","0","0","0","4","0","","02","6","2019","1","40.367337","-79.84234","1353","11","0","0","0","0","0","0","1","1","","0","0","0","","","1","","2","","40 22:02.413","","0","79 50:32.424","8","0","0","0","2303","0","0","0","N","0","0","0","2","02303","0","","1.0","","9","N","N","","0","","0","0","0","","2","","","2","1","0","0","0","1","0","2","0","2","","","","N","","","","","","","","","",""
"2019129054","","2","0","0","0","0","0","0","0","0","1","0","","02","12","2019","1","40.572128","-80.023504","1822","11","0","1","0","0","0","0","0","0","","0","0","0","","","0","N","1","","40 34:19.660","1","0","80 01:24.616","0","0","0","0","2108","0","0","0","N","0","0","0","4","02108","0","","1.0","1915.0","1","N","N","N","0","","0","0","0","","2","N","","2","0","0","0","0","0","0","2","0","2","","03","","N","","","","","","","","","",""
"2019128455","","1","0","0","0","0","0","0","0","0","7","0","","02","12","2019","6","40.459873","-79.992926","2344","11","0","0","0","0","0","0","0","0","","0","0","0","","","2","N","0","","40 27:35.542","1","0","79 59:34.533","3","0","0","0","2301","0","0","0","N","0","0","0","3","02301","0","","5.0","45.0","9","N","N","N","0","","2","0","0","","0","Y","","1","2","0","0","0","0","0","2","0","1","","","","N","","","","","","","","","",""
"2019045517","","1","0","0","0","0","0","0","0","0","4","0","","02","5","2019","6","40.353792","-79.823763","1113","11","0","0","0","0","0","1","0","0","","0","0","0","","","2","","2","","40 21:13.651","","0","79 49:25.546","3","0","0","0","2477","0","0","0","N","0","0","0","3","02477","0","","1.0","","1","N","N","","1","","2","0","0","","3","","","2","2","0","0","0","0","0","2","0","2","","","","N","","","","","","","","","",""
"2019047452","","2","0","0","0","0","0","0","0","0","7","0","","02","5","2019","3","40.383389","-80.014778","1329","11","0","0","0","0","0","0","0","1","","0","0","0","","","3","","0","","40 23:00.200","","0","80 00:53.200","4","0","0","0","2101","1","0","0","N","1","0","0","6","02101","3","","1.0","","1","N","N","","0","","0","0","1","","0","","","4","3","0","0","0","0","0","2","0","3","","","","N","","","","","","","","","",""
"2019111963","","2","1","0","0","0","0","0","0","0","4","0","","02","11","2019","2","40.382137","-79.928694","1153","11","0","0","0","0","0","0","0","1","3","1","0","0","","","1","N","0","","40 22:55.693","5","0","79 55:43.297","1","0","0","0","2301","0","0","0","N","0","0","0","6","02301","0","2","1.0","","1","N","N","Y","1","0","1","0","0","","0","Y","","4","1","0","0","0","0","0","2","1","4","","","","N","","","","","","","","","",""
"2019126057","","1","0","0","0","0","0","0","0","0","8","0","","02","12","2019","5","40.343334","-79.829319","1846","11","0","0","0","0","0","0","0","1","","0","0","0","","","1","","1","","40 20:36.002","","0","79 49:45.548","8","0","0","0","2304","1","0","0","N","1","0","0","2","02304","0","","1.0","","1","N","N","N","0","","0","0","0","","0","","","2","1","0","0","0","1","0","2","0","1","","03","","N","","","","","","","","","",""
"2019048741","","2","0","0","0","0","0","0","0","0","4","0","","02","5","2019","2","40.401903","-79.90152","0813","11","0","0","0","0","0","0","0","0","","0","0","0","","","1","","1","","40 24:06.850","","0","79 54:05.471","4","0","0","0","2438","0","0","0","N","0","0","0","3","02438","1","","1.0","","1","N","N","","0","","0","0","0","","3","N","","2","1","0","0","0","0","0","2","0","2","","","","N","","","","","","","","","",""
"2019049136","","0","0","0","0","0","0","0","0","0","1","0","","02","5","2019","2","40.535729","-80.185018","1342","11","0","0","0","0","0","0","1","0","1","0","0","0","","","1","","0","","40 32:08.626","3","3","80 11:06.063","3","0","0","0","2458","0","0","0","N","0","0","0","2","02458","0","","1.0","","1","N","N","","0","","1","0","2","","2","N","","2","1","0","0","0","0","0","2","0","2","","","","N","","","","","","","","","",""
"2019126406","","0","0","1","0","0","0","0","0","0","1","0","","02","12","2019","1","40.538699","-79.83033","1906","11","0","0","0","0","0","1","0","1","","0","0","0","","","1","","2","","40 32:19.316","","0","79 49:49.189","2","0","0","0","2208","0","0","0","N","0","0","0","3","02208","0","","1.0","","1","N","N","N","0","","0","1","2","","2","","","2","1","0","0","0","0","0","2","0","2","","03","","N","","","","","","","","","",""
"2019127328","","0","0","0","0","0","0","0","0","0","0","1","","02","12","2019","4","40.391114","-79.766047","1206","11","0","0","0","0","0","1","0","0","","0","1","0","","","0","","1","","40 23:28.009","","0","79 45:57.769","0","0","0","0","2446","0","0","0","N","0","0","0","1","02446","0","","1.0","","1","N","Y","N","0","","0","0","0","","2","","","1","0","0","0","0","0","0","2","0","1","","","","N","","","","","","","","","",""
"2019127412","","2","0","0","0","0","0","0","0","0","5","0","","02","12","2019","2","40.446679","-80.169303","","11","0","0","0","0","0","0","0","0","","0","0","0","","","1","N","0","","40 26:48.046","6","0","80 10:09.489","8","0","0","0","2115","0","0","0","N","0","0","0","3","68B03","0","","1.0","2115.0","9","N","N","N","0","","0","0","0","","4","N","","2","1","0","0","0","1","0","2","0","2","","","","N","","","","","","","","","",""
"2019126684","","1","0","0","0","0","0","0","0","0","7","0","","02","12","2019","3","40.395666","-79.99712","","11","0","0","0","0","0","0","0","0","","0","0","0","","","0","","2","","40 23:44.397","7","0","79 59:49.631","0","0","0","0","2301","0","0","0","N","0","0","0","0","02301","0","","5.0","355.0","9","N","N","N","0","","0","0","0","","0","Y","","1","0","0","0","0","0","0","2","0","1","","","","N","","","","","","","","","",""
"2019128073","","1","0","0","0","0","0","0","0","0","98","0","","02","12","2019","5","40.444119","-79.927933","","11","0","0","0","0","0","0","0","0","","0","0","0","","","0","","1","","40 26:38.829","6","0","79 55:40.559","0","0","0","0","2301","0","0","0","N","0","0","0","1","02301","0","","5.0","225.0","1","N","N","N","0","","0","0","0","","2","Y","","1","0","0","0","0","0","0","2","0","1","","03","","N","","","","","","","","","",""
"2019046415","","0","0","0","0","0","0","0","0","0","1","0","","02","5","2019","2","40.347615","-79.832533","","11","0","0","0","0","0","0","1","0","1","0","0","0","","","0","","1","","40 20:51.413","1","0","79 49:57.117","0","0","0","0","2304","0","0","0","N","0","0","0","2","02304","0","","1.0","","1","N","N","","0","","0","0","0","","2","Y","","2","0","0","0","0","0","0","2","2","2","","","","N","","","","","","","","","",""
"2019131049","","1","0","0","0","0","0","0","0","0","7","0","","02","12","2019","4","40.322356","-79.918683","","11","0","0","0","0","0","0","0","0","","0","0","0","","","1","N","0","","40 19:20.480","6","0","79 55:07.260","3","0","0","0","2440","0","0","0","N","0","0","0","1","02440","0","","5.0","1614.0","2","N","N","N","0","","1","0","0","","0","Y","","1","1","0","0","0","0","0","2","0","1","","","","N","","","","","","","","","",""
"2019045910","","2","0","0","0","0","0","0","0","0","4","0","","02","5","2019","7","40.340253","-79.967352","","11","0","0","0","0","0","1","0","0","2","0","0","0","","","0","","2","","40 20:24.912","3","0","79 58:02.467","0","0","0","0","2454","0","0","0","N","0","0","0","2","02454","0","","1.0","","9","N","N","","0","","0","0","0","","2","Y","","2","0","0","0","0","0","0","2","0","2","","","","N","","","","","","","","","",""
"2019123158","","1","0","0","0","0","0","0","0","0","4","0","","02","11","2019","4","40.430393","-79.791902","","11","0","0","1","0","0","1","0","0","","0","0","0","","","4","N","2","","40 25:49.414","","0","79 47:30.847","4","0","0","0","2446","0","0","0","N","0","0","0","6","02446","4","","1.0","","1","N","N","N","0","","0","0","1","","2","","","2","4","0","0","0","0","0","2","0","2","","03","","N","","","","","","","","","",""
"2019127717","","1","0","0","0","0","0","0","0","0","8","0","","02","12","2019","5","40.447077","-79.947295","","11","0","0","0","0","0","0","0","0","","0","0","0","","","1","N","1","","40 26:49.476","","0","79 56:50.263","8","0","0","0","2301","1","0","0","N","1","0","0","2","02301","0","","1.0","","1","N","N","N","0","","0","0","0","","2","N","","2","1","0","0","0","1","0","2","0","1","","","","N","","","","","","","","","",""
"2019127439","","1","0","0","0","0","0","0","0","0","7","0","","02","12","2019","4","40.454232","-80.215165","","11","0","0","0","0","0","0","0","0","","0","0","0","","","1","N","0","","40 27:15.236","4","0","80 12:54.595","3","0","0","0","2214","0","0","0","N","0","0","0","1","02214","0","","4.0","1530.0","1","N","N","N","0","","1","0","0","","0","N","","1","1","0","0","0","0","0","2","0","1","","03","","N","","","","","","","","","",""
"2019046186","","1","0","0","0","0","0","0","0","0","1","0","","02","5","2019","1","40.388229","-80.089906","","11","0","0","0","0","0","0","1","0","","0","0","0","","","0","","1","","40 23:17.623","","0","80 05:23.662","9","0","0","0","2437","0","0","0","N","0","0","0","2","02437","0","","1.0","","9","N","N","","0","","0","0","1","","2","","","2","0","0","0","0","0","1","2","0","2","","","","N","","","","","","","","","",""
"2019131108","","2","0","0","0","0","0","0","0","0","4","0","","02","12","2019","5","40.36438","-79.774428","","11","0","0","0","0","0","2","0","0","","0","0","0","","","1","N","0","","40 21:51.768","6","6","79 46:27.940","8","0","0","0","2111","0","0","0","N","0","0","0","2","02111","0","","1.0","1751.0","1","N","N","N","0","","0","0","0","","0","N","","2","1","1","0","0","1","0","2","0","2","","03","","N","","","","","","","","","",""
"2019049521","","0","0","0","0","0","0","0","0","0","1","0","","02","5","2019","3","40.437885","-79.739612","","11","0","0","0","0","0","0","0","0","1","0","0","0","","","1","","0","","40 26:16.386","4","0","79 44:22.602","8","0","0","0","2446","0","0","0","N","0","0","0","2","02446","0","","1.0","","1","N","N","","0","","0","0","2","","2","N","","2","1","0","0","0","1","0","2","0","2","","","","N","","","","","","","","","",""
"2019128471","","2","0","0","0","0","0","0","0","0","1","0","","02","12","2019","7","40.450416","-80.065718","","11","0","0","0","0","0","0","0","0","","0","0","0","","","0","N","0","","40 27:01.499","1","0","80 03:56.585","9","0","0","0","2301","0","0","0","N","0","0","0","1","02301","0","","6.0","315.0","9","N","N","N","0","","0","0","0","","0","Y","","3","0","0","0","0","0","1","2","0","3","","07","","N","","","","","","","","","",""
"2019048637","","0","0","0","0","0","0","0","0","0","8","0","","02","5","2019","1","40.486565","-79.810591","","11","0","0","0","0","0","0","0","0","","0","0","0","","","2","","0","","40 29:11.633","","0","79 48:38.128","3","0","0","0","2113","2","0","0","N","2","0","0","3","02113","0","","4.0","","9","N","N","","0","","2","0","1","","0","","","3","2","0","0","0","0","1","2","0","1","","","","N","","","","","","","","","",""
"2019125548","","2","0","0","0","0","0","0","0","0","4","0","","02","12","2019","6","40.426264","-79.963573","","11","0","0","0","0","0","1","0","0","","0","0","0","","","0","N","1","","40 25:34.552","7","0","79 57:48.863","0","0","0","0","2301","0","0","0","N","0","0","0","2","02301","0","","1.0","1755.0","1","N","N","N","0","","0","0","0","","2","N","","2","0","0","0","0","0","0","2","0","2","","03","","N","","","","","","","","","",""
"2019027259","","0","0","0","0","0","0","0","0","0","1","0","","02","3","2019","6","40.444232","-80.028216","","11","0","0","0","0","0","1","0","0","1","0","0","0","","","0","","5","","40 26:39.234","4","0","80 01:41.577","0","0","0","0","2301","0","0","0","N","0","0","0","2","02301","0","","1.0","","1","N","N","","1","","0","0","0","","2","Y","","2","0","0","0","0","0","0","2","1","2","","","","N","","","","","","","","","",""
"2019070793","","1","0","0","0","0","0","0","0","0","1","0","","02","5","2019","4","40.440465","-79.832781","","11","0","0","0","0","0","0","0","0","2","0","0","0","","","0","","0","","40 26:25.673","4","0","79 49:58.013","0","0","0","0","2419","0","0","0","N","0","0","0","2","68B03","0","","1.0","","1","N","N","","0","","0","0","1","","0","N","","2","0","0","0","0","0","0","2","0","2","","","","N","","","","","","","","","",""
"2019126595","","0","0","0","0","0","0","0","0","0","7","0","","02","12","2019","7","40.664564","-79.729036","","11","0","0","0","0","0","0","0","0","","0","0","0","","","0","N","0","","40 39:52.432","4","0","79 43:44.528","0","0","0","0","2202","0","0","0","N","0","0","0","1","68D02","0","","4.0","1535.0","1","N","N","N","0","","0","0","1","","0","N","","1","0","0","0","0","0","0","2","0","1","","","","N","","","","","","","","","",""
"2019109150","","2","0","0","0","0","0","0","0","0","6","0","","02","10","2019","6","40.514512","-80.022828","","11","0","0","0","0","0","0","0","0","2","0","0","0","","","1","N","0","","40 30:52.243","7","0","80 01:22.179","8","0","0","0","2474","0","0","0","N","0","0","0","1","02474","0","","1.0","2233.0","1","N","N","N","0","","0","0","1","","0","N","","3","1","0","0","0","1","0","2","0","3","","","","N","","","","","","","","","",""
"2019129650","","2","0","0","0","0","0","0","0","0","2","0","","02","12","2019","1","40.397668","-79.769328","","11","0","0","0","0","0","1","1","0","","0","0","0","","","1","N","1","","40 23:51.606","3","0","79 46:09.579","8","0","0","0","2446","0","0","0","N","0","0","0","2","02446","0","","1.0","1932.0","1","N","N","N","0","","0","0","0","","2","Y","","2","1","0","0","0","1","0","2","0","2","","","","N","","","","","","","","","",""
"2019046980","","2","0","0","0","0","0","0","0","0","4","0","","02","5","2019","4","40.468467","-79.791189","","11","0","1","1","0","0","0","0","0","","0","0","0","","","0","","3","","40 28:06.480","","0","79 47:28.281","0","0","0","0","2113","0","0","0","N","0","0","0","5","02113","0","","1.0","","1","N","N","","0","","0","0","0","","0","","","2","0","0","0","0","0","0","2","0","2","","","","N","","","","","","","","","",""
"2019131227","","2","0","0","0","0","0","0","0","0","4","0","","02","12","2019","5","40.634254","-80.058191","","11","0","0","0","0","0","0","0","0","","0","0","0","","","0","","1","","40 38:03.314","","0","80 03:29.488","0","0","0","0","2216","0","0","0","N","0","0","0","3","02505","0","","1.0","","1","N","N","N","0","","0","0","0","","2","","","2","0","0","0","0","0","0","2","0","2","","03","","N","","","","","","","","","",""
"2019044829","","1","0","0","0","0","0","0","0","0","7","0","","02","4","2019","3","40.521083","-79.955583","","11","0","0","0","0","0","0","0","0","","0","0","0","","","0","","0","","40 31:15.900","","0","79 57:20.100","0","0","0","0","2118","0","0","0","N","0","0","0","1","02118","0","","5.0","","1","N","N","","0","","0","0","0","","0","","","1","0","0","0","0","0","0","2","0","1","","","","N","","","","","","","","","",""
"2019129208","","2","0","0","0","0","0","0","0","0","4","0","","02","12","2019","6","40.431128","-79.792159","","11","0","0","0","0","0","0","0","1","","0","0","0","","","0","Y","0","","40 25:52.059","7","7","79 47:31.771","0","0","0","0","2446","0","0","0","N","0","0","0","4","02446","0","","6.0","950.0","1","N","N","N","0","","0","0","1","","0","N","","3","0","0","0","0","0","0","2","0","3","","","","N","","","","","","","","","",""
"2019049953","","2","0","0","0","0","0","0","0","0","5","0","","02","5","2019","2","40.393254","-80.065611","","11","0","0","0","0","0","1","1","0","2","0","0","0","","","0","","2","","40 23:35.715","3","0","80 03:56.198","0","0","0","0","2109","0","0","0","N","0","0","0","6","02109","0","","1.0","","1","N","N","","0","","0","0","2","","2","N","","4","0","0","0","0","0","0","2","0","4","","","","N","","","","","","","","","",""
"2019047697","","0","0","0","0","0","0","0","0","0","1","0","","02","5","2019","5","40.587151","-79.999411","","11","0","1","0","0","0","0","0","0","","0","0","0","","","0","","1","","40 35:13.743","","0","79 59:57.879","0","0","0","0","2108","0","0","0","N","0","0","0","3","02501","0","","1.0","","9","N","N","","0","","0","0","2","","4","","","2","0","0","0","0","0","0","2","0","2","","","","N","","","","","","","","","",""
"2019046780","","0","0","0","0","0","0","0","0","0","7","0","","02","5","2019","2","40.423306","-79.886949","","11","0","0","0","0","0","0","0","0","2","0","0","0","","","1","","0","","40 25:23.901","3","0","79 53:13.016","8","0","0","0","2463","0","0","0","N","0","0","0","1","02463","0","","5.0","","1","N","N","","0","","0","0","1","","2","N","","1","1","0","0","0","1","0","2","0","1","","","","N","","","","","","","","","",""
"2019128422","","2","0","0","0","0","0","0","0","0","2","0","","02","12","2019","6","40.393166","-79.805113","","11","0","1","0","0","0","1","0","0","","0","0","0","","","1","","2","","40 23:35.397","","3","79 48:18.405","4","0","0","0","2479","0","0","0","N","0","0","0","3","02501","1","","1.0","","9","N","N","N","0","","0","0","0","","2","","","2","1","0","0","0","0","0","2","0","2","","","","N","","","","","","","","","",""
"2019046594","","2","0","0","0","0","0","0","0","0","4","0","","02","5","2019","1","40.430067","-79.986479","","11","0","0","0","0","0","0","0","0","1","0","0","0","","","3","","2","","40 25:48.241","4","0","79 59:11.323","3","0","0","0","2301","0","0","0","N","0","0","0","4","02301","1","","1.0","","9","N","N","","0","","2","0","0","","3","Y","","2","3","0","0","0","0","0","2","0","2","","","","N","","","","","","","","","",""
"2019047086","","2","0","0","0","0","0","0","0","0","2","0","","02","5","2019","4","40.34254","-79.824756","","11","0","0","0","0","0","0","0","1","","0","0","0","","","0","","0","","40 20:33.143","","7","79 49:29.120","0","0","0","0","2304","0","0","0","N","0","0","0","1","02304","0","","6.0","","1","N","N","","0","","0","0","2","","0","","","4","0","0","0","0","0","0","2","0","4","","","","N","","","","","","","","","",""
"2019131046","","0","0","0","0","0","0","0","0","0","7","0","","02","12","2019","5","40.557666","-80.016767","","11","0","0","0","0","0","0","0","0","","0","0","0","","","0","N","0","","40 33:27.599","3","0","80 01:00.360","0","0","0","0","2108","0","0","0","N","0","0","0","1","02108","0","","4.0","1545.0","1","N","N","N","0","","0","0","1","","0","N","","1","0","1","0","0","0","0","2","0","1","","","","N","","","","","","","","","",""
"2019123343","","1","0","0","0","0","0","0","0","0","7","0","","02","12","2019","2","40.440779","-80.247268","","11","0","0","0","0","0","0","0","0","","0","0","0","","","0","N","0","","40 26:26.805","","0","80 14:50.164","9","0","0","0","2214","0","0","0","N","0","0","0","1","02214","0","","5.0","","9","N","N","N","0","","0","0","0","","0","N","","1","0","0","0","0","0","1","2","0","1","","","","N","","","","","","","","","",""
"2019048387","","0","0","0","0","0","0","0","0","0","5","0","","02","5","2019","3","40.348168","-79.947286","","11","0","0","0","0","0","0","1","0","1","0","0","0","","","0","","2","","40 20:53.403","2","0","79 56:50.231","0","0","0","0","2473","0","0","0","N","0","0","0","4","02473","0","","1.0","","1","N","N","","1","","0","0","1","","2","N","","2","0","0","0","0","0","0","2","0","2","","","","N","","","","","","","","","",""
"2019049955","","2","0","0","0","0","0","0","0","0","4","0","","02","5","2019","4","40.392349","-80.067405","","11","0","0","0","0","0","0","0","1","2","0","0","0","","","0","","0","","40 23:32.455","3","7","80 04:02.657","0","0","0","0","2109","0","0","0","N","0","0","0","2","02109","0","","1.0","","1","N","N","","0","","0","0","0","","0","N","","2","0","0","0","0","0","0","2","0","2","","","","N","","","","","","","","","",""
"2019115088","","1","0","0","0","0","0","0","0","0","4","0","","02","11","2019","2","40.353954","-79.823236","","11","0","0","0","0","0","0","0","1","","0","0","0","","","1","","1","","40 21:14.236","7","0","79 49:23.648","8","0","0","0","2477","0","0","0","N","0","0","0","3","02477","0","","1.0","1950.0","1","N","N","N","1","","0","0","0","","3","Y","","2","1","1","0","0","1","0","2","0","2","","","","N","","","","","","","","","",""
"2019050310","","1","0","0","0","0","0","0","0","0","0","0","","02","5","2019","7","40.435495","-79.968324","","11","0","0","0","0","0","0","0","0","2","0","0","0","","","1","","0","","40 26:07.783","3","3","79 58:05.966","8","0","0","0","2301","0","0","0","N","0","0","0","1","68B03","0","","1.0","","1","N","N","","0","","0","0","0","","0","N","","1","1","1","0","0","1","0","2","0","1","","","","N","","","","","","","","","",""
"2019047030","","3","0","0","0","0","0","0","0","0","1","0","","02","5","2019","3","40.392036","-79.766166","","11","0","0","0","0","1","1","0","0","","0","0","0","","","1","","0","","40 23:31.328","","0","79 45:58.199","3","0","0","0","2446","0","0","0","N","0","0","0","4","02446","0","","1.0","","1","N","N","","1","","1","0","0","","2","","","4","1","0","0","0","0","0","2","0","4","","","","N","","","","","","","","","",""
"2019128298","","1","0","0","0","0","0","0","0","0","1","0","","02","12","2019","4","40.667361","-80.096376","","11","0","0","0","0","0","2","0","0","","0","0","0","","","0","","2","","40 40:02.499","1","0","80 05:46.955","0","0","0","0","2212","0","0","0","N","0","0","0","4","02505","0","","1.0","1744.0","1","N","N","N","1","","0","0","1","","2","N","","3","0","0","0","0","0","0","2","0","3","","03","","N","","","","","","","","","",""
"2019059829","","1","0","0","0","0","0","0","0","0","4","0","","02","5","2019","6","40.495472","-79.903056","","11","0","0","0","0","0","1","0","0","3","0","0","0","","","0","","0","","40 29:43.700","5","0","79 54:11.000","0","0","0","0","2401","0","0","0","N","0","0","0","1","02401","0","","1.0","","1","N","N","","0","","0","0","1","","0","Y","","2","0","0","0","0","0","0","2","0","2","","","","N","","","","","","","","","",""
"2019064791","","0","0","0","0","0","0","0","0","0","1","0","","02","5","2019","2","40.449206","-80.003539","","11","0","0","0","0","0","0","0","0","2","0","0","0","","","0","","0","","40 26:57.141","1","0","80 00:12.739","0","0","0","0","2301","0","0","0","N","0","0","0","3","68B03","0","","1.0","","9","N","N","","0","","0","0","3","","0","Y","","3","0","1","0","0","0","0","2","0","3","","","","N","","","","","","","","","",""
"2019128940","","2","0","0","0","0","0","0","0","0","4","0","","02","12","2019","1","40.464603","-79.96148","","11","0","0","0","0","0","0","1","0","","0","0","0","","","0","N","2","","40 27:52.570","","0","79 57:41.327","0","0","0","0","2301","0","0","0","N","0","0","0","2","02301","0","","1.0","","9","N","N","N","0","","0","0","0","","3","","","2","0","0","0","0","0","0","2","0","2","","07","","N","","","","","","","","","",""
"2019123088","","0","0","0","0","0","0","0","0","0","4","0","","02","12","2019","1","40.45121","-79.826656","","11","0","0","0","0","0","0","1","0","","0","0","0","","","0","N","0","","40 27:04.356","","0","79 49:35.961","9","0","0","0","2113","0","0","0","N","0","0","0","2","02113","0","","1.0","","1","N","N","N","0","","0","0","2","","0","","","2","0","0","0","0","0","1","2","0","2","","","","N","","","","","","","","","",""
"2019130623","","2","0","0","0","0","0","0","0","0","1","0","","02","12","2019","4","40.572128","-80.023673","","11","0","0","0","0","0","0","1","0","","0","0","0","","","1","","2","","40 34:19.660","2","0","80 01:25.221","3","0","0","0","2108","0","0","0","N","0","0","0","10","02108","0","","1.0","1840.0","7","N","N","N","0","","1","0","2","","0","N","","4","1","0","0","0","0","0","2","0","4","","","","N","","","","","","","","","",""
"2019125485","","1","0","0","0","0","0","0","0","0","8","0","","02","12","2019","6","40.430914","-80.010701","","11","0","0","0","0","0","0","0","0","","0","0","0","","","1","N","3","","40 25:51.290","4","0","80 00:38.523","3","0","0","0","2301","1","0","0","N","1","0","0","2","02301","0","","1.0","1813.0","1","N","N","N","0","","1","0","0","","0","N","","2","1","0","0","0","0","0","2","0","1","","03","","N","","","","","","","","","",""
"2019045926","","2","0","0","0","0","0","0","0","0","7","0","","02","5","2019","7","40.48975","-79.779972","","11","0","0","0","0","0","0","0","0","","0","0","0","","","1","","0","","40 29:23.100","","0","79 46:47.900","4","0","0","0","2466","0","0","0","N","0","0","0","3","02466","1","","2.0","","1","N","N","","0","","0","0","0","","0","","","2","1","0","0","0","0","0","2","0","2","","","","N","","","","","","","","","",""
"2019046033","","1","0","0","0","0","0","0","0","0","4","0","","02","5","2019","1","40.453082","-79.94392","","11","0","0","0","0","0","0","0","0","1","0","0","0","","","0","","2","","40 27:11.095","1","0","79 56:38.112","0","0","0","0","2301","0","0","0","N","0","0","0","4","02301","0","","1.0","","9","N","N","","0","","0","0","1","","3","N","","2","0","0","0","0","0","0","2","0","2","","","","N","","","","","","","","","",""