"CRN","ARRIVAL_TM","AUTOMOBILE_COUNT","BELTED_DEATH_COUNT","BELTED_SUSP_SERIOUS_INJ_COUNT","BICYCLE_COUNT","BICYCLE_DEATH_COUNT","BICYCLE_SUSP_SERIOUS_INJ_COUNT","BUS_COUNT","CHLDPAS_DEATH_COUNT","CHLDPAS_SUSP_SERIOUS_INJ_COUNT","COLLISION_TYPE","COMM_VEH_COUNT","CONS_ZONE_SPD_LIM","COUNTY","CRASH_MONTH","CRASH_YEAR","DAY_OF_WEEK","DEC_LATITUDE","DEC_LONGITUDE","DISPATCH_TM","DISTRICT","DRIVER_COUNT_16YR","DRIVER_COUNT_17YR","DRIVER_COUNT_18YR","DRIVER_COUNT_19YR","DRIVER_COUNT_20YR","DRIVER_COUNT_50_64YR","DRIVER_COUNT_65_74YR","DRIVER_COUNT_75PLUS","EST_HRS_CLOSED","FATAL_COUNT","HEAVY_TRUCK_COUNT","HORSE_BUGGY_COUNT","HOUR_OF_DAY","ILLUMINATION","INJURY_COUNT","INTERSECTION_RELATED","INTERSECT_TYPE","LANE_CLOSED","LATITUDE","LN_CLOSE_DIR","LOCATION_TYPE","LONGITUDE","MAX_SEVERITY_LEVEL","MCYCLE_DEATH_COUNT","MCYCLE_SUSP_SERIOUS_INJ_COUNT","MOTORCYCLE_COUNT","MUNICIPALITY","NONMOTR_COUNT","NONMOTR_DEATH_COUNT","NONMOTR_SUSP_SERIOUS_INJ_COUNT","NTFY_HIWY_MAINT","PED_COUNT","PED_DEATH_COUNT","PED_SUSP_SERIOUS_INJ_COUNT","PERSON_COUNT","POLICE_AGCY","POSSIBLE_INJ_COUNT","RDWY_SURF_TYPE_CD","RELATION_TO_ROAD","ROADWAY_CLEARED","ROAD_CONDITION","SCH_BUS_IND","SCH_ZONE_IND","SECONDARY_CRASH","SMALL_TRUCK_COUNT","SPEC_JURIS_CD","SUSP_MINOR_INJ_COUNT","SUSP_SERIOUS_INJ_COUNT","SUV_COUNT","TCD_FUNC_CD","TCD_TYPE","TFC_DETOUR_IND","TIME_OF_DAY","TOTAL_UNITS","TOT_INJ_COUNT","UNBELTED_OCC_COUNT","UNB_DEATH_COUNT","UNB_SUSP_SERIOUS_INJ_COUNT","UNK_INJ_DEG_COUNT","UNK_INJ_PER_COUNT","URBAN_RURAL","VAN_COUNT","VEHICLE_COUNT","WEATHER1","WEATHER2","WORKERS_PRES","WORK_ZONE_IND","WORK_ZONE_LOC","WORK_ZONE_TYPE","WZ_CLOSE_DETOUR","WZ_FLAGGER","WZ_LAW_OFFCR_IND","WZ_LN_CLOSURE","WZ_MOVING","WZ_OTHER","WZ_SHLDER_MDN","WZ_WORKERS_INJ_KILLED"
"2019117029","","1","0","0","0","0","0","0","0","0","7","0","","02","11","2019","6","40.438186","-80.191619","","11","0","0","0","0","0","0","0","0","","0","0","0","","","0","N","2","","40 26:17.469","","2","80 11:29.828","0","0","0","0","2214","0","0","0","N","0","0","0","1","02214","0","","4.0","","1","N","N","N","0","","0","0","0","","2","","","1","0","0","0","0","0","0","2","0","1","","","","N","","","","","","","","","",""
"2019050192","","1","0","0","0","0","0","0","0","0","7","0","","02","5","2019","4","40.323679","-79.785139","","11","0","0","0","0","0","0","0","0","","0","0","0","","","1","","0","","40 19:25.245","","0","79 47:06.502","3","0","0","0","2477","0","0","0","N","0","0","0","1","02477","0","","4.0","","1","N","N","","0","","1","0","0","","0","","","1","1","0","0","0","0","0","2","0","1","","","","N","","","","","","","","","",""
"2019047980","","2","0","0","0","0","0","0","0","0","5","0","","02","5","2019","6","40.448523","-80.012859","","11","0","0","0","0","0","0","0","0","","0","0","0","","","0","","7","","40 26:54.682","","2","80 00:46.294","0","0","0","0","2301","0","0","0","N","0","0","0","4","02301","0","","1.0","","1","N","N","","0","","0","0","0","","0","","","2","0","0","0","0","0","0","2","0","2","","","","N","","","","","","","","","",""
"2019045172","","1","0","0","0","0","0","0","0","0","7","0","","02","5","2019","5","40.478133","-80.042545","","11","0","0","0","0","0","0","0","0","2","0","0","0","","","0","","0","","40 28:41.278","1","99","80 02:33.161","0","0","0","0","2301","0","0","0","N","0","0","0","1","02301","0","","2.0","","1","N","N","","0","","0","0","0","","2","N","","1","0","1","0","0","0","0","2","0","1","","","","N","","","","","","","","","",""
"2019044974","","2","0","0","0","0","0","0","0","0","5","0","","02","5","2019","4","40.458094","-79.899403","","11","0","0","0","0","0","1","0","0","","0","0","0","","","0","","0","","40 27:29.138","","0","79 53:57.849","0","0","0","0","2301","0","0","0","N","0","0","0","2","02301","0","","1.0","","1","N","N","","1","","0","0","1","","0","","","4","0","1","0","0","0","0","2","0","4","","","","N","","","","","","","","","",""
"2019125740","","1","0","0","0","0","0","0","0","0","1","0","","02","12","2019","7","40.441657","-79.992049","","11","0","0","0","0","0","0","0","0","","0","0","0","","","0","","3","","40 26:29.964","","0","79 59:31.376","0","0","0","0","2301","0","0","0","N","0","0","0","2","02301","0","","1.0","","1","N","N","N","0","","0","0","1","","0","","","2","0","2","0","0","0","0","2","0","2","","03","","N","","","","","","","","","",""
"2019047425","","1","0","0","0","0","0","0","0","0","5","0","","02","5","2019","4","40.436139","-79.978055","","11","0","0","0","0","0","0","0","0","1","0","0","0","","","0","","0","","40 26:10.102","4","0","79 58:40.997","0","0","0","0","2301","0","0","0","N","0","0","0","4","02301","0","","1.0","","1","N","N","","0","","0","0","1","","0","Y","","2","0","0","0","0","0","0","2","0","2","","","","N","","","","","","","","","",""
"2019131320","","3","0","0","0","0","0","0","0","0","2","0","","02","12","2019","6","40.386853","-79.995515","","11","0","0","0","0","0","0","0","0","","0","0","0","","","0","N","0","","40 23:12.672","2","0","79 59:43.854","0","0","0","0","2301","0","0","0","N","0","0","0","1","02301","0","","5.0","310.0","1","N","N","N","0","","0","0","0","","0","N","","3","0","0","0","0","0","0","2","0","3","","03","","N","","","","","","","","","",""
"2019047712","","1","0","0","0","0","0","0","0","0","7","0","","02","5","2019","5","40.478972","-79.944006","","11","0","0","0","0","0","0","0","0","2","0","0","0","","","1","N","0","","40 28:44.299","5","7","79 56:38.422","4","0","0","0","2301","0","0","0","Y","0","0","0","1","02301","1","","4.0","","9","N","N","","0","","0","0","1","","0","N","","2","1","0","0","0","0","0","2","0","2","","","","N","","","","","","","","","",""
"2019048391","","0","0","0","0","0","0","0","0","0","7","0","","02","5","2019","7","40.376712","-80.158862","","11","0","0","0","0","0","0","0","0","2","0","0","0","","","0","","0","","40 22:36.162","6","0","80 09:31.904","0","0","0","0","2119","0","0","0","N","0","0","0","1","02119","0","","5.0","","1","N","N","","1","","0","0","0","","0","N","","1","0","0","0","0","0","0","2","0","1","","","","N","","","","","","","","","",""
"2019048386","","1","0","0","0","0","0","0","0","0","4","0","","02","5","2019","1","40.454008","-79.885641","","11","0","0","0","0","0","0","0","0","1","0","0","0","","","1","","1","","40 27:14.427","3","0","79 53:08.306","4","0","0","0","2301","0","0","0","N","0","0","0","2","02301","1","","1.0","","9","N","N","","0","","0","0","1","","2","N","","2","1","1","0","0","0","1","2","0","2","","","","N","","","","","","","","","",""
"2019048720","","1","0","0","0","0","0","0","0","0","2","0","","02","5","2019","5","40.410061","-80.080742","","11","0","0","1","0","0","1","0","0","","0","0","0","","","0","","1","","40 24:36.218","","0","80 04:50.671","0","0","0","0","2415","0","0","0","N","0","0","0","2","02415","0","","1.0","","1","N","N","","0","","0","0","1","","3","","","2","0","0","0","0","0","0","2","0","2","","","","N","","","","","","","","","",""
"2019130352","","1","0","0","0","0","0","0","0","0","1","0","","02","12","2019","4","40.438054","-79.994012","","11","0","0","0","0","0","0","1","0","","0","0","0","","","0","","1","","40 26:16.994","","0","79 59:38.444","0","0","0","0","2301","0","0","0","N","0","0","0","2","02301","0","","1.0","","1","N","N","N","0","","0","0","0","","2","","","2","0","0","0","0","0","0","2","1","2","","","","N","","","","","","","","","",""
"2019129723","","0","0","0","0","0","0","1","0","0","5","1","","02","12","2019","3","40.441457","-79.99773","","11","0","0","0","0","0","0","0","0","","0","0","0","","","1","N","1","","40 26:29.245","","0","79 59:51.827","3","0","0","0","2301","0","0","0","N","0","0","0","2","02301","0","","1.0","","9","N","N","N","1","","1","0","0","","2","","","2","1","1","0","0","0","0","2","0","2","","07","","N","","","","","","","","","",""
"2019047372","","1","0","0","0","0","0","0","0","0","4","0","","02","5","2019","4","40.449839","-79.929647","","11","0","0","0","0","0","0","0","0","1","0","0","0","","","0","","1","","40 26:59.420","1","0","79 55:46.729","9","0","0","0","2301","0","0","0","N","0","0","0","3","02301","0","","1.0","","1","N","N","","0","","0","0","1","","2","N","","2","0","0","0","0","0","1","2","0","2","","","","N","","","","","","","","","",""
"2019047899","","2","0","0","0","0","0","0","0","0","1","0","","02","5","2019","6","40.507423","-79.851696","","11","0","1","0","0","0","0","0","0","1","0","0","0","","","0","","2","","40 30:26.723","3","0","79 51:06.106","9","0","0","0","2112","0","0","0","N","0","0","0","3","02112","0","","1.0","","9","N","N","","0","","0","0","0","","2","N","","2","0","0","0","0","0","1","2","0","2","","","","N","","","","","","","","","",""
"2019045916","","1","0","0","0","0","0","0","0","0","1","0","","02","5","2019","7","40.423036","-79.927569","","11","0","0","0","0","0","1","0","0","2","0","0","0","","","0","","1","","40 25:22.929","2","0","79 55:39.248","0","0","0","0","2301","0","0","0","N","0","0","0","5","02301","0","","1.0","","9","N","N","","0","","0","0","2","","0","Y","","3","0","0","0","0","0","0","2","0","3","","","","N","","","","","","","","","",""
"2019048049","","1","0","0","0","0","0","0","0","0","1","0","","02","5","2019","7","40.407143","-79.910671","","11","0","0","0","0","0","1","0","0","1","0","0","0","","","2","","0","","40 24:25.715","6","0","79 54:38.414","8","0","0","0","2438","0","0","0","N","0","0","0","2","02438","0","","1.0","","1","N","N","","0","","0","0","1","","0","Y","","2","2","0","0","0","2","0","2","0","2","","","","N","","","","","","","","","",""
"2019128670","","2","0","0","0","0","0","0","0","0","4","0","","02","12","2019","6","40.388171","-80.056004","","11","0","0","0","0","0","0","1","1","1","0","0","0","","","0","","2","","40 23:17.417","6","0","80 03:21.614","0","0","0","0","2109","0","0","0","N","0","0","0","2","02109","0","","1.0","","1","N","N","","0","","0","0","0","","3","N","","2","0","0","0","0","0","0","2","0","2","","","","N","","","","","","","","","",""
"2019049395","","1","0","0","0","0","0","0","0","0","4","0","","02","5","2019","7","40.515974","-80.21977","","11","0","0","0","0","0","1","0","1","","0","0","0","","","0","","3","","40 30:57.505","","0","80 13:11.171","0","0","0","0","2213","0","0","0","N","0","0","0","2","02213","0","","1.0","","1","N","N","","0","","0","0","1","","2","","","2","0","0","0","0","0","0","2","0","2","","","","N","","","","","","","","","",""
"2019127230","","1","0","0","0","0","0","0","0","0","7","0","","02","12","2019","4","40.402459","-80.015975","","11","0","0","0","0","0","0","0","0","","0","0","0","","","0","","2","","40 24:08.852","3","0","80 00:57.509","0","0","0","0","2301","0","0","0","N","0","0","0","2","02301","0","","2.0","215.0","1","N","N","N","0","","0","0","0","","3","N","","1","0","0","0","0","0","0","2","0","1","","03","","N","","","","","","","","","",""
"2019048974","","0","0","0","0","0","0","0","0","0","4","0","","02","5","2019","5","40.29715","-79.916945","","11","0","0","0","1","0","0","0","0","","0","0","0","","","0","","2","","40 17:49.739","","0","79 55:01.001","0","0","0","0","2440","0","0","0","N","0","0","0","2","68T09","0","","1.0","","1","N","N","","1","","0","0","1","","3","","","2","0","0","0","0","0","0","2","0","2","","","","N","","","","","","","","","",""
"2019130533","","0","0","0","0","0","0","0","0","0","4","0","","02","12","2019","4","40.456391","-79.896333","","11","0","0","0","0","0","0","1","0","","0","0","0","","","0","N","0","","40 27:23.006","","0","79 53:46.799","0","0","0","0","2301","0","0","0","N","0","0","0","2","02301","0","","1.0","","7","N","N","N","0","","0","0","2","","2","","","2","0","0","0","0","0","0","2","0","2","","10","","N","","","","","","","","","",""
"2019049715","","1","0","0","0","0","0","0","0","0","4","0","","02","5","2019","6","40.449381","-80.107469","","11","0","0","1","0","0","0","0","0","","0","0","0","","","1","","1","","40 26:57.771","","0","80 06:26.887","3","0","0","0","2115","0","0","0","N","0","0","0","4","02115","0","","1.0","","1","N","N","","1","","1","0","1","","2","","","3","1","0","0","0","0","0","2","0","3","","","","N","","","","","","","","","",""
"2019125601","","1","0","0","0","0","0","0","0","0","7","0","","02","12","2019","2","40.368158","-79.872028","","11","0","0","0","0","0","0","0","0","","0","0","0","","","0","N","0","","40 22:05.367","","0","79 52:19.302","0","0","0","0","2473","0","0","0","N","0","0","0","1","02473","0","","5.0","","1","N","N","N","0","","0","0","0","","0","","","1","0","0","0","0","0","0","2","0","1","","03","","N","","","","","","","","","",""
"2019045163","","1","0","0","0","0","0","0","0","0","1","0","","02","4","2019","3","40.527018","-80.035547","","11","0","0","0","0","0","1","0","0","","0","0","0","","","0","","2","","40 31:37.265","","0","80 02:07.969","0","0","0","0","2116","0","0","0","N","0","0","0","3","02116","0","","1.0","","1","N","N","","1","","0","0","1","","0","","","3","0","0","0","0","0","0","2","0","3","","","","N","","","","","","","","","",""
"2019123456","","1","0","0","0","0","0","0","0","0","1","1","","02","12","2019","2","40.444179","-79.82835","","11","0","0","0","0","0","1","0","0","","0","1","0","","","0","N","0","","40 26:39.046","","0","79 49:42.059","0","0","0","0","2113","0","0","0","N","0","0","0","3","02113","0","","1.0","","9","N","N","N","0","","0","0","1","","2","","","3","0","0","0","0","0","0","2","0","3","","07","","N","","","","","","","","","",""
"2019127710","","2","0","0","0","0","0","0","0","0","2","0","","02","12","2019","5","40.494916","-79.749965","","11","0","0","1","0","0","0","0","0","","0","0","0","","","0","N","2","","40 29:41.698","7","0","79 44:59.875","0","0","0","0","2466","0","0","0","N","0","0","0","2","02466","0","","1.0","753.0","1","N","N","N","0","","0","0","0","","3","N","","2","0","0","0","0","0","0","2","0","2","","","","N","","","","","","","","","",""
"2019129960","","1","0","0","0","0","0","0","0","0","7","0","","02","12","2019","3","40.568863","-80.070394","","11","0","0","0","0","0","0","0","0","","0","0","0","","","0","","2","","40 34:07.905","","0","80 04:13.417","0","0","0","0","2481","0","0","0","N","0","0","0","1","02481","0","","5.0","","9","N","N","N","0","","0","0","0","","3","","","1","0","0","0","0","0","0","2","0","1","","01","","N","","","","","","","","","",""
"2019046462","","1","0","0","0","0","0","0","0","0","1","0","","02","5","2019","7","40.37309","-80.007091","","11","0","0","0","0","0","0","0","0","","0","0","0","","","0","","0","","40 22:23.125","","0","80 00:25.529","0","0","0","0","2416","0","0","0","N","0","0","0","5","02416","0","","1.0","","1","N","N","","0","","0","0","1","","2","","","3","0","0","0","0","0","0","2","1","3","","","","N","","","","","","","","","",""
"2019126667","","1","0","0","0","0","0","0","0","0","7","0","","02","12","2019","1","40.515579","-80.268012","","11","0","0","0","0","0","0","0","0","","0","0","0","","","1","","1","","40 30:56.086","","0","80 16:04.844","3","0","0","0","2203","0","0","0","N","0","0","0","2","02203","0","","4.0","","1","N","N","N","0","","1","0","0","","2","","","1","1","0","0","0","0","0","2","0","1","","","","N","","","","","","","","","",""
"2019050749","","1","0","0","0","0","0","0","0","0","1","0","","02","5","2019","7","40.500268","-79.980567","","11","0","0","1","0","0","0","0","1","1","0","0","0","","","0","","2","","40 30:00.965","5","0","79 58:50.041","0","0","0","0","2118","0","0","0","N","0","0","0","4","02118","0","","1.0","","1","N","N","","0","","0","0","2","","0","N","","3","0","0","0","0","0","0","2","0","3","","","","N","","","","","","","","","",""
"2019128416","","1","0","0","0","0","0","0","0","0","4","0","","02","12","2019","6","40.440907","-79.927795","","11","0","0","0","0","0","1","1","0","","0","0","0","","","1","","1","","40 26:27.265","4","0","79 55:40.061","8","0","0","0","2301","0","0","0","N","0","0","0","2","02301","0","","1.0","1942.0","9","N","N","N","0","","0","0","1","","2","Y","","2","1","0","0","0","1","0","2","0","2","","","","N","","","","","","","","","",""
"2019129373","","1","0","0","0","0","0","0","0","0","1","0","","02","12","2019","6","40.437906","-80.150987","","11","0","0","0","0","1","0","0","0","","0","0","0","","","0","N","0","","40 26:16.462","","0","80 09:03.553","0","0","0","0","2115","0","0","0","N","0","0","0","2","68B03","0","","1.0","","9","N","N","N","0","","0","0","1","","0","","","2","0","0","0","0","0","0","2","0","2","","","","N","","","","","","","","","",""
"2019048814","","0","0","0","0","0","0","0","0","0","6","0","","02","5","2019","1","40.573162","-79.99433","","11","0","1","0","0","0","1","0","0","1","0","0","0","","","0","","2","","40 34:23.382","6","0","79 59:39.587","0","0","0","0","2108","0","0","0","N","0","0","0","3","02108","0","","1.0","","9","N","N","","0","","0","0","1","","3","N","","2","0","0","0","0","0","0","2","1","2","","","","N","","","","","","","","","",""
"2019047193","","0","0","0","0","0","0","0","0","0","8","0","","02","5","2019","2","40.357583","-80.114611","","11","0","0","0","0","0","0","0","0","","0","0","0","","","1","","0","","40 21:27.300","","0","80 06:52.600","8","0","0","0","2414","1","0","0","N","1","0","0","2","02414","0","","1.0","","1","N","N","","1","","0","0","0","","0","","","2","1","1","0","0","1","0","2","0","1","","","","N","","","","","","","","","",""
"2019049047","","1","0","0","0","0","0","0","0","0","7","0","","02","5","2019","3","40.481373","-79.882834","","11","0","0","0","0","0","0","0","0","","0","0","0","","","0","","0","","40 28:52.941","","0","79 52:58.202","0","0","0","0","2113","0","0","0","N","0","0","0","2","02113","0","","1.0","","3","N","N","","0","","0","0","0","","0","N","","1","0","1","0","0","0","0","2","0","1","","","","N","","","","","","","","","",""
"2019130553","","0","0","0","0","0","0","0","0","0","8","0","","02","12","2019","4","40.388451","-79.988452","","11","0","0","0","0","0","1","0","0","","0","0","0","","","1","N","0","","40 23:18.424","","0","79 59:18.426","4","0","0","0","2301","1","0","0","N","1","0","0","2","02301","1","","5.0","","2","N","N","N","1","","0","0","0","","0","","","2","1","0","0","0","0","0","2","0","1","","02","","N","","","","","","","","","",""
"2019128176","","2","0","0","0","0","0","0","0","0","1","0","","02","12","2019","6","40.673414","-80.098566","","11","0","0","0","0","0","0","0","0","","0","0","0","","","1","N","1","","40 40:24.290","","0","80 05:54.838","4","0","0","0","2212","0","0","0","N","0","0","0","2","02505","1","","1.0","","9","N","N","N","0","","0","0","0","","2","","","2","1","0","0","0","0","0","2","0","2","","","","N","","","","","","","","","",""
"2019047713","","2","0","0","0","0","0","0","0","0","1","0","","02","5","2019","5","40.473918","-79.971975","","11","0","0","0","0","0","0","0","0","","0","0","0","","","0","","0","","40 28:26.105","","8","79 58:19.111","0","0","0","0","2445","0","0","0","N","0","0","0","2","02445","0","","7.0","","1","N","N","","0","","0","0","0","","0","","","2","0","0","0","0","0","0","2","0","2","","","","N","","","","","","","","","",""
"2019048205","","1","0","0","0","0","0","0","0","0","5","0","","02","5","2019","7","40.386167","-79.979417","","11","0","0","0","0","0","1","0","0","","0","0","0","","","0","","0","","40 23:10.200","","0","79 58:45.900","0","0","0","0","2301","0","0","0","N","0","0","0","3","02301","0","","6.0","","1","N","N","","0","","0","0","2","","0","","","3","0","0","0","0","0","0","2","0","3","","","","N","","","","","","","","","",""
"2019127248","","1","0","0","0","0","0","0","0","0","7","0","","02","12","2019","4","40.351564","-79.961729","","11","0","0","0","0","1","0","0","0","","0","0","0","","","0","N","2","","40 21:05.631","","0","79 57:42.224","0","0","0","0","2403","0","0","0","N","0","0","0","1","02403","0","","2.0","","1","N","N","N","0","","0","0","0","","0","","","1","0","0","0","0","0","0","2","0","1","","","","N","","","","","","","","","",""
"2019130904","","0","0","0","0","0","0","0","0","0","4","0","","02","12","2019","4","40.385675","-79.960493","","11","0","0","0","0","0","0","0","0","","0","0","0","","","0","","2","","40 23:08.429","","0","79 57:37.774","0","0","0","0","2403","0","0","0","N","0","0","0","3","02403","0","","1.0","","2","N","N","N","0","","0","0","2","","0","N","","2","0","0","0","0","0","0","2","0","2","","06","","N","","","","","","","","","",""
"2019109876","","1","0","0","0","0","0","0","0","0","2","0","","02","10","2019","1","40.439261","-79.884953","","11","0","0","0","0","0","0","0","0","","0","0","0","","","3","N","0","","40 26:21.340","5","0","79 53:05.830","2","0","0","0","2478","0","0","0","N","0","0","0","3","02501","0","","1.0","343.0","1","N","N","N","0","","0","2","2","","0","N","","3","3","0","0","0","1","0","2","0","3","","","","N","","","","","","","","","",""
"2019050575","","0","0","0","1","0","0","0","0","0","8","0","","02","5","2019","3","40.415009","-80.082641","","11","0","0","0","0","0","0","0","0","","0","0","0","","","1","","2","","40 24:54.032","","0","80 04:57.507","3","0","0","0","2415","1","0","0","N","0","0","0","2","02415","0","","1.0","","1","N","N","","0","","1","0","1","","3","","","2","1","0","0","0","0","0","2","0","1","","","","N","","","","","","","","","",""
"2019049027","","0","0","0","0","0","0","0","0","0","7","0","","02","5","2019","2","40.521414","-79.840131","","11","0","1","0","0","0","0","0","0","2","0","0","0","","","0","","0","","40 31:17.092","3","0","79 50:24.471","0","0","0","0","2451","0","0","0","N","0","0","0","1","02451","0","","2.0","","9","N","N","","0","","0","0","1","","0","N","","1","0","0","0","0","0","0","2","0","1","","","","Y","","","","","","","","","",""
"2019044916","","1","0","0","0","0","0","0","0","0","7","0","","02","4","2019","3","40.655554","-80.05029","","11","0","0","0","0","0","0","0","0","2","0","0","0","","","0","","0","","40 39:19.996","3","0","80 03:01.044","0","0","0","0","2216","0","0","0","Y","0","0","0","1","02505","0","","4.0","","1","N","N","","0","","0","0","0","","0","Y","","1","0","0","0","0","0","0","2","0","1","","","","N","","","","","","","","","",""
"2019127715","","0","0","0","0","0","0","0","0","0","2","0","","02","12","2019","3","40.378534","-79.804626","","11","0","0","0","0","0","0","0","0","","0","0","0","","","1","N","0","","40 22:42.724","4","7","79 48:16.653","3","0","0","0","2111","0","0","0","N","0","0","0","3","02111","0","","1.0","2100.0","1","N","N","N","0","","1","0","2","","0","Y","","2","1","0","0","0","0","0","2","0","2","","03","","N","","","","","","","","","",""
"2019048012","","3","0","0","0","0","0","0","0","0","5","0","30","02","5","2019","6","40.466438","-79.978343","","11","0","0","1","0","0","0","0","1","1","0","0","0","","","0","","3","","40 27:59.177","1","0","79 58:42.036","0","0","0","0","2301","0","0","0","N","0","0","0","3","02301","0","","4.0","","9","N","N","","0","","0","0","0","","0","N","","3","0","0","0","0","0","0","2","0","3","","","N","Y","4","1","","","N","Y","","","Y",""
"2019127011","","0","0","0","0","0","0","0","0","0","7","0","","02","12","2019","2","40.343369","-79.940655","","11","0","0","0","0","0","1","0","0","","0","0","0","","","1","N","1","","40 20:36.128","","0","79 56:26.357","8","0","0","0","2473","0","0","0","N","0","0","0","1","02473","0","","3.0","","9","N","N","N","0","","0","0","1","","2","","","1","1","0","0","0","1","0","2","0","1","","04","","N","","","","","","","","","",""
"2019131677","","1","0","0","0","0","0","0","0","0","98","0","","02","12","2019","6","40.613473","-79.971319","","11","0","1","0","0","0","0","0","0","","0","0","0","","","0","N","0","","40 36:48.502","","0","79 58:16.749","0","0","0","0","2207","0","0","0","N","0","0","0","3","68T02","0","","3.0","","9","N","N","N","0","","0","0","0","","0","","","1","0","0","0","0","0","0","1","0","1","","","","N","","","","","","","","","",""
"2019033841","","1","0","0","0","0","0","0","0","0","1","0","","02","3","2019","4","40.430674","-80.028284","","11","0","0","0","0","0","0","0","0","","0","0","0","","","0","","0","","40 25:50.426","","2","80 01:41.823","0","0","0","0","2301","0","0","0","N","0","0","0","5","02301","0","","1.0","","1","N","N","","1","","0","0","0","","0","","","2","0","0","0","0","0","0","2","0","2","","","","N","","","","","","","","","",""
"2019129506","","0","0","0","0","0","0","0","0","0","4","0","","02","12","2019","2","40.582047","-80.038076","","11","0","0","1","0","0","0","0","0","","0","0","0","","","0","N","1","","40 34:55.369","4","0","80 02:17.073","0","0","0","0","2108","0","0","0","N","0","0","0","2","02108","0","","1.0","1830.0","1","N","N","N","0","","0","0","2","","2","Y","","2","0","0","0","0","0","0","2","0","2","","03","","N","","","","","","","","","",""
"2019125576","","0","0","0","0","0","0","0","0","0","98","1","","02","12","2019","6","40.373822","-79.892411","","11","0","0","0","0","0","1","0","0","","0","1","0","","","0","N","0","","40 22:25.760","5","0","79 53:32.680","0","0","0","0","2473","0","0","0","N","0","0","0","1","02473","0","","4.0","1216.0","1","N","N","N","0","","0","0","0","","0","Y","","1","0","0","0","0","0","0","2","0","1","","03","","N","","","","","","","","","",""
"2019028781","","1","0","0","0","0","0","0","0","0","7","0","","02","3","2019","3","40.274763","-79.893875","","11","0","0","0","0","0","0","1","0","2","0","0","0","","","1","","0","","40 16:29.146","5","8","79 53:37.950","8","0","0","0","2471","0","0","0","N","0","0","0","1","02440","0","","2.0","","1","N","N","","0","","0","0","0","","0","Y","","1","1","0","0","0","1","0","2","0","1","","","","N","","","","","","","","","",""
"2019129678","","2","0","0","0","0","0","0","0","0","4","0","","02","12","2019","6","40.453367","-79.980657","","11","0","0","0","0","0","0","0","0","","0","0","0","","","2","","1","","40 27:12.120","4","0","79 58:50.364","3","0","0","0","2301","0","0","0","N","0","0","0","2","02301","0","","1.0","30.0","1","N","N","N","0","","1","0","0","","3","N","","2","2","0","0","0","1","0","2","0","2","","98","","N","","","","","","","","","",""
"2019126630","","2","0","0","0","0","0","0","0","0","2","0","","02","12","2019","2","40.452612","-79.826174","","11","0","0","0","0","0","1","1","0","","0","0","0","","","0","N","2","","40 27:09.404","2","0","79 49:34.225","0","0","0","0","2113","0","0","0","N","0","0","0","3","02113","0","","1.0","2110.0","9","N","N","N","0","","0","0","0","","3","N","","2","0","0","0","0","0","0","2","0","2","","","","N","","","","","","","","","",""
"2019044730","","1","0","0","0","0","0","0","0","0","4","0","","02","4","2019","3","40.522274","-80.034833","","11","0","0","0","0","0","1","0","0","2","0","0","0","","","0","N","0","","40 31:20.186","6","7","80 02:05.400","0","0","0","0","2474","0","0","0","N","0","0","0","2","02474","0","","1.0","","9","N","N","","0","","0","0","0","","0","Y","","2","0","0","0","0","0","0","2","1","2","","","","N","","","","","","","","","",""
"2019123197","","1","0","0","0","0","0","0","0","0","8","0","","02","12","2019","1","40.460232","-79.842633","","11","0","0","0","0","0","0","0","0","","0","0","0","","","1","","5","","40 27:36.835","1","0","79 50:33.477","3","0","0","0","2113","1","0","0","N","1","0","0","2","02113","0","","1.0","1745.0","9","N","N","N","0","","1","0","0","","2","N","","2","1","0","0","0","0","0","2","0","1","","","","N","","","","","","","","","",""
"2019051164","","1","0","0","0","0","0","0","0","0","4","0","","02","5","2019","1","40.427963","-79.948507","","11","0","0","0","0","0","0","0","0","2","0","0","0","","","2","","0","","40 25:40.668","3","0","79 56:54.624","3","0","0","0","2301","0","0","0","N","0","0","0","2","68B03","0","","1.0","","9","N","N","","1","","2","0","0","","0","N","","2","2","1","0","0","0","0","2","0","2","","","","N","","","","","","","","","",""
"2019048438","","0","0","0","0","0","0","0","0","0","5","0","","02","5","2019","1","40.449472","-79.986472","","11","0","0","0","0","0","1","0","0","","0","0","0","","","0","","0","","40 26:58.100","","6","79 59:11.300","0","0","0","0","2301","0","0","0","N","0","0","0","4","02301","0","","1.0","","9","N","N","","1","","0","0","1","","0","","","2","0","0","0","0","0","0","2","0","2","","","","N","","","","","","","","","",""
"2019128643","","1","0","0","0","0","0","0","0","0","1","0","","02","12","2019","7","40.450743","-79.843739","","11","0","0","0","0","0","1","0","0","","0","0","0","","","3","N","2","","40 27:02.675","","0","79 50:37.461","3","0","0","0","2113","0","0","0","N","0","0","0","7","02113","0","","1.0","","9","N","N","N","0","","3","0","1","","3","","","2","3","0","0","0","0","0","2","0","2","","","","N","","","","","","","","","",""