"CRN","ARRIVAL_TM","AUTOMOBILE_COUNT","BELTED_DEATH_COUNT","BELTED_SUSP_SERIOUS_INJ_COUNT","BICYCLE_COUNT","BICYCLE_DEATH_COUNT","BICYCLE_SUSP_SERIOUS_INJ_COUNT","BUS_COUNT","CHLDPAS_DEATH_COUNT","CHLDPAS_SUSP_SERIOUS_INJ_COUNT","COLLISION_TYPE","COMM_VEH_COUNT","CONS_ZONE_SPD_LIM","COUNTY","CRASH_MONTH","CRASH_YEAR","DAY_OF_WEEK","DEC_LATITUDE","DEC_LONGITUDE","DISPATCH_TM","DISTRICT","DRIVER_COUNT_16YR","DRIVER_COUNT_17YR","DRIVER_COUNT_18YR","DRIVER_COUNT_19YR","DRIVER_COUNT_20YR","DRIVER_COUNT_50_64YR","DRIVER_COUNT_65_74YR","DRIVER_COUNT_75PLUS","EST_HRS_CLOSED","FATAL_COUNT","HEAVY_TRUCK_COUNT","HORSE_BUGGY_COUNT","HOUR_OF_DAY","ILLUMINATION","INJURY_COUNT","INTERSECTION_RELATED","INTERSECT_TYPE","LANE_CLOSED","LATITUDE","LN_CLOSE_DIR","LOCATION_TYPE","LONGITUDE","MAX_SEVERITY_LEVEL","MCYCLE_DEATH_COUNT","MCYCLE_SUSP_SERIOUS_INJ_COUNT","MOTORCYCLE_COUNT","MUNICIPALITY","NONMOTR_COUNT","NONMOTR_DEATH_COUNT","NONMOTR_SUSP_SERIOUS_INJ_COUNT","NTFY_HIWY_MAINT","PED_COUNT","PED_DEATH_COUNT","PED_SUSP_SERIOUS_INJ_COUNT","PERSON_COUNT","POLICE_AGCY","POSSIBLE_INJ_COUNT","RDWY_SURF_TYPE_CD","RELATION_TO_ROAD","ROADWAY_CLEARED","ROAD_CONDITION","SCH_BUS_IND","SCH_ZONE_IND","SECONDARY_CRASH","SMALL_TRUCK_COUNT","SPEC_JURIS_CD","SUSP_MINOR_INJ_COUNT","SUSP_SERIOUS_INJ_COUNT","SUV_COUNT","TCD_FUNC_CD","TCD_TYPE","TFC_DETOUR_IND","TIME_OF_DAY","TOTAL_UNITS","TOT_INJ_COUNT","UNBELTED_OCC_COUNT","UNB_DEATH_COUNT","UNB_SUSP_SERIOUS_INJ_COUNT","UNK_INJ_DEG_COUNT","UNK_INJ_PER_COUNT","URBAN_RURAL","VAN_COUNT","VEHICLE_COUNT","WEATHER1","WEATHER2","WORKERS_PRES","WORK_ZONE_IND","WORK_ZONE_LOC","WORK_ZONE_TYPE","WZ_CLOSE_DETOUR","WZ_FLAGGER","WZ_LAW_OFFCR_IND","WZ_LN_CLOSURE","WZ_MOVING","WZ_OTHER","WZ_SHLDER_MDN","WZ_WORKERS_INJ_KILLED"
"2019130739","","1","0","0","0","0","0","0","0","0","7","0","","02","12","2019","4","40.464349","-79.897529","","11","0","0","0","0","0","0","0","0","","0","0","0","","","1","N","2","","40 27:51.656","","0","79 53:51.104","3","0","0","0","2301","0","0","0","N","0","0","0","1","02301","0","","5.0","","2","N","N","Y","0","","1","0","1","","0","","","2","1","0","0","0","0","0","2","0","2","","10","","N","","","","","","","","","",""
"2019131101","","1","0","0","0","0","0","0","0","0","7","0","","02","12","2019","2","40.212379","-79.899661","","11","0","0","0","0","0","0","0","0","","0","0","0","","","0","N","0","","40 12:44.565","7","0","79 53:58.778","0","0","0","0","2204","0","0","0","N","0","0","0","1","02204","0","","4.0","500.0","7","N","N","N","0","","0","0","0","","0","N","","1","0","0","0","0","0","0","1","0","1","","10","","N","","","","","","","","","",""
"2019127010","","0","0","0","0","0","0","0","0","0","7","0","","02","12","2019","3","40.279391","-79.939821","","11","1","0","0","0","0","0","0","0","","0","0","0","","","0","","2","","40 16:45.807","5","0","79 56:23.355","0","0","0","0","2440","0","0","0","N","0","0","0","1","02440","0","","5.0","1530.0","1","N","N","N","1","","0","0","0","","0","N","","1","0","0","0","0","0","0","2","0","1","","","","N","","","","","","","","","",""
"2019047436","","1","0","0","0","0","0","0","0","0","4","0","","02","5","2019","3","40.604783","-80.050846","","11","0","0","0","0","0","0","0","0","2","0","0","0","","","2","","2","","40 36:17.217","2","7","80 03:03.045","8","0","0","0","2108","0","0","0","N","0","0","0","2","02108","0","","1.0","","1","N","N","","0","","0","0","1","","2","Y","","2","2","0","0","0","2","0","2","0","2","","","","N","","","","","","","","","",""
"2019126310","","0","0","0","0","0","0","0","0","0","4","0","","02","12","2019","2","40.480261","-79.835372","","11","0","0","0","0","0","1","0","0","","0","0","0","","","0","N","2","","40 28:48.941","6","0","79 50:07.338","0","0","0","0","2113","0","0","0","N","0","0","0","2","02113","0","","1.0","1646.0","9","N","N","N","1","","0","0","0","","3","N","","2","0","1","0","0","0","0","2","1","2","","","","N","","","","","","","","","",""
"2019046442","","0","0","0","0","0","0","0","0","0","7","0","","02","5","2019","2","40.352167","-79.850083","","11","0","0","1","0","0","0","0","0","1","0","0","0","","","3","","0","","40 21:07.800","6","0","79 51:00.300","4","0","0","0","2304","0","0","0","N","0","0","0","3","02304","3","","5.0","","1","N","N","","0","","0","0","0","","2","Y","","1","3","0","0","0","0","0","2","1","1","","","","N","","","","","","","","","",""
"2019047811","","1","0","0","0","0","0","0","0","0","7","0","","02","5","2019","1","40.410806","-79.918556","","11","0","0","0","0","0","0","0","0","1","0","0","0","","","2","","0","","40 24:38.900","2","3","79 55:06.800","3","0","0","0","2438","0","0","0","N","0","0","0","2","02438","0","","2.0","","9","N","N","","0","","2","0","0","","8","Y","","1","2","0","0","0","0","0","2","0","1","","","","N","","","","","","","","","",""
"2019045292","","1","0","0","0","0","0","0","0","0","7","0","","02","5","2019","4","40.499623","-79.980058","","11","0","0","0","0","0","0","0","1","","0","0","0","","","1","","3","","40 29:58.644","","0","79 58:48.209","3","0","0","0","2118","0","0","0","Y","0","0","0","1","02118","0","","2.0","","1","N","N","","0","","1","0","0","","2","","","1","1","0","0","0","0","0","2","0","1","","","","N","","","","","","","","","",""
"2019048706","","1","0","1","0","0","0","0","0","0","2","0","","02","5","2019","3","40.578016","-79.866094","","11","0","0","0","0","0","0","0","0","2","0","0","0","","","1","","0","","40 34:40.857","6","0","79 51:57.940","2","0","0","0","2209","0","0","0","N","0","0","0","2","02209","0","","1.0","","1","N","N","","1","","0","1","0","","0","Y","","2","1","0","0","0","0","0","1","0","2","","","","N","","","","","","","","","",""
"2019047568","","1","0","2","0","0","0","0","0","0","1","0","","02","5","2019","1","40.34837","-79.944808","","11","0","0","0","0","0","0","0","0","","0","0","0","","","4","","2","","40 20:54.133","","0","79 56:41.310","2","0","0","0","2473","0","0","0","N","0","0","0","6","02473","0","","1.0","","1","N","N","","0","","0","2","1","","2","","","2","4","0","0","0","2","0","2","0","2","","","","N","","","","","","","","","",""
"2019125625","","1","0","0","0","0","0","0","0","0","7","0","","02","11","2019","4","40.368329","-79.816621","","11","0","0","0","0","0","0","0","0","","0","0","0","","","0","N","2","","40 22:05.985","2","0","79 48:59.836","0","0","0","0","2111","0","0","0","N","0","0","0","1","02111","0","","5.0","909.0","2","N","N","N","0","","0","0","0","","3","N","","1","0","0","0","0","0","0","2","0","1","","","","N","","","","","","","","","",""
"2019045901","","1","0","0","0","0","0","0","0","0","6","0","","02","5","2019","7","40.422409","-79.959979","","11","0","0","0","0","1","0","0","0","","0","0","0","","","1","","0","","40 25:20.671","","0","79 57:35.923","3","0","0","1","2301","0","0","0","N","0","0","0","4","02301","0","","1.0","","1","N","N","","1","","1","0","1","","0","","","4","1","0","0","0","0","0","2","0","4","","","","N","","","","","","","","","",""
"2019126202","","1","0","0","0","0","0","0","0","0","1","0","","02","12","2019","2","40.464846","-79.82428","","11","0","0","0","0","0","0","1","0","","0","0","0","","","1","N","0","","40 27:53.445","1","0","79 49:27.409","3","0","0","0","2113","0","0","0","N","0","0","0","2","02113","0","","1.0","1055.0","9","N","N","N","1","","1","0","0","","0","N","","2","1","0","0","0","0","0","2","0","2","","07","","N","","","","","","","","","",""
"2019126065","","1","0","0","0","0","0","0","0","0","4","0","","02","12","2019","5","40.337289","-79.840717","","11","0","0","0","0","0","0","0","0","","0","0","0","","","0","N","0","","40 20:14.241","5","0","79 50:26.582","0","0","0","0","2304","0","0","0","N","0","0","0","1","02304","0","","2.0","1830.0","1","N","N","N","0","","0","0","1","","0","Y","","2","0","0","0","0","0","0","2","0","2","","03","","N","","","","","","","","","",""
"2019046095","","1","0","0","0","0","0","0","0","0","1","0","","02","5","2019","1","40.448843","-79.846334","","11","0","0","0","0","0","0","0","0","","0","0","0","","","1","","0","","40 26:55.834","","0","79 50:46.802","4","0","0","0","2419","0","0","0","N","0","0","0","8","02419","1","","1.0","","1","N","N","","0","","0","0","1","","0","","","2","1","1","0","0","0","0","2","0","2","","","","N","","","","","","","","","",""
"2019045705","","0","0","0","0","0","0","0","0","0","7","0","","02","5","2019","4","40.335833","-79.9915","","11","0","0","0","0","0","0","0","0","1","0","0","0","","","0","","0","","40 20:09.000","6","0","79 59:29.400","0","0","0","0","2403","0","0","0","N","0","0","0","1","02403","0","","5.0","","1","N","N","","1","","0","0","0","","0","Y","","1","0","0","0","0","0","0","2","0","1","","","","N","","","","","","","","","",""
"2019028356","","2","0","0","0","0","0","0","0","0","1","0","","02","3","2019","1","40.427965","-80.000151","","11","0","0","0","0","0","0","1","0","1","0","0","0","","","0","","0","","40 25:40.675","1","4","80 00:00.542","9","0","0","0","2301","0","0","0","N","0","0","0","3","02301","0","","1.0","","1","N","N","","0","","0","0","1","","0","N","","3","0","0","0","0","0","1","2","0","3","","","","N","","","","","","","","","",""
"2019124429","","0","0","0","0","0","0","0","0","0","1","0","","02","12","2019","4","40.328308","-80.066351","","11","0","0","0","0","0","0","0","0","","0","0","0","","","0","N","0","","40 19:41.909","","0","80 03:58.865","0","0","0","0","2123","0","0","0","N","0","0","0","2","02123","0","","1.0","","9","N","N","N","0","","0","0","2","","0","N","","2","0","0","0","0","0","0","2","0","2","","02","","N","","","","","","","","","",""
"2019048231","","1","0","0","0","0","0","0","0","0","7","0","","02","5","2019","5","40.290298","-80.028153","","11","1","0","0","0","0","0","0","0","2","0","0","0","","","1","","0","","40 17:25.072","1","7","80 01:41.349","3","0","0","0","2219","0","0","0","N","0","0","0","1","02219","0","","5.0","","1","N","N","","0","","1","0","0","","0","Y","","1","1","0","0","0","0","0","2","0","1","","","","N","","","","","","","","","",""
"2019047704","","2","0","0","0","0","0","0","0","0","5","0","","02","5","2019","5","40.526077","-79.963091","","11","0","0","1","0","0","1","0","0","1","0","0","0","","","0","","0","","40 31:33.877","5","7","79 57:47.129","0","0","0","0","2118","0","0","0","N","0","0","0","2","02118","0","","1.0","","1","N","N","","0","","0","0","0","","0","Y","","2","0","0","0","0","0","0","2","0","2","","","","N","","","","","","","","","",""
"2019125680","","1","0","0","0","0","0","0","0","0","4","0","","02","12","2019","6","40.491601","-80.061176","","11","0","0","0","0","0","1","0","0","","0","0","0","","","3","N","1","","40 29:29.763","2","0","80 03:40.233","8","0","0","0","2404","0","0","0","N","0","0","0","5","02404","0","","1.0","1906.0","1","N","N","N","0","","0","0","1","","2","N","","2","3","1","0","0","3","0","2","0","2","","","","N","","","","","","","","","",""
"2019061937","","1","0","0","0","0","0","0","0","0","1","0","","02","5","2019","3","40.509456","-80.136283","","11","0","0","0","0","0","0","0","0","1","0","0","0","","","0","","0","","40 30:34.041","2","3","80 08:10.618","0","0","0","0","2115","0","0","0","N","0","0","0","4","68B03","0","","1.0","","1","N","N","","0","","0","0","1","","0","N","","3","0","0","0","0","0","0","2","1","3","","","","N","","","","","","","","","",""
"2019126766","","1","0","0","0","0","0","0","0","0","7","0","","02","11","2019","4","40.483045","-80.295068","","11","0","0","0","0","1","0","0","0","","0","0","0","","","0","N","0","","40 28:58.963","","0","80 17:42.244","0","0","0","0","2203","0","0","0","N","0","0","0","1","02203","0","","5.0","","9","N","N","N","0","","0","0","0","","0","","","1","0","0","0","0","0","0","1","0","1","","","","N","","","","","","","","","",""
"2019046408","","1","0","0","0","0","0","0","0","0","4","0","","02","5","2019","2","40.446952","-79.948999","","11","0","0","0","0","0","0","0","0","","0","0","0","","","0","","1","","40 26:49.027","","0","79 56:56.397","0","0","0","0","2301","0","0","0","N","0","0","0","2","02301","0","","1.0","","1","N","N","","0","","0","0","1","","2","","","2","0","0","0","0","0","0","2","0","2","","","","N","","","","","","","","","",""
"2019045977","","0","0","0","0","0","0","0","0","0","1","0","","02","5","2019","6","40.464623","-79.933905","","11","0","0","0","0","0","1","1","0","","0","0","0","","","1","","2","","40 27:52.642","","0","79 56:02.057","8","0","0","0","2301","0","0","0","N","0","0","0","4","02301","0","","1.0","","1","N","N","","1","","0","0","2","","3","","","3","1","0","0","0","1","1","2","0","3","","","","N","","","","","","","","","",""
"2019125230","","1","0","0","0","0","0","0","0","0","7","0","","02","12","2019","6","40.482014","-79.808539","","11","0","0","0","0","0","0","0","0","","0","0","0","","","0","N","0","","40 28:55.249","","0","79 48:30.740","9","0","0","0","2113","0","0","0","N","0","0","0","1","02113","0","","4.0","","1","N","N","N","0","","0","0","0","","0","","","1","0","0","0","0","0","1","2","0","1","","03","","N","","","","","","","","","",""
"2019045828","","2","0","0","0","0","0","0","0","0","4","0","","02","5","2019","5","40.435758","-79.962629","","11","0","0","0","0","1","1","0","0","","0","0","0","","","0","","1","","40 26:08.728","","0","79 57:45.466","0","0","0","0","2301","0","0","0","N","0","0","0","2","02506","0","","1.0","","1","N","N","","0","","0","0","0","","0","","","2","0","0","0","0","0","0","2","0","2","","","","N","","","","","","","","","",""
"2019030743","","1","0","0","0","0","0","0","0","0","7","0","","02","3","2019","2","40.428526","-79.931278","","11","0","0","0","0","0","0","0","0","1","0","0","0","","","2","","0","","40 25:42.692","3","2","79 55:52.601","4","0","0","0","2301","0","0","0","Y","0","0","0","2","02301","2","","2.0","","1","N","N","","0","","0","0","0","","0","Y","","1","2","0","0","0","0","0","2","0","1","","","","N","","","","","","","","","",""
"2019044509","","1","0","0","0","0","0","0","0","0","1","0","","02","4","2019","3","40.463443","-79.980781","","11","0","0","0","0","0","0","0","0","","0","0","0","","","0","","7","","40 27:48.394","","8","79 58:50.812","0","0","0","0","2301","0","0","0","N","0","0","0","3","02301","0","","1.0","","1","N","N","","1","","0","0","1","","2","","","3","0","0","0","0","0","0","2","0","3","","","","N","","","","","","","","","",""
"2019125842","","3","0","0","0","0","0","0","0","0","5","0","","02","12","2019","7","40.453481","-79.929192","","11","0","0","0","0","0","0","0","0","","0","0","0","","","0","N","1","","40 27:12.531","2","0","79 55:45.091","0","0","0","0","2301","0","0","0","N","0","0","0","1","02301","0","","1.0","2343.0","1","N","N","N","0","","0","0","0","","0","N","","3","0","0","0","0","0","0","2","0","3","","03","","N","","","","","","","","","",""
"2019046104","","0","0","0","0","0","0","0","0","0","1","0","","02","5","2019","1","40.354972","-79.990417","","11","0","0","0","0","0","1","0","0","","0","0","0","","","0","","0","","40 21:17.900","","0","79 59:25.500","0","0","0","0","2476","0","0","0","N","0","0","0","2","02476","0","","1.0","","1","N","N","","1","","0","0","1","","0","","","2","0","0","0","0","0","0","2","0","2","","","","N","","","","","","","","","",""
"2019047765","","0","0","0","0","0","0","0","0","0","1","0","","02","5","2019","5","40.42596","-80.020177","","11","0","0","0","0","0","1","0","0","1","0","0","0","","","2","","0","","40 25:33.455","1","0","80 01:12.638","3","0","0","1","2301","0","0","0","N","0","0","0","3","02301","1","","1.0","","1","N","N","","0","","1","0","1","","8","N","","2","2","0","0","0","0","0","2","0","2","","","","N","","","","","","","","","",""
"2019051150","","2","0","0","0","0","0","0","0","0","1","0","","02","5","2019","5","40.443803","-80.009018","","11","0","0","0","0","0","1","0","0","2","0","0","0","","","0","","0","","40 26:37.692","1","3","80 00:32.466","0","0","0","0","2301","0","0","0","N","0","0","0","2","68B03","0","","1.0","","1","N","N","","0","","0","0","0","","0","N","","2","0","0","0","0","0","0","2","0","2","","","","N","","","","","","","","","",""
"2019045155","","0","0","0","0","0","0","0","0","0","7","0","","02","5","2019","4","40.436121","-79.825953","","11","0","0","0","0","0","1","0","0","3","0","0","0","","","1","","0","","40 26:10.035","4","0","79 49:33.432","2","0","0","0","2419","0","0","0","Y","0","0","0","1","02419","0","","5.0","","1","N","N","","0","","0","1","0","","0","Y","","1","1","1","0","1","0","0","2","1","1","","","","N","","","","","","","","","",""
"2019111720","","2","0","0","0","0","0","0","0","0","2","0","","02","10","2019","6","40.369659","-79.778292","","11","0","0","1","0","0","1","0","0","2","0","0","0","","","1","N","1","","40 22:10.771","5","0","79 46:41.852","4","0","0","0","2111","0","0","0","N","0","0","0","2","02111","1","","1.0","","1","N","N","N","0","","0","0","0","","2","Y","","2","1","0","0","0","0","0","2","0","2","","","","N","","","","","","","","","",""
"2019071336","","2","0","0","0","0","0","0","0","0","5","0","","02","5","2019","7","40.494833","-79.93178","","11","0","0","0","0","0","0","0","0","2","0","0","0","","","0","","0","","40 29:41.398","1","0","79 55:54.408","0","0","0","0","2461","0","0","0","N","0","0","0","2","02461","0","","1.0","","1","N","N","","0","","0","0","1","","0","Y","","3","0","0","0","0","0","0","2","0","3","","","","N","","","","","","","","","",""
"2019046105","","1","0","0","0","0","0","0","0","0","7","0","","02","5","2019","4","40.471556","-80.055377","","11","0","0","0","0","0","0","0","0","1","0","0","0","","","1","","1","","40 28:17.601","4","0","80 03:19.357","8","0","0","0","2444","0","0","0","N","0","0","0","2","02444","0","","5.0","","1","N","N","","0","","0","0","0","","0","N","","1","1","0","0","0","1","0","2","0","1","","","","N","","","","","","","","","",""
"2019126007","","1","0","0","0","0","0","0","0","0","7","0","","02","11","2019","3","40.53915","-80.050329","","11","0","0","0","0","0","0","0","0","","0","0","0","","","0","N","0","","40 32:20.939","5","0","80 03:01.184","0","0","0","0","2116","0","0","0","N","0","0","0","1","02116","0","","2.0","2300.0","1","N","N","N","0","","0","0","0","","0","Y","","1","0","0","0","0","0","0","2","0","1","","03","","N","","","","","","","","","",""
"2019055167","","1","0","0","0","0","0","0","0","0","4","0","","02","5","2019","5","40.511459","-80.10094","","11","0","1","0","0","0","0","0","0","1","0","0","0","","","0","","1","","40 30:41.251","5","0","80 06:03.383","0","0","0","0","2429","0","0","0","N","0","0","0","2","02215","0","","1.0","","1","N","N","","0","","0","0","1","","2","N","","2","0","0","0","0","0","0","2","0","2","","","","N","","","","","","","","","",""
"2019044775","","0","0","0","0","0","0","0","0","0","7","0","","02","5","2019","4","40.387321","-79.983861","","11","0","0","0","0","0","0","0","0","","0","0","0","","","1","","1","","40 23:14.355","","0","79 59:01.899","3","0","0","0","2301","0","0","0","N","0","0","0","1","02301","0","","5.0","","1","","","","0","","1","0","1","","2","","","1","1","0","0","0","0","0","2","0","1","","","","N","","","","","","","","","",""
"2019047628","","1","0","0","0","0","0","0","0","0","1","0","","02","5","2019","5","40.447077","-79.947295","","11","0","0","0","0","0","0","0","0","","0","0","0","","","1","","1","","40 26:49.476","","0","79 56:50.263","3","0","0","0","2301","0","0","0","N","0","0","0","2","02301","0","","1.0","","9","N","N","","0","","1","0","1","","2","","","2","1","0","0","0","0","1","2","0","2","","","","N","","","","","","","","","",""
"2019126580","","1","0","0","0","0","0","0","0","0","98","0","","02","12","2019","7","40.44869","-80.167095","","11","0","0","0","0","0","1","0","0","","0","0","0","","","0","N","0","","40 26:55.283","","0","80 10:01.543","0","0","0","0","2115","0","0","0","N","0","0","0","1","68B03","0","","1.0","","1","N","N","N","0","","0","0","0","","0","","","1","0","0","0","0","0","0","2","0","1","","03","","N","","","","","","","","","",""
"2019061878","","1","0","0","0","0","0","0","0","0","4","0","","02","5","2019","2","40.447286","-79.759955","","11","0","0","0","0","0","1","0","0","1","0","0","0","","","0","","0","","40 26:50.230","2","0","79 45:35.839","0","0","0","0","2446","0","0","0","N","0","0","0","2","02446","0","","1.0","","1","N","N","","0","","0","0","0","","0","N","","2","0","1","0","0","0","0","2","1","2","","","","N","","","","","","","","","",""
"2019047237","","1","0","0","0","0","0","0","0","0","2","0","","02","5","2019","4","40.445796","-79.998296","","11","0","0","0","0","0","0","0","0","","0","0","0","","","2","","3","","40 26:44.866","","0","79 59:53.864","8","0","0","0","2301","0","0","0","N","0","0","0","2","02301","0","","1.0","","1","N","N","","1","","0","0","0","","2","","","2","2","0","0","0","2","0","2","0","2","","","","N","","","","","","","","","",""
"2019051402","","1","0","0","0","0","0","0","0","0","4","0","","02","5","2019","6","40.50412","-80.194608","","11","0","0","0","0","0","0","0","0","","0","0","0","","","0","","0","","40 30:14.832","","7","80 11:40.590","0","0","0","0","2213","0","0","0","N","0","0","0","2","02213","0","","1.0","","1","N","N","","0","","0","0","1","","0","","","2","0","0","0","0","0","0","2","0","2","","","","N","","","","","","","","","",""
"2019046351","","1","0","0","0","0","0","0","0","0","1","0","","02","5","2019","7","40.585928","-80.037499","","11","0","0","0","0","0","0","0","0","1","0","0","0","","","0","","0","","40 35:09.342","1","0","80 02:14.998","0","0","0","0","2108","0","0","0","N","0","0","0","10","02108","0","","1.0","","1","N","N","","1","","0","0","1","","0","N","","3","0","0","0","0","0","0","2","0","3","","","","N","","","","","","","","","",""
"2019047450","","1","0","0","0","0","0","0","0","0","7","0","","02","5","2019","4","40.499322","-79.937809","","11","0","0","0","0","0","0","0","1","1","0","0","0","","","1","","2","","40 29:57.559","1","0","79 56:16.112","3","0","0","0","2118","0","0","0","N","0","0","0","1","02118","0","","5.0","","1","N","N","","0","","1","0","0","","3","N","","1","1","0","0","0","0","0","2","0","1","","","","N","","","","","","","","","",""
"2019050362","","1","0","0","0","0","0","0","0","0","7","0","","02","5","2019","3","40.374761","-80.094756","","11","0","0","0","0","0","0","0","0","1","0","0","0","","","1","","3","","40 22:29.139","2","0","80 05:41.122","3","0","0","0","2117","0","0","0","N","0","0","0","1","02117","0","","2.0","","1","N","N","","0","","1","0","0","","0","N","","1","1","1","0","0","0","0","2","0","1","","","","N","","","","","","","","","",""
"2019125638","","0","0","0","0","0","0","0","0","0","7","0","","02","12","2019","5","40.340314","-80.033876","","11","0","0","0","0","0","1","0","0","","0","0","0","","","0","","0","","40 20:25.129","","0","80 02:01.955","0","0","0","0","2407","0","0","0","N","0","0","0","1","02407","0","","5.0","","1","N","N","","0","","0","0","1","","0","","","1","0","0","0","0","0","0","2","0","1","","","","N","","","","","","","","","",""
"2019046318","","1","0","0","0","0","0","0","0","0","99","0","","02","5","2019","2","40.414928","-80.222799","","11","0","0","0","0","0","0","0","0","1","0","0","0","","","0","","0","","40 24:53.742","3","0","80 13:22.076","0","0","0","0","2214","0","0","0","N","0","0","0","2","02214","0","","1.0","","1","N","N","","0","","0","0","0","","0","N","","1","0","0","0","0","0","0","1","0","1","","","","N","","","","","","","","","",""
"2019046307","","1","0","0","0","0","0","0","0","0","5","0","","02","5","2019","1","40.533048","-80.177063","","11","0","0","0","0","0","0","0","0","2","0","0","0","","","1","","0","","40 31:58.971","2","0","80 10:37.426","2","0","0","0","2458","0","0","0","N","0","0","0","2","02458","0","","1.0","","9","N","N","","1","","0","1","0","","0","N","","2","1","2","0","1","0","0","2","0","2","","","","N","","","","","","","","","",""
"2019123396","","1","0","0","0","0","0","0","0","0","5","0","","02","12","2019","1","40.348896","-79.939039","","11","0","0","0","0","0","1","0","0","","0","1","0","","","0","N","2","","40 20:56.025","","0","79 56:20.541","0","0","0","0","2473","0","0","0","N","0","0","0","3","02473","0","","1.0","","9","N","N","N","0","","0","0","1","","2","","","3","0","0","0","0","0","0","2","0","3","","07","","N","","","","","","","","","",""
"2019049176","","1","0","0","0","0","0","0","0","0","1","0","","02","5","2019","5","40.347133","-80.027067","","11","0","0","0","0","0","1","0","0","","0","0","0","","","1","","0","","40 20:49.677","","0","80 01:37.441","8","0","0","0","2407","0","0","0","N","0","0","0","4","02407","0","","1.0","","1","N","N","","0","","0","0","1","","2","","","2","1","0","0","0","1","0","2","0","2","","","","N","","","","","","","","","",""
"2019045903","","0","0","0","0","0","0","0","0","0","2","0","","02","5","2019","6","40.316508","-80.040813","","11","0","0","0","0","0","1","0","0","","0","0","0","","","0","","2","","40 18:59.428","","0","80 02:26.927","0","0","0","0","2407","0","0","0","N","0","0","0","4","02407","0","","1.0","","1","N","N","","1","","0","0","2","","0","","","3","0","0","0","0","0","0","2","0","3","","","","N","","","","","","","","","",""
"2019125751","","2","0","0","0","0","0","0","0","0","5","0","","02","12","2019","7","40.472082","-79.96237","","11","0","0","0","0","0","0","1","0","","0","0","0","","","0","N","0","","40 28:19.496","3","0","79 57:44.532","0","0","0","0","2301","0","0","0","N","0","0","0","1","02301","0","","1.0","1825.0","1","N","N","N","0","","0","0","0","","0","N","","2","0","0","0","0","0","0","2","0","2","","03","","N","","","","","","","","","",""
"2019046842","","0","0","0","0","0","0","0","0","0","1","0","","02","5","2019","3","40.606046","-80.087116","","11","0","0","1","0","0","0","0","0","2","0","0","0","","","2","","0","","40 36:21.765","2","0","80 05:13.616","8","0","0","0","2481","0","0","0","N","0","0","0","3","02481","0","","1.0","","1","N","N","","0","","0","0","3","","0","N","","3","2","0","0","0","2","0","2","0","3","","","","N","","","","","","","","","",""
"2019125483","","1","0","0","0","0","0","0","0","0","8","0","","02","12","2019","5","40.362141","-79.857222","","11","0","0","0","0","0","0","0","0","","0","0","0","","","1","N","0","","40 21:43.708","","0","79 51:25.999","8","0","0","0","2473","1","0","0","N","1","0","0","2","02473","0","","1.0","","1","N","N","N","0","","0","0","0","","0","","","2","1","0","0","0","1","0","2","0","1","","03","","N","","","","","","","","","",""
"2019047042","","1","0","0","0","0","0","0","0","0","4","0","","02","5","2019","4","40.38388","-79.977508","","11","0","0","0","0","0","0","0","0","","0","0","0","","","0","","2","","40 23:01.968","","0","79 58:39.028","0","0","0","0","2301","0","0","0","N","0","0","0","4","02301","0","","1.0","","1","N","N","","1","","0","0","0","","3","","","2","0","0","0","0","0","0","2","0","2","","","","N","","","","","","","","","",""
"2019126130","","1","0","0","0","0","0","0","0","0","7","0","","02","12","2019","1","40.456067","-79.899254","","11","0","0","0","0","0","0","0","0","","0","0","0","","","0","N","1","","40 27:21.841","","0","79 53:57.314","0","0","0","0","2301","0","0","0","N","0","0","0","1","02301","0","","5.0","","1","N","N","N","0","","0","0","0","","2","","","1","0","0","0","0","0","0","2","0","1","","03","","N","","","","","","","","","",""
"2019045374","","1","0","0","0","0","0","0","0","0","4","0","","02","5","2019","5","40.457773","-79.819201","","11","0","0","0","0","0","0","0","0","","0","0","0","","","0","","1","","40 27:27.982","","0","79 49:09.123","0","0","0","0","2113","0","0","0","N","0","0","0","2","02113","0","","1.0","","9","N","N","","0","","0","0","1","","0","","","2","0","0","0","0","0","0","2","0","2","","","","N","","","","","","","","","",""
"2019047912","","1","0","0","0","0","0","0","0","0","8","0","","02","5","2019","4","40.344603","-79.939791","","11","0","0","0","0","0","0","0","0","","0","0","0","","","1","","0","","40 20:40.569","","0","79 56:23.249","3","0","0","0","2473","1","0","0","N","1","0","0","2","02473","0","","1.0","","1","N","N","","0","","1","0","0","","0","","","2","1","0","0","0","0","0","2","0","1","","","","N","","","","","","","","","",""
"2019047612","","1","0","0","0","0","0","0","0","0","7","0","","02","5","2019","5","40.349865","-79.874604","","11","0","0","0","0","0","0","0","0","","0","0","0","","","2","","2","","40 20:59.513","","0","79 52:28.573","8","0","0","0","2304","0","0","0","N","0","0","0","4","02304","0","","5.0","","9","N","N","","0","","0","0","0","","0","","","1","2","0","0","0","2","2","2","0","1","","","","N","","","","","","","","","",""
"2019125254","","1","0","0","0","0","0","0","0","0","7","0","","02","12","2019","5","40.65398","-80.082553","","11","0","0","0","0","0","1","0","0","","0","0","0","","","0","","1","","40 39:14.327","1","0","80 04:57.192","0","0","0","0","2212","0","0","0","N","0","0","0","1","02505","0","","4.0","1415.0","9","N","N","N","0","","0","0","0","","3","N","","1","0","0","0","0","0","0","2","0","1","","","","N","","","","","","","","","",""