"CRN","ARRIVAL_TM","AUTOMOBILE_COUNT","BELTED_DEATH_COUNT","BELTED_SUSP_SERIOUS_INJ_COUNT","BICYCLE_COUNT","BICYCLE_DEATH_COUNT","BICYCLE_SUSP_SERIOUS_INJ_COUNT","BUS_COUNT","CHLDPAS_DEATH_COUNT","CHLDPAS_SUSP_SERIOUS_INJ_COUNT","COLLISION_TYPE","COMM_VEH_COUNT","CONS_ZONE_SPD_LIM","COUNTY","CRASH_MONTH","CRASH_YEAR","DAY_OF_WEEK","DEC_LATITUDE","DEC_LONGITUDE","DISPATCH_TM","DISTRICT","DRIVER_COUNT_16YR","DRIVER_COUNT_17YR","DRIVER_COUNT_18YR","DRIVER_COUNT_19YR","DRIVER_COUNT_20YR","DRIVER_COUNT_50_64YR","DRIVER_COUNT_65_74YR","DRIVER_COUNT_75PLUS","EST_HRS_CLOSED","FATAL_COUNT","HEAVY_TRUCK_COUNT","HORSE_BUGGY_COUNT","HOUR_OF_DAY","ILLUMINATION","INJURY_COUNT","INTERSECTION_RELATED","INTERSECT_TYPE","LANE_CLOSED","LATITUDE","LN_CLOSE_DIR","LOCATION_TYPE","LONGITUDE","MAX_SEVERITY_LEVEL","MCYCLE_DEATH_COUNT","MCYCLE_SUSP_SERIOUS_INJ_COUNT","MOTORCYCLE_COUNT","MUNICIPALITY","NONMOTR_COUNT","NONMOTR_DEATH_COUNT","NONMOTR_SUSP_SERIOUS_INJ_COUNT","NTFY_HIWY_MAINT","PED_COUNT","PED_DEATH_COUNT","PED_SUSP_SERIOUS_INJ_COUNT","PERSON_COUNT","POLICE_AGCY","POSSIBLE_INJ_COUNT","RDWY_SURF_TYPE_CD","RELATION_TO_ROAD","ROADWAY_CLEARED","ROAD_CONDITION","SCH_BUS_IND","SCH_ZONE_IND","SECONDARY_CRASH","SMALL_TRUCK_COUNT","SPEC_JURIS_CD","SUSP_MINOR_INJ_COUNT","SUSP_SERIOUS_INJ_COUNT","SUV_COUNT","TCD_FUNC_CD","TCD_TYPE","TFC_DETOUR_IND","TIME_OF_DAY","TOTAL_UNITS","TOT_INJ_COUNT","UNBELTED_OCC_COUNT","UNB_DEATH_COUNT","UNB_SUSP_SERIOUS_INJ_COUNT","UNK_INJ_DEG_COUNT","UNK_INJ_PER_COUNT","URBAN_RURAL","VAN_COUNT","VEHICLE_COUNT","WEATHER1","WEATHER2","WORKERS_PRES","WORK_ZONE_IND","WORK_ZONE_LOC","WORK_ZONE_TYPE","WZ_CLOSE_DETOUR","WZ_FLAGGER","WZ_LAW_OFFCR_IND","WZ_LN_CLOSURE","WZ_MOVING","WZ_OTHER","WZ_SHLDER_MDN","WZ_WORKERS_INJ_KILLED"
"2019131770","","1","0","0","0","0","0","0","0","0","4","0","","02","12","2019","4","40.653193","-80.079502","","11","0","0","0","0","0","1","1","0","","0","0","0","","","0","N","1","","40 39:11.494","","0","80 04:46.206","0","0","0","0","2212","0","0","0","N","0","0","0","2","02505","0","","1.0","","1","N","N","N","0","","0","0","1","","2","","","2","0","0","0","0","0","0","2","0","2","","","","N","","","","","","","","","",""
"2019044774","","1","0","0","0","0","0","0","0","0","7","0","","02","5","2019","4","40.446722","-80.049306","","11","0","0","0","0","0","0","0","0","","0","0","0","","","0","","0","","40 26:48.200","","0","80 02:57.500","9","0","0","0","2301","0","0","0","N","0","0","0","1","02301","0","","5.0","","1","N","N","","0","","0","0","0","","0","","","1","0","0","0","0","0","1","2","0","1","","","","N","","","","","","","","","",""
"2019048863","","0","0","0","0","0","0","0","0","0","6","0","","02","5","2019","4","40.362031","-80.011208","","11","0","0","0","0","0","0","0","0","","0","0","0","","","2","","1","","40 21:43.312","","0","80 00:40.350","3","0","0","0","2416","0","0","0","N","0","0","0","2","02416","0","","1.0","","1","N","N","","1","","2","0","1","","3","","","2","2","0","0","0","0","0","2","0","2","","","","N","","","","","","","","","",""
"2019126520","","2","0","0","0","0","0","0","0","0","1","0","","02","12","2019","2","40.427724","-79.889959","","11","0","0","0","0","0","0","0","0","","0","0","0","","","0","N","0","","40 25:39.806","","2","79 53:23.854","0","0","0","0","2426","0","0","0","N","0","0","0","3","68B03","0","","1.0","","9","N","N","Y","0","","0","0","0","","0","","","2","0","0","0","0","0","0","2","0","2","","","","N","","","","","","","","","",""
"2019109077","","1","0","0","0","0","0","0","0","0","5","1","","02","10","2019","2","40.337444","-79.806472","","11","0","0","0","0","0","1","0","0","","0","1","0","","","0","","0","","40 20:14.800","","7","79 48:23.300","0","0","0","0","2477","0","0","0","N","0","0","0","2","02477","0","","1.0","","1","N","N","","0","","0","0","0","","3","","","2","0","0","0","0","0","0","2","0","2","","03","","N","","","","","","","","","",""
"2019130783","","1","0","0","0","0","0","0","0","0","7","0","","02","12","2019","4","40.347536","-79.887629","","11","0","0","0","0","0","0","0","0","","0","0","0","","","1","Y","0","","40 20:51.128","","0","79 53:15.464","8","0","0","0","2423","0","0","0","N","0","0","0","1","02304","0","","2.0","","2","N","N","N","0","","0","0","0","","0","N","","1","1","0","0","0","1","0","2","0","1","","","","N","","","","","","","","","",""
"2019108269","","1","0","0","0","0","0","0","0","0","2","0","","02","10","2019","7","40.425306","-80.07255","","11","0","0","0","0","0","0","0","0","","0","0","0","","","2","","2","","40 25:31.101","","0","80 04:21.179","3","0","0","0","2301","0","0","0","N","0","0","0","5","02301","1","","1.0","","9","N","N","N","0","","1","0","1","","0","","","2","2","0","0","0","0","0","2","0","2","","","","N","","","","","","","","","",""
"2019126734","","0","0","0","0","0","0","0","0","0","7","0","","02","12","2019","7","40.586793","-80.043121","","11","0","0","0","0","0","0","1","0","1","0","0","0","","","0","","0","","40 35:12.456","4","0","80 02:35.235","0","0","0","0","2108","0","0","0","Y","0","0","0","1","02108","0","","2.0","","1","N","N","","0","","0","0","1","","0","N","","1","0","0","0","0","0","0","2","0","1","","","","N","","","","","","","","","",""
"2019122339","","0","0","0","0","0","0","0","0","0","7","0","","02","11","2019","5","40.461266","-79.932064","","11","0","0","0","0","0","0","0","0","","0","0","0","","","0","N","0","","40 27:40.556","1","0","79 55:55.429","9","0","0","0","2301","0","0","0","N","0","0","0","1","02301","0","","5.0","250.0","9","N","N","N","0","","0","0","1","","0","N","","1","0","0","0","0","0","1","2","0","1","","","","N","","","","","","","","","",""
"2019132092","","1","0","0","0","0","0","0","0","0","1","0","","02","12","2019","4","40.537195","-79.843346","","11","0","0","0","0","0","0","0","0","","0","0","0","","","0","N","0","","40 32:13.901","","0","79 50:36.045","0","0","0","0","2208","0","0","0","N","0","0","0","2","68D02","0","","1.0","","9","N","N","N","0","","0","0","1","","0","","","2","0","0","0","0","0","0","2","0","2","","03","","N","","","","","","","","","",""
"2019064805","","1","0","0","0","0","0","0","0","0","1","0","","02","5","2019","3","40.434114","-79.986374","","11","0","0","0","0","0","1","0","0","","0","0","0","","","0","","0","","40 26:02.809","","0","79 59:10.947","0","0","0","0","2301","0","0","0","N","0","0","0","2","68B03","0","","1.0","","1","N","N","","0","","0","0","1","","0","","","2","0","0","0","0","0","0","2","0","2","","","","N","","","","","","","","","",""
"2019046641","","1","0","0","0","0","0","0","0","0","4","0","","02","5","2019","2","40.352935","-79.847358","","11","0","0","0","0","0","2","0","0","1","0","0","0","","","0","","0","","40 21:10.565","3","7","79 50:50.487","0","0","0","0","2304","0","0","0","N","0","0","0","2","02304","0","","7.0","","1","N","N","","0","","0","0","1","","0","N","","2","0","0","0","0","0","0","2","0","2","","","","N","","","","","","","","","",""
"2019046420","","1","0","0","0","0","0","0","0","0","2","0","","02","5","2019","2","40.349926","-79.86473","","11","0","0","0","0","0","0","0","0","1","0","0","0","","","2","","1","","40 20:59.735","5","0","79 51:53.027","3","0","0","0","2304","0","0","0","N","0","0","0","3","02304","1","","1.0","","1","N","N","","0","","1","0","1","","3","Y","","2","2","0","0","0","0","0","2","0","2","","","","N","","","","","","","","","",""
"2019047588","","1","0","0","0","0","0","0","0","0","1","0","","02","5","2019","5","40.363796","-79.842809","","11","0","0","0","0","0","1","0","0","1","0","0","0","","","1","","1","","40 21:49.667","1","0","79 50:34.113","3","0","0","0","2303","0","0","0","N","0","0","0","4","02303","0","","1.0","","1","N","N","","1","","1","0","0","","2","N","","2","1","0","0","0","0","1","2","0","2","","","","N","","","","","","","","","",""
"2019047725","","2","0","0","0","0","0","0","0","0","1","0","","02","5","2019","5","40.517125","-79.95353","","11","0","0","0","0","0","1","0","0","2","0","0","0","","","0","","0","","40 31:01.650","1","0","79 57:12.708","0","0","0","0","2118","0","0","0","N","0","0","0","4","02118","0","","1.0","","1","N","N","","1","","0","0","1","","0","N","","4","0","0","0","0","0","0","2","0","4","","","","N","","","","","","","","","",""
"2019045291","","1","0","0","0","0","0","0","0","0","1","0","","02","5","2019","5","40.52927","-79.965488","","11","0","0","0","0","0","0","1","0","","0","0","0","","","0","","0","","40 31:45.373","","0","79 57:55.755","0","0","0","0","2118","0","0","0","N","0","0","0","2","02118","0","","1.0","","1","N","N","","0","","0","0","0","","0","","","2","0","0","0","0","0","0","2","1","2","","","","N","","","","","","","","","",""
"2019046296","","1","0","0","0","0","0","0","0","0","6","0","","02","5","2019","2","40.470389","-79.754861","","11","0","1","0","0","0","1","0","0","","0","0","0","","","1","","0","","40 28:13.400","","7","79 45:17.500","8","0","0","0","2466","0","0","0","N","0","0","0","3","02466","0","","1.0","","1","N","N","","0","","0","0","1","","0","","","2","1","1","0","0","1","0","2","0","2","","","","N","","","","","","","","","",""
"2019046783","","0","0","0","0","0","0","0","0","0","4","0","","02","5","2019","3","40.398241","-79.768504","","11","0","0","1","0","0","0","0","0","1","0","0","0","","","2","","0","","40 23:53.668","2","7","79 46:06.614","8","0","0","0","2446","0","0","0","N","0","0","0","2","02446","0","","1.0","","1","N","N","","0","","0","0","2","","0","N","","2","2","0","0","0","2","0","2","0","2","","","","N","","","","","","","","","",""
"2019045992","","0","0","0","0","0","0","0","0","0","7","0","","02","5","2019","1","40.490048","-80.045345","","11","0","0","0","0","0","0","0","0","1","0","0","0","","","1","","0","","40 29:24.172","6","0","80 02:43.243","8","0","0","0","2404","0","0","0","N","0","0","0","1","02404","0","","1.0","","9","N","N","","0","","0","0","1","","0","N","","1","1","0","0","0","1","0","2","0","1","","","","N","","","","","","","","","",""
"2019045520","","1","0","0","0","0","0","0","0","0","7","0","","02","5","2019","6","40.523517","-80.02923","","11","0","0","0","0","0","0","0","0","","0","0","0","","","0","","0","","40 31:24.661","","0","80 01:45.229","0","0","0","0","2474","0","0","0","N","0","0","0","1","02474","0","","2.0","","1","N","Y","","0","","0","0","0","","0","","","1","0","0","0","0","0","0","2","0","1","","","","N","","","","","","","","","",""
"2019045604","","2","0","0","0","0","0","0","0","0","1","0","","02","5","2019","6","40.443884","-79.990851","","11","0","0","0","0","0","2","0","0","2","0","0","0","","","0","","0","","40 26:37.982","2","0","79 59:27.064","0","0","0","0","2301","0","0","0","N","0","0","0","2","02301","0","","1.0","","9","N","N","","0","","0","0","0","","0","N","","2","0","0","0","0","0","0","2","0","2","","","","N","","","","","","","","","",""
"2019133400","","0","0","0","1","0","0","0","0","0","8","0","","02","12","2019","4","40.439486","-80.003321","","11","0","0","0","0","0","1","0","0","","0","0","0","","","1","","5","","40 26:22.149","4","0","80 00:11.957","8","0","0","0","2301","1","0","0","N","0","0","0","2","02301","0","","1.0","1440.0","9","N","N","N","0","","0","0","1","","0","N","","2","1","0","0","0","1","0","2","0","1","","07","","N","","","","","","","","","",""
"2019047049","","2","0","0","0","0","0","0","0","0","4","0","","02","5","2019","3","40.442444","-79.962333","","11","0","0","0","0","0","0","0","0","","0","0","0","","","1","","0","","40 26:32.800","","0","79 57:44.400","8","0","0","0","2301","0","0","0","N","0","0","0","2","02506","0","","1.0","","1","N","N","","0","","0","0","0","","0","","","2","1","0","0","0","1","0","2","0","2","","","","N","","","","","","","","","",""
"2019047901","","1","0","0","0","0","0","0","0","0","4","0","","02","5","2019","5","40.524999","-79.962273","","11","0","0","0","0","0","1","0","0","2","0","0","0","","","1","","0","","40 31:29.996","5","7","79 57:44.182","8","0","0","0","2118","0","0","0","N","0","0","0","3","02118","0","","1.0","","1","N","N","","0","","0","0","1","","0","N","","2","1","1","0","0","1","0","2","0","2","","","","N","","","","","","","","","",""
"2019126259","","0","0","0","0","0","0","0","0","0","2","0","","02","12","2019","2","40.477847","-79.736007","","11","0","0","0","0","0","0","0","1","","0","0","0","","","0","","1","","40 28:40.250","","0","79 44:09.624","0","0","0","0","2466","0","0","0","N","0","0","0","2","02466","0","","1.0","","9","N","N","N","0","","0","0","2","","3","","","2","0","0","0","0","0","0","2","0","2","","","","N","","","","","","","","","",""
"2019047792","","1","0","0","0","0","0","0","0","0","4","0","","02","5","2019","7","40.55883","-79.986286","","11","0","0","0","0","0","0","0","0","2","0","0","0","","","1","","0","","40 33:31.787","6","7","79 59:10.628","2","0","1","1","2207","0","0","0","N","0","0","0","2","02207","0","","1.0","","9","N","N","","0","","0","1","0","","0","N","","2","1","0","0","0","0","0","2","0","2","","","","N","","","","","","","","","",""
"2019047469","","2","0","0","0","0","0","0","0","0","2","0","","02","5","2019","1","40.565843","-80.016516","","11","0","0","0","1","0","0","1","0","4","0","0","0","","","3","","0","","40 33:57.034","5","0","80 00:59.457","2","0","0","0","2108","0","0","0","N","0","0","0","3","02108","1","","1.0","","1","N","N","","1","","1","1","0","","0","Y","","3","3","0","0","0","0","0","2","0","3","","","","N","","","","","","","","","",""
"2019125560","","3","0","0","0","0","0","0","0","0","1","0","","02","11","2019","2","40.51587","-80.004463","","11","0","0","0","0","0","0","0","0","","0","0","0","","","0","Y","0","","40 30:57.133","2","0","80 00:16.067","9","0","0","0","2116","0","0","0","N","0","0","0","3","02116","0","","1.0","2010.0","1","N","N","N","0","","0","0","0","","2","N","","3","0","0","0","0","0","1","2","0","3","","03","","N","","","","","","","","","",""
"2019045913","","1","0","0","0","0","0","0","0","0","1","0","","02","5","2019","7","40.379829","-79.854096","","11","0","0","0","0","0","0","0","0","3","0","0","0","","","3","","0","","40 22:47.383","1","0","79 51:14.746","3","0","0","0","2303","0","0","0","N","0","0","0","4","02303","0","","1.0","","9","N","N","","0","","3","0","1","","0","N","","2","3","0","0","0","0","0","2","0","2","","","","N","","","","","","","","","",""
"2019045919","","1","0","0","0","0","0","0","0","0","1","0","","02","5","2019","7","40.357946","-79.909394","","11","0","0","0","0","0","0","0","0","2","0","0","0","","","1","","0","","40 21:28.606","5","0","79 54:33.817","8","0","0","1","2473","0","0","0","N","0","0","0","5","02473","0","","1.0","","9","N","N","","0","","0","0","0","","0","Y","","2","1","0","0","0","1","0","2","0","2","","","","N","","","","","","","","","",""
"2019047535","","0","0","0","0","0","0","0","0","0","0","0","55","02","5","2019","3","40.617225","-79.751278","","11","0","0","0","0","0","1","0","0","","0","0","0","","","0","","0","","40 37:02.009","","0","79 45:04.601","0","0","0","0","2202","0","0","0","N","0","0","0","3","68D02","0","","1.0","","1","N","N","","0","","0","0","2","","0","","","2","0","0","0","0","0","0","2","0","2","","","N","Y","8","1","N","N","N","N","N","N","Y",""
"2019045295","","3","0","0","0","0","0","0","0","0","1","0","","02","5","2019","5","40.353347","-79.837346","","11","0","0","0","0","0","2","0","0","","0","0","0","","","0","","2","","40 21:12.050","","0","79 50:14.446","0","0","0","0","2304","0","0","0","N","0","0","0","4","02304","0","","1.0","","1","","","","0","","0","0","1","","2","","","4","0","0","0","0","0","0","2","0","4","","","","N","","","","","","","","","",""
"2019126096","","0","0","0","0","0","0","0","0","0","98","0","","02","12","2019","1","40.450905","-79.925197","","11","0","0","0","0","0","0","0","0","","0","0","0","","","1","Y","0","","40 27:03.257","","7","79 55:30.710","4","0","0","0","2301","0","0","0","N","0","0","0","4","02301","1","","4.0","","1","N","N","N","0","","0","0","1","","0","","","1","1","1","0","0","0","0","2","0","1","","","","N","","","","","","","","","",""
"2019126061","","0","0","0","0","0","0","0","0","0","4","0","","02","12","2019","1","40.454043","-79.912443","","11","0","0","0","0","0","1","0","0","","0","0","0","","","1","N","1","","40 27:14.553","4","0","79 54:44.793","4","0","0","0","2301","0","0","0","N","0","0","0","3","02301","1","","1.0","1750.0","1","N","N","N","0","","0","0","2","","2","N","","2","1","0","0","0","0","0","2","0","2","","","","N","","","","","","","","","",""
"2019131888","","0","0","0","0","0","0","0","0","0","99","0","","02","12","2019","6","40.334016","-80.002447","","11","0","0","0","0","0","0","1","0","1","0","0","0","","","0","","0","","40 20:02.459","3","0","80 00:08.810","0","0","0","0","2407","0","0","0","N","0","0","0","1","02407","0","","1.0","","9","N","N","","1","","0","0","0","","0","N","","1","0","0","0","0","0","0","2","0","1","","","","N","","","","","","","","","",""
"2019092601","","0","0","0","0","0","0","0","0","0","7","0","","02","9","2019","1","40.352493","-79.852507","","11","0","0","0","0","0","0","0","0","3","1","0","0","","","2","N","0","","40 21:08.973","6","0","79 51:09.024","1","0","0","0","2304","0","0","0","N","0","0","0","3","02304","0","2","5.0","1000.0","1","N","N","N","0","0","0","0","1","","0","Y","","1","2","0","0","0","2","0","2","0","1","","","","N","","","","","","","","","",""
"2019134106","","1","0","0","0","0","0","0","0","0","4","0","","02","12","2019","3","40.378225","-80.064701","","11","0","0","0","0","0","0","0","1","","0","0","0","","","1","","1","","40 22:41.611","","0","80 03:52.925","3","0","0","0","2109","0","0","0","N","0","0","0","4","02109","0","","1.0","","1","N","N","N","0","","1","0","1","","2","","","2","1","0","0","0","0","0","2","0","2","","","","N","","","","","","","","","",""
"2019056841","","1","0","0","0","0","0","0","0","0","99","0","","02","5","2019","2","40.427506","-80.129105","","11","0","0","0","0","0","0","1","0","","0","0","0","","","0","","0","","40 25:39.021","","0","80 07:44.778","0","0","0","0","2102","0","0","0","N","0","0","0","1","68B03","0","","1.0","","1","N","N","","0","","0","0","0","","0","","","1","0","0","0","0","0","0","2","0","1","","","","N","","","","","","","","","",""
"2019134158","","0","0","0","0","0","0","0","0","0","8","0","","02","12","2019","6","40.497818","-80.06015","","11","0","0","0","0","0","1","0","0","","0","0","0","","","1","N","1","","40 29:52.143","6","0","80 03:36.540","8","0","0","0","2404","1","0","0","N","1","0","0","2","02404","0","","1.0","1815.0","1","N","N","N","0","","0","0","1","","2","N","","2","1","0","0","0","1","0","2","0","1","","03","","N","","","","","","","","","",""
"2019129157","","1","0","0","0","0","0","0","0","0","8","0","","02","12","2019","6","40.361661","-79.907626","","11","0","0","0","0","0","0","0","0","","0","0","0","","","1","N","0","","40 21:41.979","","0","79 54:27.454","3","0","0","0","2473","1","0","0","N","1","0","0","2","02473","0","","2.0","","1","N","N","N","0","","1","0","0","","0","N","","2","1","0","0","0","0","0","2","0","1","","03","","N","","","","","","","","","",""
"2019131857","","1","0","0","0","0","0","0","0","0","0","0","","02","12","2019","6","40.444121","-79.758984","","11","0","0","0","0","0","0","0","1","","0","0","0","","","0","Y","0","","40 26:38.835","1","0","79 45:32.344","0","0","0","0","2446","0","0","0","N","0","0","0","1","02446","0","","1.0","715.0","9","N","N","N","0","","0","0","0","","2","N","","1","0","0","0","0","0","0","2","0","1","","03","","N","","","","","","","","","",""
"2019050384","","1","0","0","0","0","0","0","0","0","7","0","","02","5","2019","6","40.460882","-79.915177","0158","11","0","0","0","0","0","0","0","0","2","0","0","0","","","1","","2","","40 27:39.175","4","0","79 54:54.637","3","0","0","0","2301","0","0","0","N","0","0","0","2","02301","0","","5.0","","1","N","N","","0","","1","0","0","","0","N","","1","1","1","0","0","0","0","2","0","1","","","","N","","","","","","","","","",""
"2019131868","","1","0","0","0","0","0","0","0","0","4","0","","02","12","2019","7","40.438832","-79.765351","0736","11","0","0","0","0","0","2","0","0","","0","0","0","","","0","N","0","","40 26:19.795","3","7","79 45:55.262","0","0","0","0","2446","0","0","0","N","0","0","0","2","02446","0","","1.0","815.0","1","N","N","N","0","","0","0","1","","0","N","","2","0","0","0","0","0","0","2","0","2","","03","","N","","","","","","","","","",""
"2019056072","","0","0","0","0","0","0","0","0","0","4","0","","02","5","2019","7","40.345134","-80.027362","2032","11","0","0","0","0","0","0","1","0","","0","0","0","","","1","","1","","40 20:42.483","","0","80 01:38.503","3","0","0","1","2407","0","0","0","N","0","0","0","2","02407","0","","1.0","","9","N","N","","0","","1","0","1","","2","","","2","1","0","0","0","0","0","2","0","2","","","","N","","","","","","","","","",""
"2019057942","","2","0","0","0","0","0","0","0","0","4","0","","02","5","2019","6","40.552889","-80.022583","1517","11","0","0","0","0","0","0","0","1","","0","0","0","","","1","","0","","40 33:10.400","","7","80 01:21.300","3","0","0","0","2116","0","0","0","N","0","0","0","4","02116","0","","1.0","","1","N","N","","0","","1","0","0","","0","","","2","1","0","0","0","0","0","2","0","2","","","","N","","","","","","","","","",""
"2019132000","","0","0","0","0","0","0","0","0","0","7","0","","02","12","2019","2","40.368216","-80.049344","1516","11","0","0","0","0","0","0","1","0","2","0","0","0","","","0","","0","","40 22:05.579","1","0","80 02:57.640","0","0","0","0","2109","0","0","0","N","0","0","0","1","02109","0","","5.0","","1","N","N","","0","","0","0","1","","0","N","","1","0","0","0","0","0","0","2","0","1","","","","N","","","","","","","","","",""
"2019131782","","1","0","0","0","0","0","0","0","0","7","0","","02","12","2019","6","40.389818","-79.982928","2324","11","0","0","0","0","0","0","0","0","","0","0","0","","","0","N","0","","40 23:23.345","5","0","79 58:58.541","0","0","0","0","2301","0","0","0","N","0","0","0","1","02301","0","","4.0","100.0","1","N","N","N","0","","0","0","0","","0","Y","","1","0","0","0","0","0","0","2","0","1","","03","","N","","","","","","","","","",""
"2019053007","","1","0","0","0","0","0","0","0","0","7","0","","02","5","2019","5","40.432889","-79.8445","1429","11","0","0","0","0","0","0","0","1","","0","0","0","","","0","","0","","40 25:58.400","","0","79 50:40.200","0","0","0","0","2419","0","0","0","N","0","0","0","1","02419","0","","5.0","","1","N","N","","0","","0","0","0","","0","","","1","0","0","0","0","0","0","2","0","1","","","","N","","","","","","","","","",""
"2019050472","","0","0","0","0","0","0","0","0","0","1","0","","02","5","2019","6","40.385002","-79.862739","1013","11","0","0","0","0","0","2","0","0","","0","0","0","","","1","","1","","40 23:06.006","","0","79 51:45.860","4","0","0","0","2303","0","0","0","N","0","0","0","2","02303","1","","1.0","","1","N","N","","0","","0","0","2","","2","","","2","1","0","0","0","0","0","2","0","2","","","","N","","","","","","","","","",""
"2019131776","","3","0","0","0","0","0","0","0","0","1","0","","02","12","2019","6","40.419154","-79.888714","2142","11","0","0","0","0","0","0","0","0","","0","0","0","","","0","N","0","","40 25:08.956","6","0","79 53:19.372","0","0","0","0","2463","0","0","0","N","0","0","0","1","02463","0","","2.0","2258.0","1","N","N","N","0","","0","0","0","","0","N","","3","0","0","0","0","0","0","2","0","3","","03","","N","","","","","","","","","",""
"2019131793","","1","0","0","0","0","0","0","0","0","1","0","","02","12","2019","7","40.457556","-79.996222","0306","11","0","0","0","0","0","1","0","0","","0","0","0","","","0","N","0","","40 27:27.200","","0","79 59:46.400","0","0","0","0","2301","0","0","0","N","0","0","0","1","02301","0","","6.0","","1","N","N","N","0","","0","0","1","","0","","","2","0","0","0","0","0","0","2","0","2","","03","","N","","","","","","","","","",""
"2019134104","","0","0","0","0","0","0","0","0","0","7","0","","02","12","2019","4","40.389934","-80.043254","1429","11","0","0","0","0","0","1","0","0","","0","0","0","","","1","N","0","","40 23:23.763","1","0","80 02:35.716","4","0","0","0","2109","0","0","0","N","0","0","0","1","02109","1","","5.0","1500.0","2","N","N","N","0","","0","0","1","","0","N","","1","1","0","0","0","0","0","2","0","1","","04","","N","","","","","","","","","",""
"2019133895","","1","0","0","0","0","0","0","0","0","1","0","","02","12","2019","5","40.457264","-79.934043","2045","11","0","0","0","0","0","0","0","0","","0","0","0","","","3","","1","","40 27:26.151","","0","79 56:02.553","4","0","0","0","2301","0","0","0","N","0","0","0","4","02301","1","","1.0","","1","N","N","N","1","","0","0","0","","2","","","2","3","0","0","0","2","0","2","0","2","","03","","N","","","","","","","","","",""
"2019133070","","1","0","0","0","0","0","0","0","0","1","0","","02","12","2019","5","40.497329","-79.928321","1847","11","0","0","0","0","0","1","0","0","2","0","0","0","","","1","","0","","40 29:50.383","1","0","79 55:41.956","3","0","0","0","2112","0","0","0","N","0","0","0","3","68D02","0","","1.0","","1","N","N","","0","","1","0","2","","0","N","","3","1","0","0","0","0","0","2","0","3","","","","N","","","","","","","","","",""
"2019128984","","2","0","0","0","0","0","0","0","0","2","0","","02","12","2019","7","40.459223","-79.970688","2306","11","0","1","0","0","0","0","0","0","","0","0","0","","","0","N","1","","40 27:33.204","1","0","79 58:14.477","0","0","0","0","2301","0","0","0","N","0","0","0","2","02301","0","","1.0","2340.0","1","N","N","N","0","","0","0","0","","2","N","","2","0","0","0","0","0","0","2","0","2","","03","","N","","","","","","","","","",""
"2019087533","","0","0","0","0","0","0","0","0","0","4","0","","02","5","2019","5","40.589081","-80.098235","1420","11","0","0","0","0","0","1","0","0","","0","0","0","","","0","","3","","40 35:20.692","","0","80 05:53.646","0","0","0","0","2481","0","0","0","N","0","0","0","2","68B03","0","","1.0","","1","N","N","","1","","0","0","1","","0","","","2","0","0","0","0","0","0","2","0","2","","","","N","","","","","","","","","",""
"2019129418","","1","0","0","0","0","0","0","0","0","7","0","","02","12","2019","2","40.415451","-79.92486","0558","11","0","0","0","0","0","1","0","0","","0","0","0","","","0","","1","","40 24:55.623","","0","79 55:29.496","9","0","0","0","2301","0","0","0","N","0","0","0","1","02301","0","","4.0","","9","N","N","N","0","","0","0","0","","0","","","1","0","0","0","0","0","1","2","0","1","","07","","N","","","","","","","","","",""
"2019056124","","1","0","0","0","0","0","0","0","0","4","0","","02","5","2019","4","40.353496","-79.978282","0811","11","0","0","0","0","1","0","0","0","1","0","0","0","","","0","","0","","40 21:12.587","1","7","79 58:41.816","0","0","0","0","2476","0","0","0","N","0","0","0","2","02476","0","","1.0","","1","N","N","","0","","0","0","1","","0","N","","2","0","0","0","0","0","0","2","0","2","","","","N","","","","","","","","","",""
"2019054783","","1","0","0","0","0","0","0","0","0","1","0","","02","5","2019","5","40.42899","-80.097524","0805","11","0","0","0","0","0","0","0","0","","0","0","0","","","0","","1","","40 25:44.364","","0","80 05:51.086","0","0","0","0","2115","0","0","0","N","0","0","0","2","02115","0","","1.0","","1","N","N","","1","","0","0","0","","0","","","2","0","0","0","0","0","0","2","0","2","","","","N","","","","","","","","","",""
"2019132515","","1","0","0","0","0","0","0","0","0","7","0","","02","12","2019","4","40.389745","-80.04762","1416","11","0","0","1","0","0","0","0","0","","0","0","0","","","0","","3","","40 23:23.081","1","0","80 02:51.431","0","0","0","0","2109","0","0","0","N","0","0","0","1","02109","0","","5.0","1515.0","2","N","N","N","0","","0","0","0","","3","Y","","1","0","0","0","0","0","0","2","0","1","","","","N","","","","","","","","","",""
"2019053497","","2","0","0","0","0","0","0","0","0","4","0","","02","5","2019","7","40.486139","-79.837389","2213","11","0","0","0","0","1","1","0","0","1","0","0","0","","","1","","0","","40 29:10.100","6","0","79 50:14.600","8","0","0","0","2113","0","0","0","N","0","0","0","2","02113","0","","1.0","","9","N","N","","0","","0","0","0","","0","N","","2","1","0","0","0","1","0","2","0","2","","","","N","","","","","","","","","",""
"2019133888","","2","0","1","0","0","0","0","0","0","2","0","","02","12","2019","6","40.386506","-80.092455","1901","11","0","0","0","1","0","1","0","0","","0","0","0","","","2","","2","","40 23:11.422","2","0","80 05:32.839","2","0","0","0","2117","0","0","0","N","0","0","0","2","02117","0","","1.0","1920.0","1","N","N","N","0","","1","1","0","","2","Y","","2","2","0","0","0","0","0","2","0","2","","","","N","","","","","","","","","",""