"CRN","ARRIVAL_TM","AUTOMOBILE_COUNT","BELTED_DEATH_COUNT","BELTED_SUSP_SERIOUS_INJ_COUNT","BICYCLE_COUNT","BICYCLE_DEATH_COUNT","BICYCLE_SUSP_SERIOUS_INJ_COUNT","BUS_COUNT","CHLDPAS_DEATH_COUNT","CHLDPAS_SUSP_SERIOUS_INJ_COUNT","COLLISION_TYPE","COMM_VEH_COUNT","CONS_ZONE_SPD_LIM","COUNTY","CRASH_MONTH","CRASH_YEAR","DAY_OF_WEEK","DEC_LATITUDE","DEC_LONGITUDE","DISPATCH_TM","DISTRICT","DRIVER_COUNT_16YR","DRIVER_COUNT_17YR","DRIVER_COUNT_18YR","DRIVER_COUNT_19YR","DRIVER_COUNT_20YR","DRIVER_COUNT_50_64YR","DRIVER_COUNT_65_74YR","DRIVER_COUNT_75PLUS","EST_HRS_CLOSED","FATAL_COUNT","HEAVY_TRUCK_COUNT","HORSE_BUGGY_COUNT","HOUR_OF_DAY","ILLUMINATION","INJURY_COUNT","INTERSECTION_RELATED","INTERSECT_TYPE","LANE_CLOSED","LATITUDE","LN_CLOSE_DIR","LOCATION_TYPE","LONGITUDE","MAX_SEVERITY_LEVEL","MCYCLE_DEATH_COUNT","MCYCLE_SUSP_SERIOUS_INJ_COUNT","MOTORCYCLE_COUNT","MUNICIPALITY","NONMOTR_COUNT","NONMOTR_DEATH_COUNT","NONMOTR_SUSP_SERIOUS_INJ_COUNT","NTFY_HIWY_MAINT","PED_COUNT","PED_DEATH_COUNT","PED_SUSP_SERIOUS_INJ_COUNT","PERSON_COUNT","POLICE_AGCY","POSSIBLE_INJ_COUNT","RDWY_SURF_TYPE_CD","RELATION_TO_ROAD","ROADWAY_CLEARED","ROAD_CONDITION","SCH_BUS_IND","SCH_ZONE_IND","SECONDARY_CRASH","SMALL_TRUCK_COUNT","SPEC_JURIS_CD","SUSP_MINOR_INJ_COUNT","SUSP_SERIOUS_INJ_COUNT","SUV_COUNT","TCD_FUNC_CD","TCD_TYPE","TFC_DETOUR_IND","TIME_OF_DAY","TOTAL_UNITS","TOT_INJ_COUNT","UNBELTED_OCC_COUNT","UNB_DEATH_COUNT","UNB_SUSP_SERIOUS_INJ_COUNT","UNK_INJ_DEG_COUNT","UNK_INJ_PER_COUNT","URBAN_RURAL","VAN_COUNT","VEHICLE_COUNT","WEATHER1","WEATHER2","WORKERS_PRES","WORK_ZONE_IND","WORK_ZONE_LOC","WORK_ZONE_TYPE","WZ_CLOSE_DETOUR","WZ_FLAGGER","WZ_LAW_OFFCR_IND","WZ_LN_CLOSURE","WZ_MOVING","WZ_OTHER","WZ_SHLDER_MDN","WZ_WORKERS_INJ_KILLED"
"2019132471","","1","0","0","0","0","0","0","0","0","4","0","","02","12","2019","1","40.525641","-79.822965","1225","11","0","0","0","0","0","0","0","1","","0","0","0","","","0","","2","","40 31:32.308","","0","79 49:22.675","0","0","0","0","2466","0","0","0","N","0","0","0","3","02466","0","","1.0","","1","N","N","N","0","","0","0","1","","3","","","2","0","0","0","0","0","0","1","0","2","","","","N","","","","","","","","","",""
"2019132224","","1","0","0","0","0","0","0","0","0","6","0","","02","12","2019","6","40.383851","-79.974549","1812","11","0","0","0","0","0","0","0","1","","0","0","0","","","0","N","1","","40 23:01.863","","0","79 58:28.376","0","0","0","0","2413","0","0","0","N","0","0","0","2","02413","0","","1.0","","1","N","N","N","0","","0","0","1","","3","","","2","0","0","0","0","0","0","2","0","2","","03","","N","","","","","","","","","",""
"2019032070","","1","0","0","0","0","0","0","0","0","1","0","","02","3","2019","6","40.481529","-79.876118","1423","11","0","0","0","0","0","1","1","0","1","0","0","0","","","1","","2","","40 28:53.504","6","0","79 52:34.025","4","0","0","0","2113","0","0","0","N","0","0","0","3","02113","1","","1.0","","1","N","N","","0","","0","0","1","","1","Y","","3","1","0","0","0","0","0","2","1","3","","","","N","","","","","","","","","",""
"2019132005","","1","0","0","0","0","0","0","0","0","7","0","","02","12","2019","6","40.375536","-80.069031","1648","11","0","0","0","0","0","1","0","0","2","0","0","0","","","0","N","0","","40 22:31.930","4","7","80 04:08.510","0","0","0","0","2109","0","0","0","N","0","0","0","1","02109","0","","4.0","","1","N","N","","0","","0","0","0","","0","N","","1","0","0","0","0","0","0","2","0","1","","","","N","","","","","","","","","",""
"2019132637","","1","0","0","0","0","0","0","0","0","1","0","","02","12","2019","6","40.492385","-79.873923","0941","11","0","0","0","0","0","0","0","0","2","0","0","0","","","0","","0","","40 29:32.585","2","0","79 52:26.121","0","0","0","0","2112","0","0","0","N","0","0","0","2","68D02","0","","1.0","","1","N","N","","0","","0","0","0","","0","N","","2","0","0","0","0","0","0","2","1","2","","","","N","","","","","","","","","",""
"2019033075","","1","0","0","0","0","0","0","0","0","7","0","","02","3","2019","2","40.408201","-79.903092","1616","11","0","0","0","0","0","0","0","0","2","0","0","0","","","0","","2","","40 24:29.523","2","0","79 54:11.131","0","0","0","0","2448","0","0","0","N","0","0","0","1","02448","0","","5.0","","9","N","N","","0","","0","0","0","","0","N","","1","0","0","0","0","0","0","2","0","1","","","","N","","","","","","","","","",""
"2019050361","","2","0","0","0","0","0","0","0","0","4","0","","02","5","2019","5","40.465139","-79.888583","1823","11","0","0","0","0","0","1","0","0","","0","0","0","","","0","","0","","40 27:54.500","","7","79 53:18.900","0","0","0","0","2113","0","0","0","N","0","0","0","5","02113","0","","1.0","","1","N","N","","0","","0","0","0","","0","","","2","0","0","0","0","0","0","2","0","2","","","","N","","","","","","","","","",""
"2019131719","","2","0","0","0","0","0","0","0","0","4","0","","02","12","2019","6","40.412231","-80.045923","1622","11","0","0","0","1","0","1","0","0","","0","0","0","","","0","","1","","40 24:44.032","2","0","80 02:45.322","0","0","0","0","2435","0","0","0","N","0","0","0","3","02435","0","","1.0","1700.0","1","N","N","N","0","","0","0","0","","0","N","","2","0","0","0","0","0","0","2","0","2","","","","N","","","","","","","","","",""
"2019130847","","0","0","0","0","0","0","0","0","0","7","0","","02","12","2019","4","40.436779","-79.834504","1418","11","0","0","0","0","0","0","1","0","","0","0","0","","","0","N","0","","40 26:12.404","5","0","79 50:04.213","0","0","0","0","2419","0","0","0","N","0","0","0","1","02419","0","","5.0","1510.0","2","N","N","N","0","","0","0","1","","0","Y","","1","0","0","0","0","0","0","2","0","1","","","","N","","","","","","","","","",""
"2019132216","","2","0","0","0","0","0","0","0","0","4","0","","02","12","2019","1","40.457925","-79.898546","1024","11","0","0","0","0","0","0","0","1","","0","0","0","","","0","","1","","40 27:28.529","","0","79 53:54.765","0","0","0","0","2301","0","0","0","N","0","0","0","2","02301","0","","1.0","","1","N","N","N","0","","0","0","0","","2","","","2","0","0","0","0","0","0","2","0","2","","03","","N","","","","","","","","","",""
"2019034310","","1","0","0","0","0","0","0","0","0","7","0","","02","3","2019","6","40.436666","-79.994749","1059","11","0","0","0","0","0","0","0","0","1","0","0","0","","","0","","0","","40 26:11.996","1","2","79 59:41.095","0","0","0","0","2301","0","0","0","N","0","0","0","1","02301","0","","2.0","","9","N","N","","0","","0","0","0","","0","N","","1","0","0","0","0","0","0","2","0","1","","","","N","","","","","","","","","",""
"2019130057","","1","0","0","0","0","0","0","0","0","1","0","","02","12","2019","3","40.415971","-80.030003","1856","11","0","0","0","0","0","0","1","0","","0","0","0","","","3","","1","","40 24:57.497","6","0","80 01:48.011","8","0","0","0","2301","0","0","0","N","0","0","0","4","02301","0","","1.0","1930.0","1","N","N","N","0","","0","0","3","","2","N","","4","3","0","0","0","3","0","2","0","4","","02","","N","","","","","","","","","",""
"2019049910","","1","0","0","0","0","0","0","0","0","6","0","","02","5","2019","4","40.34725","-79.849417","2029","11","0","0","0","0","0","0","0","0","2","0","0","0","","","3","","0","","40 20:50.100","5","0","79 50:57.900","8","0","0","0","2304","0","0","0","N","0","0","0","3","02304","0","","4.0","","1","N","N","","1","","0","0","0","","0","Y","","2","3","1","0","0","3","0","2","0","2","","","","N","","","","","","","","","",""
"2019132433","","1","0","0","0","0","0","0","0","0","7","0","","02","12","2019","2","40.383468","-79.90565","0121","11","0","0","0","1","0","0","0","0","","0","0","0","","","0","N","0","","40 23:00.484","","0","79 54:20.341","0","0","0","0","2448","0","0","0","N","0","0","0","1","02448","0","","5.0","","9","N","N","N","0","","0","0","0","","0","N","","1","0","1","0","0","0","0","2","0","1","","","","N","","","","","","","","","",""
"2019130268","","1","0","0","0","0","0","0","0","0","4","0","","02","12","2019","1","40.449027","-79.951897","0425","11","0","0","0","0","0","1","0","0","","0","0","0","","","0","N","1","","40 26:56.497","","0","79 57:06.829","0","0","0","0","2301","0","0","0","N","0","0","0","2","02301","0","","1.0","","9","N","N","N","0","","0","0","1","","3","","","2","0","0","0","0","0","0","2","0","2","","10","","N","","","","","","","","","",""
"2019131306","","1","0","0","0","0","0","0","0","0","1","0","","02","12","2019","6","40.45271","-79.8261","0601","11","0","0","0","0","0","0","1","0","","0","0","0","","","1","","2","","40 27:09.757","","0","79 49:33.960","4","0","0","0","2113","0","0","0","N","0","0","0","2","02113","1","","1.0","","1","N","N","N","0","","0","0","1","","0","","","2","1","0","0","0","0","0","2","0","2","","","","N","","","","","","","","","",""
"2019132751","","1","0","0","0","0","0","0","0","0","7","0","","02","12","2019","1","40.429104","-80.029489","0855","11","0","0","0","0","0","0","0","0","","0","0","0","","","0","N","0","","40 25:44.773","","0","80 01:46.161","0","0","0","0","2301","0","0","0","N","0","0","0","1","68B03","0","","4.0","","9","N","N","N","0","","0","0","0","","0","","","1","0","0","0","0","0","0","2","0","1","","","","N","","","","","","","","","",""
"2019130513","","1","0","0","0","0","0","1","0","0","4","1","","02","12","2019","4","40.472809","-79.958791","1402","11","0","0","0","0","0","1","0","0","","0","0","0","","","0","N","1","","40 28:22.112","","0","79 57:31.649","0","0","0","0","2301","0","0","0","N","0","0","0","3","02301","0","","1.0","","2","Y","N","N","0","","0","0","1","","2","","","3","0","0","0","0","0","0","2","0","3","","","","N","","","","","","","","","",""
"2019132341","","0","0","0","0","0","0","0","0","0","1","0","","02","12","2019","2","40.416222","-79.925417","1734","11","0","0","0","0","0","0","0","0","","0","0","0","","","0","N","0","","40 24:58.400","4","0","79 55:31.500","0","0","0","0","2301","0","0","0","N","0","0","0","4","02301","0","","1.0","1745.0","9","Y","N","N","0","","0","0","1","","0","N","","2","0","0","0","0","0","0","2","1","2","","07","","N","","","","","","","","","",""
"2019049606","","2","0","0","0","0","0","0","0","0","1","0","","02","5","2019","4","40.419169","-80.212967","0719","11","0","0","2","0","0","0","0","0","","0","0","0","","","2","","0","","40 25:09.010","","0","80 12:46.681","4","0","0","0","2214","0","0","0","N","0","0","0","2","02214","2","","1.0","","1","N","N","","0","","0","0","0","","0","","","2","2","0","0","0","0","0","2","0","2","","","","N","","","","","","","","","",""
"2019038162","","1","0","0","0","0","0","0","0","0","2","0","","02","3","2019","7","40.351017","-79.884641","0723","11","0","0","0","0","0","1","0","0","","0","0","0","","","0","","0","","40 21:03.661","","0","79 53:04.709","0","0","0","0","2473","0","0","0","N","0","0","0","2","02304","0","","1.0","","2","N","N","","0","","0","0","1","","0","","","2","0","0","0","0","0","0","2","0","2","","","","N","","","","","","","","","",""
"2019128246","","3","0","0","0","0","0","0","0","0","5","0","","02","12","2019","5","40.444557","-80.000862","2031","11","0","0","0","0","0","0","0","0","","0","0","0","","","1","","1","","40 26:40.405","6","0","80 00:03.103","8","0","0","0","2301","0","0","0","N","0","0","0","1","02301","0","","1.0","2115.0","1","N","N","N","0","","0","0","0","","2","N","","3","1","0","0","0","1","0","2","0","3","","03","","N","","","","","","","","","",""
"2019125893","","1","0","0","0","0","0","0","0","0","2","0","","02","12","2019","7","40.463946","-80.017842","1827","11","0","0","0","0","0","0","0","0","","0","0","0","","","0","","2","","40 27:50.205","","0","80 01:04.231","9","0","0","0","2301","0","0","0","N","0","0","0","1","02301","0","","1.0","","1","N","N","N","0","","0","0","1","","3","","","2","0","0","0","0","0","1","2","0","2","","03","","N","","","","","","","","","",""
"2019051552","","1","0","0","0","0","0","0","0","0","99","0","","02","5","2019","5","40.645495","-80.033335","0033","11","0","0","0","0","1","0","0","0","","0","0","0","","","0","","0","","40 38:43.782","","0","80 02:00.005","0","0","0","0","2216","0","0","0","N","0","0","0","1","68T02","0","","1.0","","1","N","N","","0","","0","0","0","","0","","","1","0","0","0","0","0","0","2","0","1","","","","N","","","","","","","","","",""
"2019050470","","1","0","0","0","0","0","0","0","0","1","0","","02","5","2019","6","40.532878","-80.176706","0634","11","0","0","0","0","0","0","0","0","","0","0","0","","","0","","0","","40 31:58.362","","0","80 10:36.140","0","0","0","0","2458","0","0","0","N","0","0","0","2","02458","0","","1.0","","1","N","N","","0","","0","0","1","","0","","","2","0","0","0","0","0","0","2","0","2","","","","N","","","","","","","","","",""
"2019114983","","1","0","0","0","0","0","0","0","0","1","0","","02","10","2019","7","40.462879","-79.999477","0234","11","0","0","0","0","0","0","0","0","1","0","0","0","","","0","","0","","40 27:46.364","1","0","79 59:58.116","0","0","0","0","2301","0","0","0","N","0","0","0","2","68B03","0","","1.0","","1","N","N","","0","","0","0","1","","0","N","","2","0","0","0","0","0","0","2","0","2","","","","N","","","","","","","","","",""
"2019133274","","0","0","0","0","0","0","0","0","0","7","0","","02","12","2019","3","40.598926","-80.032842","2145","11","0","0","0","0","0","1","0","0","","0","0","0","","","0","","2","","40 35:56.133","","0","80 01:58.231","0","0","0","0","2108","0","0","0","N","0","0","0","1","02108","0","","5.0","","9","N","N","N","1","","0","0","0","","0","","","1","0","0","0","0","0","0","2","0","1","","","","N","","","","","","","","","",""
"2019049906","","2","0","0","0","0","0","0","0","0","6","0","","02","5","2019","4","40.470534","-79.887636","1949","11","0","0","0","0","1","1","0","0","2","0","0","0","","","1","","2","","40 28:13.922","6","0","79 53:15.489","3","0","0","0","2113","0","0","0","N","0","0","0","7","02113","0","","1.0","","1","N","N","","0","","1","0","1","","3","Y","","4","1","1","0","0","0","0","2","1","4","","","","N","","","","","","","","","",""
"2019132499","","2","0","0","0","0","0","0","0","0","4","0","","02","12","2019","1","40.425068","-79.894965","1235","11","0","0","0","0","0","2","0","0","","0","0","0","","","1","N","1","","40 25:30.244","1","0","79 53:41.873","4","0","0","0","2463","0","0","0","N","0","0","0","2","02463","1","","1.0","1300.0","1","N","N","Y","0","","0","0","0","","3","Y","","2","1","0","0","0","0","0","2","0","2","","03","","N","","","","","","","","","",""
"2019034995","","1","0","0","0","0","0","0","0","0","2","0","","02","3","2019","1","40.459111","-79.717806","0145","11","0","0","0","0","0","0","0","0","","0","0","0","","","0","","0","","40 27:32.800","","0","79 43:04.100","0","0","0","0","2466","0","0","0","N","0","0","0","1","02466","0","","1.0","","9","N","N","","1","","0","0","0","","0","","","2","0","0","0","0","0","0","2","0","2","","","","N","","","","","","","","","",""
"2019050504","","1","0","0","0","0","0","0","0","0","5","0","","02","5","2019","5","40.480433","-79.954426","1445","11","0","0","0","0","0","1","0","0","","0","0","0","","","0","","1","","40 28:49.560","","0","79 57:15.933","0","0","0","0","2301","0","0","0","N","0","0","0","1","02301","0","","1.0","","1","N","N","","1","","0","0","2","","2","","","4","0","0","0","0","0","0","2","0","4","","","","N","","","","","","","","","",""
"2019131394","","1","0","0","0","0","0","0","0","0","7","0","","02","12","2019","6","40.457742","-79.963794","0953","11","0","0","0","0","0","1","0","0","","0","0","0","","","0","N","0","","40 27:27.872","1","0","79 57:49.658","0","0","0","0","2301","0","0","0","N","0","0","0","1","02301","0","","4.0","1115.0","4","N","N","N","0","","0","0","0","","0","N","","1","0","0","0","0","0","0","2","0","1","","","","N","","","","","","","","","",""
"2019064794","","1","0","0","0","0","0","0","0","0","99","0","","02","5","2019","4","40.372574","-80.110356","2021","11","0","0","0","0","0","0","0","1","","0","0","0","","","0","","0","","40 22:21.265","","0","80 06:37.282","0","0","0","0","2102","0","0","0","N","0","0","0","2","68B03","0","","1.0","","1","N","N","","0","","0","0","0","","0","","","1","0","0","0","0","0","0","2","0","1","","","","N","","","","","","","","","",""
"2019129151","","1","0","0","0","0","0","1","0","0","1","1","","02","12","2019","1","40.4675","-79.927833","0939","11","0","0","0","0","0","0","0","1","","0","0","0","","","1","N","0","","40 28:03.000","2","0","79 55:40.200","3","0","0","0","2301","0","0","0","N","0","0","0","3","02503","0","","1.0","1030.0","1","N","N","N","0","","1","0","0","","0","Y","","2","1","0","0","0","0","0","2","0","2","","98","","N","","","","","","","","","",""
"2019065298","","2","0","0","0","0","0","0","0","0","1","0","","02","6","2019","5","40.444637","-79.975742","2343","11","0","0","0","0","0","0","0","0","","0","0","0","","","0","","0","","40 26:40.694","","0","79 58:32.670","0","0","0","0","2301","0","0","0","N","0","0","0","1","02301","0","","2.0","","9","N","N","","0","","0","0","0","","0","N","","2","0","0","0","0","0","0","2","0","2","","","","N","","","","","","","","","",""
"2019050584","","2","0","0","0","0","0","0","0","0","1","0","","02","5","2019","6","40.476332","-79.821628","1549","11","0","0","0","0","1","1","1","0","2","0","0","0","","","1","","0","","40 28:34.794","6","0","79 49:17.859","4","0","0","0","2113","0","0","0","N","0","0","0","9","02113","1","","1.0","","1","N","N","","0","","0","0","3","","0","Y","","5","1","0","0","0","0","0","2","0","5","","","","N","","","","","","","","","",""
"2019131983","","1","0","0","0","0","0","0","0","0","4","0","","02","12","2019","6","40.653174","-80.079581","1812","11","0","0","0","0","0","0","1","0","","0","0","0","","","0","N","1","","40 39:11.428","","0","80 04:46.492","0","0","0","0","2212","0","0","0","N","0","0","0","2","02505","0","","1.0","","2","N","N","N","0","","0","0","1","","2","","","2","0","0","0","0","0","0","2","0","2","","","","N","","","","","","","","","",""
"2019050045","","0","0","0","0","0","0","0","0","0","4","0","","02","5","2019","5","40.354903","-80.115765","1131","11","0","0","0","0","0","1","0","0","","0","0","0","","","2","","2","","40 21:17.650","","2","80 06:56.755","3","0","0","0","2119","0","0","0","N","0","0","0","3","02119","0","","1.0","","1","N","N","","1","","2","0","1","","2","","","2","2","0","0","0","0","0","2","0","2","","","","N","","","","","","","","","",""
"2019125921","","0","0","0","0","0","0","0","0","0","4","1","","02","12","2019","6","40.455149","-79.88643","0735","11","0","0","0","0","0","1","0","0","","0","1","0","","","1","","2","","40 27:18.537","4","0","79 53:11.149","2","0","0","0","2301","0","0","0","N","0","0","0","2","02301","0","","1.0","1000.0","1","N","N","N","1","","0","1","0","","0","Y","","2","1","1","0","1","0","0","2","0","2","","03","","N","","","","","","","","","",""
"2019049928","","0","0","0","0","0","0","0","0","0","0","0","","02","5","2019","4","40.477444","-79.932611","0623","11","0","0","0","0","0","0","0","0","","0","0","0","","","0","","0","","40 28:38.800","","0","79 55:57.400","0","0","0","0","2301","0","0","0","N","0","0","0","1","02301","0","","1.0","","1","N","N","","1","","0","0","0","","0","","","1","0","0","0","0","0","0","2","0","1","","","","N","","","","","","","","","",""
"2019039068","","1","0","0","0","0","0","0","0","0","1","0","","02","3","2019","5","40.343794","-80.025406","0840","11","0","0","0","0","0","2","0","0","1","0","0","0","","","1","","0","","40 20:37.659","4","0","80 01:31.461","3","0","0","0","2407","0","0","0","N","0","0","0","3","02407","0","","1.0","","1","N","N","","0","","1","0","2","","0","N","","3","1","0","0","0","0","0","2","0","3","","","","N","","","","","","","","","",""
"2019133812","","2","0","0","0","0","0","0","0","0","4","0","","02","12","2019","5","40.441642","-80.240327","1738","11","0","0","0","0","0","0","1","0","","0","0","0","","","0","N","1","","40 26:29.911","","0","80 14:25.177","0","0","0","0","2214","0","0","0","N","0","0","0","2","02214","0","","1.0","","1","N","N","N","0","","0","0","0","","3","","","2","0","0","0","0","0","0","2","0","2","","","","N","","","","","","","","","",""
"2019133495","","0","0","0","0","0","0","0","0","0","98","1","55","02","12","2019","5","40.477589","-79.768334","0838","11","0","0","0","0","0","0","1","0","","0","1","0","","","0","N","0","","40 28:39.320","","0","79 46:06.001","0","0","0","0","2466","0","0","0","N","0","0","0","2","68T02","0","","1.0","","9","N","N","N","0","","0","0","1","","0","","","2","0","0","0","0","0","0","2","0","2","","03","N","Y","8","1","N","N","N","N","N","N","Y",""
"2019050494","","1","0","0","0","0","0","0","0","0","4","0","","02","5","2019","6","40.436611","-79.966185","1159","11","0","0","0","0","0","0","1","0","","0","0","0","","","0","","0","","40 26:11.798","","0","79 57:58.265","0","0","0","0","2301","0","0","0","N","0","0","0","3","02301","0","","1.0","","1","N","N","","0","","0","0","0","","0","","","2","0","0","0","0","0","0","2","1","2","","","","N","","","","","","","","","",""
"2019051367","","1","0","0","0","0","0","0","0","0","4","0","","02","5","2019","5","40.465467","-79.94645","0751","11","0","0","0","0","0","0","0","0","","0","0","0","","","0","","1","","40 27:55.682","","0","79 56:47.220","0","0","0","0","2301","0","0","0","N","0","0","0","2","02301","0","","1.0","","1","N","N","","1","","0","0","0","","2","","","2","0","0","0","0","0","0","2","0","2","","","","N","","","","","","","","","",""
"2019033606","","1","0","0","0","0","0","0","0","0","4","0","","02","3","2019","4","40.425326","-79.923862","0130","11","0","0","0","0","0","0","0","0","","0","0","0","","","0","","1","","40 25:31.173","","0","79 55:25.903","0","0","0","0","2301","0","0","0","N","0","0","0","2","02301","0","","1.0","","1","N","N","","0","","0","0","1","","1","N","","2","0","0","0","0","0","0","2","0","2","","","","N","","","","","","","","","",""
"2019128351","","2","0","0","0","0","0","0","0","0","1","0","","02","12","2019","6","40.445666","-79.988696","1711","11","0","0","0","0","0","0","0","0","","0","0","0","","","1","N","0","","40 26:44.399","4","0","79 59:19.304","3","0","0","0","2301","0","0","0","N","0","0","0","2","02301","0","","1.0","1751.0","9","N","N","N","0","","1","0","0","","0","N","","2","1","0","0","0","0","0","2","0","2","","","","N","","","","","","","","","",""
"2019126000","","1","0","0","0","0","0","0","0","0","6","1","","02","12","2019","1","40.468456","-79.980524","1437","11","0","0","0","0","0","0","0","0","","0","1","0","","","0","N","0","","40 28:06.440","","0","79 58:49.885","0","0","0","0","2301","0","0","0","N","0","0","0","1","02301","0","","1.0","","1","N","N","N","0","","0","0","0","","0","","","2","0","0","0","0","0","0","2","0","2","","03","","N","","","","","","","","","",""
"2019124709","","2","0","0","0","0","0","0","0","0","2","0","","02","12","2019","4","40.374761","-80.094756","2100","11","0","0","0","0","0","2","0","0","","0","0","0","","","0","","3","","40 22:29.139","7","0","80 05:41.122","0","0","0","0","2117","0","0","0","N","0","0","0","3","02117","0","","1.0","2200.0","9","N","N","N","0","","0","0","0","","0","N","","2","0","0","0","0","0","0","2","0","2","","07","","N","","","","","","","","","",""
"2019132965","","2","0","0","0","0","0","0","0","0","1","0","","02","12","2019","7","40.429854","-79.751251","1333","11","0","0","0","0","0","0","1","0","","0","0","0","","","1","N","0","","40 25:47.476","","0","79 45:04.504","3","0","0","0","2446","0","0","0","Y","0","0","0","2","02446","0","","1.0","","1","N","N","N","0","","1","0","0","","0","","","2","1","0","0","0","0","0","2","0","2","","03","","N","","","","","","","","","",""
"2019052457","","0","0","0","0","0","0","0","0","0","4","0","","02","5","2019","6","40.294016","-80.030446","1736","11","0","0","0","0","0","0","0","0","","0","0","0","","","1","N","0","","40 17:38.459","","7","80 01:49.606","3","0","0","1","2407","0","0","0","N","0","0","0","2","02407","0","","1.0","","1","N","N","","0","","1","0","1","","0","","","2","1","0","0","0","0","0","2","0","2","","","","N","","","","","","","","","",""
"2019132177","","1","0","0","0","0","0","0","0","0","7","0","","02","12","2019","1","40.450538","-79.97039","0630","11","0","0","0","0","0","0","0","0","","0","0","0","","","0","N","0","","40 27:01.936","6","0","79 58:13.404","9","0","0","0","2301","0","0","0","N","0","0","0","1","02301","0","","5.0","725.0","1","N","N","N","0","","0","0","0","","0","Y","","1","0","0","0","0","0","1","2","0","1","","","","N","","","","","","","","","",""
"2019132636","","0","0","0","0","0","0","0","0","0","7","0","","02","12","2019","6","40.494408","-79.904376","0918","11","0","0","0","0","0","0","0","0","2","0","0","0","","","1","","0","","40 29:39.867","2","0","79 54:15.754","3","0","0","0","2401","0","0","0","N","0","0","0","1","68D02","0","","4.0","","1","N","N","","0","","1","0","1","","0","N","","1","1","0","0","0","0","0","2","0","1","","","","N","","","","","","","","","",""
"2019050256","","1","0","0","0","0","0","0","0","0","4","0","","02","5","2019","5","40.467253","-79.833666","1848","11","0","0","0","0","0","0","0","0","1","0","0","0","","","1","N","0","","40 28:02.110","4","7","79 50:01.197","2","0","1","1","2113","0","0","0","N","0","0","0","2","02113","0","","2.0","","1","N","N","","0","","0","1","0","","0","Y","","2","1","0","0","0","0","0","2","0","2","","","","N","","","","","","","","","",""
"2019042200","","1","0","0","0","0","0","0","0","0","7","0","","02","3","2019","7","40.514522","-80.217559","0330","11","0","0","0","0","0","0","0","0","3","0","0","0","","","0","","0","","40 30:52.278","4","0","80 13:03.212","0","0","0","0","2213","0","0","0","N","0","0","0","1","02213","0","","5.0","","1","N","N","","0","","0","0","0","","0","N","","1","0","0","0","0","0","0","2","0","1","","","","N","","","","","","","","","",""
"2019132549","","0","0","0","0","0","0","0","0","0","7","0","","02","12","2019","7","40.656083","-80.050129","0915","11","0","0","0","0","0","1","0","0","","0","0","0","","","1","","0","","40 39:21.899","3","0","80 03:00.465","3","0","0","0","2216","0","0","0","Y","0","0","0","1","02505","0","","2.0","955.0","2","N","N","N","0","","1","0","1","","0","N","","1","1","0","0","0","0","0","2","0","1","","","","N","","","","","","","","","",""
"2019132952","","2","0","0","0","0","0","0","0","0","4","0","","02","12","2019","2","40.434914","-79.790616","1314","11","0","0","0","0","1","0","0","1","","0","0","0","","","2","","2","","40 26:05.691","","0","79 47:26.218","3","0","0","0","2446","0","0","0","N","0","0","0","2","02446","0","","1.0","","1","N","N","N","0","","2","0","0","","3","","","2","2","1","0","0","0","0","2","0","2","","03","","N","","","","","","","","","",""
"2019113832","","2","0","0","0","0","0","0","0","0","4","0","","02","10","2019","4","40.620538","-80.095954","1222","11","0","0","0","0","1","0","0","0","3","0","0","0","","","0","","0","","40 37:13.936","1","0","80 05:45.433","0","0","0","0","2212","0","0","0","Y","0","0","0","3","68B03","0","","1.0","","1","N","N","","0","","0","0","0","","0","N","","2","0","0","0","0","0","0","2","0","2","","","","N","","","","","","","","","",""
"2019050471","","0","0","0","0","0","0","0","0","0","4","0","","02","5","2019","5","40.530577","-80.009757","0808","11","0","0","0","0","0","0","1","0","2","0","0","0","","","2","","1","","40 31:50.078","4","0","80 00:35.126","4","0","0","0","2116","0","0","0","N","0","0","0","4","02116","2","","1.0","","1","","N","","0","","0","0","1","","2","Y","","2","2","0","0","0","0","0","2","1","2","","","","N","","","","","","","","","",""
"2019131102","","1","0","0","0","0","0","0","0","0","2","0","","02","12","2019","5","40.339971","-79.900486","1721","11","0","0","0","0","1","0","0","0","","0","0","0","","","0","N","0","","40 20:23.896","","1","79 54:01.749","0","0","0","0","2473","0","0","0","N","0","0","0","1","02473","0","","2.0","","9","N","N","N","0","","0","0","0","","0","","","1","0","0","0","0","0","0","2","0","1","","","","N","","","","","","","","","",""
"2019064774","","2","0","0","0","0","0","0","0","0","1","0","","02","3","2019","6","40.425042","-80.119569","0851","11","0","0","0","0","0","2","1","0","1","0","0","0","","","0","","0","","40 25:30.150","4","0","80 07:10.448","0","0","0","0","2115","0","0","0","N","0","0","0","3","68B03","0","","1.0","","1","N","N","","0","","0","0","0","","0","N","","3","0","0","0","0","0","0","2","1","3","","","","N","","","","","","","","","",""
"2019124700","","0","0","0","0","0","0","0","0","0","1","0","","02","12","2019","4","40.46379","-80.022717","2255","11","0","0","0","0","0","1","0","0","","0","0","0","","","0","N","0","","40 27:49.645","1","0","80 01:21.781","9","0","0","0","2301","0","0","0","N","0","0","0","3","02301","0","","1.0","2300.0","9","N","N","N","0","","0","0","2","","0","N","","2","0","0","0","0","0","1","2","0","2","","","","N","","","","","","","","","",""