"CRN","ARRIVAL_TM","AUTOMOBILE_COUNT","BELTED_DEATH_COUNT","BELTED_SUSP_SERIOUS_INJ_COUNT","BICYCLE_COUNT","BICYCLE_DEATH_COUNT","BICYCLE_SUSP_SERIOUS_INJ_COUNT","BUS_COUNT","CHLDPAS_DEATH_COUNT","CHLDPAS_SUSP_SERIOUS_INJ_COUNT","COLLISION_TYPE","COMM_VEH_COUNT","CONS_ZONE_SPD_LIM","COUNTY","CRASH_MONTH","CRASH_YEAR","DAY_OF_WEEK","DEC_LATITUDE","DEC_LONGITUDE","DISPATCH_TM","DISTRICT","DRIVER_COUNT_16YR","DRIVER_COUNT_17YR","DRIVER_COUNT_18YR","DRIVER_COUNT_19YR","DRIVER_COUNT_20YR","DRIVER_COUNT_50_64YR","DRIVER_COUNT_65_74YR","DRIVER_COUNT_75PLUS","EST_HRS_CLOSED","FATAL_COUNT","HEAVY_TRUCK_COUNT","HORSE_BUGGY_COUNT","HOUR_OF_DAY","ILLUMINATION","INJURY_COUNT","INTERSECTION_RELATED","INTERSECT_TYPE","LANE_CLOSED","LATITUDE","LN_CLOSE_DIR","LOCATION_TYPE","LONGITUDE","MAX_SEVERITY_LEVEL","MCYCLE_DEATH_COUNT","MCYCLE_SUSP_SERIOUS_INJ_COUNT","MOTORCYCLE_COUNT","MUNICIPALITY","NONMOTR_COUNT","NONMOTR_DEATH_COUNT","NONMOTR_SUSP_SERIOUS_INJ_COUNT","NTFY_HIWY_MAINT","PED_COUNT","PED_DEATH_COUNT","PED_SUSP_SERIOUS_INJ_COUNT","PERSON_COUNT","POLICE_AGCY","POSSIBLE_INJ_COUNT","RDWY_SURF_TYPE_CD","RELATION_TO_ROAD","ROADWAY_CLEARED","ROAD_CONDITION","SCH_BUS_IND","SCH_ZONE_IND","SECONDARY_CRASH","SMALL_TRUCK_COUNT","SPEC_JURIS_CD","SUSP_MINOR_INJ_COUNT","SUSP_SERIOUS_INJ_COUNT","SUV_COUNT","TCD_FUNC_CD","TCD_TYPE","TFC_DETOUR_IND","TIME_OF_DAY","TOTAL_UNITS","TOT_INJ_COUNT","UNBELTED_OCC_COUNT","UNB_DEATH_COUNT","UNB_SUSP_SERIOUS_INJ_COUNT","UNK_INJ_DEG_COUNT","UNK_INJ_PER_COUNT","URBAN_RURAL","VAN_COUNT","VEHICLE_COUNT","WEATHER1","WEATHER2","WORKERS_PRES","WORK_ZONE_IND","WORK_ZONE_LOC","WORK_ZONE_TYPE","WZ_CLOSE_DETOUR","WZ_FLAGGER","WZ_LAW_OFFCR_IND","WZ_LN_CLOSURE","WZ_MOVING","WZ_OTHER","WZ_SHLDER_MDN","WZ_WORKERS_INJ_KILLED"
"2019032538","","0","0","0","0","0","0","0","0","0","4","0","","02","3","2019","7","40.355171","-79.83524","2008","11","0","0","1","0","0","1","0","0","1","0","0","0","","","5","","2","","40 21:18.617","7","0","79 50:06.865","8","0","0","0","2304","0","0","0","N","0","0","0","6","02304","0","","1.0","","1","N","N","","0","","0","0","2","","2","Y","","2","5","0","0","0","5","0","2","0","2","","","","N","","","","","","","","","",""
"2019035769","","1","0","0","0","0","0","0","0","0","1","0","","02","3","2019","6","40.491861","-79.892076","1227","11","0","0","0","0","0","0","1","0","1","0","0","0","","","1","","0","","40 29:30.701","2","0","79 53:31.475","3","0","0","0","2432","0","0","0","N","0","0","0","3","68D02","0","","1.0","","1","N","N","","0","","1","0","1","","0","N","","2","1","0","0","0","0","0","2","0","2","","","","N","","","","","","","","","",""
"2019034279","","1","0","0","0","0","0","0","0","0","2","0","","02","3","2019","5","40.459528","-80.017711","1415","11","0","0","0","0","0","0","0","0","","0","0","0","","","0","","1","","40 27:34.301","","0","80 01:03.761","0","0","0","0","2301","0","0","0","N","0","0","0","3","02301","0","","1.0","","1","N","N","","0","","0","0","1","","0","","","2","0","0","0","0","0","0","2","0","2","","","","N","","","","","","","","","",""
"2019128812","","0","0","0","0","0","0","0","0","0","7","0","","02","12","2019","7","40.437694","-79.995056","2152","11","0","0","0","0","0","1","0","0","","0","0","0","","","0","Y","0","","40 26:15.700","","7","79 59:42.200","0","0","0","0","2301","0","0","0","N","0","0","0","2","02301","0","","9.0","","1","N","N","N","0","","0","0","1","","0","","","1","0","0","0","0","0","0","2","0","1","","03","","N","","","","","","","","","",""
"2019133182","","0","0","0","0","0","0","1","0","0","8","1","","02","12","2019","3","40.441529","-79.997682","1542","11","0","0","0","0","0","1","0","0","","0","0","0","","","1","N","0","","40 26:29.505","","0","79 59:51.655","8","0","0","0","2301","1","0","0","N","1","0","0","2","02503","0","","2.0","","1","N","N","N","0","","0","0","0","","0","","","2","1","0","0","0","1","0","2","0","1","","","","N","","","","","","","","","",""
"2019132778","","1","0","0","0","0","0","0","0","0","1","0","","02","12","2019","6","40.412309","-80.078088","0627","11","0","0","0","0","0","0","0","0","","0","0","0","","","0","N","7","","40 24:44.311","","2","80 04:41.118","0","0","0","0","2117","0","0","0","N","0","0","0","2","68B03","0","","1.0","","1","N","N","N","0","","0","0","1","","0","","","2","0","0","0","0","0","0","2","0","2","","03","","N","","","","","","","","","",""
"2019115727","","2","0","0","0","0","0","0","0","0","4","0","","02","11","2019","3","40.480092","-80.041076","1341","11","0","0","0","0","0","0","0","0","","0","0","0","","","0","N","1","","40 28:48.331","3","0","80 02:27.873","0","0","0","0","2301","0","0","0","N","0","0","0","2","02301","0","","1.0","9999.0","1","N","N","N","0","","0","0","0","","2","N","","2","0","0","0","0","0","0","2","0","2","","03","","N","","","","","","","","","",""
"2019131812","","1","0","0","0","0","0","0","0","0","2","0","","02","12","2019","7","40.40349","-80.015516","0549","11","0","0","0","0","0","0","0","0","","0","0","0","","","1","N","0","","40 24:12.563","7","0","80 00:55.857","3","0","0","0","2301","0","0","0","N","0","0","0","1","02301","0","","1.0","615.0","1","N","N","N","0","","1","0","0","","0","N","","1","1","1","0","0","0","0","2","0","1","","03","","N","","","","","","","","","",""
"2019116464","","0","0","0","0","0","0","0","0","0","1","0","","02","11","2019","5","40.537897","-80.20001","0655","11","0","0","0","0","0","0","0","0","","0","0","0","","","0","","0","","40 32:16.429","","0","80 12:00.037","0","0","0","0","2213","0","0","0","N","0","0","0","2","02213","0","","1.0","","9","N","N","","0","","0","0","2","","0","","","2","0","0","0","0","0","0","2","0","2","","","","N","","","","","","","","","",""
"2019049791","","2","0","0","0","0","0","0","0","0","1","0","","02","5","2019","4","40.469389","-79.927222","1719","11","0","0","0","0","0","0","0","0","1","0","0","0","","","2","","0","","40 28:09.800","1","0","79 55:38.000","3","0","0","0","2301","0","0","0","N","0","0","0","3","02301","0","","1.0","","1","N","N","","0","","2","0","1","","0","Y","","3","2","0","0","0","0","0","2","0","3","","","","N","","","","","","","","","",""
"2019133421","","1","0","0","0","0","0","0","0","0","4","0","","02","12","2019","2","40.35955","-80.048588","1715","11","0","0","0","0","0","0","0","1","","0","0","0","","","0","N","0","","40 21:34.381","5","0","80 02:54.915","9","0","0","0","2109","0","0","0","N","0","0","0","3","02109","0","","1.0","1755.0","1","N","N","N","1","","0","0","0","","0","N","","2","0","0","0","0","0","1","2","0","2","","","","N","","","","","","","","","",""
"2019131117","","2","0","0","0","0","0","0","0","0","4","0","","02","12","2019","5","40.452824","-79.980004","1649","11","0","0","0","0","0","0","0","0","","0","0","0","","","0","N","2","","40 27:10.166","","0","79 58:48.013","0","0","0","0","2301","0","0","0","N","0","0","0","2","02301","0","","1.0","","1","N","N","N","0","","0","0","0","","3","","","2","0","0","0","0","0","0","2","0","2","","","","N","","","","","","","","","",""
"2019131019","","1","0","0","0","0","0","0","0","0","7","0","","02","12","2019","4","40.461863","-79.893615","2247","11","0","0","0","0","0","0","0","0","","0","0","0","","","1","N","0","","40 27:42.708","4","0","79 53:37.015","8","0","0","0","2301","0","0","0","N","0","0","0","2","02301","0","","5.0","2315.0","2","N","N","N","0","","0","0","0","","0","N","","1","1","0","0","0","1","0","2","0","1","","","","N","","","","","","","","","",""
"2019133282","","1","0","0","0","0","0","0","0","0","1","0","","02","12","2019","3","40.392111","-79.869819","1545","11","0","1","0","0","0","0","0","0","","0","0","0","","","1","N","0","","40 23:31.599","2","0","79 52:11.349","4","0","0","0","2473","0","0","0","N","0","0","0","3","02473","1","","1.0","1609.0","1","N","N","N","0","","0","0","1","","0","Y","","2","1","0","0","0","0","0","2","0","2","","","","N","","","","","","","","","",""
"2019131816","","1","0","0","0","0","0","1","0","0","2","1","","02","12","2019","4","40.437907","-79.843825","1430","11","0","0","0","1","0","0","0","0","","0","0","0","","","0","","2","","40 26:16.465","","0","79 50:37.770","0","0","0","0","2419","0","0","0","N","0","0","0","2","02419","0","","1.0","","2","Y","N","N","0","","0","0","0","","3","","","2","0","0","0","0","0","0","2","0","2","","","","N","","","","","","","","","",""
"2019110320","","2","0","0","0","0","0","0","0","0","5","0","","02","10","2019","5","40.55644","-79.819365","0757","11","0","0","0","0","0","0","0","1","2","0","0","0","","","0","","1","","40 33:23.185","6","0","79 49:09.713","0","0","0","0","2208","0","0","0","N","0","0","0","3","02208","0","","1.0","","9","N","N","","0","","0","0","0","","3","N","","2","0","0","0","0","0","0","2","0","2","","","","N","","","","","","","","","",""
"2019132558","","1","0","0","0","0","0","0","0","0","8","0","","02","12","2019","2","40.464572","-79.938622","1119","11","0","0","0","0","0","0","0","0","","0","0","0","","","1","","2","","40 27:52.459","","0","79 56:19.040","3","0","0","0","2301","1","0","0","N","1","0","0","2","02301","0","","1.0","","9","N","N","N","0","","1","0","0","","0","","","2","1","1","0","0","0","0","2","0","1","","","","N","","","","","","","","","",""
"2019130608","","0","0","0","0","0","0","0","0","0","4","1","","02","12","2019","4","40.532116","-79.712779","1456","11","0","0","0","0","0","0","1","0","","0","1","0","","","1","","1","","40 31:55.616","7","0","79 42:46.006","8","0","0","0","2466","0","0","0","N","0","0","0","2","02466","0","","1.0","1545.0","7","N","N","N","0","","0","0","1","","3","Y","","2","1","0","0","0","1","0","1","0","2","","","","N","","","","","","","","","",""
"2019131947","","1","0","0","0","0","0","0","0","0","4","0","","02","12","2019","7","40.483975","-79.762015","1223","11","0","0","0","0","0","1","0","0","","0","0","0","","","0","","1","","40 29:02.310","2","0","79 45:43.254","0","0","0","0","2466","0","0","0","N","0","0","0","3","02466","0","","1.0","1257.0","1","N","N","N","1","","0","0","0","","3","N","","2","0","0","0","0","0","0","2","0","2","","","","N","","","","","","","","","",""
"2019115678","","1","0","0","0","0","0","0","0","0","7","0","","02","11","2019","6","40.355433","-80.106551","0049","11","0","0","0","0","0","0","0","0","1","0","0","0","","","0","","3","","40 21:19.557","3","8","80 06:23.583","0","0","0","0","2414","0","0","0","N","0","0","0","1","02414","0","","2.0","","1","N","N","","0","","0","0","0","","0","N","","1","0","0","0","0","0","0","2","0","1","","","","N","","","","","","","","","",""
"2019034616","","1","0","0","0","0","0","0","0","0","4","0","","02","3","2019","7","40.541833","-80.182556","1200","11","0","1","0","0","1","0","0","0","2","0","0","0","","","0","","0","","40 32:30.600","5","7","80 10:57.200","0","0","0","0","2458","0","0","0","N","0","0","0","3","02458","0","","1.0","","9","N","N","","0","","0","0","1","","0","Y","","2","0","0","0","0","0","0","2","0","2","","","","N","","","","","","","","","",""
"2019131957","","2","0","0","0","0","0","0","0","0","1","0","","02","12","2019","7","40.46487","-79.853241","1339","11","0","0","0","0","0","0","0","0","","0","0","0","","","2","N","2","","40 27:53.531","3","0","79 51:11.668","3","0","0","0","2113","0","0","0","N","0","0","0","6","02113","0","","1.0","1419.0","1","N","N","N","0","","2","0","0","","0","N","","2","2","1","0","0","0","0","2","0","2","","03","","N","","","","","","","","","",""
"2019131991","","2","0","0","0","0","0","0","0","0","1","0","","02","12","2019","7","40.464943","-79.828292","1622","11","0","0","0","0","0","0","0","1","","0","0","0","","","1","N","0","","40 27:53.796","4","0","79 49:41.850","3","0","0","0","2113","0","0","0","N","0","0","0","2","02113","0","","1.0","1650.0","1","N","N","N","0","","1","0","0","","0","N","","2","1","0","0","0","0","0","2","0","2","","","","N","","","","","","","","","",""
"2019128855","","1","0","0","0","0","0","0","0","0","7","0","","02","12","2019","6","40.447883","-80.018544","1844","11","0","0","0","0","0","1","0","0","","0","0","0","","","0","N","0","","40 26:52.380","4","0","80 01:06.760","0","0","0","0","2301","0","0","0","N","0","0","0","1","02301","0","","1.0","1911.0","1","N","N","N","0","","0","0","0","","0","N","","1","0","0","0","0","0","0","2","0","1","","","","N","","","","","","","","","",""
"2019131899","","0","0","0","0","0","0","0","0","0","4","0","","02","12","2019","3","40.343833","-80.0515","1235","11","0","0","0","0","0","1","0","0","","0","0","0","","","0","N","0","","40 20:37.800","","7","80 03:05.400","0","0","0","0","2407","0","0","0","N","0","0","0","2","02407","0","","1.0","","1","N","N","","0","","0","0","1","","0","","","2","0","0","0","0","0","0","2","1","2","","","","N","","","","","","","","","",""
"2019130923","","2","0","0","0","0","0","0","0","0","4","0","","02","12","2019","5","40.455576","-79.888103","0943","11","0","0","0","0","0","0","0","1","","0","0","0","","","0","","1","","40 27:20.073","","0","79 53:17.170","0","0","0","0","2301","0","0","0","N","0","0","0","4","02301","0","","1.0","","1","N","N","N","0","","0","0","0","","2","","","2","0","0","0","0","0","0","2","0","2","","","","N","","","","","","","","","",""
"2019127185","","0","0","0","0","0","0","0","0","0","5","1","","02","12","2019","2","40.536939","-79.839177","1612","11","0","0","0","0","0","0","1","0","","0","1","0","","","0","N","1","","40 32:12.982","","0","79 50:21.037","0","0","0","0","2208","0","0","0","N","0","0","0","2","02208","0","","1.0","","1","N","N","N","1","","0","0","0","","2","","","2","0","0","0","0","0","0","2","0","2","","03","","N","","","","","","","","","",""
"2019031393","","0","0","0","0","0","0","0","0","0","4","0","","02","3","2019","4","40.416111","-79.925389","1625","11","0","0","0","0","0","0","0","0","","0","0","0","","","0","","0","","40 24:58.000","","7","79 55:31.400","0","0","0","0","2301","0","0","0","N","0","0","0","2","02301","0","","1.0","","1","N","N","","0","","0","0","2","","2","","","2","0","0","0","0","0","0","2","0","2","","","","N","","","","","","","","","",""
"2019050010","","1","0","0","0","0","0","0","0","0","7","0","","02","5","2019","5","40.46573","-80.034031","0802","11","0","0","0","0","0","1","0","0","2","0","0","0","","","1","","0","","40 27:56.627","2","0","80 02:02.510","4","0","0","0","2301","0","0","0","N","0","0","0","1","02301","1","","4.0","","1","N","N","","0","","0","0","0","","0","N","","1","1","0","0","0","0","0","2","0","1","","","","N","","","","","","","","","",""
"2019132089","","1","0","0","0","0","0","0","0","0","7","0","","02","12","2019","4","40.495336","-79.907578","0624","11","0","0","0","0","0","0","0","0","","0","0","0","","","0","","7","","40 29:43.208","","8","79 54:27.282","0","0","0","0","2401","0","0","0","N","0","0","0","1","68D02","0","","4.0","","1","N","N","","0","","0","0","0","","0","","","1","0","0","0","0","0","0","2","0","1","","","","N","","","","","","","","","",""
"2019132006","","1","0","0","0","0","0","0","0","0","4","0","","02","12","2019","6","40.378844","-80.063838","1832","11","0","0","0","0","0","0","0","0","2","0","0","0","","","0","","2","","40 22:43.838","3","0","80 03:49.816","0","0","0","0","2109","0","0","0","N","0","0","0","2","02109","0","","1.0","","1","N","N","","1","","0","0","0","","0","N","","2","0","0","0","0","0","0","2","0","2","","","","N","","","","","","","","","",""
"2019130772","","2","0","0","0","0","0","0","0","0","2","0","","02","12","2019","4","40.428773","-79.730936","1405","11","0","1","0","0","1","0","0","0","","0","0","0","","","1","N","0","","40 25:43.582","6","0","79 43:51.370","8","0","0","0","2446","0","0","0","N","0","0","0","4","02446","0","","1.0","1430.0","7","Y","N","N","0","","0","0","0","","0","N","","3","1","0","0","0","1","0","2","1","3","","10","","N","","","","","","","","","",""
"2019133869","","0","0","0","0","0","0","0","0","0","1","0","","02","5","2019","3","40.494532","-79.904808","0621","11","0","0","0","0","0","1","0","0","1","0","0","0","","","0","","0","","40 29:40.316","2","0","79 54:17.308","0","0","0","0","2401","0","0","0","N","0","0","0","2","68D02","0","","1.0","","1","N","N","","0","","0","0","2","","0","Y","","2","0","0","0","0","0","0","2","0","2","","","","N","","","","","","","","","",""
"2019116786","","1","0","0","0","0","0","0","0","0","5","0","","02","11","2019","5","40.392119","-80.100409","1820","11","0","0","0","0","0","0","0","0","","0","0","0","","","0","","0","","40 23:31.627","","0","80 06:01.471","9","0","0","0","2102","0","0","0","N","0","0","0","2","68B03","0","","1.0","","9","N","N","","1","","0","0","0","","0","","","2","0","0","0","0","0","1","2","0","2","","","","N","","","","","","","","","",""
"2019050383","","1","0","0","0","0","0","0","0","0","7","0","","02","5","2019","6","40.447096","-79.967501","0203","11","0","0","0","0","0","0","0","0","","0","0","0","","","0","","2","","40 26:49.545","","0","79 58:03.005","0","0","0","0","2301","0","0","0","N","0","0","0","1","02301","0","","5.0","","1","N","N","","0","","0","0","0","","1","","","1","0","0","0","0","0","0","2","0","1","","","","N","","","","","","","","","",""
"2019033490","","2","0","0","0","0","0","0","0","0","1","0","","02","3","2019","4","40.357613","-79.844018","1950","11","0","0","0","0","0","0","0","0","9","0","0","0","","","1","","0","","40 21:27.405","3","3","79 50:38.465","3","0","0","0","2303","0","0","0","N","0","0","0","2","02303","0","","1.0","","1","N","N","","0","","1","0","0","","0","N","","2","1","0","0","0","0","0","2","0","2","","","","N","","","","","","","","","",""
"2019132560","","2","0","0","0","0","0","0","0","0","4","0","","02","12","2019","2","40.462028","-79.905619","1112","11","0","0","0","0","0","1","0","0","","0","0","0","","","1","N","0","","40 27:43.301","","6","79 54:20.227","4","0","0","0","2301","0","0","0","N","0","0","0","3","02301","1","","1.0","","1","N","N","N","0","","0","0","0","","0","","","2","1","0","0","0","0","0","2","0","2","","","","N","","","","","","","","","",""
"2019131841","","1","0","0","0","0","0","0","0","0","1","0","","02","12","2019","5","40.43241","-79.730747","1526","11","0","1","0","0","0","0","1","0","","0","0","0","","","1","N","0","","40 25:56.676","4","0","79 43:50.690","3","0","0","0","2446","0","0","0","N","0","0","0","3","02446","0","","1.0","1600.0","1","N","N","N","0","","1","0","2","","0","N","","3","1","0","0","0","0","0","2","0","3","","03","","N","","","","","","","","","",""
"2019030727","","2","0","0","0","0","0","0","0","0","5","0","","02","3","2019","2","40.451126","-79.942019","1959","11","0","0","0","0","0","1","0","0","2","0","0","0","","","0","","2","","40 27:04.053","4","0","79 56:31.268","0","0","0","0","2301","0","0","0","N","0","0","0","2","02301","0","","6.0","","1","N","N","","0","","0","0","1","","0","N","","3","0","0","0","0","0","0","2","0","3","","","","N","","","","","","","","","",""
"2019103819","","1","0","0","0","0","0","0","0","0","1","0","","02","10","2019","2","40.617119","-79.886556","1742","11","0","0","0","0","0","0","0","0","2","0","0","0","","","0","","0","","40 37:01.627","1","0","79 53:11.600","0","0","0","0","2220","0","0","0","N","0","0","0","2","02220","0","","1.0","","1","N","N","","0","","0","0","1","","0","N","","2","0","0","0","0","0","0","1","0","2","","","","N","","","","","","","","","",""
"2019050121","","1","0","0","0","0","0","0","0","0","4","0","","02","5","2019","5","40.372442","-79.957721","1512","11","0","0","0","0","0","1","0","0","","0","0","0","","","2","","2","","40 22:20.791","","0","79 57:27.795","8","0","0","0","2403","0","0","0","N","0","0","0","4","02403","0","","1.0","","1","N","N","","0","","0","0","1","","0","","","2","2","1","0","0","2","0","2","0","2","","","","N","","","","","","","","","",""
"2019125866","","0","0","0","0","0","0","0","0","0","8","0","","02","12","2019","1","40.478385","-79.955638","0232","11","0","0","0","0","0","0","0","0","","0","0","0","","","1","","1","","40 28:42.186","","0","79 57:20.296","3","0","0","0","2301","1","0","0","N","1","0","0","2","02301","0","","1.0","","1","N","N","N","0","","1","0","1","","2","","","2","1","0","0","0","0","1","2","0","1","","04","","N","","","","","","","","","",""
"2019132890","","0","0","0","0","0","0","0","0","0","5","0","","02","12","2019","2","40.526687","-80.159491","1817","11","0","0","0","1","0","0","0","0","","0","0","0","","","0","N","0","","40 31:36.073","2","0","80 09:34.168","9","0","0","0","2458","0","0","0","N","0","0","0","5","02458","0","","1.0","1901.0","1","N","N","Y","0","","0","0","3","","2","N","","3","0","0","0","0","0","1","2","0","3","","03","","N","","","","","","","","","",""
"2019115903","","1","0","0","0","0","0","0","0","0","5","1","","02","11","2019","2","40.470489","-79.764654","0641","11","0","0","0","0","0","1","0","0","","0","1","0","","","0","","0","","40 28:13.760","","0","79 45:52.755","0","0","0","0","2466","0","0","0","N","0","0","0","2","68T02","0","","1.0","","1","N","N","","0","","0","0","0","","0","","","2","0","0","0","0","0","0","2","0","2","","","","N","","","","","","","","","",""
"2019039955","","1","0","0","0","0","0","0","0","0","4","0","","02","3","2019","1","40.458667","-79.907972","1329","11","0","0","0","0","0","0","0","0","3","0","0","0","","","1","","1","","40 27:31.202","3","0","79 54:28.700","4","0","0","0","2301","0","0","0","N","0","0","0","2","02301","1","","1.0","","1","N","N","","0","","0","0","1","","2","N","","2","1","0","0","0","0","0","2","0","2","","","","N","","","","","","","","","",""
"2019041151","","0","0","0","0","0","0","0","0","0","7","0","","02","3","2019","6","40.522278","-80.025139","2136","11","0","0","0","0","0","0","0","0","","0","0","0","","","0","","0","","40 31:20.200","","0","80 01:30.500","0","0","0","0","2116","0","0","0","N","0","0","0","1","02116","0","","5.0","","1","N","N","","0","","0","0","1","","0","","","1","0","0","0","0","0","0","2","0","1","","","","N","","","","","","","","","",""
"2019033683","","2","0","0","0","0","0","0","0","0","6","0","","02","3","2019","5","40.40328","-79.868587","1338","11","0","0","0","0","0","0","0","0","","0","0","0","","","0","","1","","40 24:11.807","","0","79 52:06.913","0","0","0","0","2410","0","0","0","N","0","0","0","2","02410","0","","1.0","","1","N","N","","0","","0","0","0","","2","","","2","0","0","0","0","0","0","2","0","2","","","","N","","","","","","","","","",""
"2019033791","","1","0","0","0","0","0","0","0","0","7","0","","02","3","2019","2","40.501065","-80.183069","1309","11","0","0","0","0","0","0","0","0","","0","0","0","","","0","","2","","40 30:03.833","","0","80 10:59.047","0","0","0","0","2213","0","0","0","N","0","0","0","1","02213","0","","2.0","","9","N","N","","0","","0","0","0","","0","","","1","0","0","0","0","0","0","2","0","1","","","","N","","","","","","","","","",""
"2019114399","","2","0","0","0","0","0","0","0","0","1","0","","02","10","2019","3","40.426182","-79.895095","1517","11","0","0","0","0","0","1","0","0","2","0","0","0","","","0","","0","","40 25:34.254","4","0","79 53:42.342","0","0","0","0","2301","0","0","0","N","0","0","0","4","68B03","0","","1.0","","1","N","N","","0","","0","0","2","","0","N","","4","0","0","0","0","0","0","2","0","4","","","","N","","","","","","","","","",""
"2019115067","","1","0","0","0","0","0","0","0","0","99","0","","02","11","2019","1","40.632273","-80.097467","1900","11","0","0","0","0","1","0","0","0","","0","0","0","","","0","","0","","40 37:56.182","","0","80 05:50.882","0","0","0","0","2212","0","0","0","N","0","0","0","1","68B03","0","","1.0","","1","N","N","","0","","0","0","0","","0","","","1","0","0","0","0","0","0","2","0","1","","","","N","","","","","","","","","",""
"2019115308","","1","0","0","0","0","0","0","0","0","7","0","","02","10","2019","3","40.595491","-79.770618","2049","11","0","0","0","0","0","0","0","0","2","0","0","0","","","0","","0","","40 35:43.766","1","0","79 46:14.226","0","0","0","0","2104","0","0","0","Y","0","0","0","1","68D02","0","","4.0","","1","N","N","","0","","0","0","0","","0","N","","1","0","0","0","0","0","0","2","0","1","","","","N","","","","","","","","","",""
"2019117010","","1","0","0","0","0","0","0","0","0","7","0","","02","11","2019","4","40.61628","-80.095767","1630","11","0","0","0","0","0","0","0","0","","0","0","0","","","0","","0","","40 36:58.608","","0","80 05:44.760","0","0","0","0","2212","0","0","0","Y","0","0","0","1","68B03","0","","4.0","","1","N","N","","0","","0","0","0","","0","","","1","0","0","0","0","0","0","2","0","1","","","","N","","","","","","","","","",""
"2019034865","","2","0","0","0","0","0","0","0","0","4","0","","02","3","2019","1","40.449789","-79.827024","1409","11","0","0","0","0","0","0","0","1","2","0","0","0","","","1","","2","","40 26:59.240","1","0","79 49:37.286","3","0","0","0","2113","0","0","0","N","0","0","0","3","02113","0","","1.0","","9","N","N","","0","","1","0","0","","3","Y","","2","1","0","0","0","0","0","2","0","2","","","","N","","","","","","","","","",""
"2019031091","","2","0","0","0","0","0","0","0","0","1","0","","02","3","2019","3","40.438713","-79.912966","1632","11","0","0","0","0","0","0","0","0","2","0","0","0","","","1","","0","","40 26:19.365","2","0","79 54:46.677","4","0","0","0","2301","0","0","0","N","0","0","0","5","02301","1","","1.0","","1","N","N","","0","","0","0","2","","2","N","","4","1","0","0","0","0","0","2","0","4","","","","N","","","","","","","","","",""
"2019041928","","1","0","0","0","0","0","0","0","0","4","0","","02","3","2019","1","40.452269","-79.980817","0230","11","0","0","0","0","0","0","0","0","1","0","0","0","","","0","","2","","40 27:08.169","2","0","79 58:50.940","0","0","0","0","2301","0","0","0","N","0","0","0","6","02301","0","","1.0","","9","N","N","","0","","0","0","1","","3","N","","2","0","3","0","0","0","0","2","0","2","","","","N","","","","","","","","","",""
"2019034247","","0","0","0","0","0","0","0","0","0","7","0","","02","3","2019","4","40.4525","-79.932639","0211","11","0","0","0","0","0","1","0","0","","0","0","0","","","1","","0","","40 27:09.000","","0","79 55:57.500","3","0","0","0","2301","0","0","0","N","0","0","0","1","02301","0","","4.0","","1","N","N","","0","","1","0","1","","0","","","1","1","1","0","0","0","0","2","0","1","","","","N","","","","","","","","","",""
"2019114413","","0","0","0","0","0","0","0","0","0","4","0","","02","10","2019","5","40.427438","-79.952846","0447","11","0","0","0","0","0","1","0","0","","0","0","0","","","0","","0","","40 25:38.776","","0","79 57:10.246","0","0","0","0","2301","0","0","0","N","0","0","0","2","68B03","0","","1.0","","9","N","N","","0","","0","0","2","","0","","","2","0","0","0","0","0","0","2","0","2","","","","N","","","","","","","","","",""
"2019034751","","1","0","0","0","0","0","0","0","0","7","0","","02","3","2019","1","40.435789","-79.981574","0203","11","0","0","0","0","0","0","0","0","1","0","0","0","","","0","","2","","40 26:08.839","3","0","79 58:53.665","0","0","0","0","2301","0","0","0","N","0","0","0","1","02301","0","","1.0","","9","N","N","","0","","0","0","0","","0","N","","1","0","0","0","0","0","0","2","0","1","","","","N","","","","","","","","","",""
"2019106911","","1","0","0","0","0","0","0","0","0","7","0","","02","10","2019","4","40.461218","-79.870495","0113","11","0","0","0","0","0","0","0","0","1","0","0","0","","","0","","0","","40 27:40.385","7","0","79 52:13.782","0","0","0","0","2113","0","0","0","Y","0","0","0","0","02113","0","","5.0","","1","N","N","","0","","0","0","0","","0","N","","1","0","0","0","0","0","0","2","0","1","","","","N","","","","","","","","","",""
"2019034997","","1","0","0","0","0","0","0","0","0","4","0","","02","3","2019","1","40.439046","-79.998204","0010","11","0","0","0","0","0","0","0","0","1","0","0","0","","","0","","1","","40 26:20.566","1","0","79 59:53.536","0","0","0","0","2301","0","0","0","N","0","0","0","3","02301","0","","1.0","","9","N","N","","1","","0","0","0","","2","N","","2","0","0","0","0","0","0","2","0","2","","","","N","","","","","","","","","",""
"2019116574","","1","0","0","0","0","0","0","0","0","7","0","","02","11","2019","5","40.490683","-79.88012","0916","11","0","0","0","0","0","0","0","0","2","0","0","0","","","0","","0","","40 29:26.457","1","3","79 52:48.433","0","0","0","0","2112","0","0","0","N","0","0","0","1","68D02","0","","4.0","","9","N","N","","0","","0","0","0","","0","N","","1","0","0","0","0","0","0","2","0","1","","","","N","","","","","","","","","",""
"2019033923","","0","0","0","0","0","0","0","0","0","7","0","","02","3","2019","5","40.354223","-79.83656","0241","11","0","0","0","0","0","0","0","0","","0","0","0","","","0","","0","","40 21:15.202","","0","79 50:11.617","0","0","0","0","2304","0","0","0","N","0","0","0","1","02304","0","","5.0","","1","N","N","","0","","0","0","1","","0","","","1","0","0","0","0","0","0","2","0","1","","","","N","","","","","","","","","",""