"CRN","ARRIVAL_TM","AUTOMOBILE_COUNT","BELTED_DEATH_COUNT","BELTED_SUSP_SERIOUS_INJ_COUNT","BICYCLE_COUNT","BICYCLE_DEATH_COUNT","BICYCLE_SUSP_SERIOUS_INJ_COUNT","BUS_COUNT","CHLDPAS_DEATH_COUNT","CHLDPAS_SUSP_SERIOUS_INJ_COUNT","COLLISION_TYPE","COMM_VEH_COUNT","CONS_ZONE_SPD_LIM","COUNTY","CRASH_MONTH","CRASH_YEAR","DAY_OF_WEEK","DEC_LATITUDE","DEC_LONGITUDE","DISPATCH_TM","DISTRICT","DRIVER_COUNT_16YR","DRIVER_COUNT_17YR","DRIVER_COUNT_18YR","DRIVER_COUNT_19YR","DRIVER_COUNT_20YR","DRIVER_COUNT_50_64YR","DRIVER_COUNT_65_74YR","DRIVER_COUNT_75PLUS","EST_HRS_CLOSED","FATAL_COUNT","HEAVY_TRUCK_COUNT","HORSE_BUGGY_COUNT","HOUR_OF_DAY","ILLUMINATION","INJURY_COUNT","INTERSECTION_RELATED","INTERSECT_TYPE","LANE_CLOSED","LATITUDE","LN_CLOSE_DIR","LOCATION_TYPE","LONGITUDE","MAX_SEVERITY_LEVEL","MCYCLE_DEATH_COUNT","MCYCLE_SUSP_SERIOUS_INJ_COUNT","MOTORCYCLE_COUNT","MUNICIPALITY","NONMOTR_COUNT","NONMOTR_DEATH_COUNT","NONMOTR_SUSP_SERIOUS_INJ_COUNT","NTFY_HIWY_MAINT","PED_COUNT","PED_DEATH_COUNT","PED_SUSP_SERIOUS_INJ_COUNT","PERSON_COUNT","POLICE_AGCY","POSSIBLE_INJ_COUNT","RDWY_SURF_TYPE_CD","RELATION_TO_ROAD","ROADWAY_CLEARED","ROAD_CONDITION","SCH_BUS_IND","SCH_ZONE_IND","SECONDARY_CRASH","SMALL_TRUCK_COUNT","SPEC_JURIS_CD","SUSP_MINOR_INJ_COUNT","SUSP_SERIOUS_INJ_COUNT","SUV_COUNT","TCD_FUNC_CD","TCD_TYPE","TFC_DETOUR_IND","TIME_OF_DAY","TOTAL_UNITS","TOT_INJ_COUNT","UNBELTED_OCC_COUNT","UNB_DEATH_COUNT","UNB_SUSP_SERIOUS_INJ_COUNT","UNK_INJ_DEG_COUNT","UNK_INJ_PER_COUNT","URBAN_RURAL","VAN_COUNT","VEHICLE_COUNT","WEATHER1","WEATHER2","WORKERS_PRES","WORK_ZONE_IND","WORK_ZONE_LOC","WORK_ZONE_TYPE","WZ_CLOSE_DETOUR","WZ_FLAGGER","WZ_LAW_OFFCR_IND","WZ_LN_CLOSURE","WZ_MOVING","WZ_OTHER","WZ_SHLDER_MDN","WZ_WORKERS_INJ_KILLED"
"2019131961","","0","0","0","0","0","0","0","0","0","7","0","","02","12","2019","3","40.599715","-79.94789","","11","0","0","0","0","0","0","0","0","","0","0","0","","","0","N","0","","40 35:58.975","3","0","79 56:52.405","0","0","0","0","2207","0","0","0","N","0","0","0","1","02207","0","","5.0","1340.0","9","N","N","N","0","","0","0","1","","0","N","","1","0","0","0","0","0","0","2","0","1","","","","N","","","","","","","","","",""
"2019134100","","1","0","0","0","0","0","0","0","0","4","0","","02","12","2019","6","40.469985","-79.927669","","11","0","0","0","0","0","0","0","0","","0","0","0","","","1","N","1","","40 28:11.945","","0","79 55:39.608","3","0","0","0","2301","0","0","0","N","0","0","0","2","02301","0","","1.0","","1","N","N","N","0","","1","0","1","","0","","","2","1","0","0","0","0","0","2","0","2","","03","","N","","","","","","","","","",""
"2019113944","","0","0","0","0","0","0","0","0","0","8","0","","02","11","2019","4","40.375923","-79.983962","","11","0","0","0","0","0","0","0","0","","0","0","0","","","1","N","0","","40 22:33.323","2","0","79 59:02.263","8","0","0","0","2413","1","0","0","N","1","0","0","3","02413","0","","1.0","1355.0","1","N","N","N","0","","0","0","1","","0","N","","2","1","0","0","0","1","0","2","0","1","","03","","N","","","","","","","","","",""
"2019070037","","2","0","0","0","0","0","0","0","0","4","0","","02","7","2019","5","40.453331","-79.73138","","11","0","0","1","1","0","0","0","0","","0","0","0","","","0","","2","","40 27:11.993","","0","79 43:52.969","9","0","0","0","2466","0","0","0","N","0","0","0","2","02466","0","","1.0","","9","N","N","","0","","0","0","0","","3","N","","2","0","0","0","0","0","1","2","0","2","","","","N","","","","","","","","","",""
"2019132697","","3","0","0","0","0","0","0","0","0","1","0","","02","12","2019","6","40.621794","-79.943396","","11","0","0","0","0","1","0","0","0","","0","0","0","","","0","N","0","","40 37:18.460","2","0","79 56:36.226","9","0","0","0","2217","0","0","0","N","0","0","0","4","02505","0","","1.0","1705.0","1","N","N","N","0","","0","0","0","","0","N","","3","0","0","0","0","0","1","2","0","3","","03","","N","","","","","","","","","",""
"2019056949","","3","0","0","0","0","0","0","0","0","1","0","","02","6","2019","7","40.449018","-80.106586","","11","0","0","0","1","1","2","0","0","1","0","0","0","","","0","","0","","40 26:56.463","2","7","80 06:23.711","0","0","0","0","2115","0","0","0","N","0","0","0","4","02115","0","","1.0","","9","N","N","","0","","0","0","1","","0","N","","4","0","0","0","0","0","0","2","0","4","","","","N","","","","","","","","","",""
"2019106337","","1","0","0","0","0","0","0","0","0","7","0","","02","10","2019","1","40.468111","-79.797996","","11","0","0","0","0","0","0","0","0","","0","0","0","","","1","N","0","","40 28:05.199","","0","79 47:52.786","3","0","0","0","2113","0","0","0","N","0","0","0","1","02113","0","","4.0","","1","N","N","N","0","","1","0","0","","0","","","1","1","0","0","0","0","0","2","0","1","","","","N","","","","","","","","","",""
"2019117773","","2","0","0","0","0","0","0","0","0","2","0","","02","11","2019","2","40.423699","-79.961913","","11","0","0","0","0","0","0","0","0","","0","0","0","","","3","N","1","","40 25:25.316","","0","79 57:42.885","3","0","0","0","2301","0","0","0","N","0","0","0","4","02301","0","","1.0","","1","N","N","N","0","","3","0","0","","2","","","2","3","0","0","0","0","0","2","0","2","","03","","N","","","","","","","","","",""
"2019135586","","1","0","0","0","0","0","0","0","0","2","0","","02","12","2019","5","40.363024","-80.124202","","11","0","1","0","0","0","0","0","0","","0","0","0","","","0","N","2","","40 21:46.885","","0","80 07:27.126","0","0","0","0","2119","0","0","0","N","0","0","0","1","02119","0","","5.0","","1","N","N","N","0","","0","0","0","","0","","","1","0","0","0","0","0","0","2","0","1","","","","N","","","","","","","","","",""
"2019109785","","0","0","0","0","0","0","0","0","0","7","0","","02","10","2019","1","40.424993","-80.049712","","11","0","1","0","0","0","0","0","0","","0","0","0","","","0","","0","","40 25:29.974","","0","80 02:58.962","0","0","0","0","2435","0","0","0","N","0","0","0","1","02435","0","","2.0","","1","N","N","","0","","0","0","1","","0","","","1","0","0","0","0","0","0","2","0","1","","","","N","","","","","","","","","",""
"2019050741","","1","0","0","0","0","0","0","0","0","7","0","","02","5","2019","6","40.283444","-80.011639","","11","0","0","1","0","0","0","0","0","1","0","0","0","","","0","","0","","40 17:00.400","3","0","80 00:41.900","0","0","0","0","2219","0","0","0","N","0","0","0","2","02219","0","","2.0","","1","N","N","","0","","0","0","0","","0","N","","1","0","0","0","0","0","0","2","0","1","","","","N","","","","","","","","","",""
"2019134554","","4","0","0","0","0","0","0","0","0","1","0","","02","12","2019","5","40.509671","-80.003919","","11","0","0","1","0","0","0","0","0","","0","0","0","","","0","N","0","","40 30:34.815","2","0","80 00:14.110","0","0","0","0","2116","0","0","0","N","0","0","0","7","02116","0","","1.0","2045.0","1","N","N","N","0","","0","0","0","","0","N","","4","0","0","0","0","0","0","2","0","4","","03","","N","","","","","","","","","",""
"2019133344","","3","0","0","0","0","0","0","0","0","1","0","","02","12","2019","3","40.583392","-79.952706","","11","0","0","0","0","0","1","1","0","","0","0","0","","","2","","2","","40 35:00.212","","0","79 57:09.741","4","0","0","0","2207","0","0","0","N","0","0","0","6","02207","2","","1.0","","1","N","N","N","0","","0","0","0","","0","","","3","2","0","0","0","0","0","2","0","3","","04","","N","","","","","","","","","",""
"2019133413","","3","0","0","0","0","0","0","0","0","7","0","","02","12","2019","6","40.62283","-79.924802","","11","0","0","0","0","0","1","0","0","","0","0","0","","","0","N","0","","40 37:22.188","5","0","79 55:29.286","0","0","0","0","2217","0","0","0","N","0","0","0","5","02505","0","","5.0","1637.0","2","N","N","N","0","","0","0","0","","0","Y","","3","0","0","0","0","0","0","2","0","3","","03","","N","","","","","","","","","",""
"2019129409","","1","0","0","0","0","0","0","0","0","7","0","","02","12","2019","2","40.561263","-79.77324","","11","0","0","0","0","0","0","0","1","","0","0","0","","","1","N","0","","40 33:40.548","","0","79 46:23.665","8","0","0","0","2121","0","0","0","N","0","0","0","1","02514","0","","2.0","","1","N","N","N","0","","0","0","0","","0","","","1","1","0","0","0","1","0","1","0","1","","","","N","","","","","","","","","",""
"2019130915","","0","0","0","0","0","0","0","0","0","7","1","","02","12","2019","5","40.601525","-79.86734","","11","0","0","0","0","0","1","0","0","","0","1","0","","","0","N","0","","40 36:05.489","","0","79 52:02.424","0","0","0","0","2220","0","0","0","N","0","0","0","2","02220","0","","5.0","","9","N","N","N","0","","0","0","0","","0","","","1","0","2","0","0","0","0","1","0","1","","","","N","","","","","","","","","",""
"2019122403","","1","0","0","0","0","0","0","0","0","7","0","","02","11","2019","4","40.398066","-80.126762","","11","1","0","0","0","0","0","0","0","","0","0","0","","","0","N","2","","40 23:53.036","4","0","80 07:36.344","0","0","0","0","2102","0","0","0","N","0","0","0","2","02102","0","","2.0","2300.0","1","N","N","N","0","","0","0","0","","0","N","","1","0","0","0","0","0","0","2","0","1","","","","N","","","","","","","","","",""
"2019060926","","0","0","0","0","0","0","0","0","0","1","0","","02","5","2019","1","40.438152","-80.005023","","11","0","0","0","0","0","0","1","0","2","0","0","0","","","1","","0","","40 26:17.346","4","0","80 00:18.084","3","0","0","0","2301","0","0","0","N","0","0","0","3","68B03","0","","1.0","","1","N","N","","1","","1","0","1","","0","Y","","2","1","1","0","0","0","0","2","0","2","","","","N","","","","","","","","","",""
"2019129942","","0","0","0","0","0","0","0","0","0","7","0","","02","12","2019","3","40.489353","-80.01624","","11","0","0","0","0","0","1","0","0","","0","0","0","","","0","N","0","","40 29:21.669","4","0","80 00:58.463","0","0","0","0","2301","0","0","0","N","0","0","0","1","02301","0","","5.0","1550.0","9","N","N","N","1","","0","0","0","","0","N","","1","0","0","0","0","0","0","2","0","1","","","","N","","","","","","","","","",""
"2019051075","","1","0","0","0","0","0","0","0","0","4","0","","02","5","2019","6","40.60013","-80.077991","","11","0","1","0","0","0","0","0","0","1","0","0","0","","","0","","2","","40 36:00.467","7","0","80 04:40.767","0","0","0","0","2481","0","0","0","N","0","0","0","2","02481","0","","1.0","","9","N","N","","1","","0","0","0","","3","N","","2","0","0","0","0","0","0","2","0","2","","","","N","","","","","","","","","",""
"2019119649","","1","0","0","0","0","0","0","0","0","7","0","","02","11","2019","6","40.312489","-79.947018","","11","0","0","0","0","0","0","0","0","","0","0","0","","","0","N","0","","40 18:44.959","6","0","79 56:49.266","0","0","0","0","2440","0","0","0","N","0","0","0","2","02440","0","","5.0","25.0","1","N","N","N","0","","0","0","0","","0","N","","1","0","0","0","0","0","0","2","0","1","","03","","N","","","","","","","","","",""
"2019120700","","1","0","0","0","0","0","0","0","0","1","0","","02","11","2019","1","40.409083","-79.891306","","11","0","0","0","0","0","0","0","0","","0","0","0","","","0","N","0","","40 24:32.700","4","0","79 53:28.700","9","0","0","0","2448","0","0","0","N","0","0","0","3","02448","0","","1.0","2300.0","1","N","N","N","0","","0","0","1","","0","N","","2","0","1","0","0","0","1","2","0","2","","03","","N","","","","","","","","","",""
"2019051131","","1","0","0","0","0","0","0","0","0","2","0","","02","5","2019","7","40.391917","-80.087583","","11","0","0","0","0","0","0","0","0","","0","0","0","","","0","","0","","40 23:30.900","","0","80 05:15.300","0","0","0","0","2437","0","0","0","N","0","0","0","1","02437","0","","1.0","","1","Y","N","","0","","0","0","0","","0","","","2","0","0","0","0","0","0","2","1","2","","","","N","","","","","","","","","",""
"2019056372","","0","0","0","0","0","0","0","0","0","4","0","","02","6","2019","7","40.417634","-79.881801","","11","0","0","0","0","0","1","0","0","2","0","0","0","","","2","","1","","40 25:03.482","2","0","79 52:54.483","3","0","0","0","2463","0","0","0","N","0","0","0","2","02463","0","","1.0","","1","N","N","","0","","2","0","2","","3","Y","","2","2","1","0","0","0","0","2","0","2","","","","N","","","","","","","","","",""
"2019118656","","2","0","0","0","0","0","0","0","0","4","0","","02","11","2019","3","40.456463","-79.909807","","11","0","0","0","0","0","2","0","0","","0","0","0","","","1","N","2","","40 27:23.266","","0","79 54:35.306","4","0","0","0","2301","0","0","0","N","0","0","0","2","02301","1","","1.0","","1","N","N","N","0","","0","0","0","","0","","","2","1","0","0","0","0","0","2","0","2","","04","","N","","","","","","","","","",""
"2019116053","","1","0","0","0","0","0","0","0","0","7","0","","02","11","2019","7","40.641134","-79.855368","","11","0","0","0","0","0","0","0","0","","0","0","0","","","0","N","0","","40 38:28.083","6","0","79 51:19.324","0","0","0","0","2220","0","0","0","N","0","0","0","1","02220","0","","4.0","2215.0","1","N","N","N","0","","0","0","0","","0","Y","","1","0","0","0","0","0","0","2","0","1","","03","","N","","","","","","","","","",""
"2019101356","","1","0","0","0","0","0","0","0","0","7","0","","02","10","2019","3","40.483058","-79.940204","","11","0","0","0","0","0","0","1","0","","0","0","0","","","0","","3","","40 28:59.008","","0","79 56:24.734","0","0","0","0","2301","0","0","0","N","0","0","0","2","02301","0","","4.0","","1","N","N","","0","","0","0","0","","0","N","","1","0","0","0","0","0","0","2","0","1","","","","N","","","","","","","","","",""
"2019068061","","1","0","0","0","0","0","0","0","0","7","0","","02","7","2019","4","40.445952","-79.714879","","11","0","0","0","0","0","1","0","0","","0","0","0","","","0","","0","","40 26:45.427","","0","79 42:53.566","0","0","0","0","2446","0","0","0","N","0","0","0","2","02446","0","","4.0","","1","N","N","","0","","0","0","0","","0","","","1","0","0","0","0","0","0","2","0","1","","","","N","","","","","","","","","",""
"2019058144","","0","0","0","0","0","0","0","0","0","4","0","","02","6","2019","3","40.530543","-80.010944","","11","0","0","0","0","0","0","0","0","","0","0","0","","","0","","0","","40 31:49.954","","0","80 00:39.397","0","0","0","0","2116","0","0","0","N","0","0","0","2","02116","0","","1.0","","1","N","N","","0","","0","0","1","","2","","","2","0","0","0","0","0","0","2","1","2","","","","N","","","","","","","","","",""
"2019135594","","2","0","0","0","0","0","0","0","0","3","0","","02","12","2019","6","40.516194","-80.222036","","11","0","0","0","0","0","0","1","0","","0","0","0","","","0","N","0","","40 30:58.298","","7","80 13:19.329","0","0","0","0","2213","0","0","0","N","0","0","0","2","02213","0","","5.0","","9","N","N","N","0","","0","0","2","","0","","","4","0","0","0","0","0","0","2","0","4","","","","N","","","","","","","","","",""
"2019052047","","1","0","0","0","0","0","0","0","0","1","0","","02","5","2019","3","40.448603","-80.014766","","11","0","0","0","0","0","0","0","0","2","0","0","0","","","2","","0","","40 26:54.969","2","0","80 00:53.158","2","0","0","0","2301","0","0","0","N","0","0","0","2","02301","0","","1.0","","1","N","N","","1","","1","1","0","","0","Y","","2","2","1","0","1","0","0","2","0","2","","","","N","","","","","","","","","",""
"2019134343","","2","0","0","0","0","0","0","0","0","4","0","","02","12","2019","6","40.439984","-79.919574","","11","0","0","0","0","0","0","1","0","","0","0","0","","","3","","2","","40 26:23.942","4","0","79 55:10.466","3","0","0","0","2301","0","0","0","N","0","0","0","4","02301","0","","1.0","1500.0","9","N","N","N","0","","3","0","0","","0","Y","","2","3","0","0","0","0","0","2","0","2","","03","","N","","","","","","","","","",""
"2019133539","","1","0","0","0","0","0","0","0","0","7","0","","02","12","2019","1","40.610642","-79.9684","","11","0","0","0","0","0","0","0","0","","0","0","0","","","1","N","0","","40 36:38.310","5","0","79 58:06.241","8","0","0","0","2207","0","0","0","N","0","0","0","2","02207","0","","2.0","256.0","1","N","N","N","0","","0","0","0","","3","N","","1","1","0","0","0","1","0","2","0","1","","","","N","","","","","","","","","",""
"2019073032","","2","0","0","0","0","0","0","0","0","1","0","","02","7","2019","1","40.455363","-79.967193","","11","0","0","0","0","0","0","0","0","1","0","0","0","","","1","","5","","40 27:19.306","4","0","79 58:01.895","4","0","0","0","2301","0","0","0","N","0","0","0","2","02301","1","","1.0","","1","N","N","","0","","0","0","0","","2","N","","2","1","0","0","0","0","0","2","0","2","","","","N","","","","","","","","","",""
"2019114337","","1","0","0","0","0","0","0","0","0","7","0","","02","11","2019","1","40.5301","-79.918317","","11","0","0","1","0","0","0","0","0","","0","0","0","","","1","N","0","","40 31:48.359","6","0","79 55:05.942","8","0","0","0","2112","0","0","0","N","0","0","0","1","02112","0","","2.0","854.0","1","N","N","N","0","","0","0","0","","0","Y","","1","1","0","0","0","1","0","2","0","1","","","","N","","","","","","","","","",""
"2019051627","","1","0","0","0","0","0","0","0","0","2","0","","02","5","2019","2","40.438233","-79.977662","","11","0","1","0","0","0","0","0","0","","0","0","0","","","1","","2","","40 26:17.639","","0","79 58:39.582","3","0","0","0","2301","0","0","0","N","0","0","0","2","02301","0","","1.0","","1","N","N","","0","","1","0","1","","2","","","2","1","0","0","0","0","0","2","0","2","","","","N","","","","","","","","","",""
"2019056422","","1","0","0","0","0","0","0","0","0","7","0","","02","6","2019","7","40.489841","-79.780348","","11","0","0","0","0","0","0","1","0","2","0","0","0","","","0","","2","","40 29:23.427","6","0","79 46:49.252","0","0","0","0","2466","0","0","0","N","0","0","0","1","02466","0","","4.0","","1","N","N","","0","","0","0","0","","0","N","","1","0","0","0","0","0","0","2","0","1","","","","N","","","","","","","","","",""
"2019051266","","1","0","0","0","0","0","0","0","0","2","0","","02","5","2019","2","40.479926","-80.02727","","11","0","0","0","0","0","0","0","0","","0","0","0","","","1","","3","","40 28:47.733","","0","80 01:38.172","4","0","0","0","2301","0","0","0","N","0","0","0","3","02301","1","","1.0","","9","N","N","","0","","0","0","1","","3","","","2","1","0","0","0","0","0","2","0","2","","","","N","","","","","","","","","",""
"2019055727","","1","0","0","0","0","0","0","0","0","4","0","","02","5","2019","6","40.44811","-79.709521","","11","0","0","0","0","0","0","1","0","","0","0","0","","","0","","1","","40 26:53.195","","0","79 42:34.276","0","0","0","0","2466","0","0","0","N","0","0","0","2","02466","0","","1.0","","1","N","N","","0","","0","0","1","","3","","","2","0","0","0","0","0","0","2","0","2","","","","N","","","","","","","","","",""
"2019048897","","2","0","0","0","0","0","0","0","0","2","0","","02","5","2019","2","40.396603","-79.80455","","11","0","0","0","0","0","1","0","0","2","0","0","0","","","6","","2","","40 23:47.772","1","2","79 48:16.380","3","0","0","0","2479","0","0","0","N","0","0","0","6","02501","0","","1.0","","9","N","N","","0","","5","0","1","","4","Y","","3","6","0","0","0","1","0","2","0","3","","","","N","","","","","","","","","",""
"2019134797","","1","0","0","0","0","0","0","0","0","1","0","","02","12","2019","6","40.495843","-79.911967","","11","0","0","0","0","0","0","0","0","","0","0","0","","","1","N","0","","40 29:45.034","1","0","79 54:43.080","3","0","0","0","2112","0","0","0","N","0","0","0","4","68D02","0","","1.0","2008.0","1","N","N","N","0","","1","0","1","","0","Y","","2","1","0","0","0","0","0","2","0","2","","","","N","","","","","","","","","",""
"2019051828","","1","0","0","0","0","0","0","0","0","4","0","","02","5","2019","2","40.465193","-80.053754","","11","0","0","1","1","0","0","0","0","2","0","0","0","","","0","","2","","40 27:54.694","4","0","80 03:13.514","0","0","0","0","2444","0","0","0","N","0","0","0","2","02444","0","","1.0","","1","N","N","","1","","0","0","0","","2","N","","2","0","0","0","0","0","0","2","0","2","","","","N","","","","","","","","","",""
"2019135249","","1","0","0","0","0","0","0","0","0","1","0","","02","12","2019","4","40.432517","-79.960532","","11","0","0","0","0","0","0","0","0","","0","0","0","","","0","N","0","","40 25:57.060","","0","79 57:37.914","0","0","0","0","2301","0","0","0","N","0","0","0","2","68B03","0","","1.0","","9","N","N","N","0","","0","0","1","","0","","","2","0","0","0","0","0","0","2","0","2","","","","N","","","","","","","","","",""
"2019134307","","3","0","0","0","0","0","0","0","0","1","0","","02","12","2019","7","40.477765","-79.95621","","11","0","0","0","0","0","0","1","0","","0","0","0","","","0","N","0","","40 28:39.953","","0","79 57:22.355","9","0","0","0","2301","0","0","0","N","0","0","0","1","02301","0","","4.0","","1","N","N","Y","0","","0","0","0","","0","","","3","0","0","0","0","0","1","2","0","3","","03","","N","","","","","","","","","",""
"2019134805","","2","0","0","0","0","0","0","0","0","4","0","","02","12","2019","1","40.334296","-79.848166","","11","0","0","0","0","0","0","0","0","","0","0","0","","","0","N","1","","40 20:03.465","","0","79 50:53.397","0","0","0","0","2304","0","0","0","N","0","0","0","2","02304","0","","1.0","","9","N","N","N","0","","0","0","0","","0","","","2","0","0","0","0","0","0","2","0","2","","03","","N","","","","","","","","","",""
"2019052272","","2","0","0","0","0","0","0","0","0","5","0","","02","5","2019","2","40.600361","-80.083083","","11","0","0","0","0","1","0","0","0","","0","0","0","","","0","","0","","40 36:01.300","","0","80 04:59.100","0","0","0","0","2481","0","0","0","N","0","0","0","1","02481","0","","1.0","","1","N","N","","0","","0","0","0","","0","","","2","0","0","0","0","0","0","2","0","2","","","","N","","","","","","","","","",""
"2019053440","","2","0","0","0","0","0","0","0","0","1","0","","02","5","2019","3","40.454909","-80.029528","","11","0","0","0","0","1","0","0","0","","0","0","0","","","0","","2","","40 27:17.673","","0","80 01:46.301","0","0","0","0","2301","0","0","0","N","0","0","0","3","02301","0","","1.0","","1","N","N","","0","","0","0","1","","0","","","3","0","3","0","0","0","0","2","0","3","","","","N","","","","","","","","","",""
"2019051241","","2","0","0","0","0","0","0","0","0","1","0","","02","5","2019","1","40.452269","-79.982291","","11","0","0","0","0","0","0","0","0","3","0","0","0","","","0","","1","","40 27:08.168","3","0","79 58:56.249","9","0","0","0","2301","0","0","0","N","0","0","0","2","02301","0","","1.0","","1","N","N","","0","","0","0","0","","2","Y","","2","0","0","0","0","0","1","2","0","2","","","","N","","","","","","","","","",""
"2019051339","","1","0","0","0","0","0","0","0","0","2","0","","02","5","2019","2","40.42719","-79.962548","","11","0","0","0","0","0","1","0","0","","0","0","0","","","1","","1","","40 25:37.883","","0","79 57:45.172","3","0","0","0","2301","0","0","0","N","0","0","0","2","02301","0","","1.0","","1","N","N","","0","","1","0","1","","2","","","2","1","0","0","0","0","0","2","0","2","","","","N","","","","","","","","","",""
"2019135213","","0","0","0","0","0","0","0","0","0","1","0","","02","12","2019","6","40.425763","-79.901123","","11","0","0","0","0","0","2","0","0","","0","0","0","","","1","N","0","","40 25:32.745","","0","79 54:04.042","4","0","0","0","2301","0","0","0","N","0","0","0","2","68B03","1","","1.0","","1","N","N","N","0","","0","0","2","","0","","","2","1","0","0","0","0","0","2","0","2","","","","N","","","","","","","","","",""
"2019133277","","0","0","0","0","0","0","0","0","0","4","0","","02","12","2019","3","40.616799","-80.090303","","11","0","0","0","0","0","1","0","0","","0","0","0","","","0","Y","0","","40 37:00.476","","0","80 05:25.089","0","0","0","0","2212","0","0","0","N","0","0","0","3","02505","0","","1.0","","9","N","N","N","0","","0","0","2","","2","","","2","0","0","0","0","0","0","2","0","2","","","","N","","","","","","","","","",""
"2019134268","","1","0","0","0","0","0","0","0","0","1","0","","02","12","2019","6","40.484232","-79.819339","","11","0","0","0","0","0","0","0","0","","0","0","0","","","0","","1","","40 29:03.235","","0","79 49:09.620","0","0","0","0","2113","0","0","0","N","0","0","0","2","02113","0","","1.0","","1","N","N","N","0","","0","0","1","","2","","","2","0","0","0","0","0","0","2","0","2","","03","","N","","","","","","","","","",""
"2019052542","","1","0","0","0","0","0","0","0","0","7","0","","02","5","2019","2","40.197794","-79.898112","","11","0","0","0","0","0","0","0","0","1","0","0","0","","","1","","0","","40 11:52.057","6","0","79 53:53.204","4","0","0","0","2204","0","0","0","N","0","0","0","1","02204","1","","4.0","","1","N","N","","0","","0","0","0","","0","Y","","1","1","0","0","0","0","0","2","0","1","","","","N","","","","","","","","","",""
"2019135236","","1","0","0","0","0","0","0","0","0","1","0","","02","12","2019","2","40.450179","-80.116856","","11","0","0","0","0","0","1","0","0","","0","0","0","","","0","N","0","","40 27:00.644","4","0","80 07:00.683","0","0","0","0","2115","0","0","0","N","0","0","0","3","68B03","0","","1.0","1300.0","1","N","N","N","1","","0","0","0","","0","N","","2","0","1","0","0","0","0","2","0","2","","03","","N","","","","","","","","","",""
"2019051306","","1","0","0","0","0","0","0","0","0","1","0","","02","5","2019","1","40.42584","-79.911084","","11","0","0","0","0","0","1","0","0","","0","0","0","","","0","","0","","40 25:33.023","","0","79 54:39.903","0","0","0","0","2301","0","0","0","N","0","0","0","5","02301","0","","1.0","","1","N","N","","1","","0","0","1","","0","","","3","0","1","0","0","0","0","2","0","3","","","","N","","","","","","","","","",""
"2019135596","","1","0","0","0","0","0","0","0","0","98","0","","02","12","2019","7","40.465189","-80.195594","","11","0","0","0","1","0","0","0","0","","0","0","0","","","0","","6","","40 27:54.681","3","2","80 11:44.140","0","0","0","0","2213","0","0","0","N","0","0","0","1","02213","0","","5.0","528.0","1","N","N","N","0","","0","0","0","","0","N","","1","0","0","0","0","0","0","2","0","1","","03","","N","","","","","","","","","",""
"2019051135","","1","0","0","0","0","0","0","0","0","2","0","","02","5","2019","1","40.434453","-79.989832","","11","0","0","0","0","1","1","0","0","","0","0","0","","","1","","1","","40 26:04.030","","0","79 59:23.394","3","0","0","1","2301","0","0","0","N","0","0","0","3","02301","0","","1.0","","1","N","N","","0","","1","0","0","","2","","","2","1","0","0","0","0","0","2","0","2","","","","N","","","","","","","","","",""
"2019115261","","2","0","0","0","0","0","0","0","0","4","0","","02","11","2019","3","40.424268","-79.934271","","11","0","0","0","0","0","0","0","0","","0","0","0","","","0","","2","","40 25:27.364","1","0","79 56:03.375","0","0","0","0","2301","0","0","0","N","0","0","0","2","02301","0","","1.0","1146.0","7","N","N","N","0","","0","0","0","","0","N","","2","0","0","0","0","0","0","2","0","2","","","","N","","","","","","","","","",""
"2019133180","","0","0","0","0","0","0","0","0","0","4","0","","02","12","2019","3","40.455576","-79.888103","","11","0","0","0","0","0","1","0","0","","0","0","0","","","2","","1","","40 27:20.073","6","0","79 53:17.170","3","0","0","0","2301","0","0","0","Y","0","0","0","2","02301","0","","1.0","1700.0","9","N","N","N","0","","2","0","2","","2","N","","2","2","0","0","0","0","0","2","0","2","","04","","N","","","","","","","","","",""
"2019134262","","2","0","0","0","0","0","0","0","0","4","0","","02","12","2019","6","40.457246","-79.904355","","11","0","0","0","0","1","0","1","0","","0","0","0","","","0","N","1","","40 27:26.085","6","0","79 54:15.677","0","0","0","0","2301","0","0","0","N","0","0","0","3","02301","0","","1.0","1942.0","1","N","N","N","0","","0","0","0","","3","N","","2","0","2","0","0","0","0","2","0","2","","03","","N","","","","","","","","","",""
"2019134567","","1","0","0","0","0","0","0","0","0","7","0","","02","12","2019","7","40.331832","-80.052416","","11","0","0","0","0","0","0","0","0","","0","0","0","","","0","","2","","40 19:54.596","","0","80 03:08.697","0","0","0","0","2407","0","0","0","N","0","0","0","1","02407","0","","4.0","","2","N","N","","0","","0","0","0","","0","","","1","0","0","0","0","0","0","2","0","1","","","","N","","","","","","","","","",""
"2019132949","","2","0","0","0","0","0","0","0","0","1","0","","02","12","2019","2","40.415927","-80.02988","","11","0","0","0","0","0","2","0","0","","0","0","0","","","0","","1","","40 24:57.338","","0","80 01:47.567","0","0","0","0","2301","0","0","0","N","0","0","0","2","02301","0","","1.0","","1","N","N","N","0","","0","0","0","","0","","","2","0","0","0","0","0","0","2","0","2","","03","","N","","","","","","","","","",""
"2019124771","","2","0","0","0","0","0","0","0","0","4","0","","02","12","2019","4","40.443723","-80.097381","","11","0","0","0","0","0","0","0","0","","0","0","0","","","1","N","0","","40 26:37.401","","6","80 05:50.570","8","0","0","0","2115","0","0","0","N","0","0","0","2","02115","0","","1.0","","1","N","N","N","0","","0","0","0","","0","","","2","1","0","0","0","1","0","2","0","2","","","","N","","","","","","","","","",""