"CRN","ARRIVAL_TM","AUTOMOBILE_COUNT","BELTED_DEATH_COUNT","BELTED_SUSP_SERIOUS_INJ_COUNT","BICYCLE_COUNT","BICYCLE_DEATH_COUNT","BICYCLE_SUSP_SERIOUS_INJ_COUNT","BUS_COUNT","CHLDPAS_DEATH_COUNT","CHLDPAS_SUSP_SERIOUS_INJ_COUNT","COLLISION_TYPE","COMM_VEH_COUNT","CONS_ZONE_SPD_LIM","COUNTY","CRASH_MONTH","CRASH_YEAR","DAY_OF_WEEK","DEC_LATITUDE","DEC_LONGITUDE","DISPATCH_TM","DISTRICT","DRIVER_COUNT_16YR","DRIVER_COUNT_17YR","DRIVER_COUNT_18YR","DRIVER_COUNT_19YR","DRIVER_COUNT_20YR","DRIVER_COUNT_50_64YR","DRIVER_COUNT_65_74YR","DRIVER_COUNT_75PLUS","EST_HRS_CLOSED","FATAL_COUNT","HEAVY_TRUCK_COUNT","HORSE_BUGGY_COUNT","HOUR_OF_DAY","ILLUMINATION","INJURY_COUNT","INTERSECTION_RELATED","INTERSECT_TYPE","LANE_CLOSED","LATITUDE","LN_CLOSE_DIR","LOCATION_TYPE","LONGITUDE","MAX_SEVERITY_LEVEL","MCYCLE_DEATH_COUNT","MCYCLE_SUSP_SERIOUS_INJ_COUNT","MOTORCYCLE_COUNT","MUNICIPALITY","NONMOTR_COUNT","NONMOTR_DEATH_COUNT","NONMOTR_SUSP_SERIOUS_INJ_COUNT","NTFY_HIWY_MAINT","PED_COUNT","PED_DEATH_COUNT","PED_SUSP_SERIOUS_INJ_COUNT","PERSON_COUNT","POLICE_AGCY","POSSIBLE_INJ_COUNT","RDWY_SURF_TYPE_CD","RELATION_TO_ROAD","ROADWAY_CLEARED","ROAD_CONDITION","SCH_BUS_IND","SCH_ZONE_IND","SECONDARY_CRASH","SMALL_TRUCK_COUNT","SPEC_JURIS_CD","SUSP_MINOR_INJ_COUNT","SUSP_SERIOUS_INJ_COUNT","SUV_COUNT","TCD_FUNC_CD","TCD_TYPE","TFC_DETOUR_IND","TIME_OF_DAY","TOTAL_UNITS","TOT_INJ_COUNT","UNBELTED_OCC_COUNT","UNB_DEATH_COUNT","UNB_SUSP_SERIOUS_INJ_COUNT","UNK_INJ_DEG_COUNT","UNK_INJ_PER_COUNT","URBAN_RURAL","VAN_COUNT","VEHICLE_COUNT","WEATHER1","WEATHER2","WORKERS_PRES","WORK_ZONE_IND","WORK_ZONE_LOC","WORK_ZONE_TYPE","WZ_CLOSE_DETOUR","WZ_FLAGGER","WZ_LAW_OFFCR_IND","WZ_LN_CLOSURE","WZ_MOVING","WZ_OTHER","WZ_SHLDER_MDN","WZ_WORKERS_INJ_KILLED"
"2019053641","","1","0","0","0","0","0","0","0","0","8","0","","02","5","2019","2","40.521919","-79.842617","","11","0","0","0","0","0","0","0","0","1","0","0","0","","","1","","1","","40 31:18.910","2","0","79 50:33.420","4","0","0","0","2451","1","0","0","N","1","0","0","2","02451","1","","1.0","","1","N","N","","0","","0","0","0","","3","N","","2","1","1","0","0","0","0","2","0","1","","","","N","","","","","","","","","",""
"2019059626","","0","0","0","0","0","0","0","0","0","7","0","","02","6","2019","1","40.420538","-79.878837","","11","0","0","0","0","0","0","0","0","2","0","0","0","","","0","","2","","40 25:13.936","7","0","79 52:43.813","0","0","0","0","2463","0","0","0","N","0","0","0","2","02463","0","","5.0","","1","N","N","","0","","0","0","1","","3","Y","","1","0","0","0","0","0","0","2","0","1","","","","N","","","","","","","","","",""
"2019135572","","1","0","0","0","0","0","0","0","0","6","0","","02","12","2019","3","40.42599","-79.916892","","11","0","0","0","0","0","0","1","0","","0","0","0","","","0","N","2","","40 25:33.564","7","0","79 55:00.811","0","0","0","0","2301","0","0","0","N","0","0","0","3","02301","0","","1.0","1500.0","9","N","N","N","1","","0","0","0","","3","N","","2","0","0","0","0","0","0","2","0","2","","","","N","","","","","","","","","",""
"2019132178","","2","0","0","0","0","0","0","0","0","4","0","","02","12","2019","7","40.591193","-79.947991","","11","0","0","1","0","0","0","0","1","","0","0","0","","","1","","1","","40 35:28.296","2","0","79 56:52.767","3","0","0","0","2207","0","0","0","N","0","0","0","2","02207","0","","1.0","1910.0","1","N","N","N","0","","1","0","0","","2","N","","2","1","0","0","0","0","0","2","0","2","","","","N","","","","","","","","","",""
"2019054746","","1","0","0","0","0","0","0","0","0","8","0","","02","5","2019","4","40.451276","-79.954071","","11","0","0","0","0","0","0","0","0","","0","0","0","","","1","","2","","40 27:04.595","","0","79 57:14.657","8","0","0","0","2301","1","0","0","N","1","0","0","2","02301","0","","1.0","","9","N","N","","0","","0","0","0","","0","N","","2","1","0","0","0","1","0","2","0","1","","","","N","","","","","","","","","",""
"2019118383","","0","0","0","0","0","0","0","0","0","4","0","","02","11","2019","5","40.387775","-80.090599","","11","0","0","0","0","0","1","0","0","","0","0","0","","","2","N","1","","40 23:15.991","3","0","80 05:26.155","8","0","0","0","2437","0","0","0","N","0","0","0","2","02437","0","","1.0","715.0","9","N","N","N","1","","0","0","1","","2","N","","2","2","0","0","0","2","0","2","0","2","","","","N","","","","","","","","","",""
"2019053289","","1","0","0","0","0","0","0","0","0","1","0","","02","5","2019","3","40.381603","-80.058965","","11","0","0","0","0","0","0","0","1","","0","0","0","","","0","","2","","40 22:53.770","","0","80 03:32.273","0","0","0","0","2109","0","0","0","N","0","0","0","2","02109","0","","1.0","","1","N","N","","0","","0","0","1","","0","","","2","0","0","0","0","0","0","2","0","2","","","","N","","","","","","","","","",""
"2019051242","","1","0","0","0","0","0","0","0","0","7","0","","02","5","2019","1","40.323127","-79.820017","","11","0","0","0","0","0","0","0","0","1","0","0","0","","","0","","0","","40 19:23.257","3","0","79 49:12.060","0","0","0","0","2304","0","0","0","Y","0","0","0","1","02304","0","","2.0","","1","N","N","","0","","0","0","0","","0","N","","1","0","0","0","0","0","0","2","0","1","","","","N","","","","","","","","","",""
"2019134760","","1","0","0","0","0","0","0","0","0","5","2","","02","12","2019","7","40.394823","-80.102178","","11","0","0","0","0","0","0","0","0","","0","2","0","","","0","N","0","","40 23:41.361","","0","80 06:07.839","0","0","0","0","2102","0","0","0","N","0","0","0","3","68B03","0","","1.0","","9","N","N","N","0","","0","0","0","","0","","","3","0","0","0","0","0","0","2","0","3","","","","N","","","","","","","","","",""
"2019054009","","2","0","0","0","0","0","0","0","0","1","0","","02","5","2019","7","40.484222","-79.907838","","11","0","0","0","0","0","0","0","0","1","0","0","0","","","1","","2","","40 29:03.199","4","0","79 54:28.216","3","0","0","0","2301","0","0","0","N","0","0","0","2","02301","0","","1.0","","1","N","N","","0","","1","0","0","","2","N","","2","1","0","0","0","0","0","2","0","2","","","","N","","","","","","","","","",""
"2019135196","","2","0","0","0","0","0","0","0","0","5","0","","02","12","2019","4","40.448546","-80.166851","","11","0","0","0","0","0","0","0","0","","0","0","0","","","0","N","0","","40 26:54.766","","0","80 10:00.664","0","0","0","0","2115","0","0","0","N","0","0","0","2","68B03","0","","1.0","","1","N","N","Y","0","","0","0","0","","0","","","2","0","0","0","0","0","0","2","0","2","","","","N","","","","","","","","","",""
"2019134900","","1","0","0","0","0","0","0","0","0","1","0","","02","12","2019","5","40.433787","-79.755801","","11","0","0","0","0","0","1","1","0","","0","0","0","","","0","N","0","","40 26:01.634","","0","79 45:20.883","0","0","0","0","2446","0","0","0","N","0","0","0","3","02446","0","","1.0","","1","N","N","N","1","","0","0","1","","0","N","","3","0","0","0","0","0","0","2","0","3","","","","N","","","","","","","","","",""
"2019051080","","1","0","0","0","0","0","0","0","0","6","0","","02","5","2019","1","40.467666","-79.916436","","11","0","0","1","0","0","0","0","0","","0","0","0","","","0","","3","","40 28:03.597","","0","79 54:59.169","0","0","0","0","2301","0","0","0","N","0","0","0","2","02301","0","","1.0","","1","N","N","","1","","0","0","0","","0","","","2","0","0","0","0","0","0","2","0","2","","","","N","","","","","","","","","",""
"2019117428","","0","0","0","0","0","0","0","0","0","2","0","","02","11","2019","7","40.631114","-79.96627","","11","0","0","0","0","0","1","0","0","","0","0","0","","","3","N","0","","40 37:52.009","6","0","79 57:58.571","3","0","0","0","2217","0","0","0","N","0","0","0","7","02505","1","","1.0","1508.0","1","N","N","N","1","","2","0","0","","0","Y","","2","3","0","0","0","0","2","2","1","2","","03","","N","","","","","","","","","",""
"2019051920","","1","0","0","0","0","0","0","0","0","1","0","","02","5","2019","3","40.450662","-79.905834","","11","0","0","0","0","0","0","0","1","","0","0","0","","","1","","2","","40 27:02.382","","0","79 54:21.003","4","0","0","0","2301","0","0","0","N","0","0","0","4","02301","1","","1.0","","1","N","N","","0","","0","0","1","","0","","","3","1","0","0","0","0","0","2","1","3","","","","N","","","","","","","","","",""
"2019050902","","2","0","0","0","0","0","0","0","0","4","0","","02","5","2019","7","40.452608","-79.924388","","11","0","0","0","0","0","0","0","0","","0","0","0","","","1","","1","","40 27:09.387","","0","79 55:27.797","3","0","0","0","2301","0","0","0","N","0","0","0","2","02301","0","","1.0","","1","N","N","","0","","1","0","0","","3","","","2","1","0","0","0","0","0","2","0","2","","","","N","","","","","","","","","",""
"2019134326","","2","0","0","0","0","0","0","0","0","4","0","","02","12","2019","2","40.368158","-79.872028","","11","0","0","0","0","0","0","0","1","","0","0","0","","","4","N","0","","40 22:05.367","","6","79 52:19.302","2","0","0","0","2473","0","0","0","N","0","0","0","5","02473","0","","1.0","","1","N","N","N","0","","3","1","0","","0","","","2","4","0","0","0","0","0","2","0","2","","03","","N","","","","","","","","","",""
"2019134960","","1","0","0","0","0","0","0","0","0","7","0","","02","12","2019","2","40.310373","-79.827079","","11","0","0","0","0","0","0","0","0","","0","0","0","","","1","N","1","","40 18:37.342","4","0","79 49:37.486","3","0","0","0","2105","0","0","0","N","0","0","0","1","02105","0","","4.0","1236.0","1","N","N","N","0","","1","0","0","","0","Y","","1","1","0","0","0","0","0","2","0","1","","03","","N","","","","","","","","","",""
"2019135181","","0","0","0","0","0","0","0","0","0","1","0","","02","12","2019","2","40.43858","-80.154687","","11","0","0","0","0","0","0","0","0","","0","0","0","","","0","N","6","","40 26:18.887","","2","80 09:16.874","0","0","0","0","2115","0","0","0","N","0","0","0","2","68B03","0","","1.0","","9","N","N","N","0","","0","0","2","","2","","","2","0","0","0","0","0","0","2","0","2","","03","","N","","","","","","","","","",""
"2019134279","","2","0","0","0","0","0","0","0","0","1","0","","02","12","2019","7","40.343566","-79.849425","","11","0","0","0","0","0","0","0","0","","0","0","0","","","0","N","0","","40 20:36.839","","0","79 50:57.931","0","0","0","0","2304","0","0","0","N","0","0","0","1","02304","0","","1.0","","1","N","N","N","0","","0","0","0","","0","","","2","0","0","0","0","0","0","2","0","2","","","","N","","","","","","","","","",""
"2019134498","","1","0","0","0","0","0","0","0","0","1","0","","02","12","2019","4","40.345525","-80.154675","","11","0","0","0","0","0","0","0","1","","0","0","0","","","0","N","2","","40 20:43.891","","0","80 09:16.829","0","0","0","0","2119","0","0","0","N","0","0","0","2","02119","0","","1.0","","7","N","N","N","1","","0","0","0","","3","","","2","0","0","0","0","0","0","2","0","2","","10","","N","","","","","","","","","",""
"2019119243","","2","0","0","0","0","0","0","0","0","1","0","","02","11","2019","4","40.413176","-80.045437","","11","0","0","0","0","0","0","0","0","","0","0","0","","","1","Y","0","","40 24:47.435","1","0","80 02:43.573","8","0","0","0","2435","0","0","0","N","0","0","0","3","02435","0","","1.0","1510.0","1","N","N","N","0","","0","0","0","","0","N","","2","1","0","0","0","1","0","2","0","2","","03","","N","","","","","","","","","",""
"2019051369","","2","0","0","0","0","0","0","0","0","2","0","","02","5","2019","2","40.388066","-79.996556","","11","0","0","0","1","0","0","0","0","","0","0","0","","","0","","0","","40 23:17.036","","0","79 59:47.603","0","0","0","0","2301","0","0","0","N","0","0","0","3","02301","0","","1.0","","1","N","N","","0","","0","0","1","","2","","","3","0","0","0","0","0","0","2","0","3","","","","N","","","","","","","","","",""
"2019040833","","0","0","0","0","0","0","0","0","0","99","0","","02","4","2019","5","40.214841","-79.831598","","11","0","0","0","0","0","0","0","0","2","0","0","0","","","0","","0","","40 12:53.429","4","0","79 49:53.751","0","0","0","0","2105","0","0","0","N","0","0","0","1","02105","0","","1.0","","9","N","N","","0","","0","0","1","","0","N","","1","0","0","0","0","0","0","1","0","1","","","","N","","","","","","","","","",""
"2019072258","","1","0","0","0","0","0","0","0","0","4","0","","02","7","2019","5","40.455847","-79.933218","","11","0","0","0","0","0","1","0","0","","0","0","0","","","0","N","0","","40 27:21.050","","7","79 55:59.583","0","0","0","0","2301","0","0","0","N","0","0","0","2","02301","0","","1.0","","1","N","N","","0","","0","0","1","","2","N","","2","0","0","0","0","0","0","2","0","2","","","","N","","","","","","","","","",""
"2019052571","","1","0","0","0","0","0","0","0","0","4","0","","02","5","2019","3","40.610389","-80.059472","","11","0","0","0","0","1","0","0","0","2","0","0","0","","","1","","0","","40 36:37.400","5","0","80 03:34.100","8","0","0","0","2108","0","0","0","N","0","0","0","1","02108","0","","1.0","","1","N","N","","0","","0","0","1","","8","Y","","2","1","0","0","0","1","0","2","0","2","","","","N","","","","","","","","","",""
"2019134072","","2","0","0","0","0","0","0","0","0","4","0","","02","12","2019","5","40.472327","-79.917239","","11","0","0","0","0","0","1","0","0","","0","0","0","","","1","N","1","","40 28:20.377","","0","79 55:02.060","3","0","0","0","2301","0","0","0","N","0","0","0","2","02301","0","","1.0","","1","N","N","N","0","","1","0","0","","3","","","2","1","0","0","0","0","0","2","0","2","","03","","N","","","","","","","","","",""
"2019112221","","2","0","0","0","0","0","0","0","0","4","0","","02","11","2019","2","40.415711","-79.847601","","11","0","0","0","0","0","0","0","0","1","0","0","0","","","0","","2","","40 24:56.558","3","0","79 50:51.364","0","0","0","0","2431","0","0","0","N","0","0","0","2","02431","0","","1.0","854.0","1","N","N","N","0","","0","0","0","","2","N","","2","0","0","0","0","0","0","2","0","2","","","","N","","","","","","","","","",""
"2019135467","","1","2","0","0","0","0","0","0","0","2","0","","02","12","2019","3","40.466782","-79.832936","","11","0","0","0","0","0","0","1","0","","2","0","0","","","1","N","0","","40 28:00.416","6","0","79 49:58.569","1","0","0","0","2113","0","0","0","N","0","0","0","3","02113","0","2","1.0","1300.0","1","N","N","N","0","0","0","0","1","","0","Y","","2","1","0","0","0","1","0","2","0","2","","03","","N","","","","","","","","","",""
"2019132407","","1","0","0","0","0","0","0","0","0","7","0","","02","12","2019","6","40.596934","-79.98209","","11","0","0","0","0","0","0","0","0","","0","0","0","","","0","","3","","40 35:48.963","3","0","79 58:55.525","0","0","0","0","2207","0","0","0","N","0","0","0","1","02207","0","","4.0","2151.0","9","N","N","N","0","","0","0","0","","3","N","","1","0","0","0","0","0","0","2","0","1","","","","N","","","","","","","","","",""
"2019134587","","1","0","0","0","0","0","0","0","0","4","0","","02","12","2019","6","40.642646","-80.067623","","11","0","0","0","0","0","1","0","0","","0","0","0","","","0","","1","","40 38:33.524","5","0","80 04:03.444","0","0","0","0","2216","0","0","0","N","0","0","0","2","02505","0","","1.0","906.0","1","N","N","N","0","","0","0","1","","2","N","","2","0","0","0","0","0","0","2","0","2","","03","","N","","","","","","","","","",""
"2019135309","","1","0","0","0","0","0","0","0","0","7","0","","02","12","2019","1","40.442044","-80.008821","","11","0","0","0","0","0","0","0","0","","0","0","0","","","0","N","0","","40 26:31.359","","3","80 00:31.754","0","0","0","0","2301","0","0","0","N","0","0","0","2","68B03","0","","2.0","","9","N","N","N","0","","0","0","0","","0","","","1","0","0","0","0","0","0","2","0","1","","","","N","","","","","","","","","",""
"2019134796","","1","0","0","0","0","0","0","0","0","1","0","","02","12","2019","6","40.496029","-79.912977","","11","0","0","0","0","0","0","1","0","3","0","0","0","","","1","","0","","40 29:45.704","1","0","79 54:46.718","3","0","0","0","2112","0","0","0","N","0","0","0","4","68D02","0","","1.0","","1","N","N","","0","","1","0","2","","0","N","","3","1","0","0","0","0","0","2","0","3","","","","N","","","","","","","","","",""
"2019134740","","0","0","0","0","0","0","0","0","0","1","0","","02","12","2019","5","40.358833","-80.112069","","11","0","0","0","0","0","2","0","0","","0","0","0","","","1","","1","","40 21:31.797","","0","80 06:43.448","8","0","0","0","2414","0","0","0","N","0","0","0","3","02414","0","","1.0","","1","N","N","","0","","0","0","1","","2","","","2","1","0","0","0","1","0","2","1","2","","","","N","","","","","","","","","",""
"2019052095","","1","0","0","0","0","0","0","0","0","4","0","","02","5","2019","7","40.424805","-79.979558","","11","0","0","0","0","0","0","0","0","2","0","0","0","","","0","","3","","40 25:29.297","6","0","79 58:46.408","0","0","0","0","2301","0","0","0","N","0","0","0","4","02301","0","","1.0","","1","N","N","","1","","0","0","0","","3","Y","","2","0","0","0","0","0","0","2","0","2","","","","N","","","","","","","","","",""
"2019085642","","2","0","0","0","0","0","0","0","0","4","0","","02","8","2019","6","40.487853","-80.056456","","11","0","0","0","0","0","0","0","0","2","0","0","0","","","0","","2","","40 29:16.272","1","0","80 03:23.243","0","0","0","0","2404","0","0","0","N","0","0","0","3","02404","0","","1.0","","1","N","N","","0","","0","0","0","","0","N","","2","0","0","0","0","0","0","2","0","2","","","","N","","","","","","","","","",""
"2019050826","","2","0","0","0","0","0","0","0","0","4","0","","02","5","2019","7","40.382817","-79.976869","","11","0","1","0","0","0","1","0","0","2","0","0","0","","","1","","2","","40 22:58.141","1","0","79 58:36.728","3","0","0","0","2413","0","0","0","N","0","0","0","2","02301","0","","1.0","","1","N","N","","0","","1","0","0","","3","N","","2","1","0","0","0","0","0","2","0","2","","","","N","","","","","","","","","",""
"2019133608","","1","0","0","0","0","0","0","0","0","4","0","","02","12","2019","1","40.390669","-79.869136","","11","0","0","1","0","0","0","0","0","","0","0","0","","","0","N","2","","40 23:26.410","","0","79 52:08.888","0","0","0","0","2473","0","0","0","N","0","0","0","3","02473","0","","1.0","","1","N","N","N","1","","0","0","0","","2","","","2","0","0","0","0","0","0","2","0","2","","03","","N","","","","","","","","","",""
"2019054771","","1","0","0","0","0","0","0","0","0","1","0","","02","5","2019","5","40.444551","-79.847942","","11","0","0","0","1","0","0","0","0","2","0","0","0","","","2","","0","","40 26:40.384","1","0","79 50:52.591","3","0","0","0","2419","0","0","0","N","0","0","0","6","02419","1","","1.0","","1","N","N","","1","","1","0","1","","2","Y","","3","2","0","0","0","0","0","2","0","3","","","","N","","","","","","","","","",""
"2019135184","","1","0","0","0","0","0","0","0","0","1","0","","02","12","2019","3","40.489943","-80.126454","","11","0","0","0","0","0","0","1","0","","0","0","0","","","1","N","0","","40 29:23.794","","0","80 07:35.235","3","0","0","0","2115","0","0","0","N","0","0","0","2","68B03","0","","1.0","","9","N","N","N","0","","1","0","1","","0","","","2","1","0","0","0","0","0","2","0","2","","","","N","","","","","","","","","",""
"2019055539","","0","0","0","0","0","0","0","0","0","7","0","","02","5","2019","6","40.391972","-79.973278","","11","0","0","0","0","0","0","0","1","3","0","0","0","","","1","","0","","40 23:31.100","6","7","79 58:23.800","3","0","0","0","2403","0","0","0","N","0","0","0","1","02403","0","","5.0","","1","N","N","","0","","1","0","1","","0","Y","","1","1","0","0","0","0","0","2","0","1","","","","N","","","","","","","","","",""
"2019135425","","1","0","0","0","0","0","0","0","0","4","0","","02","12","2019","6","40.552109","-80.023334","","11","0","0","0","0","0","0","0","1","","0","0","0","","","0","","1","","40 33:07.592","3","0","80 01:24.002","0","0","0","0","2116","0","0","0","N","0","0","0","2","02116","0","","1.0","1440.0","9","N","N","N","0","","0","0","1","","2","N","","2","0","0","0","0","0","0","2","0","2","","","","N","","","","","","","","","",""
"2019051216","","2","0","0","0","0","0","0","0","0","6","0","","02","5","2019","1","40.402012","-80.05377","","11","0","0","1","0","0","1","0","0","","0","0","0","","","0","","0","","40 24:07.243","","0","80 03:13.572","0","0","0","0","2117","0","0","0","N","0","0","0","4","02117","0","","1.0","","1","N","N","","0","","0","0","0","","0","","","2","0","0","0","0","0","0","2","0","2","","","","N","","","","","","","","","",""
"2019135203","","1","0","0","0","0","0","0","0","0","1","0","","02","12","2019","5","40.411878","-80.067838","","11","0","0","0","0","0","0","1","0","","0","0","0","","","0","N","0","","40 24:42.760","3","0","80 04:04.215","0","0","0","0","2117","0","0","0","N","0","0","0","3","68B03","0","","1.0","1500.0","1","N","N","N","0","","0","0","1","","0","N","","2","0","0","0","0","0","0","2","0","2","","03","","N","","","","","","","","","",""
"2019053773","","0","0","0","0","0","0","0","0","0","7","0","","02","5","2019","2","40.426929","-79.885199","","11","0","0","0","0","0","0","0","0","1","0","0","0","","","0","","2","","40 25:36.944","2","0","79 53:06.716","0","0","0","0","2426","0","0","0","N","0","0","0","1","02426","0","","2.0","","1","N","N","","0","","0","0","0","","3","N","","1","0","0","0","0","0","0","2","1","1","","","","N","","","","","","","","","",""
"2019134671","","1","0","0","0","0","0","0","0","0","4","0","","02","12","2019","1","40.422755","-79.971168","","11","0","0","0","0","0","0","0","0","","0","0","0","","","0","N","0","","40 25:21.917","","0","79 58:16.206","9","0","0","0","2301","0","0","0","N","0","0","0","1","02301","0","","4.0","","9","N","N","N","0","","0","0","0","","0","","","2","0","0","0","0","0","1","2","0","2","","04","","N","","","","","","","","","",""
"2019119096","","1","0","0","0","0","0","0","0","0","1","0","","02","11","2019","4","40.333359","-79.934727","","11","0","0","0","0","0","0","0","1","","0","0","0","","","0","N","0","","40 20:00.094","2","0","79 56:05.016","0","0","0","0","2473","0","0","0","N","0","0","0","5","02473","0","","1.0","1747.0","1","N","N","N","0","","0","0","0","","0","N","","2","0","0","0","0","0","0","2","1","2","","03","","N","","","","","","","","","",""
"2019099981","","1","0","0","0","0","0","0","0","0","1","0","","02","10","2019","6","40.469923","-79.754936","","11","0","0","0","0","0","1","0","0","","0","0","0","","","1","","0","","40 28:11.724","","0","79 45:17.770","8","0","0","0","2466","0","0","0","N","0","0","0","2","02466","0","","1.0","","1","N","N","","0","","0","0","1","","0","","","2","1","0","0","0","1","0","2","0","2","","","","N","","","","","","","","","",""
"2019053974","","1","0","0","0","0","0","0","0","0","7","0","","02","5","2019","1","40.544339","-80.014823","","11","0","0","0","0","0","0","0","0","1","0","0","0","","","0","","0","","40 32:39.619","1","0","80 00:53.364","0","0","0","0","2116","0","0","0","N","0","0","0","2","02116","0","","5.0","","1","N","N","","0","","0","0","0","","0","N","","1","0","0","0","0","0","0","2","0","1","","","","N","","","","","","","","","",""
"2019134963","","2","0","0","0","0","0","0","0","0","1","0","","02","12","2019","2","40.462341","-79.857979","","11","0","0","0","1","0","1","0","0","","0","0","0","","","1","N","0","","40 27:44.427","","0","79 51:28.723","4","0","0","0","2113","0","0","0","N","0","0","0","3","02113","1","","1.0","","1","N","N","N","0","","0","0","0","","0","","","2","1","0","0","0","0","0","2","0","2","","03","","N","","","","","","","","","",""
"2019135152","","0","0","0","0","0","0","0","0","0","4","1","","02","12","2019","2","40.397127","-80.103642","","11","0","0","0","0","0","0","0","0","","0","1","0","","","0","N","0","","40 23:49.658","","0","80 06:13.112","0","0","0","0","2102","0","0","0","N","0","0","0","2","68B03","0","","1.0","","9","N","N","N","1","","0","0","0","","0","","","2","0","0","0","0","0","0","2","0","2","","","","N","","","","","","","","","",""
"2019124767","","1","0","0","0","0","0","0","0","0","4","0","","02","12","2019","5","40.438334","-79.842884","","11","0","0","0","0","0","1","0","0","","0","0","0","","","0","","2","","40 26:18.004","2","0","79 50:34.384","0","0","0","0","2419","0","0","0","N","0","0","0","4","02419","0","","1.0","904.0","1","N","N","N","0","","0","0","1","","3","Y","","2","0","0","0","0","0","0","2","0","2","","","","N","","","","","","","","","",""
"2019051255","","1","0","0","0","0","0","0","0","0","2","0","","02","5","2019","1","40.455225","-79.885444","","11","0","0","0","0","0","0","0","0","3","0","0","0","","","2","","1","","40 27:18.809","5","0","79 53:07.598","2","0","2","1","2301","0","0","0","N","0","0","0","3","02301","0","","1.0","","1","N","N","","0","","0","2","0","","0","Y","","2","2","0","0","0","0","0","2","0","2","","","","N","","","","","","","","","",""
"2019135429","","1","0","0","0","0","0","0","0","0","4","0","","02","12","2019","7","40.513111","-79.99883","","11","0","0","0","0","0","1","0","1","","0","0","0","","","1","N","0","","40 30:47.200","","7","79 59:55.788","8","0","0","0","2116","0","0","0","N","0","0","0","2","02116","0","","1.0","","1","N","N","N","0","","0","0","1","","0","","","2","1","0","0","0","1","0","2","0","2","","","","N","","","","","","","","","",""
"2019134143","","2","0","0","0","0","0","0","0","0","4","0","","02","12","2019","6","40.463977","-79.966291","","11","0","0","0","0","0","0","0","0","","0","0","0","","","0","N","2","","40 27:50.318","3","0","79 57:58.649","0","0","0","0","2301","0","0","0","N","0","0","0","2","02301","0","","1.0","1800.0","1","N","N","N","0","","0","0","0","","0","N","","2","0","0","0","0","0","0","2","0","2","","03","","N","","","","","","","","","",""
"2019051348","","0","0","0","0","0","0","0","0","0","7","0","","02","5","2019","2","40.403417","-80.0305","","11","0","0","1","0","0","0","0","0","2","0","0","0","","","0","","0","","40 24:12.300","1","0","80 01:49.800","0","0","0","0","2301","0","0","0","N","0","0","0","1","02301","0","","1.0","","1","N","N","","0","","0","0","1","","0","N","","1","0","0","0","0","0","0","2","0","1","","","","N","","","","","","","","","",""
"2019056007","","0","0","0","0","0","0","0","0","0","7","0","","02","5","2019","7","40.502836","-79.860826","","11","0","0","0","0","0","0","0","0","1","0","0","0","","","0","","0","","40 30:10.209","1","0","79 51:38.973","0","0","0","0","2112","0","0","0","Y","0","0","0","1","68D02","0","","3.0","","9","N","N","","0","","0","0","1","","0","N","","1","0","0","0","0","0","0","2","0","1","","","","N","","","","","","","","","",""
"2019134270","","1","0","0","0","0","0","0","0","0","4","0","","02","12","2019","6","40.380715","-79.999733","","11","0","0","0","0","0","0","0","0","","0","0","0","","","0","","2","","40 22:50.574","5","0","79 59:59.040","0","0","0","0","2301","0","0","0","N","0","0","0","2","02301","0","","1.0","2030.0","1","N","N","N","0","","0","0","1","","0","Y","","2","0","0","0","0","0","0","2","0","2","","04","","N","","","","","","","","","",""
"2019133390","","2","0","0","0","0","0","0","0","0","2","0","","02","12","2019","3","40.428708","-79.988168","","11","0","0","0","0","0","0","1","0","","0","1","0","","","0","N","1","","40 25:43.347","","0","79 59:17.405","0","0","0","0","2301","0","0","0","N","0","0","0","3","02301","0","","1.0","","1","N","N","N","0","","0","0","0","","2","N","","3","0","0","0","0","0","0","2","0","3","","03","","N","","","","","","","","","",""
"2019135460","","2","0","0","0","0","0","0","0","0","2","0","","02","12","2019","4","40.373655","-79.844859","","11","0","0","0","0","0","1","0","0","","0","0","0","","","0","N","1","","40 22:25.157","2","0","79 50:41.491","0","0","0","0","2303","0","0","0","N","0","0","0","3","02303","0","","1.0","1050.0","1","N","N","N","0","","0","0","0","","7","N","","2","0","0","0","0","0","0","2","0","2","","03","","N","","","","","","","","","",""
"2019051585","","0","0","0","0","0","0","0","0","0","99","0","","02","5","2019","7","40.669771","-80.099373","","11","0","0","0","0","0","0","1","0","","0","0","0","","","0","","0","","40 40:11.176","","0","80 05:57.741","0","0","0","0","2212","0","0","0","N","0","0","0","1","68T02","0","","1.0","","1","N","N","","0","","0","0","1","","0","","","1","0","0","0","0","0","0","2","0","1","","","","N","","","","","","","","","",""
"2019133942","","1","0","0","0","0","0","0","0","0","4","0","","02","12","2019","3","40.287324","-80.024351","","11","0","0","0","0","0","1","0","0","","0","0","0","","","0","N","0","","40 17:14.367","1","0","80 01:27.662","0","0","0","0","2219","0","0","0","N","0","0","0","2","02219","0","","1.0","1539.0","1","N","N","N","1","","0","0","0","","0","N","","2","0","0","0","0","0","0","2","0","2","","03","","N","","","","","","","","","",""