"CRN","ARRIVAL_TM","AUTOMOBILE_COUNT","BELTED_DEATH_COUNT","BELTED_SUSP_SERIOUS_INJ_COUNT","BICYCLE_COUNT","BICYCLE_DEATH_COUNT","BICYCLE_SUSP_SERIOUS_INJ_COUNT","BUS_COUNT","CHLDPAS_DEATH_COUNT","CHLDPAS_SUSP_SERIOUS_INJ_COUNT","COLLISION_TYPE","COMM_VEH_COUNT","CONS_ZONE_SPD_LIM","COUNTY","CRASH_MONTH","CRASH_YEAR","DAY_OF_WEEK","DEC_LATITUDE","DEC_LONGITUDE","DISPATCH_TM","DISTRICT","DRIVER_COUNT_16YR","DRIVER_COUNT_17YR","DRIVER_COUNT_18YR","DRIVER_COUNT_19YR","DRIVER_COUNT_20YR","DRIVER_COUNT_50_64YR","DRIVER_COUNT_65_74YR","DRIVER_COUNT_75PLUS","EST_HRS_CLOSED","FATAL_COUNT","HEAVY_TRUCK_COUNT","HORSE_BUGGY_COUNT","HOUR_OF_DAY","ILLUMINATION","INJURY_COUNT","INTERSECTION_RELATED","INTERSECT_TYPE","LANE_CLOSED","LATITUDE","LN_CLOSE_DIR","LOCATION_TYPE","LONGITUDE","MAX_SEVERITY_LEVEL","MCYCLE_DEATH_COUNT","MCYCLE_SUSP_SERIOUS_INJ_COUNT","MOTORCYCLE_COUNT","MUNICIPALITY","NONMOTR_COUNT","NONMOTR_DEATH_COUNT","NONMOTR_SUSP_SERIOUS_INJ_COUNT","NTFY_HIWY_MAINT","PED_COUNT","PED_DEATH_COUNT","PED_SUSP_SERIOUS_INJ_COUNT","PERSON_COUNT","POLICE_AGCY","POSSIBLE_INJ_COUNT","RDWY_SURF_TYPE_CD","RELATION_TO_ROAD","ROADWAY_CLEARED","ROAD_CONDITION","SCH_BUS_IND","SCH_ZONE_IND","SECONDARY_CRASH","SMALL_TRUCK_COUNT","SPEC_JURIS_CD","SUSP_MINOR_INJ_COUNT","SUSP_SERIOUS_INJ_COUNT","SUV_COUNT","TCD_FUNC_CD","TCD_TYPE","TFC_DETOUR_IND","TIME_OF_DAY","TOTAL_UNITS","TOT_INJ_COUNT","UNBELTED_OCC_COUNT","UNB_DEATH_COUNT","UNB_SUSP_SERIOUS_INJ_COUNT","UNK_INJ_DEG_COUNT","UNK_INJ_PER_COUNT","URBAN_RURAL","VAN_COUNT","VEHICLE_COUNT","WEATHER1","WEATHER2","WORKERS_PRES","WORK_ZONE_IND","WORK_ZONE_LOC","WORK_ZONE_TYPE","WZ_CLOSE_DETOUR","WZ_FLAGGER","WZ_LAW_OFFCR_IND","WZ_LN_CLOSURE","WZ_MOVING","WZ_OTHER","WZ_SHLDER_MDN","WZ_WORKERS_INJ_KILLED"
"2019134989","","1","0","0","0","0","0","0","0","0","1","0","","02","12","2019","6","40.535591","-80.050949","","11","0","0","0","1","0","0","0","0","","0","0","0","","","0","Y","0","","40 32:08.128","4","0","80 03:03.415","0","0","0","0","2116","0","0","0","N","0","0","0","4","02116","0","","1.0","1835.0","1","N","N","N","1","","0","0","1","","0","N","","3","0","0","0","0","0","0","2","0","3","","03","","N","","","","","","","","","",""
"2019109189","","0","0","0","0","0","0","0","0","0","1","1","","02","10","2019","6","40.556609","-79.771358","","11","0","0","0","0","0","0","1","0","","0","1","0","","","0","","0","","40 33:23.792","","7","79 46:16.888","0","0","0","0","2121","0","0","0","N","0","0","0","3","00000","0","","1.0","","1","N","N","","1","","0","0","1","","0","N","","3","0","0","0","0","0","0","1","0","3","","","","N","","","","","","","","","",""
"2019057376","","1","0","0","0","0","0","0","0","0","7","0","","02","6","2019","7","40.456229","-79.994951","","11","0","0","0","0","0","0","0","0","1","0","0","0","","","0","","1","","40 27:22.425","1","0","79 59:41.823","0","0","0","0","2301","0","0","0","N","0","0","0","2","02301","0","","5.0","","9","N","N","","0","","0","0","0","","9","N","","1","0","0","0","0","0","0","2","0","1","","","","N","","","","","","","","","",""
"2019052843","","1","0","0","0","0","0","0","0","0","5","0","","02","5","2019","1","40.343306","-80.052333","","11","0","0","0","0","0","0","2","0","1","0","0","0","","","0","N","0","","40 20:35.900","4","7","80 03:08.400","0","0","0","0","2407","0","0","0","N","0","0","0","2","02407","0","","1.0","","1","N","N","","0","","0","0","1","","0","N","","2","0","0","0","0","0","0","2","0","2","","","","N","","","","","","","","","",""
"2019135082","","1","0","0","0","0","0","0","0","0","7","0","","02","10","2019","5","40.427444","-79.952886","","11","0","0","0","0","0","0","0","0","2","0","0","0","","","1","","0","","40 25:38.798","4","0","79 57:10.388","8","0","0","0","2301","0","0","0","N","0","0","0","1","68B03","0","","4.0","","9","N","N","","0","","0","0","0","","0","N","","1","1","0","0","0","1","0","2","0","1","","","","N","","","","","","","","","",""
"2019042461","","0","0","0","0","0","0","0","0","0","4","0","","02","4","2019","3","40.34913","-80.049924","","11","0","0","0","0","0","1","0","0","3","0","0","0","","","4","","1","","40 20:56.868","6","0","80 02:59.726","4","0","0","0","2407","0","0","0","N","0","0","0","4","02407","4","","1.0","","1","N","N","","0","","0","0","2","","2","N","","2","4","0","0","0","0","0","2","0","2","","","","N","","","","","","","","","",""
"2019086336","","2","0","0","0","0","0","0","0","0","1","0","","02","5","2019","3","40.420392","-80.04943","","11","0","0","0","0","0","0","0","0","1","0","0","0","","","0","","0","","40 25:13.410","3","0","80 02:57.948","0","0","0","0","2435","0","0","0","N","0","0","0","3","68B03","0","","1.0","","1","N","N","","0","","0","0","0","","0","N","","2","0","0","0","0","0","0","2","0","2","","","","N","","","","","","","","","",""
"2019051223","","1","0","0","0","0","0","0","0","0","1","0","","02","5","2019","1","40.44742","-80.061555","","11","0","0","0","0","0","1","1","0","","0","0","0","","","1","","0","","40 26:50.712","","0","80 03:41.598","3","0","0","0","2439","0","0","0","N","0","0","0","2","02439","0","","1.0","","1","N","N","","0","","1","0","1","","0","","","2","1","0","0","0","0","0","2","0","2","","","","N","","","","","","","","","",""
"2019050974","","0","0","0","0","0","0","0","0","0","6","0","","02","5","2019","7","40.407","-80.027389","","11","0","0","0","0","0","1","0","0","","0","0","0","","","0","","0","","40 24:25.200","","0","80 01:38.600","0","0","0","0","2301","0","0","0","N","0","0","0","5","02301","0","","1.0","","1","N","N","","1","","0","0","1","","0","","","2","0","0","0","0","0","0","2","0","2","","","","N","","","","","","","","","",""
"2019131723","","2","0","0","0","0","0","0","0","0","1","0","","02","12","2019","6","40.524152","-79.906002","","11","0","1","0","0","0","1","0","0","","0","0","0","","","0","","3","","40 31:26.946","","0","79 54:21.608","0","0","0","0","2432","0","0","0","N","0","0","0","2","02432","0","","1.0","","9","N","N","N","0","","0","0","0","","0","","","2","0","0","0","0","0","0","2","0","2","","","","N","","","","","","","","","",""
"2019052838","","1","0","0","0","0","0","0","0","0","4","0","","02","5","2019","4","40.450801","-80.251115","","11","0","0","0","0","0","1","0","0","1","0","0","0","","","0","","1","","40 27:02.883","5","0","80 15:04.014","0","0","0","0","2203","0","0","0","N","0","0","0","4","02203","0","","1.0","","1","N","N","","1","","0","0","0","","3","Y","","2","0","0","0","0","0","0","2","0","2","","","","N","","","","","","","","","",""
"2019051124","","1","0","0","0","0","0","0","0","0","2","0","","02","5","2019","1","40.426716","-79.976435","","11","0","0","0","0","0","0","0","0","","0","0","0","","","1","","1","","40 25:36.177","","0","79 58:35.166","4","0","0","0","2301","0","0","0","N","0","0","0","7","02301","1","","1.0","","1","N","N","","0","","0","0","0","","3","","","2","1","0","0","0","0","0","2","1","2","","","","N","","","","","","","","","",""
"2019115946","","1","0","0","0","0","0","0","0","0","7","0","","02","11","2019","3","40.648504","-80.110934","","11","0","0","0","0","0","0","0","0","","0","0","0","","","0","","3","","40 38:54.616","1","0","80 06:39.363","0","0","0","0","2212","0","0","0","N","0","0","0","2","02505","0","","5.0","1537.0","9","N","N","N","0","","0","0","0","","3","N","","1","0","0","0","0","0","0","2","0","1","","","","N","","","","","","","","","",""
"2019117542","","2","0","0","0","0","0","0","0","0","4","0","","02","11","2019","1","40.572019","-80.016386","","11","0","1","0","0","0","0","0","0","","0","0","0","","","1","","1","","40 34:19.267","5","0","80 00:58.989","3","0","0","0","2108","0","0","0","N","0","0","0","4","02108","0","","1.0","45.0","1","N","N","N","1","","1","0","0","","0","Y","","3","1","0","0","0","0","0","2","0","3","","03","","N","","","","","","","","","",""
"2019039686","","2","0","0","0","0","0","0","0","0","4","0","","02","4","2019","2","40.450559","-79.983281","","11","0","0","0","0","1","0","0","0","","0","0","0","","","0","","2","","40 27:02.012","","0","79 58:59.811","0","0","0","0","2301","0","0","0","N","0","0","0","2","02301","0","","1.0","","1","N","N","","0","","0","0","0","","0","","","2","0","0","0","0","0","0","2","0","2","","","","N","","","","","","","","","",""
"2019040752","","0","0","0","0","0","0","0","0","0","7","0","","02","4","2019","1","40.625617","-79.8593","","11","0","0","0","0","0","0","0","0","1","0","0","0","","","0","","0","","40 37:32.221","5","0","79 51:33.481","9","0","0","0","2220","0","0","0","N","0","0","0","1","02220","0","","2.0","","9","N","N","","0","","0","0","1","","0","N","","1","0","0","0","0","0","1","2","0","1","","","","N","","","","","","","","","",""
"2019050971","","1","0","0","0","0","0","0","0","0","7","0","","02","5","2019","2","40.464667","-79.951972","","11","0","0","0","0","0","0","0","0","","0","0","0","","","0","","0","","40 27:52.800","","0","79 57:07.100","0","0","0","0","2301","0","0","0","N","0","0","0","1","02301","0","","1.0","","1","N","N","","0","","0","0","0","","0","","","1","0","0","0","0","0","0","2","0","1","","","","N","","","","","","","","","",""
"2019114668","","0","0","0","0","0","0","0","0","0","7","0","","02","11","2019","7","40.426728","-79.726253","","11","0","0","0","0","0","0","0","0","","0","0","0","","","1","N","0","","40 25:36.221","6","0","79 43:34.512","8","0","0","0","2446","0","0","0","N","0","0","0","1","02446","0","","5.0","700.0","1","N","N","N","0","","0","0","1","","0","Y","","1","1","0","0","0","1","0","2","0","1","","","","N","","","","","","","","","",""
"2019039434","","1","0","0","0","0","0","0","0","0","7","0","","02","4","2019","1","40.473737","-80.028831","","11","0","0","0","0","0","0","0","0","1","0","0","0","","","1","","2","","40 28:25.453","1","0","80 01:43.791","8","0","0","0","2301","0","0","0","N","0","0","0","2","02301","0","","2.0","","9","N","N","","0","","0","0","0","","0","N","","1","1","0","0","0","1","0","2","0","1","","","","N","","","","","","","","","",""
"2019058460","","0","0","0","0","0","0","0","0","0","7","0","","02","6","2019","1","40.602973","-79.831747","","11","0","1","0","0","0","0","0","0","","0","0","0","","","2","","0","","40 36:10.703","","7","79 49:54.289","3","0","0","0","2220","0","0","0","N","0","0","0","3","02220","1","","2.0","","1","N","N","","0","","1","0","2","","0","N","","2","2","0","0","0","0","0","2","0","2","","","","N","","","","","","","","","",""
"2019040837","","2","0","0","0","0","0","0","0","0","1","0","","02","4","2019","5","40.471997","-79.787703","","11","0","0","0","0","0","0","0","0","1","0","0","0","","","0","","2","","40 28:19.189","4","0","79 47:15.729","0","0","0","0","2113","0","0","0","N","0","0","0","2","02113","0","","1.0","","1","N","N","","0","","0","0","0","","0","N","","2","0","0","0","0","0","0","2","0","2","","","","N","","","","","","","","","",""
"2019129177","","2","0","0","0","0","0","0","0","0","4","0","","02","12","2019","1","40.425142","-79.990415","","11","0","0","0","0","0","0","0","0","","0","0","0","","","0","N","0","","40 25:30.512","","0","79 59:25.495","0","0","0","0","2301","0","0","0","N","0","0","0","2","02301","0","","4.0","","1","N","N","N","0","","0","0","0","","0","","","2","0","0","0","0","0","0","2","0","2","","03","","N","","","","","","","","","",""
"2019098801","","2","0","0","0","0","0","0","0","0","4","0","","02","10","2019","4","40.456922","-79.894133","","11","0","0","0","0","0","1","0","0","","0","0","0","","","1","","1","","40 27:24.919","4","0","79 53:38.878","8","0","0","0","2301","0","0","0","N","0","0","0","6","02301","0","","1.0","940.0","1","N","N","N","0","","0","0","0","","3","N","","2","1","1","0","0","1","0","2","0","2","","","","N","","","","","","","","","",""
"2019130864","","2","0","0","0","0","0","0","0","0","4","0","","02","12","2019","5","40.436047","-79.999044","","11","0","0","0","0","0","0","0","0","","0","0","0","","","0","N","1","","40 26:09.768","3","0","79 59:56.558","0","0","0","0","2301","0","0","0","N","0","0","0","2","02301","0","","1.0","846.0","2","N","N","N","0","","0","0","0","","2","N","","2","0","0","0","0","0","0","2","0","2","","03","","N","","","","","","","","","",""
"2019129709","","0","0","0","0","0","0","0","0","0","4","0","","02","12","2019","3","40.468198","-79.791221","","11","0","0","0","0","0","0","1","0","","0","0","0","","","0","","1","","40 28:05.511","","0","79 47:28.394","0","0","0","0","2113","0","0","0","N","0","0","0","2","02113","0","","1.0","","9","N","N","N","1","","0","0","1","","3","","","2","0","0","0","0","0","0","2","0","2","","07","","N","","","","","","","","","",""
"2019128142","","1","0","0","0","0","0","0","0","0","6","1","","02","12","2019","6","40.465193","-80.053754","","11","0","0","0","0","0","0","0","0","","0","1","0","","","0","","2","","40 27:54.694","6","0","80 03:13.514","0","0","0","0","2444","0","0","0","N","0","0","0","2","02444","0","","1.0","1001.0","1","N","N","N","0","","0","0","0","","2","N","","2","0","0","0","0","0","0","2","0","2","","03","","N","","","","","","","","","",""
"2019039042","","0","0","0","0","0","0","0","0","0","0","0","","02","4","2019","7","40.426841","-80.021944","","11","0","0","0","0","0","0","0","0","","0","0","0","","","1","","0","","40 25:36.626","","0","80 01:18.997","3","0","0","1","2301","0","0","0","N","0","0","0","1","02301","0","","1.0","","1","N","N","","0","","1","0","0","","0","","","1","1","0","0","0","0","0","2","0","1","","","","N","","","","","","","","","",""
"2019040271","","1","0","0","0","0","0","0","0","0","4","0","","02","4","2019","4","40.476941","-79.908001","","11","0","0","0","0","0","0","0","0","2","0","0","0","","","0","","0","","40 28:36.988","3","0","79 54:28.803","0","0","0","0","2301","0","0","0","N","0","0","0","2","02301","0","","1.0","","1","N","N","","0","","0","0","1","","0","Y","","2","0","0","0","0","0","0","2","0","2","","","","N","","","","","","","","","",""
"2019040766","","1","0","0","0","0","0","0","0","0","4","0","","02","4","2019","3","40.362035","-80.011224","","11","0","0","0","0","0","1","0","0","1","0","0","0","","","0","","1","","40 21:43.327","6","0","80 00:40.407","0","0","0","0","2416","0","0","0","N","0","0","0","2","02416","0","","1.0","","1","N","N","","0","","0","0","1","","8","Y","","2","0","0","0","0","0","0","2","0","2","","","","N","","","","","","","","","",""
"2019039172","","2","0","0","0","0","0","0","0","0","6","0","","02","4","2019","7","40.481972","-79.940278","","11","0","0","0","0","0","0","0","1","1","0","0","0","","","0","","0","","40 28:55.100","7","0","79 56:25.000","0","0","0","0","2301","0","0","0","N","0","0","0","3","02301","0","","1.0","","1","N","Y","","0","","0","0","0","","0","N","","2","0","0","0","0","0","0","2","0","2","","","","N","","","","","","","","","",""
"2019054392","","1","0","0","0","0","0","0","0","0","5","0","","02","5","2019","4","40.448889","-79.962778","","11","0","0","0","0","0","0","0","0","","0","0","0","","","0","","0","","40 26:56.000","","0","79 57:46.000","9","0","0","0","2301","0","0","0","N","0","0","0","1","02301","0","","1.0","","9","N","N","","0","","0","0","2","","0","","","3","0","0","0","0","0","1","2","0","3","","","","N","","","","","","","","","",""
"2019051143","","0","0","0","0","0","0","0","0","0","1","0","","02","4","2019","4","40.507905","-80.044053","","11","0","0","0","0","0","0","0","0","","0","0","0","","","0","","0","","40 30:28.457","","0","80 02:38.592","0","0","0","0","2116","0","0","0","N","0","0","0","2","68B03","0","","1.0","","1","N","N","","0","","0","0","2","","0","","","2","0","0","0","0","0","0","2","0","2","","","","N","","","","","","","","","",""
"2019046241","","2","0","0","0","0","0","0","0","0","4","0","","02","4","2019","2","40.438357","-79.772274","","11","0","0","0","0","0","0","0","0","2","0","0","0","","","0","","0","","40 26:18.084","3","7","79 46:20.186","0","0","0","0","2446","0","0","0","N","0","0","0","3","02446","0","","1.0","","1","N","N","","0","","0","0","0","","0","N","","2","0","0","0","0","0","0","2","0","2","","","","N","","","","","","","","","",""
"2019042034","","0","0","0","0","0","0","0","0","0","8","0","","02","4","2019","4","40.467056","-79.891944","","11","0","0","0","0","0","0","0","0","","0","0","0","","","1","","0","","40 28:01.400","","0","79 53:31.000","8","0","0","0","2301","1","0","0","N","1","0","0","2","02301","0","","1.0","","1","N","N","","0","","0","0","0","","0","","","2","1","0","0","0","1","1","2","1","1","","","","N","","","","","","","","","",""
"2019039675","","0","0","0","0","0","0","0","0","0","4","0","","02","4","2019","2","40.613871","-79.948702","","11","0","0","0","0","0","0","0","0","1","0","0","0","","","0","","1","","40 36:49.937","4","0","79 56:55.326","0","0","0","0","2207","0","0","0","N","0","0","0","5","02207","0","","1.0","","9","N","N","","0","","0","0","2","","3","N","","2","0","0","0","0","0","0","2","0","2","","","","N","","","","","","","","","",""
"2019040112","","0","0","0","0","0","0","0","0","0","0","0","","02","4","2019","3","40.33651","-79.853146","","11","0","0","0","0","0","0","0","0","1","0","0","0","","","1","","0","","40 20:11.437","2","0","79 51:11.326","2","0","0","0","2304","0","0","0","N","0","0","0","1","02304","0","","5.0","","1","N","N","","1","","0","1","0","","0","N","","1","1","1","0","1","0","0","2","0","1","","","","N","","","","","","","","","",""
"2019109172","","1","0","0","0","0","0","0","0","0","0","0","","02","10","2019","4","40.350961","-80.096746","","11","0","0","0","0","0","1","0","0","2","0","0","0","","","0","","0","","40 21:03.458","6","0","80 05:48.286","0","0","0","0","2123","0","0","0","N","0","0","0","1","02123","0","","1.0","","1","N","N","","0","","0","0","0","","0","N","","1","0","1","0","0","0","0","2","0","1","","","","N","","","","","","","","","",""
"2019121022","","2","0","0","0","0","0","0","0","0","1","0","","02","9","2019","6","40.428579","-79.935273","","11","0","0","0","0","0","0","0","0","","0","0","0","","","0","N","0","","40 25:42.886","3","0","79 56:06.981","0","0","0","0","2301","0","0","0","N","0","0","0","4","68B03","0","","1.0","2146.0","1","N","N","N","0","","0","0","1","","0","N","","3","0","0","0","0","0","0","2","0","3","","","","N","","","","","","","","","",""
"2019065098","","1","0","0","0","0","0","0","0","0","4","0","","02","6","2019","4","40.353947","-79.914901","","11","0","0","0","0","0","1","1","0","1","0","0","0","","","1","","2","","40 21:14.208","1","0","79 54:53.644","4","0","0","0","2473","0","0","0","Y","0","0","0","2","02473","1","","1.0","","1","N","N","","0","","0","0","1","","2","Y","","2","1","0","0","0","0","0","2","0","2","","","","N","","","","","","","","","",""
"2019054869","","1","0","0","0","0","0","0","0","0","7","0","","02","5","2019","4","40.591056","-80.023194","","11","0","0","0","0","0","0","0","0","1","0","0","0","","","0","","0","","40 35:27.800","4","0","80 01:23.500","0","0","0","0","2108","0","0","0","N","0","0","0","1","02108","0","","5.0","","9","N","N","","0","","0","0","0","","0","N","","1","0","0","0","0","0","0","2","0","1","","","","N","","","","","","","","","",""
"2019040202","","0","0","0","0","0","0","0","0","0","6","0","","02","4","2019","3","40.27602","-79.879018","","11","0","0","0","0","0","0","1","0","2","0","0","0","","","1","","0","","40 16:33.672","6","0","79 52:44.465","8","0","0","0","2105","0","0","0","N","0","0","0","2","02105","0","","1.0","","1","N","N","","1","","0","0","1","","0","Y","","2","1","0","0","0","1","0","2","0","2","","","","N","","","","","","","","","",""
"2019070789","","0","0","0","0","0","0","0","0","0","7","0","","02","4","2019","1","40.442251","-79.806705","","11","0","0","0","0","0","0","0","0","1","0","0","0","","","1","","0","","40 26:32.103","4","0","79 48:24.138","3","0","0","0","2113","0","0","0","N","0","0","0","1","68B03","0","","4.0","","9","N","N","","0","","1","0","0","","0","N","","1","1","1","0","0","0","0","2","1","1","","","","N","","","","","","","","","",""
"2019039341","","1","0","0","0","0","0","0","0","0","0","0","","02","4","2019","1","40.440423","-79.950148","","11","0","0","0","0","0","0","0","0","2","0","0","0","","","0","","2","","40 26:25.524","2","0","79 57:00.534","0","0","0","0","2301","0","0","0","N","0","0","0","2","02301","0","","1.0","","9","N","N","","0","","0","0","0","","3","N","","1","0","0","0","0","0","0","2","0","1","","","","N","","","","","","","","","",""
"2019120153","","1","0","0","0","0","0","0","0","0","7","1","","02","11","2019","6","40.501699","-80.003008","","11","0","0","0","0","0","1","0","0","","0","1","0","","","1","N","0","","40 30:06.118","","7","80 00:10.829","3","0","0","0","2116","0","0","0","N","0","0","0","1","02116","0","","5.0","","9","N","N","N","0","","1","0","0","","0","","","2","1","1","0","0","0","0","2","0","2","","","","N","","","","","","","","","",""
"2019039131","","1","0","0","0","0","0","0","0","0","5","0","","02","4","2019","7","40.458614","-79.97306","","11","0","0","0","0","0","1","0","0","1","0","0","0","","","0","","0","","40 27:31.009","4","0","79 58:23.015","0","0","0","0","2301","0","0","0","N","0","0","0","3","02301","0","","1.0","","1","N","N","","0","","0","0","1","","0","N","","2","0","0","0","0","0","0","2","0","2","","","","N","","","","","","","","","",""
"2019039561","","2","0","0","0","0","0","0","0","0","1","0","","02","4","2019","1","40.478426","-80.042625","","11","0","0","0","0","0","0","0","0","1","0","0","0","","","1","","0","","40 28:42.334","1","0","80 02:33.451","8","0","0","0","2301","0","0","0","N","0","0","0","4","02301","0","","1.0","","9","N","N","","0","","0","0","1","","2","Y","","3","1","0","0","0","1","0","2","0","3","","","","N","","","","","","","","","",""
"2019040272","","1","0","0","0","0","0","0","0","0","1","0","","02","4","2019","4","40.438028","-79.914083","","11","0","0","0","0","0","0","1","0","1","0","0","0","","","1","","0","","40 26:16.900","3","0","79 54:50.700","3","0","0","0","2301","0","0","0","N","0","0","0","5","02301","0","","1.0","","1","N","N","","0","","1","0","1","","0","N","","2","1","0","0","0","0","0","2","0","2","","","","N","","","","","","","","","",""
"2019039342","","2","0","0","0","0","0","0","0","0","5","0","","02","4","2019","7","40.418435","-79.972723","","11","0","0","0","0","0","0","0","0","","0","0","0","","","0","","2","","40 25:06.365","","0","79 58:21.802","0","0","0","0","2301","0","0","0","N","0","0","0","2","02301","0","","4.0","","1","N","N","","0","","0","0","1","","0","","","3","0","1","0","0","0","0","2","0","3","","","","N","","","","","","","","","",""
"2019039679","","1","0","0","0","0","0","0","0","0","7","0","","02","4","2019","1","40.460436","-79.913794","","11","0","0","0","0","0","0","0","0","","0","0","0","","","1","","5","","40 27:37.569","","0","79 54:49.658","2","0","0","0","2301","0","0","0","N","0","0","0","1","02301","0","","5.0","","9","N","N","","0","","0","1","0","","2","","","1","1","1","0","1","0","0","2","0","1","","","","N","","","","","","","","","",""
"2019051142","","0","0","0","0","0","0","0","0","0","1","0","","02","4","2019","3","40.580318","-80.114633","","11","0","0","0","0","0","0","0","0","2","0","0","0","","","2","","0","","40 34:49.145","1","0","80 06:52.677","3","0","0","0","2481","0","0","0","Y","0","0","0","4","68B03","0","","1.0","","1","N","N","","1","","2","0","1","","0","N","","3","2","0","0","0","0","0","2","1","3","","","","N","","","","","","","","","",""
"2019127623","","2","0","0","0","0","0","0","0","0","4","0","","02","12","2019","3","40.390259","-79.976312","","11","0","0","0","0","0","0","0","0","","0","0","0","","","0","N","2","","40 23:24.932","","0","79 58:34.723","9","0","0","0","2301","0","0","0","N","0","0","0","2","02301","0","","1.0","","1","N","N","N","0","","0","0","0","","3","","","2","0","0","0","0","0","1","2","0","2","","03","","N","","","","","","","","","",""
"2019120244","","1","0","0","0","0","0","0","0","0","4","1","","02","10","2019","3","40.609107","-80.094478","","11","0","0","0","0","0","0","1","0","1","0","1","0","","","1","","0","","40 36:32.785","1","0","80 05:40.122","3","0","0","0","2481","0","0","0","N","0","0","0","2","68B03","0","","1.0","","1","N","N","","0","","1","0","0","","0","N","","2","1","0","0","0","0","0","2","0","2","","","","N","","","","","","","","","",""
"2019118389","","2","0","0","0","0","0","0","0","0","1","0","","02","11","2019","3","40.436646","-79.963737","","11","0","0","0","0","1","1","0","0","","0","0","0","","","1","N","0","","40 26:11.925","","0","79 57:49.453","3","0","0","0","2301","0","0","0","N","0","0","0","2","02301","0","","1.0","","1","N","N","N","0","","1","0","0","","2","N","","2","1","0","0","0","0","0","2","0","2","","03","","N","","","","","","","","","",""
"2019115265","","1","0","0","0","0","0","0","0","0","8","0","","02","11","2019","3","40.45832","-79.933813","","11","0","0","0","0","0","1","0","0","","0","0","0","","","1","N","1","","40 27:29.953","4","0","79 56:01.727","3","0","0","0","2301","1","0","0","N","1","0","0","2","02301","0","","1.0","1116.0","9","N","N","N","0","","1","0","0","","2","N","","2","1","0","0","0","0","0","2","0","1","","10","","N","","","","","","","","","",""
"2019094525","","0","0","0","0","0","0","1","0","0","8","1","","02","9","2019","6","40.448375","-79.952769","","11","0","0","0","0","0","0","0","1","1","0","0","0","","","1","","1","","40 26:54.149","5","0","79 57:09.968","3","0","0","0","2301","1","0","0","N","1","0","0","2","02506","0","","1.0","","1","N","N","","0","","1","0","0","","2","Y","","2","1","0","0","0","0","0","2","0","1","","","","N","","","","","","","","","",""
"2019046001","","2","0","0","0","0","0","0","0","0","2","0","","02","5","2019","7","40.619871","-79.94442","","11","0","0","0","0","0","1","0","0","","0","0","0","","","0","","0","","40 37:11.536","","7","79 56:39.912","0","0","0","0","2217","0","0","0","N","0","0","0","2","02505","0","","6.0","","1","N","N","","0","","0","0","1","","0","","","3","0","0","0","0","0","0","2","0","3","","","","N","","","","","","","","","",""
"2019041013","","1","0","0","0","0","0","0","0","0","5","0","","02","4","2019","1","40.443699","-80.027107","","11","0","0","0","0","0","0","0","0","1","0","0","0","","","0","","0","","40 26:37.317","3","1","80 01:37.586","9","0","0","0","2301","0","0","0","N","0","0","0","2","02301","0","","1.0","","1","N","N","","0","","0","0","1","","0","N","","2","0","0","0","0","0","1","2","0","2","","","","N","","","","","","","","","",""
"2019049084","","1","0","0","0","0","0","0","0","0","7","0","25","02","4","2019","2","40.407667","-79.914389","","11","0","0","0","0","0","0","0","0","9","0","0","0","","","0","","0","","40 24:27.600","2","3","79 54:51.800","9","0","0","0","2438","0","0","0","N","0","0","0","1","02438","0","","1.0","","1","N","N","","0","","0","0","0","","8","Y","","1","0","0","0","0","0","1","2","0","1","","","Y","Y","4","1","","","N","Y","","","Y",""
"2019040617","","1","0","0","0","0","0","0","0","0","5","0","","02","4","2019","4","40.407201","-80.004371","","11","0","0","0","0","0","0","0","0","1","0","0","0","","","0","","0","","40 24:25.923","2","0","80 00:15.735","0","0","0","0","2301","0","0","0","N","0","0","0","1","02301","0","","4.0","","1","N","N","","0","","0","0","1","","0","Y","","2","0","0","0","0","0","0","2","0","2","","","","N","","","","","","","","","",""
"2019040825","","0","0","0","0","0","0","0","0","0","1","0","","02","4","2019","5","40.443402","-79.95273","","11","0","0","0","0","0","0","0","0","","0","0","0","","","0","","0","","40 26:36.247","","0","79 57:09.828","0","0","0","0","2301","0","0","0","N","0","0","0","2","02301","0","","1.0","","1","N","N","","1","","0","0","1","","3","","","2","0","0","0","0","0","0","2","0","2","","","","N","","","","","","","","","",""
"2019039706","","1","0","0","0","0","0","0","0","0","7","0","","02","4","2019","7","40.402806","-79.775083","","11","0","0","0","0","0","0","0","0","1","0","0","0","","","0","","0","","40 24:10.100","2","0","79 46:30.300","0","0","0","0","2453","0","0","0","N","0","0","0","1","02453","0","","4.0","","1","N","N","","0","","0","0","0","","0","N","","1","0","1","0","0","0","0","2","0","1","","","","N","","","","","","","","","",""
"2019131349","","1","0","0","0","0","0","0","0","0","7","0","","02","12","2019","5","40.558053","-80.026924","","11","0","0","0","0","0","0","0","1","","0","0","0","","","0","","0","","40 33:28.992","","0","80 01:36.926","9","0","0","0","2108","0","0","0","N","0","0","0","1","02108","0","","2.0","","1","N","N","","0","","0","0","0","","0","","","1","0","0","0","0","0","1","2","0","1","","","","N","","","","","","","","","",""
"2019039070","","2","0","0","0","0","0","0","0","0","4","0","","02","4","2019","7","40.436592","-79.955505","","11","0","0","0","0","0","0","0","0","1","0","0","0","","","0","","1","","40 26:11.732","1","0","79 57:19.817","0","0","0","0","2301","0","0","0","N","0","0","0","2","02301","0","","1.0","","1","N","N","","0","","0","0","0","","0","N","","2","0","0","0","0","0","0","2","0","2","","","","N","","","","","","","","","",""