"CRN","ARRIVAL_TM","AUTOMOBILE_COUNT","BELTED_DEATH_COUNT","BELTED_SUSP_SERIOUS_INJ_COUNT","BICYCLE_COUNT","BICYCLE_DEATH_COUNT","BICYCLE_SUSP_SERIOUS_INJ_COUNT","BUS_COUNT","CHLDPAS_DEATH_COUNT","CHLDPAS_SUSP_SERIOUS_INJ_COUNT","COLLISION_TYPE","COMM_VEH_COUNT","CONS_ZONE_SPD_LIM","COUNTY","CRASH_MONTH","CRASH_YEAR","DAY_OF_WEEK","DEC_LATITUDE","DEC_LONGITUDE","DISPATCH_TM","DISTRICT","DRIVER_COUNT_16YR","DRIVER_COUNT_17YR","DRIVER_COUNT_18YR","DRIVER_COUNT_19YR","DRIVER_COUNT_20YR","DRIVER_COUNT_50_64YR","DRIVER_COUNT_65_74YR","DRIVER_COUNT_75PLUS","EST_HRS_CLOSED","FATAL_COUNT","HEAVY_TRUCK_COUNT","HORSE_BUGGY_COUNT","HOUR_OF_DAY","ILLUMINATION","INJURY_COUNT","INTERSECTION_RELATED","INTERSECT_TYPE","LANE_CLOSED","LATITUDE","LN_CLOSE_DIR","LOCATION_TYPE","LONGITUDE","MAX_SEVERITY_LEVEL","MCYCLE_DEATH_COUNT","MCYCLE_SUSP_SERIOUS_INJ_COUNT","MOTORCYCLE_COUNT","MUNICIPALITY","NONMOTR_COUNT","NONMOTR_DEATH_COUNT","NONMOTR_SUSP_SERIOUS_INJ_COUNT","NTFY_HIWY_MAINT","PED_COUNT","PED_DEATH_COUNT","PED_SUSP_SERIOUS_INJ_COUNT","PERSON_COUNT","POLICE_AGCY","POSSIBLE_INJ_COUNT","RDWY_SURF_TYPE_CD","RELATION_TO_ROAD","ROADWAY_CLEARED","ROAD_CONDITION","SCH_BUS_IND","SCH_ZONE_IND","SECONDARY_CRASH","SMALL_TRUCK_COUNT","SPEC_JURIS_CD","SUSP_MINOR_INJ_COUNT","SUSP_SERIOUS_INJ_COUNT","SUV_COUNT","TCD_FUNC_CD","TCD_TYPE","TFC_DETOUR_IND","TIME_OF_DAY","TOTAL_UNITS","TOT_INJ_COUNT","UNBELTED_OCC_COUNT","UNB_DEATH_COUNT","UNB_SUSP_SERIOUS_INJ_COUNT","UNK_INJ_DEG_COUNT","UNK_INJ_PER_COUNT","URBAN_RURAL","VAN_COUNT","VEHICLE_COUNT","WEATHER1","WEATHER2","WORKERS_PRES","WORK_ZONE_IND","WORK_ZONE_LOC","WORK_ZONE_TYPE","WZ_CLOSE_DETOUR","WZ_FLAGGER","WZ_LAW_OFFCR_IND","WZ_LN_CLOSURE","WZ_MOVING","WZ_OTHER","WZ_SHLDER_MDN","WZ_WORKERS_INJ_KILLED"
"2019040507","","1","0","0","0","0","0","0","0","0","4","0","","02","4","2019","4","40.420071","-80.046364","","11","0","0","0","0","0","1","0","0","","0","0","0","","","1","","0","","40 25:12.256","","7","80 02:46.909","3","0","0","0","2435","0","0","0","N","0","0","0","2","02435","0","","1.0","","1","N","N","","0","","1","0","1","","0","N","","2","1","0","0","0","0","0","2","0","2","","","","N","","","","","","","","","",""
"2019125620","","0","0","0","0","0","0","0","0","0","7","1","","02","12","2019","6","40.511429","-79.792174","","11","0","0","0","0","0","2","0","0","","0","1","0","","","0","N","0","","40 30:41.144","6","0","79 47:31.825","0","0","0","0","2466","0","0","0","N","0","0","0","2","02466","0","","5.0","830.0","1","N","N","N","0","","0","0","1","","0","N","","2","0","0","0","0","0","0","2","0","2","","03","","N","","","","","","","","","",""
"2019040739","","1","0","0","0","0","0","0","0","0","1","0","","02","4","2019","5","40.334998","-79.946812","","11","0","0","0","0","0","1","0","0","1","0","0","0","","","1","","0","","40 20:05.994","1","0","79 56:48.522","8","0","0","0","2454","0","0","0","N","0","0","0","4","02454","0","","1.0","","1","N","N","","0","","0","0","1","","0","N","","2","1","0","0","0","1","0","2","0","2","","","","N","","","","","","","","","",""
"2019049194","","2","0","0","0","0","0","0","0","0","99","0","","02","4","2019","3","40.440304","-80.155381","","11","0","0","0","0","0","1","0","0","1","0","0","0","","","0","","0","","40 26:25.095","4","0","80 09:19.372","9","0","0","0","2115","0","0","0","N","0","0","0","3","68B03","0","","1.0","","1","N","N","","0","","0","0","1","","0","N","","3","0","0","0","0","0","1","2","0","3","","","","N","","","","","","","","","",""
"2019041083","","1","0","0","0","0","0","0","0","0","4","0","","02","4","2019","4","40.313071","-80.066521","","11","0","1","0","0","0","1","0","0","","0","0","0","","","0","","0","","40 18:47.057","","7","80 03:59.477","0","0","0","0","2407","0","0","0","N","0","0","0","2","02407","0","","1.0","","1","N","N","","1","","0","0","0","","0","","","2","0","0","0","0","0","0","2","0","2","","","","N","","","","","","","","","",""
"2019042510","","1","0","0","0","0","0","0","0","0","4","0","","02","4","2019","1","40.408306","-79.819639","","11","0","0","0","0","0","0","0","0","","0","0","0","","","1","","0","","40 24:29.900","","7","79 49:10.700","9","0","0","0","2467","0","0","0","N","0","0","0","2","02467","0","","1.0","","9","N","N","","0","","0","0","1","","0","","","2","0","0","0","0","0","2","2","0","2","","","","N","","","","","","","","","",""
"2019117031","","1","0","0","0","0","0","0","0","0","7","0","","02","11","2019","6","40.45511","-80.230327","","11","0","0","0","0","0","0","0","0","","0","0","0","","","0","N","0","","40 27:18.395","6","0","80 13:49.176","0","0","0","0","2214","0","0","0","N","0","0","0","1","02214","0","","5.0","1200.0","1","N","N","N","0","","0","0","0","","0","Y","","1","0","0","0","0","0","0","2","0","1","","","","N","","","","","","","","","",""
"2019039213","","1","0","0","0","0","0","0","0","0","1","0","","02","4","2019","7","40.586529","-79.950409","","11","0","1","0","0","0","0","0","0","2","0","0","0","","","0","","2","","40 35:11.506","2","0","79 57:01.473","0","0","0","0","2207","0","0","0","N","0","0","0","2","02207","0","","1.0","","1","N","N","","0","","0","0","1","","0","N","","2","0","1","0","0","0","0","2","0","2","","","","N","","","","","","","","","",""
"2019039284","","0","0","0","0","0","0","0","0","0","7","0","","02","4","2019","1","40.437889","-80.025167","","11","0","0","0","0","0","0","0","0","1","0","0","0","","","0","","0","","40 26:16.400","7","0","80 01:30.600","0","0","0","0","2301","0","0","0","N","0","0","0","1","02301","0","","4.0","","9","N","N","","0","","0","0","1","","0","Y","","1","0","0","0","0","0","0","2","0","1","","","","N","","","","","","","","","",""
"2019049534","","0","0","0","0","0","0","0","0","0","1","0","","02","5","2019","3","40.477604","-79.968959","","11","0","0","0","0","0","1","0","1","","0","0","0","","","0","","5","","40 28:39.376","","0","79 58:08.253","0","0","0","0","2445","0","0","0","N","0","0","0","2","02445","0","","1.0","","1","N","N","","0","","0","0","2","","0","","","2","0","0","0","0","0","0","2","0","2","","","","N","","","","","","","","","",""
"2019038994","","1","0","0","0","0","0","0","0","0","1","0","","02","4","2019","6","40.522811","-80.06971","","11","0","0","0","0","1","1","0","0","1","0","0","0","","","0","","0","","40 31:22.119","1","0","80 04:10.955","0","0","0","0","2215","0","0","0","N","0","0","0","2","02215","0","","1.0","","9","N","Y","","0","","0","0","1","","2","N","","2","0","0","0","0","0","0","2","0","2","","","","N","","","","","","","","","",""
"2019040828","","2","0","0","0","0","0","0","0","0","1","0","","02","4","2019","5","40.528588","-79.84949","","11","0","0","0","0","0","1","0","0","1","0","0","0","","","0","","0","","40 31:42.918","3","3","79 50:58.164","0","0","0","0","2451","0","0","0","N","0","0","0","3","02451","0","","1.0","","1","N","N","","0","","0","0","1","","8","N","","3","0","0","0","0","0","0","2","0","3","","","","N","","","","","","","","","",""
"2019039322","","2","0","0","0","0","0","0","0","0","5","0","","02","4","2019","1","40.482139","-79.936528","","11","0","0","0","1","0","0","0","0","1","0","0","0","","","0","","0","","40 28:55.700","1","0","79 56:11.500","0","0","0","0","2301","0","0","0","N","0","0","0","1","02301","0","","1.0","","1","N","N","","0","","0","0","3","","0","N","","5","0","0","0","0","0","0","2","0","5","","","","N","","","","","","","","","",""
"2019038724","","1","0","0","0","0","0","0","0","0","1","0","","02","4","2019","6","40.434478","-79.989823","","11","0","0","0","0","0","2","0","0","1","0","0","0","","","2","","1","","40 26:04.119","3","0","79 59:23.362","4","0","0","0","2301","0","0","0","N","0","0","0","3","02301","2","","1.0","","1","N","N","","0","","0","0","1","","2","Y","","2","2","0","0","0","0","0","2","0","2","","","","N","","","","","","","","","",""
"2019054873","","2","0","0","0","0","0","0","0","0","4","0","","02","5","2019","4","40.404414","-79.825161","","11","0","0","0","0","0","0","1","0","","0","0","0","","","0","","1","","40 24:15.889","","0","79 49:30.581","0","0","0","0","2467","0","0","0","N","0","0","0","2","02467","0","","1.0","","9","","","","0","","0","0","0","","2","","","2","0","0","0","0","0","0","2","0","2","","","","N","","","","","","","","","",""
"2019039922","","1","0","0","0","0","0","0","0","0","8","0","","02","4","2019","3","40.430026","-79.988636","","11","0","0","0","0","0","0","1","0","1","0","0","0","","","1","","2","","40 25:48.094","1","0","79 59:19.088","3","0","0","0","2301","1","0","0","N","1","0","0","2","02301","0","","1.0","","1","N","N","","0","","1","0","0","","2","N","","2","1","0","0","0","0","0","2","0","1","","","","N","","","","","","","","","",""
"2019050755","","0","0","0","0","0","0","0","0","0","4","0","","02","5","2019","4","40.437639","-79.770056","","11","0","0","0","0","1","0","1","0","","0","0","0","","","0","","0","","40 26:15.500","","7","79 46:12.200","0","0","0","0","2446","0","0","0","N","0","0","0","3","02446","0","","1.0","","1","N","N","","0","","0","0","2","","0","","","2","0","0","0","0","0","0","2","0","2","","","","N","","","","","","","","","",""
"2019041417","","0","0","0","0","0","0","0","0","0","0","0","","02","4","2019","1","40.498575","-80.120555","","11","0","0","0","0","0","0","0","0","","0","0","0","","","0","","0","","40 29:54.870","","0","80 07:13.998","9","0","0","1","2115","0","0","0","N","0","0","0","1","68B03","0","","5.0","","9","N","N","","0","","0","0","0","","0","","","1","0","0","0","0","0","1","2","0","1","","","","N","","","","","","","","","",""
"2019040782","","1","0","0","0","0","0","0","0","0","4","0","","02","4","2019","5","40.334977","-79.81154","","11","0","0","0","0","0","0","2","0","2","0","0","0","","","2","","2","","40 20:05.917","2","0","79 48:41.544","8","0","0","0","2477","0","0","0","N","0","0","0","3","02477","0","","1.0","","1","N","N","","0","","0","0","2","","0","N","","3","2","1","0","0","2","0","2","0","3","","","","N","","","","","","","","","",""
"2019055603","","2","0","0","0","0","0","0","0","0","4","0","","02","5","2019","6","40.412894","-80.010149","","11","0","0","0","0","0","1","0","1","","0","0","0","","","1","","2","","40 24:46.418","","1","80 00:36.538","3","0","0","0","2301","0","0","0","N","0","0","0","3","02301","0","","1.0","","1","N","N","","0","","1","0","0","","0","","","2","1","0","0","0","0","0","2","0","2","","","","N","","","","","","","","","",""
"2019122774","","1","0","0","0","0","0","0","0","0","1","0","","02","10","2019","4","40.416749","-80.086169","","11","0","0","0","0","0","0","0","0","","0","0","0","","","1","N","0","","40 25:00.296","3","0","80 05:10.207","3","0","0","0","2415","0","0","0","N","0","0","0","3","68B03","0","","1.0","1630.0","1","N","N","N","0","","1","0","1","","0","N","","2","1","2","0","0","0","0","2","0","2","","03","","N","","","","","","","","","",""
"2019052348","","1","0","0","0","0","0","0","0","0","1","0","","02","4","2019","7","40.519929","-80.057463","","11","0","0","0","0","0","1","0","0","","0","0","0","","","1","","6","","40 31:11.745","","2","80 03:26.865","3","0","0","0","2116","0","0","0","N","0","0","0","2","68B03","0","","1.0","","1","N","N","","0","","1","0","1","","0","","","2","1","0","0","0","0","0","2","0","2","","","","N","","","","","","","","","",""
"2019040383","","2","0","0","0","0","0","0","0","0","6","0","","02","4","2019","4","40.475143","-79.822111","","11","0","0","0","0","0","0","0","1","","0","0","0","","","1","","2","","40 28:30.515","","0","79 49:19.599","3","0","0","0","2113","0","0","0","N","0","0","0","2","02113","0","","1.0","","1","N","N","","0","","1","0","0","","0","","","2","1","0","0","0","0","0","2","0","2","","","","N","","","","","","","","","",""
"2019049630","","1","0","0","0","0","0","0","0","0","5","0","","02","5","2019","3","40.438878","-79.992631","","11","0","0","0","0","0","1","0","0","1","0","0","0","","","0","","3","","40 26:19.960","1","0","79 59:33.471","0","0","0","0","2301","0","0","0","N","0","0","0","2","02301","0","","1.0","","1","N","N","","1","","0","0","0","","0","N","","2","0","0","0","0","0","0","2","0","2","","","","N","","","","","","","","","",""
"2019039533","","0","0","0","0","0","0","0","0","0","7","0","","02","4","2019","2","40.401889","-79.996028","","11","0","0","0","0","0","0","0","0","3","0","0","0","","","1","","0","","40 24:06.800","6","0","79 59:45.700","3","0","0","0","2301","0","0","0","N","0","0","0","1","02301","0","","2.0","","9","N","N","","0","","1","0","1","","0","Y","","1","1","1","0","0","0","0","2","0","1","","","","N","","","","","","","","","",""
"2019038899","","1","0","0","0","0","0","0","0","0","7","0","","02","4","2019","6","40.488639","-79.926778","","11","0","0","0","0","0","0","0","0","","0","0","0","","","0","","0","","40 29:19.100","","0","79 55:36.400","0","0","0","0","2301","0","0","0","N","0","0","0","1","02301","0","","2.0","","9","N","N","","0","","0","0","0","","0","","","1","0","0","0","0","0","0","2","0","1","","","","N","","","","","","","","","",""
"2019039584","","2","0","0","0","0","0","0","0","0","4","0","","02","4","2019","1","40.480663","-80.038693","","11","0","0","0","0","0","0","0","0","","0","0","0","","","0","","0","","40 28:50.386","","0","80 02:19.294","0","0","0","0","2301","0","0","0","N","0","0","0","1","02301","0","","1.0","","9","N","N","","0","","0","0","1","","0","","","3","0","0","0","0","0","0","2","0","3","","","","N","","","","","","","","","",""
"2019040661","","1","0","0","0","0","0","0","0","0","3","0","","02","4","2019","5","40.487811","-79.919763","","11","0","0","0","0","0","1","0","0","","0","0","0","","","1","N","0","","40 29:16.120","","7","79 55:11.148","8","0","0","0","2301","0","0","0","N","0","0","0","1","02301","0","","4.0","","1","N","N","","1","","0","0","0","","2","","","2","1","1","0","0","1","0","2","0","2","","","","N","","","","","","","","","",""
"2019040225","","0","0","0","0","0","0","0","0","0","99","0","","02","4","2019","7","40.442764","-79.994559","","11","0","0","0","0","0","0","0","0","2","0","0","0","","","0","","0","","40 26:33.950","1","0","79 59:40.411","0","0","0","0","2301","0","0","0","N","0","0","0","5","02301","0","","9.0","","1","N","N","","0","","0","0","1","","0","N","","1","0","0","0","0","0","0","2","0","1","","","","N","","","","","","","","","",""
"2019122801","","2","0","0","0","0","0","0","0","0","1","0","","02","11","2019","7","40.42806","-79.948117","","11","0","0","0","0","0","0","0","0","","0","0","0","","","1","","0","","40 25:41.015","","3","79 56:53.222","4","0","0","0","2301","0","0","0","N","0","0","0","2","68B03","1","","1.0","","9","N","N","","0","","0","0","0","","0","","","2","1","0","0","0","0","0","2","0","2","","","","N","","","","","","","","","",""
"2019121664","","0","0","0","0","0","0","0","0","0","1","0","","02","11","2019","2","40.423028","-80.030512","","11","0","0","0","0","0","0","1","0","","0","0","0","","","2","N","0","","40 25:22.901","4","0","80 01:49.844","4","0","0","0","2301","0","0","0","N","0","0","0","4","68B03","2","","1.0","1819.0","1","N","N","N","1","","0","0","3","","0","N","","4","2","0","0","0","0","0","2","0","4","","","","N","","","","","","","","","",""
"2019054875","","1","0","0","0","0","0","0","0","0","1","0","","02","4","2019","7","40.427691","-79.720757","","11","0","0","0","0","0","0","0","0","","0","0","0","","","0","","0","","40 25:39.688","","0","79 43:14.725","0","0","0","0","2446","0","0","0","N","0","0","0","2","02446","0","","1.0","","1","N","N","","0","","0","0","1","","0","","","2","0","0","0","0","0","0","2","0","2","","","","N","","","","","","","","","",""
"2019039331","","2","0","0","0","0","0","0","0","0","4","0","","02","4","2019","7","40.386256","-80.084218","","11","0","0","0","0","0","0","0","2","","0","0","0","","","0","","1","","40 23:10.522","","0","80 05:03.184","0","0","0","0","2117","0","0","0","N","0","0","0","5","02117","0","","1.0","","1","N","N","","0","","0","0","1","","2","","","4","0","0","0","0","0","0","2","1","4","","","","N","","","","","","","","","",""
"2019039338","","0","0","0","0","0","0","0","0","0","1","0","","02","4","2019","1","40.403357","-80.040867","","11","0","0","0","0","0","0","0","0","","0","0","0","","","1","","1","","40 24:12.085","","0","80 02:27.120","4","0","0","0","2301","0","0","0","N","0","0","0","4","02301","1","","1.0","","1","N","N","","0","","0","0","2","","2","","","2","1","0","0","0","0","0","2","0","2","","","","N","","","","","","","","","",""
"2019120264","","0","0","0","0","0","0","0","0","0","4","0","","02","11","2019","4","40.420064","-80.050711","","11","0","0","0","1","0","1","0","0","1","0","0","0","","","0","","6","","40 25:12.230","3","2","80 03:02.561","0","0","0","0","2435","0","0","0","N","0","0","0","3","68B03","0","","1.0","","1","N","N","","1","","0","0","2","","3","N","","3","0","0","0","0","0","0","2","0","3","","","","N","","","","","","","","","",""
"2019048539","","1","0","0","0","0","0","0","0","0","7","0","","02","5","2019","1","40.409417","-80.031222","","11","0","0","0","0","0","0","0","0","","0","0","0","","","1","","0","","40 24:33.900","","0","80 01:52.400","3","0","0","0","2301","0","0","0","N","0","0","0","1","02301","0","","5.0","","1","N","N","","0","","1","0","0","","0","","","1","1","0","0","0","0","0","2","0","1","","","","N","","","","","","","","","",""
"2019040547","","1","0","0","0","0","0","0","0","0","7","0","","02","4","2019","4","40.495718","-80.066952","","11","0","0","0","0","0","0","0","0","2","0","0","0","","","0","","2","","40 29:44.586","4","0","80 04:01.026","0","0","0","0","2402","0","0","0","N","0","0","0","2","02402","0","","2.0","","1","","","","0","","0","0","0","","0","N","","1","0","0","0","0","0","0","2","0","1","","","","N","","","","","","","","","",""
"2019040844","","1","0","0","0","0","0","0","0","0","4","0","","02","4","2019","5","40.477577","-79.842869","","11","0","0","0","0","0","0","0","0","","0","0","0","","","0","","2","","40 28:39.278","","0","79 50:34.327","9","0","0","0","2113","0","0","0","N","0","0","0","1","02113","0","","4.0","","1","N","N","","0","","0","0","0","","0","","","1","0","0","0","0","0","1","2","0","1","","","","N","","","","","","","","","",""
"2019055600","","0","0","0","0","0","0","0","0","0","7","0","","02","6","2019","7","40.435186","-80.050564","","11","0","0","0","0","0","0","1","0","2","0","0","0","","","2","","1","","40 26:06.668","1","0","80 03:02.029","3","0","0","0","2301","0","0","0","N","0","0","0","2","02301","0","","5.0","","1","N","N","","0","","2","0","1","","0","N","","1","2","0","0","0","0","0","2","0","1","","","","N","","","","","","","","","",""
"2019045709","","1","0","0","0","0","0","0","0","0","1","0","","02","4","2019","2","40.374787","-80.115149","","11","0","1","0","0","0","0","0","0","","0","0","0","","","0","","1","","40 22:29.234","","0","80 06:54.535","0","0","0","0","2102","0","0","0","N","0","0","0","2","02102","0","","1.0","","1","N","N","","1","","0","0","0","","0","N","","2","0","0","0","0","0","0","2","0","2","","","","N","","","","","","","","","",""
"2019128588","","1","0","0","0","0","0","0","0","0","4","0","","02","12","2019","7","40.413249","-79.988855","","11","0","0","0","0","0","1","1","0","","0","0","0","","","0","N","2","","40 24:47.696","","0","79 59:19.877","0","0","0","0","2301","0","0","0","N","0","0","0","3","02301","0","","1.0","","9","N","N","N","1","","0","0","0","","3","","","2","0","0","0","0","0","0","2","0","2","","06","","N","","","","","","","","","",""
"2019120870","","0","0","0","0","0","0","0","0","0","99","0","","02","11","2019","2","40.656369","-80.080027","","11","0","0","0","0","0","0","0","0","","0","0","0","","","3","","0","","40 39:22.930","","0","80 04:48.096","3","0","0","0","2212","0","0","0","N","0","0","0","3","68T02","0","","1.0","","1","N","N","","1","","3","0","0","","0","","","1","3","0","0","0","0","0","2","0","1","","","","N","","","","","","","","","",""
"2019120205","","1","0","0","0","0","0","0","0","0","1","0","","02","11","2019","6","40.373441","-80.048832","","11","0","0","0","0","0","0","1","0","1","0","0","0","","","2","","0","","40 22:24.386","2","0","80 02:55.796","3","0","0","0","2109","0","0","0","N","0","0","0","2","02109","0","","1.0","","1","N","N","","0","","2","0","1","","0","Y","","2","2","0","0","0","0","0","2","0","2","","","","N","","","","","","","","","",""
"2019040304","","2","0","0","0","0","0","0","0","0","4","0","","02","4","2019","4","40.40078","-79.905674","","11","0","0","0","0","0","0","0","0","2","0","0","0","","","1","","2","","40 24:02.807","5","0","79 54:20.426","8","0","0","0","2438","0","0","0","N","0","0","0","1","02438","0","","6.0","","1","N","N","","0","","0","0","0","","3","Y","","2","1","0","0","0","1","0","2","0","2","","","","N","","","","","","","","","",""
"2019045822","","1","0","0","0","0","0","0","0","0","4","0","","02","5","2019","7","40.443154","-80.039731","","11","0","0","0","0","0","0","0","0","","0","0","0","","","1","","2","","40 26:35.354","","0","80 02:23.031","8","0","0","0","2301","0","0","0","N","0","0","0","5","02301","0","","1.0","","1","N","N","","0","","0","0","1","","0","","","2","1","0","0","0","1","0","2","0","2","","","","N","","","","","","","","","",""
"2019048644","","2","0","0","0","0","0","0","0","0","4","0","","02","5","2019","7","40.48009","-80.082889","","11","0","0","0","0","0","1","0","0","1","0","0","0","","","0","","2","","40 28:48.323","3","0","80 04:58.402","0","0","0","0","2122","0","0","0","Y","0","0","0","3","02122","0","","1.0","","1","N","N","","0","","0","0","1","","0","N","","4","0","0","0","0","0","0","2","1","4","","","","N","","","","","","","","","",""
"2019040237","","0","0","0","0","0","0","0","0","0","7","0","","02","4","2019","4","40.362136","-79.932146","","11","0","0","0","0","0","0","0","0","","0","0","0","","","1","","2","","40 21:43.688","","0","79 55:55.727","3","0","0","0","2473","0","0","0","N","0","0","0","1","02473","0","","2.0","","1","N","N","","0","","1","0","1","","0","","","1","1","0","0","0","0","0","2","0","1","","","","N","","","","","","","","","",""
"2019049096","","0","0","0","0","0","0","0","0","0","4","0","","02","5","2019","2","40.486114","-79.782768","","11","0","0","0","0","0","1","0","1","1","0","0","0","","","1","","2","","40 29:10.010","1","0","79 46:57.965","8","0","0","0","2466","0","0","0","N","0","0","0","2","02466","0","","1.0","","9","N","N","","0","","0","0","2","","3","N","","2","1","0","0","0","1","0","2","0","2","","","","N","","","","","","","","","",""
"2019128496","","1","0","0","0","0","0","0","0","0","1","0","","02","12","2019","6","40.429386","-79.727966","","11","0","0","0","0","0","0","0","0","","0","0","0","","","0","","1","","40 25:45.791","4","0","79 43:40.677","0","0","0","0","2446","0","0","0","N","0","0","0","2","02446","0","","1.0","1756.0","9","N","N","N","0","","0","0","1","","0","N","","2","0","0","0","0","0","0","2","0","2","","","","N","","","","","","","","","",""
"2019122777","","0","0","0","0","0","0","0","0","0","7","0","","02","10","2019","4","40.450686","-79.994164","","11","0","0","0","0","0","0","0","0","","0","0","0","","","1","","0","","40 27:02.471","","3","79 59:38.992","4","0","0","0","2301","0","0","0","N","0","0","0","2","68B03","1","","2.0","","1","N","N","","0","","0","0","1","","0","","","1","1","0","0","0","0","0","2","0","1","","","","N","","","","","","","","","",""
"2019121635","","1","0","0","0","0","0","0","0","0","1","0","","02","10","2019","6","40.647622","-80.095303","","11","0","0","0","0","0","1","0","0","1","0","0","0","","","2","","0","","40 38:51.439","1","0","80 05:43.091","3","0","0","0","2212","0","0","0","N","0","0","0","7","68B03","0","","1.0","","1","N","N","","1","","2","0","1","","0","N","","3","2","0","0","0","0","0","2","0","3","","","","N","","","","","","","","","",""
"2019122425","","3","0","0","0","0","0","0","0","0","1","0","","02","10","2019","5","40.438301","-80.151449","","11","0","0","0","0","0","1","0","0","1","0","0","0","","","0","","0","","40 26:17.883","4","0","80 09:05.217","0","0","0","0","2115","0","0","0","N","0","0","0","4","68B03","0","","1.0","","1","N","N","","0","","0","0","1","","0","N","","4","0","0","0","0","0","0","2","0","4","","","","N","","","","","","","","","",""
"2019047823","","1","0","0","0","0","0","0","0","0","4","0","","02","5","2019","6","40.346944","-79.950306","","11","0","0","0","0","0","1","0","1","1","0","0","0","","","2","","0","","40 20:49.000","5","7","79 57:01.100","8","0","0","0","2473","0","0","0","N","0","0","0","4","02473","0","","1.0","","1","N","N","","0","","0","0","1","","0","Y","","2","2","0","0","0","2","0","2","0","2","","","","N","","","","","","","","","",""
"2019039662","","1","0","0","0","0","0","0","0","0","7","0","","02","4","2019","1","40.410672","-80.07355","","11","0","0","0","0","0","1","0","0","1","0","0","0","","","1","","0","","40 24:38.418","3","0","80 04:24.780","8","0","0","0","2117","0","0","0","N","0","0","0","1","68B03","0","","4.0","","1","N","N","","0","","0","0","0","","0","N","","1","1","1","0","0","1","0","2","0","1","","","","N","","","","","","","","","",""
"2019045252","","2","0","0","0","0","0","0","0","0","2","0","","02","4","2019","6","40.391145","-80.072839","","11","0","0","0","0","1","0","0","0","1","0","0","0","","","1","","0","","40 23:28.123","5","7","80 04:22.219","8","0","0","0","2117","0","0","0","N","0","0","0","2","02117","0","","1.0","","98","N","N","","0","","0","0","0","","2","Y","","2","1","1","0","0","1","0","2","0","2","","","","N","","","","","","","","","",""
"2019123802","","1","0","0","0","0","0","0","0","0","2","0","","02","11","2019","7","40.45623","-80.054451","","11","0","0","0","0","0","0","0","0","","0","0","0","","","0","Y","0","","40 27:22.429","","0","80 03:16.025","9","0","0","0","2301","0","0","0","N","0","0","0","1","02301","0","","1.0","","1","N","N","N","0","","0","0","1","","0","","","2","0","0","0","0","0","1","2","0","2","","","","N","","","","","","","","","",""
"2019095995","","0","0","0","0","0","0","0","0","0","1","1","","02","9","2019","2","40.392526","-79.997194","","11","0","0","0","0","0","0","0","0","2","0","1","0","","","1","N","0","","40 23:33.093","5","0","79 59:49.897","3","0","0","1","2301","0","0","0","N","0","0","0","2","02301","0","","1.0","2155.0","1","N","N","N","0","","1","0","0","","0","N","","2","1","0","0","0","0","0","2","0","2","","03","","N","","","","","","","","","",""
"2019040596","","1","0","0","0","0","0","0","0","0","4","0","","02","4","2019","6","40.585613","-80.036063","","11","0","0","0","0","0","0","0","0","1","0","0","0","","","0","","2","","40 35:08.206","1","7","80 02:09.827","0","0","0","0","2108","0","0","0","N","0","0","0","5","02108","0","","1.0","","1","N","N","","0","","0","0","1","","2","Y","","2","0","0","0","0","0","0","2","0","2","","","","N","","","","","","","","","",""
"2019041413","","2","0","0","0","0","0","0","0","0","4","0","","02","4","2019","7","40.420194","-80.050054","","11","0","0","0","0","0","0","0","1","2","0","0","0","","","0","","0","","40 25:12.699","3","0","80 03:00.196","0","0","0","0","2435","0","0","0","N","0","0","0","3","68B03","0","","1.0","","1","N","N","","0","","0","0","1","","0","N","","3","0","0","0","0","0","0","2","0","3","","","","N","","","","","","","","","",""
"2019040306","","1","0","0","0","0","0","0","0","0","1","0","","02","4","2019","4","40.478602","-79.967247","","11","0","0","0","0","0","1","0","0","1","0","0","0","","","0","","6","","40 28:42.966","1","2","79 58:02.090","0","0","0","0","2445","0","0","0","N","0","0","0","2","02445","0","","1.0","","1","N","N","","0","","0","0","1","","3","N","","2","0","0","0","0","0","0","2","0","2","","","","N","","","","","","","","","",""
"2019048639","","1","0","0","0","0","0","0","0","0","7","0","","02","5","2019","1","40.469111","-79.790611","","11","0","0","0","0","0","0","0","0","1","0","0","0","","","1","","0","","40 28:08.800","5","0","79 47:26.200","4","0","0","0","2113","0","0","0","N","0","0","0","2","02113","1","","5.0","","9","N","N","","0","","0","0","0","","0","N","","1","1","0","0","0","0","0","2","0","1","","","","N","","","","","","","","","",""
"2019122788","","2","0","0","0","0","0","0","0","0","2","0","","02","11","2019","2","40.526408","-80.158945","","11","0","1","0","0","0","0","0","0","2","0","0","0","","","0","","0","","40 31:35.068","4","0","80 09:32.202","0","0","0","0","2452","0","0","0","N","0","0","0","3","68B03","0","","1.0","","1","N","N","","0","","0","0","1","","0","N","","3","0","0","0","0","0","0","2","0","3","","","","N","","","","","","","","","",""