"CRN","ARRIVAL_TM","AUTOMOBILE_COUNT","BELTED_DEATH_COUNT","BELTED_SUSP_SERIOUS_INJ_COUNT","BICYCLE_COUNT","BICYCLE_DEATH_COUNT","BICYCLE_SUSP_SERIOUS_INJ_COUNT","BUS_COUNT","CHLDPAS_DEATH_COUNT","CHLDPAS_SUSP_SERIOUS_INJ_COUNT","COLLISION_TYPE","COMM_VEH_COUNT","CONS_ZONE_SPD_LIM","COUNTY","CRASH_MONTH","CRASH_YEAR","DAY_OF_WEEK","DEC_LATITUDE","DEC_LONGITUDE","DISPATCH_TM","DISTRICT","DRIVER_COUNT_16YR","DRIVER_COUNT_17YR","DRIVER_COUNT_18YR","DRIVER_COUNT_19YR","DRIVER_COUNT_20YR","DRIVER_COUNT_50_64YR","DRIVER_COUNT_65_74YR","DRIVER_COUNT_75PLUS","EST_HRS_CLOSED","FATAL_COUNT","HEAVY_TRUCK_COUNT","HORSE_BUGGY_COUNT","HOUR_OF_DAY","ILLUMINATION","INJURY_COUNT","INTERSECTION_RELATED","INTERSECT_TYPE","LANE_CLOSED","LATITUDE","LN_CLOSE_DIR","LOCATION_TYPE","LONGITUDE","MAX_SEVERITY_LEVEL","MCYCLE_DEATH_COUNT","MCYCLE_SUSP_SERIOUS_INJ_COUNT","MOTORCYCLE_COUNT","MUNICIPALITY","NONMOTR_COUNT","NONMOTR_DEATH_COUNT","NONMOTR_SUSP_SERIOUS_INJ_COUNT","NTFY_HIWY_MAINT","PED_COUNT","PED_DEATH_COUNT","PED_SUSP_SERIOUS_INJ_COUNT","PERSON_COUNT","POLICE_AGCY","POSSIBLE_INJ_COUNT","RDWY_SURF_TYPE_CD","RELATION_TO_ROAD","ROADWAY_CLEARED","ROAD_CONDITION","SCH_BUS_IND","SCH_ZONE_IND","SECONDARY_CRASH","SMALL_TRUCK_COUNT","SPEC_JURIS_CD","SUSP_MINOR_INJ_COUNT","SUSP_SERIOUS_INJ_COUNT","SUV_COUNT","TCD_FUNC_CD","TCD_TYPE","TFC_DETOUR_IND","TIME_OF_DAY","TOTAL_UNITS","TOT_INJ_COUNT","UNBELTED_OCC_COUNT","UNB_DEATH_COUNT","UNB_SUSP_SERIOUS_INJ_COUNT","UNK_INJ_DEG_COUNT","UNK_INJ_PER_COUNT","URBAN_RURAL","VAN_COUNT","VEHICLE_COUNT","WEATHER1","WEATHER2","WORKERS_PRES","WORK_ZONE_IND","WORK_ZONE_LOC","WORK_ZONE_TYPE","WZ_CLOSE_DETOUR","WZ_FLAGGER","WZ_LAW_OFFCR_IND","WZ_LN_CLOSURE","WZ_MOVING","WZ_OTHER","WZ_SHLDER_MDN","WZ_WORKERS_INJ_KILLED"
"2019052180","","1","0","0","0","0","0","0","0","0","1","0","","02","4","2019","4","40.422962","-80.103693","","11","0","0","0","0","0","0","0","0","","0","0","0","","","0","","0","","40 25:22.663","","0","80 06:13.296","0","0","0","0","2115","0","0","0","N","0","0","0","2","68B03","0","","1.0","","1","N","N","","0","","0","0","1","","0","","","2","0","0","0","0","0","0","2","0","2","","","","N","","","","","","","","","",""
"2019037519","","1","0","0","0","0","0","0","0","0","5","0","","02","4","2019","2","40.401964","-80.000683","","11","0","0","0","0","0","1","0","0","","0","0","0","","","1","","1","","40 24:07.069","","0","80 00:02.460","4","0","0","1","2301","0","0","0","N","0","0","0","2","02301","1","","1.0","","1","N","N","","0","","0","0","0","","2","","","2","1","0","0","0","0","0","2","0","2","","","","N","","","","","","","","","",""
"2019052576","","0","0","0","0","0","0","0","0","0","6","0","","02","5","2019","5","40.463891","-79.965404","","11","0","0","0","0","0","1","0","0","","0","0","0","","","0","","0","","40 27:50.009","","0","79 57:55.455","0","0","0","1","2301","0","0","0","N","0","0","0","5","02301","0","","1.0","","9","N","N","","0","","0","0","0","","0","","","2","0","0","0","0","0","0","2","1","2","","","","N","","","","","","","","","",""
"2019053167","","0","0","0","0","0","0","0","0","0","4","0","","02","5","2019","6","40.336011","-79.972799","","11","0","0","0","0","0","2","0","0","","0","0","0","","","0","","1","","40 20:09.641","","0","79 58:22.078","0","0","0","0","2454","0","0","0","N","0","0","0","2","02454","0","","1.0","","1","N","N","","0","","0","0","2","","0","","","2","0","0","0","0","0","0","2","0","2","","","","N","","","","","","","","","",""
"2019119161","","1","0","0","0","0","0","0","0","0","5","0","","02","11","2019","3","40.442497","-79.808793","","11","0","0","0","0","0","1","0","0","","0","0","0","","","0","","0","","40 26:32.988","","0","79 48:31.653","0","0","0","0","2113","0","0","0","N","0","0","0","2","68B03","0","","1.0","","9","N","N","","0","","0","0","1","","0","","","2","0","0","0","0","0","0","2","0","2","","","","N","","","","","","","","","",""
"2019037207","","1","0","0","0","0","0","0","0","0","7","0","","02","4","2019","6","40.442061","-79.799585","","11","0","0","0","0","0","0","0","0","2","0","0","0","","","1","","0","","40 26:31.419","4","0","79 47:58.507","8","0","0","0","2446","0","0","0","N","0","0","0","1","68B03","0","","3.0","","1","N","N","","0","","0","0","0","","0","N","","1","1","0","0","0","1","0","2","0","1","","","","N","","","","","","","","","",""
"2019118452","","0","0","0","0","0","0","0","0","0","99","0","","02","11","2019","2","40.504083","-80.02888","","11","0","0","0","0","0","1","0","0","","0","0","0","","","0","","0","","40 30:14.698","","0","80 01:43.969","0","0","0","0","2116","0","0","0","N","0","0","0","1","68B03","0","","1.0","","1","N","N","","0","","0","0","1","","0","","","1","0","0","0","0","0","0","2","0","1","","","","N","","","","","","","","","",""
"2019064009","","0","0","0","0","0","0","0","0","0","99","0","","02","5","2019","6","40.547392","-79.827184","","11","0","0","0","0","0","0","0","0","","0","0","0","","","0","","0","","40 32:50.610","","0","79 49:37.864","0","0","0","0","2208","0","0","0","N","0","0","0","2","68D02","0","","1.0","","1","N","N","","0","","0","0","1","","0","","","1","0","0","0","0","0","0","2","0","1","","","","N","","","","","","","","","",""
"2019130512","","0","0","0","0","0","0","0","0","0","1","0","","02","12","2019","3","40.402932","-80.093673","1605","11","0","0","0","0","0","1","0","0","","0","0","0","","","0","N","0","","40 24:10.555","","0","80 05:37.221","0","0","0","0","2415","0","0","0","N","0","0","0","2","02415","0","","1.0","","1","N","N","N","1","","0","0","1","","0","","","2","0","0","0","0","0","0","2","0","2","","03","","N","","","","","","","","","",""
"2019052954","","1","0","0","0","0","0","0","0","0","1","0","","02","5","2019","5","40.353207","-79.978121","0615","11","0","0","0","0","0","1","0","0","1","0","0","0","","","0","","0","","40 21:11.544","1","0","79 58:41.237","0","0","0","0","2476","0","0","0","N","0","0","0","3","02476","0","","1.0","","1","N","N","","1","","0","0","1","","0","N","","3","0","0","0","0","0","0","2","0","3","","","","N","","","","","","","","","",""
"2019035435","","0","0","0","0","0","0","0","0","0","4","0","","02","4","2019","2","40.448964","-80.162739","1231","11","0","0","0","0","0","0","0","1","","0","0","0","","","0","","2","","40 26:56.270","","0","80 09:45.860","0","0","0","0","2115","0","0","0","N","0","0","0","2","02115","0","","1.0","","1","N","N","","0","","0","0","2","","3","","","2","0","0","0","0","0","0","2","0","2","","","","N","","","","","","","","","",""
"2019039010","","3","0","0","0","0","0","0","0","0","1","0","","02","4","2019","5","40.432241","-79.997187","2330","11","0","0","0","0","0","0","0","0","1","0","0","0","","","0","","0","","40 25:56.067","2","3","79 59:49.874","0","0","0","0","2301","0","0","0","N","0","0","0","5","02301","0","","1.0","","1","N","N","","0","","0","0","0","","0","N","","3","0","0","0","0","0","0","2","0","3","","","","N","","","","","","","","","",""
"2019035914","","2","0","0","0","0","0","0","0","0","4","0","","02","4","2019","3","40.454282","-80.000852","1430","11","0","0","0","0","0","1","0","1","","0","0","0","","","0","","1","","40 27:15.416","","0","80 00:03.067","0","0","0","0","2301","0","0","0","N","0","0","0","2","02301","0","","1.0","","1","N","N","","0","","0","0","0","","3","","","2","0","0","0","0","0","0","2","0","2","","","","N","","","","","","","","","",""
"2019035099","","0","0","0","0","0","0","0","0","0","4","0","90","02","4","2019","2","40.475087","-79.768391","0827","11","0","0","0","0","0","0","0","1","2","0","0","0","","","1","","0","","40 28:30.312","3","0","79 46:06.207","3","0","0","0","2466","0","0","0","N","0","0","0","2","02466","0","","1.0","","1","N","N","","1","","1","0","0","","7","Y","","2","1","0","0","0","0","0","2","0","2","","","Y","Y","4","3","","Y","N","","Y","","Y",""
"2019038644","","0","0","0","0","0","0","0","0","0","1","0","","02","4","2019","5","40.494599","-79.941595","0227","11","0","0","0","0","0","0","0","0","2","0","0","0","","","1","","0","","40 29:40.555","1","0","79 56:29.741","3","0","0","0","2430","0","0","0","N","0","0","0","2","02118","0","","1.0","","1","N","N","","0","","1","0","2","","0","N","","2","1","0","0","0","0","0","2","0","2","","","","N","","","","","","","","","",""
"2019039534","","1","0","0","0","0","0","0","0","0","3","0","","02","4","2019","5","40.636417","-80.064194","0807","11","0","0","0","0","0","0","0","0","","0","0","0","","","1","","0","","40 38:11.100","","7","80 03:51.100","3","0","0","0","2216","0","0","0","N","0","0","0","2","02505","0","","6.0","","1","N","N","","0","","1","0","1","","0","N","","2","1","0","0","0","0","0","2","0","2","","","","N","","","","","","","","","",""
"2019119870","","1","0","0","0","0","0","0","0","0","1","0","","02","10","2019","2","40.457415","-80.175599","1714","11","0","0","0","0","0","1","0","0","","0","0","0","","","0","","0","","40 27:26.695","","0","80 10:32.156","0","0","0","0","2213","0","0","0","N","0","0","0","2","02213","0","","1.0","","1","N","N","","1","","0","0","0","","0","","","2","0","0","0","0","0","0","2","0","2","","","","N","","","","","","","","","",""
"2019038329","","0","0","0","0","0","0","0","0","0","7","0","","02","4","2019","4","40.39675","-80.027079","2318","11","0","0","0","0","0","0","0","0","","0","0","0","","","0","","0","","40 23:48.301","","0","80 01:37.486","0","0","0","0","2301","0","0","0","N","0","0","0","2","02301","0","","5.0","","1","N","N","","0","","0","0","1","","0","","","2","0","0","0","0","0","0","2","0","2","","","","N","","","","","","","","","",""
"2019052961","","0","0","0","0","0","0","0","0","0","7","0","","02","5","2019","6","40.453083","-79.883722","0202","11","0","0","0","0","0","0","0","0","","0","0","0","","","0","","0","","40 27:11.100","","0","79 53:01.400","0","0","0","0","2301","0","0","0","N","0","0","0","1","02301","0","","5.0","","9","N","N","","0","","0","0","1","","0","","","1","0","0","0","0","0","0","2","0","1","","","","N","","","","","","","","","",""
"2019036838","","1","0","0","0","0","0","0","0","0","3","0","","02","4","2019","7","40.427176","-79.989192","0849","11","0","0","0","0","0","0","0","0","","0","0","0","","","0","","0","","40 25:37.834","","7","79 59:21.090","0","0","0","0","2301","0","0","0","N","0","0","0","1","02301","0","","6.0","","3","N","N","","1","","0","0","1","","0","","","3","0","1","0","0","0","0","2","0","3","","","","N","","","","","","","","","",""
"2019054039","","1","0","0","0","0","0","0","0","0","4","0","","02","5","2019","2","40.333153","-79.953891","1225","11","0","0","0","0","0","0","0","2","1","0","0","0","","","0","","1","","40 19:59.352","1","0","79 57:14.006","0","0","0","0","2454","0","0","0","N","0","0","0","3","02454","0","","1.0","","1","N","N","","0","","0","0","1","","3","N","","2","0","0","0","0","0","0","2","0","2","","","","N","","","","","","","","","",""
"2019054022","","1","0","0","0","0","0","0","0","0","4","0","","02","5","2019","4","40.576843","-80.055865","2039","11","0","0","0","0","0","0","0","0","","0","0","0","","","0","","1","","40 34:36.634","","0","80 03:21.114","0","0","0","0","2108","0","0","0","N","0","0","0","2","02108","0","","1.0","","1","N","N","","1","","0","0","0","","3","","","2","0","0","0","0","0","0","2","0","2","","","","N","","","","","","","","","",""
"2019036100","","1","0","0","0","0","0","0","0","0","4","0","","02","4","2019","2","40.369061","-79.782514","1504","11","0","0","0","0","0","2","0","0","","0","0","0","","","0","","2","","40 22:08.618","","0","79 46:57.051","0","0","0","0","2111","0","0","0","N","0","0","0","2","02111","0","","1.0","","1","N","N","","0","","0","0","1","","3","","","2","0","0","0","0","0","0","2","0","2","","","","N","","","","","","","","","",""
"2019037019","","1","0","0","0","0","0","0","0","0","7","0","","02","4","2019","1","40.434531","-79.990513","0323","11","0","0","0","0","0","0","0","0","","0","0","0","","","0","","0","","40 26:04.313","","0","79 59:25.848","9","0","0","0","2301","0","0","0","N","0","0","0","1","02301","0","","5.0","","1","N","N","","0","","0","0","0","","0","","","1","0","0","0","0","0","1","2","0","1","","","","N","","","","","","","","","",""
"2019037352","","1","0","0","0","0","0","0","0","0","4","0","","02","4","2019","2","40.424999","-80.039261","1202","11","0","0","0","0","0","0","0","0","","0","0","0","","","0","","2","","40 25:29.995","","0","80 02:21.341","0","0","0","0","2435","0","0","0","N","0","0","0","2","02435","0","","1.0","","1","N","N","","0","","0","0","1","","3","","","2","0","0","0","0","0","0","2","0","2","","","","N","","","","","","","","","",""
"2019127804","","3","0","1","0","0","0","0","0","0","1","0","","02","12","2019","5","40.473016","-80.03607","1138","11","0","0","0","0","0","1","0","0","","0","0","0","","","1","N","2","","40 28:22.857","","0","80 02:09.852","2","0","0","0","2301","0","0","0","N","0","0","0","4","02301","0","","1.0","","1","N","N","N","0","","0","1","0","","3","","","3","1","0","0","0","0","0","2","0","3","","03","","N","","","","","","","","","",""
"2019119871","","1","0","0","0","0","0","0","0","0","4","0","","02","11","2019","5","40.519134","-80.188338","0855","11","0","0","0","0","0","0","0","0","","0","0","0","","","1","","2","","40 31:08.882","","0","80 11:18.015","3","0","0","0","2213","0","0","0","N","0","0","0","2","02213","0","","1.0","","9","N","N","","0","","1","0","1","","0","","","2","1","0","0","0","0","0","2","0","2","","","","N","","","","","","","","","",""
"2019035811","","1","0","0","0","0","0","0","0","0","1","0","","02","4","2019","3","40.449197","-79.884123","2056","11","0","0","0","0","0","0","1","0","","0","0","0","","","1","","2","","40 26:57.109","","0","79 53:02.842","4","0","0","0","2301","0","0","0","N","0","0","0","2","02301","1","","1.0","","1","N","N","","0","","0","0","1","","3","","","2","1","0","0","0","0","0","2","0","2","","","","N","","","","","","","","","",""
"2019056049","","1","0","0","0","0","0","0","0","0","1","0","","02","5","2019","3","40.660716","-79.983656","1533","11","0","0","1","0","0","1","0","0","","0","0","0","","","0","","2","","40 39:38.576","","0","79 59:01.163","0","0","0","0","2217","0","0","0","N","0","0","0","3","02505","0","","1.0","","1","N","N","","0","","0","0","1","","0","","","2","0","0","0","0","0","0","1","0","2","","","","N","","","","","","","","","",""
"2019036985","","0","0","0","0","0","0","0","0","0","4","0","","02","4","2019","7","40.527727","-79.810974","1433","11","0","0","0","0","0","1","0","0","2","0","0","0","","","0","","0","","40 31:39.817","6","7","79 48:39.508","0","0","0","0","2466","0","0","0","N","0","0","0","5","02466","0","","1.0","","1","N","N","","0","","0","0","2","","0","N","","2","0","0","0","0","0","0","2","0","2","","","","N","","","","","","","","","",""
"2019075887","","1","0","0","0","0","0","0","0","0","1","0","","02","7","2019","1","40.442735","-80.042303","2315","11","0","0","0","0","0","1","0","0","","0","0","0","","","1","Y","0","","40 26:33.847","","0","80 02:32.291","8","0","0","0","2301","0","0","0","N","0","0","0","2","02301","0","","1.0","","1","N","N","","0","","0","0","1","","2","N","","2","1","0","0","0","1","0","2","0","2","","","","N","","","","","","","","","",""
"2019054592","","1","0","0","0","0","0","0","0","0","4","0","","02","5","2019","3","40.438933","-79.765413","1938","11","0","1","0","0","0","1","0","0","1","0","0","0","","","1","","0","","40 26:20.159","3","7","79 45:55.487","8","0","0","0","2446","0","0","0","N","0","0","0","2","02446","0","","1.0","","1","N","N","","0","","0","0","1","","0","N","","2","1","0","0","0","1","0","2","0","2","","","","N","","","","","","","","","",""
"2019115821","","0","0","0","0","0","0","0","0","0","5","1","","02","11","2019","6","40.421939","-80.046186","0735","11","0","0","0","0","0","1","0","0","","0","1","0","","","1","N","3","","40 25:18.982","1","2","80 02:46.269","8","0","0","0","2435","0","0","0","N","0","0","0","2","02435","0","","1.0","755.0","1","N","N","N","0","","0","0","1","","2","N","","2","1","1","0","0","1","0","2","0","2","","03","","N","","","","","","","","","",""
"2019052710","","2","0","0","0","0","0","0","0","0","4","0","","02","5","2019","4","40.433192","-79.798587","1624","11","0","0","0","0","0","0","0","1","","0","0","0","","","0","","0","","40 25:59.492","","7","79 47:54.913","0","0","0","0","2446","0","0","0","N","0","0","0","2","02446","0","","1.0","","1","N","N","","0","","0","0","0","","2","","","2","0","0","0","0","0","0","2","0","2","","","","N","","","","","","","","","",""
"2019039336","","0","0","0","0","0","0","0","0","0","7","0","","02","4","2019","4","40.464667","-79.934167","1508","11","0","0","0","0","0","0","0","0","","0","0","0","","","0","","0","","40 27:52.800","","0","79 56:03.000","9","0","0","0","2301","0","0","0","N","0","0","0","1","02301","0","","5.0","","1","N","N","","0","","0","0","0","","0","","","1","0","1","0","0","0","1","2","1","1","","","","N","","","","","","","","","",""
"2019039878","","0","0","0","0","0","0","0","0","0","7","0","","02","4","2019","5","40.387028","-79.866972","1235","11","0","0","0","0","0","0","0","0","1","0","0","0","","","0","","0","","40 23:13.300","6","7","79 52:01.100","0","0","0","0","2473","0","0","0","N","0","0","0","2","02473","0","","2.0","","1","N","N","","0","","0","0","1","","3","N","","1","0","0","0","0","0","0","2","0","1","","","","N","","","","","","","","","",""
"2019035799","","0","0","0","0","0","0","0","0","0","1","0","","02","4","2019","3","40.429936","-80.028684","1725","11","0","0","0","0","0","1","0","0","","0","0","0","","","0","","3","","40 25:47.769","","2","80 01:43.261","0","0","0","0","2301","0","0","0","N","0","0","0","2","02301","0","","1.0","","1","N","N","","0","","0","0","2","","4","","","2","0","0","0","0","0","0","2","0","2","","","","N","","","","","","","","","",""
"2019054234","","1","0","0","0","0","0","0","0","0","4","0","","02","5","2019","3","40.461357","-79.841127","1857","11","0","0","0","0","0","0","1","0","1","0","0","0","","","0","","0","","40 27:40.885","4","7","79 50:28.057","0","0","0","0","2113","0","0","0","N","0","0","0","2","02113","0","","1.0","","1","N","N","","0","","0","0","1","","0","N","","2","0","0","0","0","0","0","2","0","2","","","","N","","","","","","","","","",""
"2019064012","","0","0","0","0","0","0","0","0","0","7","0","","02","5","2019","4","40.427553","-79.739844","1848","11","0","0","0","0","0","1","0","0","","0","0","0","","","0","","0","","40 25:39.190","","0","79 44:23.439","0","0","0","0","2446","0","0","0","N","0","0","0","1","68T09","0","","3.0","","8","N","N","","0","","0","0","1","","0","","","1","0","0","0","0","0","0","2","0","1","","","","N","","","","","","","","","",""
"2019132183","","0","0","0","0","0","0","0","0","0","1","0","","02","12","2019","5","40.456019","-79.991542","1425","11","0","0","0","0","0","0","0","0","","0","0","0","","","1","","6","","40 27:21.667","","2","79 59:29.550","4","0","0","0","2301","0","0","0","N","0","0","0","2","02301","1","","1.0","","2","N","N","N","1","","0","0","1","","0","","","2","1","0","0","0","0","0","2","0","2","","03","","N","","","","","","","","","",""
"2019054739","","2","0","0","0","0","0","0","0","0","4","0","","02","5","2019","6","40.383575","-79.966996","1544","11","0","0","0","1","1","0","0","0","","0","0","0","","","0","","1","","40 23:00.869","","0","79 58:01.185","0","0","0","0","2403","0","0","0","N","0","0","0","2","02403","0","","1.0","","1","N","N","","0","","0","0","0","","3","N","","2","0","0","0","0","0","0","2","0","2","","","","N","","","","","","","","","",""
"2019113505","","0","0","0","0","0","0","0","0","0","8","1","","02","11","2019","5","40.478385","-79.955638","1409","11","0","0","0","0","0","0","0","0","","1","1","0","","","0","","1","","40 28:42.186","3","0","79 57:20.296","1","0","0","0","2301","1","1","0","N","1","1","0","2","02301","0","2","1.0","1700.0","9","N","N","N","0","0","0","0","0","","2","Y","","2","0","0","0","0","0","0","2","0","1","","","","N","","","","","","","","","",""
"2019135426","","2","0","0","0","0","0","0","0","0","4","0","","02","12","2019","3","40.36071","-79.907679","0721","11","0","0","0","0","0","1","0","0","","0","0","0","","","0","N","0","","40 21:38.555","","7","79 54:27.643","0","0","0","0","2473","0","0","0","N","0","0","0","2","02473","0","","1.0","","9","N","N","N","0","","0","0","0","","2","","","2","0","0","0","0","0","0","2","0","2","","04","","N","","","","","","","","","",""
"2019054434","","2","0","0","0","0","0","0","0","0","4","0","","02","5","2019","3","40.571083","-80.022611","1607","11","0","0","0","0","0","0","1","0","","0","0","0","","","0","","0","","40 34:15.900","","7","80 01:21.400","0","0","0","0","2108","0","0","0","N","0","0","0","2","02108","0","","6.0","","1","N","N","","0","","0","0","0","","0","","","2","0","0","0","0","0","0","2","0","2","","","","N","","","","","","","","","",""
"2019117512","","0","0","0","0","0","0","0","0","0","99","0","","02","11","2019","4","40.647296","-79.721348","1754","11","0","0","0","0","0","1","0","0","","0","0","0","","","0","","0","","40 38:50.267","","0","79 43:16.851","0","0","0","0","2106","0","0","0","N","0","0","0","1","68D02","0","","1.0","","1","N","N","","0","","0","0","1","","0","","","1","0","0","0","0","0","0","2","0","1","","","","N","","","","","","","","","",""
"2019037532","","0","0","0","0","0","0","0","0","0","7","0","","02","4","2019","4","40.378422","-80.148449","0013","11","0","0","0","0","0","0","0","0","","0","0","0","","","0","","3","","40 22:42.319","","0","80 08:54.418","0","0","0","0","2119","0","0","0","N","0","0","0","1","02119","0","","5.0","","1","N","N","","0","","0","0","1","","0","","","1","0","0","0","0","0","0","2","0","1","","","","N","","","","","","","","","",""
"2019035328","","1","0","0","0","0","0","0","0","0","2","0","","02","4","2019","2","40.631247","-80.002811","1545","11","0","0","0","0","0","2","0","0","1","0","0","0","","","0","","0","","40 37:52.490","5","0","80 00:10.119","0","0","0","0","2216","0","0","0","N","0","0","0","2","02505","0","","1.0","","1","N","N","","1","","0","0","0","","0","N","","2","0","0","0","0","0","0","1","0","2","","","","N","","","","","","","","","",""
"2019035406","","1","0","0","0","0","0","0","0","0","4","0","","02","4","2019","2","40.385245","-79.802708","1015","11","0","0","0","0","0","0","0","1","2","0","0","0","","","1","","2","","40 23:06.881","5","0","79 48:09.748","3","0","0","0","2424","0","0","0","N","0","0","0","2","02424","0","","1.0","","1","N","N","","1","","1","0","0","","3","Y","","2","1","1","0","0","0","0","2","0","2","","","","N","","","","","","","","","",""
"2019040389","","2","0","0","0","0","0","0","0","0","1","0","","02","4","2019","2","40.354552","-80.027646","1848","11","0","0","0","0","0","0","1","0","","0","0","0","","","1","","0","","40 21:16.386","","0","80 01:39.527","3","0","0","0","2407","0","0","0","N","0","0","0","3","02407","0","","1.0","","1","N","N","","0","","1","0","0","","0","","","2","1","0","0","0","0","0","2","0","2","","","","N","","","","","","","","","",""
"2019053155","","1","0","0","0","0","0","0","0","0","2","0","","02","5","2019","5","40.485174","-79.946247","2222","11","0","0","0","1","0","0","0","0","1","0","0","0","","","1","","1","","40 29:06.627","5","0","79 56:46.490","4","0","0","0","2301","0","0","0","N","0","0","0","3","02301","1","","1.0","","9","N","N","","1","","0","0","0","","2","Y","","2","1","0","0","0","0","0","2","0","2","","","","N","","","","","","","","","",""
"2019039565","","0","0","0","0","0","0","0","0","0","7","0","","02","4","2019","2","40.402862","-79.780398","0910","11","0","0","0","0","0","0","0","0","3","0","0","0","","","0","","1","","40 24:10.303","7","0","79 46:49.432","0","0","0","0","2453","0","0","0","N","0","0","0","1","02453","0","","5.0","","1","N","N","","1","","0","0","0","","3","Y","","1","0","0","0","0","0","0","2","0","1","","","","N","","","","","","","","","",""
"2019054594","","1","0","0","0","0","0","0","0","0","4","0","","02","5","2019","7","40.462028","-79.923124","1050","11","0","0","0","0","0","0","1","0","","0","0","0","","","0","","1","","40 27:43.300","","0","79 55:23.246","0","0","0","0","2301","0","0","0","N","0","0","0","2","02301","0","","1.0","","9","N","N","","0","","0","0","0","","3","","","2","0","0","0","0","0","0","2","1","2","","","","N","","","","","","","","","",""
"2019134751","","1","0","0","0","0","0","0","0","0","4","1","","02","12","2019","1","40.448804","-79.987505","1824","11","0","0","0","0","0","0","0","0","","0","1","0","","","0","","1","","40 26:55.694","","0","79 59:15.019","0","0","0","0","2301","0","0","0","N","0","0","0","2","02301","0","","1.0","","9","N","N","N","0","","0","0","0","","2","","","2","0","0","0","0","0","0","2","0","2","","05","","N","","","","","","","","","",""
"2019053020","","2","0","0","0","0","0","0","0","0","2","0","","02","5","2019","5","40.58232","-80.037544","1900","11","0","0","0","0","0","0","0","0","","0","0","0","","","0","","0","","40 34:56.352","","7","80 02:15.160","0","0","0","0","2108","0","0","0","N","0","0","0","6","02108","0","","1.0","","1","N","N","","0","","0","0","0","","0","","","2","0","0","0","0","0","0","2","0","2","","","","N","","","","","","","","","",""
"2019039195","","0","0","0","0","0","0","0","0","0","1","0","","02","4","2019","6","40.532992","-79.96618","2219","11","0","0","0","0","0","0","0","0","2","0","0","0","","","0","","0","","40 31:58.772","4","0","79 57:58.247","0","0","0","0","2118","0","0","0","N","0","0","0","1","02118","0","","5.0","","1","N","N","","0","","0","0","2","","0","N","","3","0","0","0","0","0","0","2","1","3","","","","N","","","","","","","","","",""
"2019054172","","0","0","0","0","0","0","0","0","0","1","0","","02","5","2019","3","40.450556","-80.174337","1641","11","0","0","0","0","0","0","0","0","1","0","0","0","","","1","","1","","40 27:02.001","3","0","80 10:27.613","4","0","0","0","2214","0","0","0","N","0","0","0","3","02214","1","","1.0","","1","N","N","","1","","0","0","1","","2","N","","2","1","0","0","0","0","0","2","0","2","","","","N","","","","","","","","","",""
"2019036492","","0","0","0","0","0","0","0","0","0","7","0","","02","3","2019","1","40.542388","-79.773501","0007","11","0","0","0","0","0","0","0","0","2","0","0","0","","","1","","0","","40 32:32.596","5","0","79 46:24.605","3","0","0","0","2462","0","0","0","N","0","0","0","1","02462","0","","5.0","","1","N","N","","0","","1","0","1","","0","N","","1","1","0","0","0","0","0","2","0","1","","","","N","","","","","","","","","",""
"2019058187","","0","0","0","0","0","0","0","0","0","1","0","","02","5","2019","4","40.532783","-80.010822","1107","11","0","0","0","0","0","0","1","0","1","0","0","0","","","0","","0","","40 31:58.019","1","0","80 00:38.960","0","0","0","0","2116","0","0","0","N","0","0","0","2","02116","0","","1.0","","1","N","N","","0","","0","0","1","","0","N","","2","0","0","0","0","0","0","2","1","2","","","","N","","","","","","","","","",""
"2019135323","","1","0","0","0","0","0","0","0","0","4","0","","02","12","2019","2","40.248859","-79.877092","1730","11","0","0","1","0","0","0","0","1","","0","0","0","","","2","N","2","","40 14:55.893","2","0","79 52:37.531","8","0","0","0","2204","0","0","0","N","0","0","0","4","02204","0","","1.0","1800.0","1","N","N","N","0","","0","0","1","","2","N","","2","2","0","0","0","2","0","1","0","2","","","","N","","","","","","","","","",""
"2019039138","","3","0","0","0","0","0","0","0","0","4","0","","02","4","2019","6","40.439361","-79.768556","1901","11","0","0","0","0","1","1","0","0","","0","0","0","","","0","","0","","40 26:21.700","","7","79 46:06.800","0","0","0","0","2446","0","0","0","N","0","0","0","3","02446","0","","1.0","","1","N","N","","0","","0","0","0","","0","","","3","0","0","0","0","0","0","2","0","3","","","","N","","","","","","","","","",""
"2019117330","","0","0","0","0","0","0","0","0","0","5","0","55","02","11","2019","4","40.476534","-79.767715","0803","11","0","0","0","0","0","0","0","0","","0","0","0","","","0","","0","","40 28:35.524","","0","79 46:03.773","0","0","0","0","2466","0","0","0","N","0","0","0","2","68T02","0","","1.0","","1","N","N","","0","","0","0","2","","0","","","2","0","0","0","0","0","0","2","0","2","","","N","Y","2","1","N","N","N","N","N","N","Y",""
"2019052330","","2","0","0","0","0","0","0","0","0","4","0","","02","5","2019","4","40.446806","-79.989261","1821","11","0","0","0","0","0","1","0","0","","0","0","0","","","0","","2","","40 26:48.500","","0","79 59:21.341","0","0","0","0","2301","0","0","0","N","0","0","0","2","02301","0","","1.0","","1","N","N","","0","","0","0","0","","0","","","2","0","0","0","0","0","0","2","0","2","","","","N","","","","","","","","","",""