"CRN","ARRIVAL_TM","AUTOMOBILE_COUNT","BELTED_DEATH_COUNT","BELTED_SUSP_SERIOUS_INJ_COUNT","BICYCLE_COUNT","BICYCLE_DEATH_COUNT","BICYCLE_SUSP_SERIOUS_INJ_COUNT","BUS_COUNT","CHLDPAS_DEATH_COUNT","CHLDPAS_SUSP_SERIOUS_INJ_COUNT","COLLISION_TYPE","COMM_VEH_COUNT","CONS_ZONE_SPD_LIM","COUNTY","CRASH_MONTH","CRASH_YEAR","DAY_OF_WEEK","DEC_LATITUDE","DEC_LONGITUDE","DISPATCH_TM","DISTRICT","DRIVER_COUNT_16YR","DRIVER_COUNT_17YR","DRIVER_COUNT_18YR","DRIVER_COUNT_19YR","DRIVER_COUNT_20YR","DRIVER_COUNT_50_64YR","DRIVER_COUNT_65_74YR","DRIVER_COUNT_75PLUS","EST_HRS_CLOSED","FATAL_COUNT","HEAVY_TRUCK_COUNT","HORSE_BUGGY_COUNT","HOUR_OF_DAY","ILLUMINATION","INJURY_COUNT","INTERSECTION_RELATED","INTERSECT_TYPE","LANE_CLOSED","LATITUDE","LN_CLOSE_DIR","LOCATION_TYPE","LONGITUDE","MAX_SEVERITY_LEVEL","MCYCLE_DEATH_COUNT","MCYCLE_SUSP_SERIOUS_INJ_COUNT","MOTORCYCLE_COUNT","MUNICIPALITY","NONMOTR_COUNT","NONMOTR_DEATH_COUNT","NONMOTR_SUSP_SERIOUS_INJ_COUNT","NTFY_HIWY_MAINT","PED_COUNT","PED_DEATH_COUNT","PED_SUSP_SERIOUS_INJ_COUNT","PERSON_COUNT","POLICE_AGCY","POSSIBLE_INJ_COUNT","RDWY_SURF_TYPE_CD","RELATION_TO_ROAD","ROADWAY_CLEARED","ROAD_CONDITION","SCH_BUS_IND","SCH_ZONE_IND","SECONDARY_CRASH","SMALL_TRUCK_COUNT","SPEC_JURIS_CD","SUSP_MINOR_INJ_COUNT","SUSP_SERIOUS_INJ_COUNT","SUV_COUNT","TCD_FUNC_CD","TCD_TYPE","TFC_DETOUR_IND","TIME_OF_DAY","TOTAL_UNITS","TOT_INJ_COUNT","UNBELTED_OCC_COUNT","UNB_DEATH_COUNT","UNB_SUSP_SERIOUS_INJ_COUNT","UNK_INJ_DEG_COUNT","UNK_INJ_PER_COUNT","URBAN_RURAL","VAN_COUNT","VEHICLE_COUNT","WEATHER1","WEATHER2","WORKERS_PRES","WORK_ZONE_IND","WORK_ZONE_LOC","WORK_ZONE_TYPE","WZ_CLOSE_DETOUR","WZ_FLAGGER","WZ_LAW_OFFCR_IND","WZ_LN_CLOSURE","WZ_MOVING","WZ_OTHER","WZ_SHLDER_MDN","WZ_WORKERS_INJ_KILLED"
"2019117521","","0","0","0","0","0","0","0","0","0","7","0","","02","11","2019","6","40.577553","-79.785705","0701","11","0","0","0","0","0","0","0","0","","0","0","0","","","0","","0","","40 34:39.190","","0","79 47:08.537","0","0","0","0","2104","0","0","0","Y","0","0","0","1","68D02","0","","3.0","","1","N","N","","1","","0","0","0","","0","","","1","0","0","0","0","0","0","2","0","1","","","","N","","","","","","","","","",""
"2019026093","","1","0","0","0","0","0","0","0","0","1","0","","02","3","2019","3","40.40922","-79.897848","1719","11","0","0","0","0","0","2","0","0","1","0","0","0","","","1","","2","","40 24:33.192","3","0","79 53:52.254","8","0","0","0","2448","0","0","0","N","0","0","0","4","02448","0","","1.0","","9","N","N","","0","","0","0","2","","0","Y","","3","1","0","0","0","1","0","2","0","3","","","","N","","","","","","","","","",""
"2019119494","","2","0","0","0","0","0","0","0","0","6","0","","02","11","2019","2","40.354838","-80.036499","0652","11","0","0","0","0","0","0","0","0","","0","0","0","","","0","","1","","40 21:17.418","","0","80 02:11.396","0","0","0","0","2109","0","0","0","N","0","0","0","3","02109","0","","1.0","","1","N","N","","0","","0","0","0","","2","","","3","0","0","0","0","0","0","2","1","3","","","","N","","","","","","","","","",""
"2019113168","","1","0","0","0","0","0","0","0","0","5","1","","02","11","2019","5","40.440444","-80.080449","0803","11","0","0","0","0","0","0","0","0","","0","1","0","","","0","","5","","40 26:25.597","","0","80 04:49.616","0","0","0","0","2301","0","0","0","N","0","0","0","2","02301","0","","1.0","","9","N","N","N","0","","0","0","0","","2","N","","2","0","0","0","0","0","0","2","0","2","","","","N","","","","","","","","","",""
"2019037101","","1","0","0","0","0","0","0","0","0","1","0","","02","4","2019","6","40.667361","-80.096376","2203","11","0","0","0","0","0","3","0","0","2","0","0","0","","","0","","2","","40 40:02.499","1","0","80 05:46.955","0","0","0","0","2212","0","0","0","N","0","0","0","11","02505","0","","1.0","","1","N","N","","0","","0","0","2","","2","Y","","4","0","0","0","0","0","0","2","1","4","","","","N","","","","","","","","","",""
"2019116463","","0","0","0","0","0","0","0","0","0","8","0","","02","10","2019","4","40.512624","-80.215369","0727","11","0","0","0","0","0","0","0","0","","0","0","0","","","1","","1","","40 30:45.445","","0","80 12:55.329","8","0","0","0","2213","1","0","0","N","1","0","0","2","02213","0","","1.0","","1","N","Y","","0","","0","0","1","","3","","","2","1","0","0","0","1","0","2","0","1","","","","N","","","","","","","","","",""
"2019034513","","0","0","0","0","0","0","0","0","0","7","0","","02","3","2019","6","40.457147","-79.772581","1430","11","0","0","0","0","0","1","0","0","3","0","0","0","","","0","","0","","40 27:25.728","5","0","79 46:21.293","0","0","0","0","2466","0","0","0","N","0","0","0","1","02466","0","","5.0","","9","N","N","","0","","0","0","1","","0","Y","","1","0","0","0","0","0","0","2","0","1","","","","N","","","","","","","","","",""
"2019029238","","2","0","0","0","0","0","0","0","0","1","0","","02","3","2019","5","40.456275","-79.991028","0738","11","0","0","0","0","0","0","0","0","","0","0","0","","","0","","0","","40 27:22.590","","0","79 59:27.702","0","0","0","0","2301","0","0","0","N","0","0","0","2","02301","0","","1.0","","1","N","N","","0","","0","0","0","","0","","","2","0","0","0","0","0","0","2","0","2","","","","N","","","","","","","","","",""
"2019108701","","2","0","0","0","0","0","0","0","0","5","0","","02","10","2019","7","40.390094","-79.972509","","11","0","0","0","0","0","0","0","0","","0","0","0","","","0","","0","","40 23:24.339","","0","79 58:21.034","0","0","0","0","2403","0","0","0","N","0","0","0","1","02403","0","","4.0","","9","N","N","","0","","0","0","0","","0","N","","2","0","1","0","0","0","0","2","0","2","","","","N","","","","","","","","","",""
"2019028790","","4","0","0","0","0","0","0","0","0","4","0","","02","3","2019","3","40.439361","-80.023944","2103","11","0","0","0","0","0","0","0","0","1","0","0","0","","","0","","0","","40 26:21.700","7","0","80 01:26.200","0","0","0","0","2301","0","0","0","N","0","0","0","1","02301","0","","1.0","","1","N","N","","0","","0","0","1","","0","Y","","5","0","0","0","0","0","0","2","0","5","","","","N","","","","","","","","","",""
"2019062891","","0","0","0","0","0","0","0","0","0","1","0","","02","6","2019","6","40.34678","-79.792446","1700","11","0","0","0","0","0","0","1","0","1","0","0","0","","","2","","2","","40 20:48.408","1","0","79 47:32.805","2","0","1","1","2477","0","0","0","N","0","0","0","3","02477","1","","1.0","","1","N","N","","1","","0","1","0","","0","N","","2","2","0","0","0","0","0","2","0","2","","","","N","","","","","","","","","",""
"2019035886","","2","0","0","0","0","0","0","0","0","5","0","","02","4","2019","4","40.429416","-79.999988","0739","11","0","0","0","0","0","1","0","0","","0","0","0","","","0","","0","","40 25:45.899","","0","79 59:59.955","9","0","0","0","2301","0","0","0","N","0","0","0","3","02301","0","","1.0","","1","N","N","","1","","0","0","0","","0","","","3","0","0","0","0","0","1","2","0","3","","","","N","","","","","","","","","",""
"2019107114","","1","0","0","0","0","0","0","0","0","7","0","","02","10","2019","7","40.350153","-79.861862","2203","11","0","0","0","0","0","0","0","0","1","0","0","0","","","0","","1","","40 21:00.550","7","0","79 51:42.703","0","0","0","0","2304","0","0","0","N","0","0","0","1","02304","0","","5.0","","1","N","N","","0","","0","0","0","","3","Y","","1","0","0","0","0","0","0","2","0","1","","","","Y","","","","","","","","","",""
"2019036435","","1","0","0","0","0","0","0","0","0","7","0","","02","4","2019","5","40.556","-80.220479","1325","11","0","0","0","0","0","1","0","0","","0","0","0","","","0","","0","","40 33:21.600","","0","80 13:13.723","0","0","0","0","2103","0","0","0","Y","0","0","0","1","02103","0","","5.0","","1","N","N","","0","","0","0","0","","0","","","1","0","0","0","0","0","0","2","0","1","","","","N","","","","","","","","","",""
"2019027457","","2","0","0","0","0","0","0","0","0","4","0","","02","3","2019","6","40.575045","-80.075417","1658","11","0","0","0","0","0","0","1","0","","0","0","0","","","1","","1","","40 34:30.163","","0","80 04:31.501","3","0","0","0","2481","0","0","0","N","0","0","0","2","02481","0","","1.0","","1","N","N","","0","","1","0","0","","3","","","2","1","0","0","0","0","0","2","0","2","","","","N","","","","","","","","","",""
"2019095251","","1","0","0","0","0","0","0","0","0","1","0","","02","9","2019","3","40.521439","-80.005313","2112","11","0","0","0","0","0","0","0","0","1","0","0","0","","","0","","0","","40 31:17.180","1","0","80 00:19.127","0","0","0","0","2116","0","0","0","N","0","0","0","1","02116","0","","1.0","","1","N","N","","1","","0","0","0","","0","N","","2","0","0","0","0","0","0","2","0","2","","","","N","","","","","","","","","",""
"2019037144","","2","0","0","0","0","0","0","0","0","4","0","","02","4","2019","1","40.398878","-80.025487","1806","11","0","0","0","0","0","0","0","0","","0","0","0","","","0","","0","","40 23:55.960","","7","80 01:31.754","0","0","0","0","2301","0","0","0","N","0","0","0","2","02301","0","","1.0","","1","N","N","","0","","0","0","0","","0","","","2","0","0","0","0","0","0","2","0","2","","","","N","","","","","","","","","",""
"2019036132","","1","0","0","0","0","0","0","0","0","7","0","","02","3","2019","1","40.214823","-79.831319","0436","11","0","0","0","0","0","0","0","0","","0","0","0","","","1","","0","","40 12:53.361","","0","79 49:52.748","8","0","0","0","2105","0","0","0","N","0","0","0","1","02105","0","","5.0","","9","N","N","","0","","0","0","0","","0","","","1","1","0","0","0","1","0","1","0","1","","","","N","","","","","","","","","",""
"2019040613","","1","0","0","0","0","0","0","0","0","4","0","","02","4","2019","5","40.571955","-80.036446","1644","11","0","0","1","0","0","0","1","0","1","0","0","0","","","0","","0","","40 34:19.039","3","7","80 02:11.205","0","0","0","0","2108","0","0","0","N","0","0","0","4","02108","0","","1.0","","1","N","N","","0","","0","0","2","","0","N","","3","0","0","0","0","0","0","2","0","3","","","","N","","","","","","","","","",""
"2019114384","","1","0","0","0","0","0","0","0","0","5","0","","02","10","2019","3","40.526323","-80.158562","1455","11","0","0","0","0","0","0","1","0","","0","0","0","","","0","","1","","40 31:34.762","","0","80 09:30.824","0","0","0","0","2436","0","0","0","N","0","0","0","2","68B03","0","","1.0","","1","N","N","","0","","0","0","1","","2","","","2","0","0","0","0","0","0","2","0","2","","","","N","","","","","","","","","",""
"2019035001","","2","0","0","0","0","0","0","0","0","4","0","","02","4","2019","2","40.436017","-79.972775","0016","11","0","0","0","0","0","1","0","0","","0","0","0","","","0","","7","","40 26:09.660","","2","79 58:21.990","0","0","0","0","2301","0","0","0","N","0","0","0","1","02301","0","","1.0","","1","N","N","","0","","0","0","0","","0","","","2","0","0","0","0","0","0","2","0","2","","","","N","","","","","","","","","",""
"2019114395","","1","0","0","0","0","0","0","0","0","1","0","","02","10","2019","7","40.447072","-80.166948","1834","11","0","0","0","0","1","0","0","0","","0","0","0","","","1","","0","","40 26:49.458","","0","80 10:01.011","3","0","0","0","2115","0","0","0","N","0","0","0","6","68B03","0","","1.0","","1","N","N","","0","","1","0","1","","3","","","2","1","0","0","0","0","0","2","0","2","","","","N","","","","","","","","","",""
"2019027396","","0","0","0","0","0","0","0","0","0","4","0","","02","3","2019","6","40.275194","-79.892468","1516","11","0","0","0","0","0","0","1","0","","0","0","0","","","0","","6","","40 16:30.697","","2","79 53:32.885","0","0","0","0","2471","0","0","0","N","0","0","0","3","02428","0","","7.0","","1","N","N","","0","","0","0","2","","0","N","","2","0","0","0","0","0","0","2","0","2","","","","N","","","","","","","","","",""
"2019034281","","1","0","0","0","0","0","0","0","0","4","0","","02","3","2019","3","40.588258","-80.048717","1605","11","0","0","0","0","0","0","0","0","2","0","0","0","","","2","","2","","40 35:17.730","5","0","80 02:55.380","4","0","0","0","2108","0","0","0","N","0","0","0","5","02108","1","","1.0","","1","N","N","","0","","0","0","2","","3","Y","","3","2","0","0","0","1","0","2","0","3","","","","N","","","","","","","","","",""
"2019108309","","1","0","0","0","0","0","0","0","0","8","0","","02","10","2019","4","40.382343","-80.044007","1827","11","0","0","0","0","0","0","0","0","1","0","0","0","","","1","","2","","40 22:56.434","5","0","80 02:38.426","8","0","0","0","2109","1","0","0","N","1","0","0","2","02109","0","","1.0","","1","N","N","","0","","0","0","0","","2","N","","2","1","0","0","0","1","0","2","0","1","","","","N","","","","","","","","","",""
"2019114400","","2","0","0","0","0","0","0","0","0","1","0","","02","10","2019","5","40.436499","-79.86551","1625","11","0","0","0","0","0","0","1","0","2","0","0","0","","","2","N","0","","40 26:11.395","3","0","79 51:55.837","3","0","0","0","2478","0","0","0","N","0","0","0","3","68B03","0","","1.0","","1","N","N","","0","","2","0","1","","0","N","","3","2","2","0","0","0","0","2","0","3","","","","N","","","","","","","","","",""
"2019115405","","1","0","0","0","0","0","0","0","0","1","1","","02","11","2019","3","40.458764","-80.03049","1516","11","0","0","0","0","0","0","0","0","","0","1","0","","","0","N","6","","40 27:31.549","2","2","80 01:49.763","0","0","0","0","2301","0","0","0","N","0","0","0","2","02301","0","","1.0","1645.0","2","N","N","N","0","","0","0","0","","9","N","","2","0","0","0","0","0","0","2","0","2","","04","","N","","","","","","","","","",""
"2019117181","","2","0","0","0","0","0","0","0","0","5","0","","02","11","2019","1","40.595553","-79.914516","1811","11","0","0","0","0","0","0","2","0","","0","0","0","","","1","","0","","40 35:43.992","","0","79 54:52.259","8","0","0","0","2207","0","0","0","N","0","0","0","2","68T02","0","","1.0","","1","N","N","","0","","0","0","0","","0","","","2","1","0","0","0","1","0","1","0","2","","","","N","","","","","","","","","",""
"2019109185","","3","0","0","0","0","0","0","0","0","2","0","","02","10","2019","3","40.43786","-79.930746","0832","11","0","0","0","0","0","1","1","1","","0","0","0","","","0","","1","","40 26:16.296","","0","79 55:50.685","0","0","0","0","2301","0","0","0","N","0","0","0","4","02301","0","","1.0","","1","N","N","","0","","0","0","0","","3","","","3","0","0","0","0","0","0","2","0","3","","","","N","","","","","","","","","",""
"2019036722","","1","0","0","0","0","0","0","0","0","7","0","","02","4","2019","4","40.514627","-80.115556","1438","11","0","0","0","0","0","0","0","0","2","0","0","0","","","1","","0","","40 30:52.656","2","0","80 06:56.003","3","0","0","0","2211","0","0","0","Y","0","0","0","2","02215","0","","3.0","","1","N","N","","0","","1","0","1","","0","Y","","2","1","0","0","0","0","1","2","0","2","","","","N","","","","","","","","","",""
"2019116541","","1","0","0","0","0","0","0","0","0","7","0","","02","9","2019","6","40.6463","-79.797692","0555","11","0","0","0","0","0","0","0","0","","0","0","0","","","0","","0","","40 38:46.680","","0","79 47:51.690","9","0","0","0","2202","0","0","0","N","0","0","0","1","68D02","0","","4.0","","1","N","N","","0","","0","0","0","","0","","","1","0","0","0","0","0","1","1","0","1","","","","N","","","","","","","","","",""
"2019037983","","1","0","0","0","0","0","0","0","0","7","0","","02","4","2019","1","40.598748","-79.829311","1517","11","0","0","0","0","0","0","0","0","2","0","0","0","","","2","","0","","40 35:55.491","5","0","79 49:45.519","8","0","0","0","2220","0","0","0","N","0","0","0","2","02220","0","","2.0","","1","N","N","","0","","0","0","0","","0","N","","1","2","1","0","0","2","0","1","0","1","","","","N","","","","","","","","","",""
"2019108445","","1","0","0","0","0","0","0","0","0","7","0","","02","10","2019","7","40.42133","-79.886085","1027","11","0","0","0","0","0","1","0","0","","0","0","0","","","0","","2","","40 25:16.788","","0","79 53:09.906","0","0","0","0","2463","0","0","0","N","0","0","0","1","02463","0","","5.0","","1","N","N","","0","","0","0","0","","3","","","1","0","0","0","0","0","0","2","0","1","","","","N","","","","","","","","","",""
"2019034657","","0","0","0","0","0","0","0","0","0","7","0","","02","3","2019","5","40.523722","-79.988389","1448","11","0","0","0","0","0","0","0","0","","0","0","0","","","1","","0","","40 31:25.400","","0","79 59:18.200","3","0","0","0","2116","0","0","0","N","0","0","0","1","02116","0","","5.0","","1","N","N","","0","","1","0","2","","0","","","2","1","1","0","0","0","0","2","0","2","","","","N","","","","","","","","","",""
"2019038005","","2","0","0","0","0","0","0","0","0","4","0","","02","4","2019","5","40.50902","-80.091197","1142","11","0","0","0","0","0","0","0","0","1","0","0","0","","","1","","0","","40 30:32.473","2","0","80 05:28.308","4","0","0","0","2429","0","0","0","N","0","0","0","2","02215","1","","1.0","","1","N","N","","0","","0","0","0","","0","N","","2","1","0","0","0","0","0","2","0","2","","","","N","","","","","","","","","",""
"2019028910","","1","0","0","0","0","0","0","0","0","2","0","","02","3","2019","7","40.332417","-80.070323","1945","11","0","1","0","0","0","0","1","0","","0","0","0","","","0","","2","","40 19:56.701","","7","80 04:13.161","0","0","0","0","2123","0","0","0","N","0","0","0","3","02123","0","","1.0","","9","N","N","","0","","0","0","1","","2","","","2","0","0","0","0","0","0","2","0","2","","","","N","","","","","","","","","",""
"2019035562","","4","0","0","0","0","0","0","0","0","1","0","","02","4","2019","2","40.672285","-80.098117","1640","11","0","0","0","1","0","0","0","0","","0","0","0","","","0","","0","","40 40:20.226","","0","80 05:53.221","0","0","0","0","2212","0","0","0","N","0","0","0","4","02505","0","","1.0","","1","N","N","","0","","0","0","0","","2","","","4","0","2","0","0","0","0","2","0","4","","","","N","","","","","","","","","",""
"2019026048","","3","0","0","0","0","0","0","0","0","2","0","","02","3","2019","3","40.467471","-79.705655","1541","11","0","0","0","0","0","1","0","0","1","0","0","0","","","0","","0","","40 28:02.895","3","0","79 42:20.359","0","0","0","0","2466","0","0","0","N","0","0","0","6","02466","0","","1.0","","1","N","N","","0","","0","0","0","","0","N","","3","0","1","0","0","0","0","2","0","3","","","","N","","","","","","","","","",""
"2019109888","","1","0","0","0","0","0","0","0","0","7","0","","02","10","2019","7","40.572128","-80.023504","0154","11","0","0","0","0","0","0","0","0","2","0","0","0","","","0","","1","","40 34:19.660","6","0","80 01:24.616","0","0","0","0","2108","0","0","0","N","0","0","0","1","02108","0","","4.0","","1","N","N","","0","","0","0","0","","0","N","","1","0","0","0","0","0","0","2","0","1","","","","N","","","","","","","","","",""
"2019036823","","1","0","0","0","0","0","0","0","0","4","0","","02","4","2019","6","40.613871","-79.948702","1215","11","0","0","0","0","0","0","0","1","","0","0","0","","","0","","1","","40 36:49.937","","0","79 56:55.326","0","0","0","0","2207","0","0","0","N","0","0","0","2","02207","0","","1.0","","1","N","N","","0","","0","0","1","","0","","","2","0","0","0","0","0","0","2","0","2","","","","N","","","","","","","","","",""
"2019027555","","1","0","0","0","0","0","0","0","0","4","0","","02","3","2019","6","40.378805","-80.045633","1847","11","0","0","0","0","0","1","0","0","","0","0","0","","","1","","0","","40 22:43.698","","7","80 02:44.277","4","0","0","0","2109","0","0","0","N","0","0","0","3","02109","1","","1.0","","1","N","N","","1","","0","0","0","","0","","","2","1","0","0","0","0","0","2","0","2","","","","N","","","","","","","","","",""
"2019029506","","1","0","0","0","0","0","0","0","0","1","0","","02","3","2019","5","40.485245","-80.025166","2020","11","0","0","0","0","0","1","0","0","","0","0","0","","","0","","2","","40 29:06.881","","0","80 01:30.597","0","0","0","0","2301","0","0","0","N","0","0","0","2","02301","0","","1.0","","1","N","N","","1","","0","0","0","","3","","","2","0","0","0","0","0","0","2","0","2","","","","N","","","","","","","","","",""
"2019026793","","1","0","0","0","0","0","0","0","0","1","0","","02","3","2019","4","40.366495","-80.048724","0651","11","0","0","0","0","0","1","0","0","2","0","0","0","","","0","","2","","40 21:59.381","1","0","80 02:55.405","0","0","0","0","2109","0","0","0","N","0","0","0","2","02109","0","","1.0","","1","N","N","","0","","0","0","1","","2","N","","2","0","0","0","0","0","0","2","0","2","","","","N","","","","","","","","","",""
"2019107975","","1","0","0","0","0","0","0","0","0","2","0","","02","10","2019","6","40.385614","-79.984181","1630","11","0","0","0","0","0","1","0","0","","0","0","0","","","1","","0","","40 23:08.209","","0","79 59:03.053","4","0","0","0","2301","0","0","0","N","0","0","0","2","02301","1","","1.0","","1","N","N","","0","","0","0","0","","0","N","","2","1","0","0","0","0","0","2","1","2","","","","N","","","","","","","","","",""
"2019108715","","2","0","0","0","0","0","0","0","0","1","0","","02","10","2019","3","40.425056","-80.11992","0640","11","0","0","0","0","1","0","0","0","1","0","0","0","","","1","","0","","40 25:30.203","4","0","80 07:11.712","3","0","0","0","2115","0","0","0","N","0","0","0","4","68B03","0","","1.0","","1","N","N","","2","","1","0","0","","0","N","","4","1","0","0","0","0","0","2","0","4","","","","N","","","","","","","","","",""
"2019028990","","0","0","0","0","0","0","0","0","0","8","0","","02","3","2019","4","40.451899","-79.951997","1425","11","0","0","0","0","0","1","0","0","","0","0","0","","","1","","1","","40 27:06.836","","0","79 57:07.188","3","0","0","0","2301","1","0","0","N","1","0","0","2","02301","0","","1.0","","1","N","N","","0","","1","0","1","","2","","","2","1","0","0","0","0","0","2","0","1","","","","N","","","","","","","","","",""
"2019035379","","1","0","0","0","0","0","0","0","0","5","0","","02","4","2019","3","40.468861","-80.068611","0240","11","0","0","0","0","0","0","0","0","2","0","0","0","","","1","","0","","40 28:07.900","6","0","80 04:07.000","4","0","0","0","2444","0","0","0","N","0","0","0","1","02444","1","","6.0","","1","N","N","","0","","0","0","1","","0","Y","","2","1","0","0","0","0","0","2","0","2","","","","N","","","","","","","","","",""
"2019035536","","1","0","0","0","0","0","0","0","0","4","0","","02","4","2019","2","40.461881","-79.905674","1250","11","0","0","0","0","0","0","2","0","1","0","0","0","","","0","","0","","40 27:42.771","1","7","79 54:20.427","0","0","0","0","2301","0","0","0","N","0","0","0","2","02301","0","","1.0","","1","N","N","","0","","0","0","1","","0","N","","2","0","0","0","0","0","0","2","0","2","","","","N","","","","","","","","","",""
"2019027448","","1","0","0","0","0","0","0","0","0","7","0","","02","3","2019","6","40.465806","-79.865889","1824","11","0","0","0","0","0","0","0","0","","0","0","0","","","0","","0","","40 27:56.900","","0","79 51:57.200","0","0","0","0","2113","0","0","0","N","0","0","0","1","02113","0","","2.0","","1","N","N","","0","","0","0","0","","0","N","","1","0","0","0","0","0","0","2","0","1","","","","N","","","","","","","","","",""
"2019110930","","0","0","0","0","0","0","0","0","0","1","0","","02","10","2019","3","40.369493","-80.049432","1710","11","0","0","0","0","0","1","0","0","1","0","0","0","","","1","","0","","40 22:10.174","2","0","80 02:57.956","4","0","0","0","2109","0","0","0","N","0","0","0","4","02109","1","","1.0","","1","N","N","","0","","0","0","3","","0","N","","3","1","0","0","0","0","0","2","0","3","","","","N","","","","","","","","","",""
"2019036855","","2","0","0","0","0","0","0","0","0","2","0","","02","4","2019","7","40.458667","-79.907972","1205","11","0","0","0","0","0","1","0","0","1","0","0","0","","","0","","1","","40 27:31.202","1","0","79 54:28.700","0","0","0","0","2301","0","0","0","N","0","0","0","3","02301","0","","1.0","","1","N","N","","0","","0","0","0","","2","N","","2","0","0","0","0","0","0","2","0","2","","","","N","","","","","","","","","",""
"2019107979","","0","0","0","0","0","0","0","0","0","1","0","","02","10","2019","6","40.477269","-79.743873","1504","11","0","0","0","0","0","0","0","1","1","0","0","0","","","0","","2","","40 28:38.167","1","0","79 44:37.941","0","0","0","0","2466","0","0","0","N","0","0","0","2","02466","0","","1.0","","1","N","N","","0","","0","0","2","","0","N","","2","0","0","0","0","0","0","2","0","2","","","","N","","","","","","","","","",""
"2019039075","","1","0","0","0","0","0","0","0","0","4","0","","02","4","2019","5","40.329019","-80.027756","1454","11","0","0","1","0","0","0","0","0","","0","0","0","","","0","","2","","40 19:44.470","","0","80 01:39.920","0","0","0","0","2407","0","0","0","N","0","0","0","2","02407","0","","1.0","","1","N","N","","0","","0","0","0","","0","","","2","0","0","0","0","0","0","2","1","2","","","","N","","","","","","","","","",""
"2019029516","","2","0","0","0","0","0","0","0","0","4","0","","02","3","2019","5","40.525004","-79.838492","1600","11","0","0","1","0","0","0","0","0","1","0","0","0","","","1","","1","","40 31:30.013","7","0","79 50:18.570","3","0","0","0","2451","0","0","0","N","0","0","0","3","02451","0","","1.0","","1","N","N","","0","","1","0","0","","3","N","","2","1","0","0","0","0","0","2","0","2","","","","N","","","","","","","","","",""
"2019034928","","1","0","0","0","0","0","0","0","0","4","0","","02","3","2019","1","40.428115","-79.934449","1838","11","0","0","0","0","0","2","0","0","","0","0","0","","","0","","0","","40 25:41.213","","0","79 56:04.017","0","0","0","0","2301","0","0","0","N","0","0","0","2","02301","0","","1.0","","1","N","N","","1","","0","0","0","","0","","","2","0","0","0","0","0","0","2","0","2","","","","N","","","","","","","","","",""
"2019106392","","1","0","0","0","0","0","0","0","0","1","0","","02","10","2019","2","40.578662","-79.953381","1637","11","0","0","0","0","0","0","0","0","","0","0","0","","","0","","0","","40 34:43.182","","0","79 57:12.170","0","0","0","0","2207","0","0","0","N","0","0","0","2","02207","0","","1.0","","1","N","N","","0","","0","0","1","","0","","","2","0","0","0","0","0","0","2","0","2","","","","N","","","","","","","","","",""
"2019038687","","0","0","0","0","0","0","0","0","0","4","0","","02","4","2019","5","40.341241","-80.078188","1657","11","0","0","0","0","0","2","0","0","2","0","0","0","","","2","","0","","40 20:28.467","4","0","80 04:41.476","3","0","0","0","2123","0","0","0","N","0","0","0","4","02123","0","","1.0","","1","N","N","","0","","2","0","2","","0","N","","2","2","0","0","0","0","0","2","0","2","","","","N","","","","","","","","","",""
"2019114434","","3","0","0","0","0","0","0","0","0","1","0","","02","11","2019","4","40.507049","-80.037937","0730","11","0","1","0","0","0","0","0","0","1","0","0","0","","","0","","0","","40 30:25.377","2","0","80 02:16.573","0","0","0","0","2116","0","0","0","N","0","0","0","3","68B03","0","","1.0","","1","N","N","","0","","0","0","0","","0","N","","3","0","0","0","0","0","0","2","0","3","","","","N","","","","","","","","","",""
"2019109719","","1","0","0","0","0","0","0","0","0","99","0","","02","10","2019","1","40.588375","-79.883651","2326","11","0","0","0","0","0","0","0","0","1","0","0","0","","","0","","0","","40 35:18.150","3","0","79 53:01.142","0","0","0","0","2209","0","0","0","N","0","0","0","1","68T02","0","","1.0","","1","N","N","","0","","0","0","0","","0","N","","1","0","0","0","0","0","0","2","0","1","","","","N","","","","","","","","","",""
"2019114392","","3","0","0","0","0","0","0","0","0","1","0","","02","10","2019","5","40.39568","-79.838609","0917","11","0","0","0","1","0","0","0","0","2","0","0","0","","","0","","0","","40 23:44.448","4","0","79 50:18.993","0","0","0","0","2425","0","0","0","N","0","0","0","3","68B03","0","","1.0","","1","N","N","","0","","0","0","0","","2","N","","3","0","0","0","0","0","0","2","0","3","","","","N","","","","","","","","","",""
"2019110928","","1","0","0","0","0","0","0","0","0","4","0","","02","10","2019","5","40.376049","-80.036505","0749","11","0","0","0","0","0","0","1","0","2","0","0","0","","","0","","2","","40 22:33.777","3","0","80 02:11.417","0","0","0","0","2109","0","0","0","N","0","0","0","3","02109","0","","1.0","","1","N","N","","0","","0","0","1","","2","N","","2","0","0","0","0","0","0","2","0","2","","","","N","","","","","","","","","",""
"2019035986","","2","0","0","0","0","0","0","0","0","2","0","","02","4","2019","4","40.475668","-80.012115","1555","11","0","0","0","0","0","0","0","0","","0","0","0","","","2","","3","","40 28:32.404","","0","80 00:43.614","3","0","0","0","2301","0","0","0","N","0","0","0","2","02301","1","","1.0","","1","N","N","","0","","1","0","0","","0","","","2","2","0","0","0","0","0","2","0","2","","","","N","","","","","","","","","",""