"CRN","ARRIVAL_TM","AUTOMOBILE_COUNT","BELTED_DEATH_COUNT","BELTED_SUSP_SERIOUS_INJ_COUNT","BICYCLE_COUNT","BICYCLE_DEATH_COUNT","BICYCLE_SUSP_SERIOUS_INJ_COUNT","BUS_COUNT","CHLDPAS_DEATH_COUNT","CHLDPAS_SUSP_SERIOUS_INJ_COUNT","COLLISION_TYPE","COMM_VEH_COUNT","CONS_ZONE_SPD_LIM","COUNTY","CRASH_MONTH","CRASH_YEAR","DAY_OF_WEEK","DEC_LATITUDE","DEC_LONGITUDE","DISPATCH_TM","DISTRICT","DRIVER_COUNT_16YR","DRIVER_COUNT_17YR","DRIVER_COUNT_18YR","DRIVER_COUNT_19YR","DRIVER_COUNT_20YR","DRIVER_COUNT_50_64YR","DRIVER_COUNT_65_74YR","DRIVER_COUNT_75PLUS","EST_HRS_CLOSED","FATAL_COUNT","HEAVY_TRUCK_COUNT","HORSE_BUGGY_COUNT","HOUR_OF_DAY","ILLUMINATION","INJURY_COUNT","INTERSECTION_RELATED","INTERSECT_TYPE","LANE_CLOSED","LATITUDE","LN_CLOSE_DIR","LOCATION_TYPE","LONGITUDE","MAX_SEVERITY_LEVEL","MCYCLE_DEATH_COUNT","MCYCLE_SUSP_SERIOUS_INJ_COUNT","MOTORCYCLE_COUNT","MUNICIPALITY","NONMOTR_COUNT","NONMOTR_DEATH_COUNT","NONMOTR_SUSP_SERIOUS_INJ_COUNT","NTFY_HIWY_MAINT","PED_COUNT","PED_DEATH_COUNT","PED_SUSP_SERIOUS_INJ_COUNT","PERSON_COUNT","POLICE_AGCY","POSSIBLE_INJ_COUNT","RDWY_SURF_TYPE_CD","RELATION_TO_ROAD","ROADWAY_CLEARED","ROAD_CONDITION","SCH_BUS_IND","SCH_ZONE_IND","SECONDARY_CRASH","SMALL_TRUCK_COUNT","SPEC_JURIS_CD","SUSP_MINOR_INJ_COUNT","SUSP_SERIOUS_INJ_COUNT","SUV_COUNT","TCD_FUNC_CD","TCD_TYPE","TFC_DETOUR_IND","TIME_OF_DAY","TOTAL_UNITS","TOT_INJ_COUNT","UNBELTED_OCC_COUNT","UNB_DEATH_COUNT","UNB_SUSP_SERIOUS_INJ_COUNT","UNK_INJ_DEG_COUNT","UNK_INJ_PER_COUNT","URBAN_RURAL","VAN_COUNT","VEHICLE_COUNT","WEATHER1","WEATHER2","WORKERS_PRES","WORK_ZONE_IND","WORK_ZONE_LOC","WORK_ZONE_TYPE","WZ_CLOSE_DETOUR","WZ_FLAGGER","WZ_LAW_OFFCR_IND","WZ_LN_CLOSURE","WZ_MOVING","WZ_OTHER","WZ_SHLDER_MDN","WZ_WORKERS_INJ_KILLED"
"2019076317","","2","0","0","0","0","0","0","0","0","1","0","","02","7","2019","1","40.430026","-79.988636","","11","0","0","0","0","0","0","0","0","","0","0","0","","","1","","2","","40 25:48.094","","0","79 59:19.088","3","0","0","0","2301","0","0","0","N","0","0","0","3","02301","0","","1.0","","1","N","N","","0","","1","0","1","","2","N","","3","1","0","0","0","0","0","2","0","3","","","","N","","","","","","","","","",""
"2019076598","","0","0","0","0","0","0","0","0","0","7","0","","02","7","2019","5","40.429607","-79.732102","","11","0","0","0","0","0","1","0","0","","0","0","0","","","1","","2","","40 25:46.586","","0","79 43:55.568","3","0","0","0","2446","0","0","0","N","0","0","0","1","02446","0","","5.0","","3","N","N","","0","","1","0","1","","0","N","","1","1","0","0","0","0","0","2","0","1","","","","N","","","","","","","","","",""
"2019111847","","0","0","0","0","0","0","0","0","0","7","0","","02","9","2019","6","40.505145","-80.281721","","11","0","0","0","0","0","1","0","0","","0","0","0","","","0","","0","","40 30:18.522","","0","80 16:54.194","0","0","0","0","2203","0","0","0","Y","0","0","0","2","68B03","0","","4.0","","1","N","N","","1","","0","0","0","","0","","","1","0","0","0","0","0","0","1","0","1","","","","N","","","","","","","","","",""
"2019114432","","0","0","1","0","0","0","0","0","0","7","0","","02","11","2019","3","40.419","-80.089774","","11","0","0","0","0","0","0","0","1","","0","0","0","","","1","","0","","40 25:08.401","","0","80 05:23.188","2","0","0","0","2457","0","0","0","N","0","0","0","1","68B03","0","","4.0","","9","N","N","","0","","0","1","1","","0","","","1","1","0","0","0","0","0","2","0","1","","","","N","","","","","","","","","",""
"2019094940","","0","0","0","0","0","0","0","0","0","4","0","","02","9","2019","7","40.308093","-80.032768","","11","0","0","0","0","0","1","0","0","","0","0","0","","","2","","1","","40 18:29.136","","0","80 01:57.963","3","0","0","0","2407","0","0","0","N","0","0","0","3","02407","1","","1.0","","1","N","N","","1","","1","0","2","","2","","","3","2","0","0","0","0","0","2","0","3","","","","N","","","","","","","","","",""
"2019132037","","1","0","0","0","0","0","0","0","0","8","0","","02","12","2019","5","","","","11","0","0","0","0","0","0","0","0","","0","0","0","","","1","N","0","","40 23:15.00","","7","79 49:25.0","2","0","0","0","2111","1","0","1","N","1","0","1","2","02111","0","","1.0","","1","N","N","N","0","","0","1","0","","0","","","2","1","0","0","0","0","0","1","0","1","","03","","N","","","","","","","","","",""
"2019073055","","2","0","0","0","0","0","0","0","0","1","0","","02","7","2019","2","40.459798","-79.920847","","11","0","0","0","0","0","1","0","0","","0","0","0","","","2","","2","","40 27:35.273","","0","79 55:15.048","8","0","0","0","2301","0","0","0","N","0","0","0","3","02301","0","","1.0","","1","N","N","","0","","0","0","0","","2","","","2","2","0","0","0","2","1","2","0","2","","","","N","","","","","","","","","",""
"2019033779","","1","0","0","0","0","0","0","0","0","5","0","","02","3","2019","4","40.370184","-80.100779","","11","0","0","0","0","0","0","1","0","2","0","0","0","","","0","","1","","40 22:12.663","3","0","80 06:02.806","9","0","0","0","2102","0","0","0","N","0","0","0","2","02102","0","","1.0","","1","N","N","","0","","0","0","1","","2","N","","2","0","0","0","0","0","1","2","0","2","","","","N","","","","","","","","","",""
"2019077530","","0","0","0","0","0","0","0","0","0","4","0","","02","8","2019","5","40.446658","-80.158439","","11","0","0","0","0","0","0","0","0","2","0","0","0","","","1","","0","","40 26:47.970","1","7","80 09:30.380","8","0","0","1","2115","0","0","0","N","0","0","0","2","02115","0","","1.0","","1","N","N","","1","","0","0","0","","0","N","","2","1","0","0","0","1","0","2","0","2","","","","N","","","","","","","","","",""
"2019072082","","2","0","0","0","0","0","0","0","0","0","0","","02","7","2019","4","40.607916","-79.947225","","11","0","0","0","0","0","1","0","0","","0","0","0","","","0","","0","","40 36:28.498","","0","79 56:50.009","0","0","0","0","2207","0","0","0","N","0","0","0","4","02207","0","","1.0","","1","N","N","","1","","0","0","1","","0","","","4","0","0","0","0","0","0","2","0","4","","","","N","","","","","","","","","",""
"2019078692","","1","0","0","0","0","0","0","0","0","4","0","","02","7","2019","2","40.494899","-79.936444","","11","0","0","0","0","0","0","0","0","1","0","0","0","","","0","","2","","40 29:41.635","7","0","79 56:11.197","0","0","0","0","2461","0","0","0","N","0","0","0","3","02461","0","","1.0","","1","N","N","","0","","0","0","1","","3","Y","","2","0","0","0","0","0","0","2","0","2","","","","N","","","","","","","","","",""
"2019077145","","1","0","0","0","0","0","0","0","0","4","0","","02","7","2019","4","40.633652","-80.056958","","11","0","0","0","0","0","0","0","0","","0","0","0","","","0","","2","","40 38:01.147","","0","80 03:25.048","0","0","0","0","2216","0","0","0","N","0","0","0","3","02505","0","","1.0","","1","N","N","","0","","0","0","1","","3","","","2","0","0","0","0","0","0","2","0","2","","","","N","","","","","","","","","",""
"2019114403","","1","0","0","0","0","0","0","0","0","7","0","","02","10","2019","1","40.429133","-79.943748","","11","0","0","0","0","0","0","0","0","2","0","0","0","","","0","N","0","","40 25:44.879","4","0","79 56:37.494","9","0","0","0","2301","0","0","0","N","0","0","0","3","68B03","0","","5.0","","9","N","N","","0","","0","0","2","","0","N","","3","0","0","0","0","0","3","2","0","3","","","","N","","","","","","","","","",""
"2019079058","","1","0","0","0","0","0","0","0","0","5","0","","02","8","2019","1","40.502222","-80.017056","","11","0","0","0","0","0","0","0","0","2","0","0","0","","","1","","0","","40 30:08.000","6","0","80 01:01.400","8","0","0","0","2116","0","0","0","N","0","0","0","1","02116","0","","1.0","","1","N","N","","0","","0","0","1","","0","N","","2","1","0","0","0","1","0","2","0","2","","","","N","","","","","","","","","",""
"2019070387","","1","0","0","0","0","0","0","0","0","7","0","","02","7","2019","7","40.45086","-80.002991","","11","0","0","0","0","0","0","0","0","2","0","0","0","","","0","","2","","40 27:03.097","1","0","80 00:10.769","9","0","0","0","2301","0","0","0","Y","0","0","0","1","02301","0","","5.0","","1","N","N","","0","","0","0","0","","2","N","","1","0","0","0","0","0","1","2","0","1","","","","N","","","","","","","","","",""
"2019122790","","0","0","0","1","0","1","0","0","0","8","0","","02","11","2019","2","40.396336","-79.838453","","11","0","0","0","0","0","0","0","0","","0","0","0","","","1","","0","","40 23:46.808","","0","79 50:18.431","2","0","0","0","2425","1","0","1","N","0","0","0","2","68B03","0","","1.0","","1","N","N","","0","","0","1","0","","0","","","2","1","0","0","0","0","1","2","0","1","","","","N","","","","","","","","","",""
"2019123196","","1","0","0","0","0","0","0","0","0","8","0","","02","12","2019","1","40.449839","-79.929647","","11","0","0","0","0","0","0","0","0","","0","0","0","","","1","N","1","","40 26:59.420","","0","79 55:46.729","2","0","0","0","2301","1","0","1","N","1","0","1","3","02301","0","","1.0","","9","N","N","N","0","","0","1","0","","0","","","2","1","0","0","0","0","0","2","0","1","","","","N","","","","","","","","","",""
"2019077645","","2","0","0","0","0","0","0","0","0","4","0","","02","7","2019","2","40.468982","-79.921397","","11","0","0","0","0","0","1","0","1","","0","0","0","","","1","","2","","40 28:08.335","","0","79 55:17.029","3","0","0","0","2301","0","0","0","N","0","0","0","3","02301","0","","1.0","","1","N","N","","0","","1","0","0","","3","N","","2","1","0","0","0","0","0","2","0","2","","","","N","","","","","","","","","",""
"2019027074","","1","0","0","0","0","0","0","0","0","4","0","","02","3","2019","5","40.404656","-79.899599","","11","0","0","0","0","0","1","0","0","1","0","0","0","","","1","","1","","40 24:16.761","1","0","79 53:58.556","3","0","0","0","2448","0","0","0","N","0","0","0","2","02448","0","","1.0","","1","N","N","","0","","1","0","0","","3","N","","2","1","1","0","0","0","0","2","1","2","","","","N","","","","","","","","","",""
"2019108396","","1","0","0","0","0","0","0","0","0","7","0","","02","10","2019","1","40.442648","-80.158678","","11","0","0","0","0","0","0","0","0","","0","0","0","","","1","","7","","40 26:33.533","","2","80 09:31.239","3","0","0","0","2115","0","0","0","Y","0","0","0","1","68B03","0","","4.0","","1","N","N","","0","","1","0","0","","0","","","1","1","1","0","0","0","0","2","0","1","","","","N","","","","","","","","","",""
"2019109748","","1","0","0","0","0","0","0","0","0","7","0","","02","10","2019","3","40.469947","-79.70636","","11","0","0","0","0","0","0","0","0","","0","0","0","","","0","","0","","40 28:11.808","","0","79 42:22.895","0","0","0","0","2466","0","0","0","N","0","0","0","1","02466","0","","5.0","","1","N","N","","0","","0","0","0","","0","N","","1","0","0","0","0","0","0","2","0","1","","","","N","","","","","","","","","",""
"2019070453","","1","0","0","0","0","0","0","0","0","4","0","","02","7","2019","6","40.438739","-79.76893","","11","0","0","0","0","0","1","0","1","","0","0","0","","","0","","1","","40 26:19.460","","0","79 46:08.147","0","0","0","0","2446","0","0","0","N","0","0","0","2","02446","0","","1.0","","1","N","N","","0","","0","0","1","","0","N","","2","0","0","0","0","0","0","2","0","2","","","","N","","","","","","","","","",""
"2019070445","","1","0","0","0","0","0","0","0","0","1","0","","02","7","2019","6","40.481069","-79.971843","","11","0","0","0","0","0","0","1","0","2","0","0","0","","","1","","2","","40 28:51.848","2","0","79 58:18.635","3","0","0","0","2118","0","0","0","N","0","0","0","2","02445","0","","5.0","","1","N","N","","0","","1","0","1","","0","Y","","2","1","0","0","0","0","0","2","0","2","","","","N","","","","","","","","","",""
"2019071142","","3","0","0","0","0","0","0","0","0","1","0","","02","7","2019","2","40.454369","-79.947959","","11","0","0","0","0","0","0","0","1","","0","0","0","","","1","","0","","40 27:15.729","","0","79 56:52.654","8","0","0","0","2301","0","0","0","Y","0","0","0","3","02301","0","","6.0","","1","N","N","","0","","0","0","0","","0","","","3","1","0","0","0","1","0","2","0","3","","","","N","","","","","","","","","",""
"2019070875","","1","0","0","0","0","0","0","0","0","4","0","","02","7","2019","7","40.416001","-79.799697","","11","0","0","0","0","0","0","0","0","3","0","0","0","","","9","","1","","40 24:57.603","7","0","79 47:58.909","2","0","0","0","2446","0","0","0","N","0","0","0","9","02446","0","","1.0","","1","N","N","","0","","0","1","1","","3","N","","2","9","5","0","0","8","0","2","0","2","","","","N","","","","","","","","","",""
"2019077588","","2","0","0","0","0","0","0","0","0","5","0","","02","8","2019","5","40.441139","-80.0065","","11","0","0","0","0","0","0","0","0","1","0","0","0","","","0","","0","","40 26:28.100","4","0","80 00:23.400","0","0","0","0","2301","0","0","0","N","0","0","0","3","02301","0","","1.0","","1","N","N","","0","","0","0","0","","2","N","","2","0","0","0","0","0","0","2","0","2","","","","N","","","","","","","","","",""
"2019101826","","1","0","0","0","0","0","0","0","0","7","0","","02","8","2019","5","40.482996","-80.262801","","11","0","0","0","0","0","0","0","0","1","0","0","0","","","0","","0","","40 28:58.785","3","0","80 15:46.082","0","0","0","0","2203","0","0","0","N","0","0","0","1","68B03","0","","4.0","","9","N","N","","0","","0","0","0","","0","N","","1","0","0","0","0","0","0","1","0","1","","","","N","","","","","","","","","",""
"2019041732","","1","0","0","1","0","0","0","0","0","8","0","","02","4","2019","7","40.605099","-80.005841","","11","0","0","0","0","0","0","0","0","","0","0","0","","","1","","2","","40 36:18.356","","0","80 00:21.027","8","0","0","0","2108","1","0","0","N","0","0","0","4","02501","0","","1.0","","1","N","N","","0","","0","0","0","","3","","","2","1","0","0","0","1","0","1","0","1","","","","N","","","","","","","","","",""
"2019068258","","0","0","0","0","0","0","0","0","0","7","0","","02","7","2019","2","40.415041","-79.916004","","11","0","0","1","0","0","0","0","0","2","0","0","0","","","0","","2","","40 24:54.147","3","3","79 54:57.614","0","0","0","0","2301","0","0","0","N","0","0","0","1","02301","0","","2.0","","1","N","N","","0","","0","0","1","","0","Y","","1","0","0","0","0","0","0","2","0","1","","","","N","","","","","","","","","",""
"2019074072","","1","0","0","0","0","0","0","0","0","4","0","","02","7","2019","3","40.337917","-80.051278","","11","0","0","0","1","0","0","0","1","","0","0","0","","","0","","0","","40 20:16.500","","7","80 03:04.600","0","0","0","0","2407","0","0","0","N","0","0","0","4","02407","0","","1.0","","1","N","N","","1","","0","0","0","","0","","","2","0","0","0","0","0","0","2","0","2","","","","N","","","","","","","","","",""
"2019076561","","3","0","0","0","0","0","0","0","0","5","0","","02","7","2019","1","40.433308","-79.888167","","11","0","0","0","0","0","0","0","0","","0","0","0","","","0","","0","","40 25:59.910","","0","79 53:17.400","0","0","0","0","2426","0","0","0","N","0","0","0","1","02426","0","","6.0","","1","N","N","","0","","0","0","0","","0","","","3","0","0","0","0","0","0","2","0","3","","","","N","","","","","","","","","",""
"2019068019","","1","0","0","0","0","0","0","0","0","7","0","","02","7","2019","7","40.468998","-79.886853","","11","0","0","0","0","0","0","0","0","","0","0","0","","","0","","2","","40 28:08.393","","0","79 53:12.670","0","0","0","0","2113","0","0","0","N","0","0","0","1","02113","0","","2.0","","1","N","N","","0","","0","0","0","","0","","","1","0","0","0","0","0","0","2","0","1","","","","N","","","","","","","","","",""
"2019109901","","2","0","0","0","0","0","0","0","0","1","0","","02","10","2019","4","40.493565","-80.011487","","11","0","0","0","0","0","0","1","1","","0","0","0","","","0","","2","","40 29:36.834","","0","80 00:41.353","9","0","0","0","2301","0","0","0","N","0","0","0","3","02301","0","","1.0","","1","N","N","","0","","0","0","0","","0","","","2","0","0","0","0","0","1","2","0","2","","","","N","","","","","","","","","",""
"2019028011","","1","0","0","0","0","0","0","0","0","6","0","","02","3","2019","1","40.462659","-79.967203","","11","0","0","0","0","0","1","0","0","2","0","0","0","","","1","","5","","40 27:45.573","4","0","79 58:01.932","4","0","0","0","2301","0","0","0","N","0","0","0","3","02301","1","","1.0","","1","N","N","","0","","0","0","1","","2","N","","2","1","0","0","0","0","0","2","0","2","","","","N","","","","","","","","","",""
"2019107544","","2","0","0","0","0","0","0","0","0","2","0","","02","10","2019","7","40.456583","-79.939657","","11","0","0","1","0","0","1","0","0","","0","0","0","","","0","","1","","40 27:23.698","","0","79 56:22.765","0","0","0","0","2301","0","0","0","N","0","0","0","6","02301","0","","1.0","","1","N","N","","0","","0","0","0","","2","","","2","0","0","0","0","0","0","2","0","2","","","","N","","","","","","","","","",""
"2019038963","","1","0","0","0","0","0","0","0","0","4","0","","02","4","2019","2","40.376143","-80.097918","","11","0","0","0","0","0","1","1","0","1","0","0","0","","","0","","2","","40 22:34.115","2","0","80 05:52.504","0","0","0","0","2102","0","0","0","N","0","0","0","4","02102","0","","1.0","","1","N","N","","1","","0","0","2","","3","N","","4","0","0","0","0","0","0","2","0","4","","","","N","","","","","","","","","",""
"2019077169","","1","0","0","0","0","0","0","0","0","7","0","","02","7","2019","3","40.47567","-80.065156","","11","0","0","0","0","0","0","1","0","","0","0","0","","","1","","0","","40 28:32.413","","0","80 03:54.560","8","0","0","0","2122","0","0","0","N","0","0","0","1","02122","0","","2.0","","1","N","N","","0","","0","0","0","","0","","","1","1","0","0","0","1","0","2","0","1","","","","N","","","","","","","","","",""
"2019079921","","0","0","0","0","0","0","0","0","0","2","0","","02","7","2019","3","40.44875","-79.933167","","11","0","0","0","0","0","0","0","0","","0","0","0","","","0","","0","","40 26:55.500","","7","79 55:59.400","0","0","0","0","2301","0","0","0","N","0","0","0","2","02301","0","","1.0","","1","N","N","","0","","0","0","2","","0","","","2","0","0","0","0","0","0","2","0","2","","","","N","","","","","","","","","",""
"2019036202","","0","0","0","0","0","0","0","0","0","6","0","","02","4","2019","5","40.338554","-79.836091","","11","0","0","0","0","0","0","0","0","","0","0","0","","","1","","2","","40 20:18.794","","0","79 50:09.927","8","0","0","0","2304","0","0","0","N","0","0","0","1","02304","0","","1.0","","1","N","N","","0","","0","0","2","","0","","","2","1","1","0","0","1","0","2","0","2","","","","N","","","","","","","","","",""
"2019070697","","1","0","0","0","0","0","0","0","0","7","0","","02","7","2019","1","40.338064","-79.83935","","11","0","0","0","0","0","0","0","0","1","0","0","0","","","0","","2","","40 20:17.032","5","0","79 50:21.660","0","0","0","0","2304","0","0","0","Y","0","0","0","1","02304","0","","5.0","","1","N","N","","0","","0","0","0","","3","N","","1","0","0","0","0","0","0","2","0","1","","","","N","","","","","","","","","",""
"2019101468","","1","0","0","0","0","0","0","0","0","7","0","","02","7","2019","1","40.493129","-79.899464","","11","0","0","0","0","0","0","0","0","","0","0","0","","","0","","0","","40 29:35.265","","0","79 53:58.069","0","0","0","0","2112","0","0","0","N","0","0","0","1","68D02","0","","3.0","","1","N","N","","0","","0","0","0","","0","","","1","0","0","0","0","0","0","2","0","1","","","","N","","","","","","","","","",""
"2019076088","","0","0","0","0","0","0","0","0","0","7","0","","02","7","2019","2","40.510394","-80.097589","","11","0","0","0","0","0","1","0","0","2","0","0","0","","","1","","0","","40 30:37.417","2","0","80 05:51.319","8","0","0","0","2429","0","0","0","N","0","0","0","2","02215","0","","2.0","","1","N","N","","1","","0","0","1","","0","Y","","2","1","0","0","0","1","0","2","0","2","","","","N","","","","","","","","","",""
"2019075861","","2","0","0","0","0","0","0","0","0","7","0","","02","7","2019","1","40.454277","-79.961401","","11","0","0","0","0","0","0","0","0","3","0","0","0","","","0","","1","","40 27:15.397","1","0","79 57:41.043","0","0","0","0","2301","0","0","0","N","0","0","0","2","02301","0","","5.0","","1","N","N","","0","","0","0","0","","0","Y","","2","0","0","0","0","0","0","2","0","2","","","","N","","","","","","","","","",""
"2019076610","","1","0","0","0","0","0","0","0","0","4","0","","02","7","2019","3","40.422194","-79.885611","","11","0","0","0","0","0","0","0","0","1","0","0","0","","","0","","0","","40 25:19.900","2","7","79 53:08.200","0","0","0","0","2463","0","0","0","N","0","0","0","5","02463","0","","1.0","","1","N","N","","0","","0","0","1","","0","N","","2","0","0","0","0","0","0","2","0","2","","","","N","","","","","","","","","",""
"2019116795","","0","0","0","0","0","0","0","0","0","99","0","","02","11","2019","6","40.642351","-80.097404","","11","0","0","0","0","0","0","0","0","","0","0","0","","","0","","0","","40 38:32.464","","0","80 05:50.654","0","0","0","0","2212","0","0","0","N","0","0","0","1","68B03","0","","1.0","","1","N","N","","0","","0","0","1","","0","","","1","0","0","0","0","0","0","2","0","1","","","","N","","","","","","","","","",""
"2019076723","","0","0","0","0","0","0","0","0","0","7","0","","02","7","2019","3","40.461694","-80.051694","","11","0","0","0","0","0","0","0","0","","0","0","0","","","0","","0","","40 27:42.100","","0","80 03:06.100","9","0","0","0","2301","0","0","0","N","0","0","0","2","02301","0","","5.0","","1","N","N","","1","","0","0","0","","0","","","1","0","0","0","0","0","1","2","0","1","","","","N","","","","","","","","","",""
"2019108167","","1","0","2","0","0","0","0","0","0","6","0","","02","10","2019","6","40.448109","-79.709518","","11","0","0","0","0","1","0","0","0","2","0","0","0","","","3","","0","","40 26:53.191","5","0","79 42:34.263","2","0","0","0","2466","0","0","0","N","0","0","0","4","02466","0","","1.0","","1","N","N","","0","","0","2","1","","0","N","","2","3","2","0","0","1","0","2","0","2","","","","N","","","","","","","","","",""
"2019070513","","2","0","0","0","0","0","0","0","0","2","0","","02","7","2019","3","40.461991","-79.924619","","11","0","0","0","0","0","1","0","0","","0","0","0","","","0","","1","","40 27:43.167","","0","79 55:28.628","0","0","0","0","2301","0","0","0","N","0","0","0","3","02301","0","","1.0","","1","N","N","","0","","0","0","1","","3","N","","3","0","0","0","0","0","0","2","0","3","","","","N","","","","","","","","","",""
"2019074977","","0","0","0","0","0","0","0","0","0","1","0","","02","7","2019","4","40.383768","-79.822825","","11","0","0","0","0","0","0","1","0","2","0","0","0","","","1","","2","","40 23:01.566","1","0","79 49:22.170","3","0","0","1","2111","0","0","0","N","0","0","0","4","02111","0","","1.0","","1","N","N","","0","","1","0","1","","4","Y","","2","1","0","0","0","0","0","2","0","2","","","","N","","","","","","","","","",""
"2019070441","","1","0","0","0","0","0","0","0","0","7","0","","02","7","2019","5","40.517808","-80.052568","","11","0","0","0","1","0","0","0","0","","0","0","0","","","0","","2","","40 31:04.109","","2","80 03:09.246","0","0","0","0","2116","0","0","0","Y","0","0","0","1","02116","0","","2.0","","9","N","N","","0","","0","0","0","","2","","","1","0","0","0","0","0","0","2","0","1","","","","N","","","","","","","","","",""
"2019077602","","2","0","0","0","0","0","0","0","0","4","0","","02","8","2019","5","40.377332","-79.801326","","11","0","0","0","0","0","0","0","0","2","0","0","0","","","2","","2","","40 22:38.396","4","0","79 48:04.775","3","0","0","0","2111","0","0","0","N","0","0","0","2","02111","0","","1.0","","1","N","N","","1","","2","0","0","","0","N","","3","2","0","0","0","0","0","2","0","3","","","","N","","","","","","","","","",""
"2019110393","","1","0","0","0","0","0","0","0","0","99","0","","02","10","2019","6","40.496638","-79.867265","","11","0","0","0","0","0","0","0","0","2","0","0","0","","","0","","0","","40 29:47.898","1","0","79 52:02.154","0","0","0","0","2112","0","0","0","N","0","0","0","2","68D02","0","","1.0","","1","N","N","","0","","0","0","0","","0","N","","1","0","0","0","0","0","0","2","0","1","","","","N","","","","","","","","","",""
"2019036772","","1","0","0","0","0","0","0","0","0","7","0","","02","3","2019","7","40.287222","-80.001583","","11","0","0","0","0","0","0","0","0","","0","0","0","","","0","","0","","40 17:14.000","","0","80 00:05.700","0","0","0","0","2219","0","0","0","N","0","0","0","1","02219","0","","5.0","","1","N","N","","0","","0","0","0","","0","","","1","0","0","0","0","0","0","2","0","1","","","","N","","","","","","","","","",""
"2019037898","","3","0","0","0","0","0","0","0","0","1","0","","02","4","2019","3","40.488722","-80.0465","","11","0","0","0","0","0","0","0","0","2","0","0","0","","","2","","0","","40 29:19.400","3","3","80 02:47.400","8","0","0","0","2404","0","0","0","N","0","0","0","3","02404","0","","1.0","","1","N","N","","0","","0","0","0","","0","N","","3","2","0","0","0","2","0","2","0","3","","","","N","","","","","","","","","",""
"2019069635","","1","0","0","0","0","0","0","0","0","4","0","","02","7","2019","7","40.403556","-79.99","","11","0","0","0","0","0","0","0","0","","0","0","0","","","0","","0","","40 24:12.800","","7","79 59:24.000","0","0","0","0","2301","0","0","0","N","0","0","0","2","02301","0","","1.0","","9","N","N","","1","","0","0","0","","0","N","","2","0","0","0","0","0","0","2","0","2","","","","N","","","","","","","","","",""
"2019071328","","0","0","0","0","0","0","0","0","0","7","0","","02","7","2019","3","40.454467","-79.994357","","11","0","0","0","0","0","0","0","0","","0","0","0","","","0","","6","","40 27:16.080","","2","79 59:39.685","0","0","0","0","2301","0","0","0","N","0","0","0","1","02301","0","","3.0","","1","N","N","","0","","0","0","1","","4","N","","1","0","0","0","0","0","0","2","0","1","","","","N","","","","","","","","","",""
"2019042267","","1","0","0","0","0","0","0","0","0","7","0","","02","4","2019","2","40.348518","-80.052368","","11","0","0","0","0","0","0","0","1","","0","0","0","","","1","","2","","40 20:54.665","","0","80 03:08.524","4","0","0","0","2407","0","0","0","N","0","0","0","1","02407","1","","4.0","","1","N","N","","0","","0","0","0","","2","","","1","1","0","0","0","0","0","2","0","1","","","","N","","","","","","","","","",""
"2019069860","","1","0","0","0","0","0","0","0","0","4","0","","02","7","2019","4","40.385771","-80.050122","","11","0","0","0","0","0","0","0","0","2","0","0","0","","","1","","1","","40 23:08.775","6","0","80 03:00.439","3","0","0","0","2109","0","0","0","N","0","0","0","2","02109","0","","1.0","","1","N","N","","0","","1","0","1","","3","Y","","2","1","1","0","0","0","0","2","0","2","","","","N","","","","","","","","","",""
"2019077383","","2","0","0","0","0","0","0","0","0","1","0","","02","8","2019","5","40.471623","-79.966651","","11","0","0","0","1","0","0","0","0","","0","0","0","","","0","","0","","40 28:17.842","","3","79 57:59.944","0","0","0","0","2301","0","0","0","N","0","0","0","2","02301","0","","1.0","","1","N","N","","0","","0","0","0","","0","","","2","0","0","0","0","0","0","2","0","2","","","","N","","","","","","","","","",""
"2019077091","","0","0","0","0","0","0","0","0","0","4","0","","02","7","2019","4","40.653174","-80.079581","","11","0","0","0","0","0","0","0","0","","0","0","0","","","0","","1","","40 39:11.428","","0","80 04:46.492","0","0","0","0","2212","0","0","0","N","0","0","0","2","02505","0","","1.0","","1","N","N","","0","","0","0","1","","3","","","2","0","0","0","0","0","0","2","1","2","","","","N","","","","","","","","","",""
"2019034737","","0","0","0","0","0","0","0","0","0","4","0","","02","3","2019","7","40.551055","-80.024459","","11","0","0","0","0","0","0","0","0","1","0","0","0","","","0","","2","","40 33:03.797","3","0","80 01:28.052","0","0","0","0","2116","0","0","0","N","0","0","0","2","02116","0","","1.0","","9","N","N","","0","","0","0","2","","2","N","","2","0","0","0","0","0","0","2","0","2","","","","N","","","","","","","","","",""
"2019108974","","0","0","0","0","0","0","0","0","0","7","1","","02","10","2019","7","40.520351","-79.804673","","11","0","0","0","0","0","0","0","0","3","0","1","0","","","0","","0","","40 31:13.262","3","0","79 48:16.823","0","0","0","0","2466","0","0","0","N","0","0","0","1","68T02","0","","4.0","","1","N","N","","0","","0","0","0","","0","N","","1","0","0","0","0","0","0","2","0","1","","","","N","","","","","","","","","",""
"2019033615","","0","0","0","0","0","0","0","0","0","7","0","","02","3","2019","4","40.47225","-80.032167","","11","0","0","0","0","0","1","0","0","1","0","0","0","","","1","","0","","40 28:20.100","5","0","80 01:55.800","3","0","0","0","2301","0","0","0","N","0","0","0","1","02301","0","","5.0","","1","N","N","","0","","1","0","3","","0","N","","3","1","0","0","0","0","0","2","0","3","","","","N","","","","","","","","","",""