"CRN","ARRIVAL_TM","AUTOMOBILE_COUNT","BELTED_DEATH_COUNT","BELTED_SUSP_SERIOUS_INJ_COUNT","BICYCLE_COUNT","BICYCLE_DEATH_COUNT","BICYCLE_SUSP_SERIOUS_INJ_COUNT","BUS_COUNT","CHLDPAS_DEATH_COUNT","CHLDPAS_SUSP_SERIOUS_INJ_COUNT","COLLISION_TYPE","COMM_VEH_COUNT","CONS_ZONE_SPD_LIM","COUNTY","CRASH_MONTH","CRASH_YEAR","DAY_OF_WEEK","DEC_LATITUDE","DEC_LONGITUDE","DISPATCH_TM","DISTRICT","DRIVER_COUNT_16YR","DRIVER_COUNT_17YR","DRIVER_COUNT_18YR","DRIVER_COUNT_19YR","DRIVER_COUNT_20YR","DRIVER_COUNT_50_64YR","DRIVER_COUNT_65_74YR","DRIVER_COUNT_75PLUS","EST_HRS_CLOSED","FATAL_COUNT","HEAVY_TRUCK_COUNT","HORSE_BUGGY_COUNT","HOUR_OF_DAY","ILLUMINATION","INJURY_COUNT","INTERSECTION_RELATED","INTERSECT_TYPE","LANE_CLOSED","LATITUDE","LN_CLOSE_DIR","LOCATION_TYPE","LONGITUDE","MAX_SEVERITY_LEVEL","MCYCLE_DEATH_COUNT","MCYCLE_SUSP_SERIOUS_INJ_COUNT","MOTORCYCLE_COUNT","MUNICIPALITY","NONMOTR_COUNT","NONMOTR_DEATH_COUNT","NONMOTR_SUSP_SERIOUS_INJ_COUNT","NTFY_HIWY_MAINT","PED_COUNT","PED_DEATH_COUNT","PED_SUSP_SERIOUS_INJ_COUNT","PERSON_COUNT","POLICE_AGCY","POSSIBLE_INJ_COUNT","RDWY_SURF_TYPE_CD","RELATION_TO_ROAD","ROADWAY_CLEARED","ROAD_CONDITION","SCH_BUS_IND","SCH_ZONE_IND","SECONDARY_CRASH","SMALL_TRUCK_COUNT","SPEC_JURIS_CD","SUSP_MINOR_INJ_COUNT","SUSP_SERIOUS_INJ_COUNT","SUV_COUNT","TCD_FUNC_CD","TCD_TYPE","TFC_DETOUR_IND","TIME_OF_DAY","TOTAL_UNITS","TOT_INJ_COUNT","UNBELTED_OCC_COUNT","UNB_DEATH_COUNT","UNB_SUSP_SERIOUS_INJ_COUNT","UNK_INJ_DEG_COUNT","UNK_INJ_PER_COUNT","URBAN_RURAL","VAN_COUNT","VEHICLE_COUNT","WEATHER1","WEATHER2","WORKERS_PRES","WORK_ZONE_IND","WORK_ZONE_LOC","WORK_ZONE_TYPE","WZ_CLOSE_DETOUR","WZ_FLAGGER","WZ_LAW_OFFCR_IND","WZ_LN_CLOSURE","WZ_MOVING","WZ_OTHER","WZ_SHLDER_MDN","WZ_WORKERS_INJ_KILLED"
"2019057410","","0","0","0","0","0","0","0","0","0","2","0","","02","6","2019","5","40.430637","-80.053441","","11","0","0","0","0","0","1","0","0","2","0","0","0","","","1","","0","","40 25:50.294","2","0","80 03:12.389","8","0","0","1","2301","0","0","0","N","0","0","0","2","02301","0","","1.0","","1","N","N","","0","","0","0","0","","0","N","","2","1","0","0","0","1","0","2","1","2","","","","N","","","","","","","","","",""
"2019071025","","2","0","0","0","0","0","0","0","0","5","0","","02","7","2019","2","40.442988","-80.082482","","11","0","0","0","1","0","0","0","0","1","0","0","0","","","0","","1","","40 26:34.756","4","0","80 04:56.935","0","0","0","0","2301","0","0","0","N","0","0","0","2","02301","0","","1.0","","1","N","N","","0","","0","0","0","","3","Y","","2","0","0","0","0","0","0","2","0","2","","","","N","","","","","","","","","",""
"2019071450","","0","0","0","0","0","0","0","0","0","1","0","","02","7","2019","2","40.399385","-79.904494","","11","0","0","0","0","0","1","0","0","2","0","0","0","","","1","","2","","40 23:57.786","5","0","79 54:16.178","8","0","0","1","2448","0","0","0","N","0","0","0","4","02448","0","","1.0","","1","N","N","","0","","0","0","1","","3","Y","","2","1","0","0","0","1","0","2","0","2","","","","N","","","","","","","","","",""
"2019071138","","2","0","0","0","0","0","0","0","0","4","0","","02","7","2019","6","40.347642","-79.947235","","11","0","0","0","0","0","1","0","0","2","0","0","0","","","1","","1","","40 20:51.512","4","0","79 56:50.047","3","0","0","0","2473","0","0","0","N","0","0","0","2","02473","0","","1.0","","1","N","N","","0","","1","0","0","","3","Y","","2","1","0","0","0","0","0","2","0","2","","","","N","","","","","","","","","",""
"2019059555","","0","0","0","0","0","0","0","0","0","4","0","","02","6","2019","3","40.513629","-79.945568","","11","0","0","0","0","0","1","0","0","2","0","0","0","","","0","","0","","40 30:49.066","3","7","79 56:44.045","0","0","0","0","2118","0","0","0","N","0","0","0","2","02118","0","","2.0","","1","N","N","","1","","0","0","1","","0","N","","2","0","0","0","0","0","0","2","0","2","","","","N","","","","","","","","","",""
"2019058149","","1","0","0","0","0","0","0","0","0","4","0","","02","6","2019","6","40.460202","-79.895227","","11","0","0","0","0","0","0","1","0","","0","0","0","","","0","","1","","40 27:36.727","","0","79 53:42.817","0","0","0","0","2301","0","0","0","N","0","0","0","2","02301","0","","1.0","","1","N","N","","0","","0","0","1","","3","","","2","0","0","0","0","0","0","2","0","2","","","","N","","","","","","","","","",""
"2019059888","","1","0","0","0","0","0","0","0","0","4","0","","02","6","2019","3","40.604926","-79.756406","","11","0","0","1","0","0","0","0","0","1","0","0","0","","","1","","2","","40 36:17.735","1","0","79 45:23.063","4","0","0","0","2464","0","0","0","N","0","0","0","2","02464","1","","1.0","","1","N","N","","0","","0","0","1","","3","Y","","2","1","0","0","0","0","0","2","0","2","","","","N","","","","","","","","","",""
"2019059830","","1","0","0","0","0","0","0","0","0","4","0","","02","6","2019","4","40.435554","-79.957259","","11","0","0","0","0","0","0","0","2","2","0","0","0","","","0","","0","","40 26:07.993","3","0","79 57:26.134","0","0","0","0","2301","0","0","0","N","0","0","0","2","02301","0","","1.0","","1","N","N","","1","","0","0","0","","0","N","","2","0","0","0","0","0","0","2","0","2","","","","N","","","","","","","","","",""
"2019071485","","2","0","0","0","0","0","0","0","0","1","0","","02","7","2019","3","40.500108","-80.219274","","11","0","0","0","0","0","1","0","0","2","0","0","0","","","0","","1","","40 30:00.388","4","0","80 13:09.386","0","0","0","0","2213","0","0","0","N","0","0","0","4","02213","0","","1.0","","1","N","N","","0","","0","0","1","","2","N","","3","0","0","0","0","0","0","2","0","3","","","","N","","","","","","","","","",""
"2019061325","","0","0","1","0","0","0","0","0","0","2","0","","02","6","2019","5","40.595594","-80.194016","","11","0","0","0","0","0","0","1","0","3","0","0","0","","","3","","0","","40 35:44.139","6","0","80 11:38.457","2","0","0","0","2480","0","0","0","N","0","0","0","3","02480","0","","1.0","","1","N","N","","2","","0","3","0","","0","Y","","2","3","1","0","1","0","0","1","0","2","","","","N","","","","","","","","","",""
"2019098928","","1","0","0","0","0","0","0","0","0","8","0","","02","7","2019","6","40.443071","-79.997449","","11","0","0","0","0","0","0","0","0","","0","0","0","","","1","","0","","40 26:35.054","","0","79 59:50.818","8","0","0","0","2301","1","0","0","N","1","0","0","2","02301","0","","6.0","","1","N","N","","0","","0","0","0","","2","","","2","1","0","0","0","1","0","2","0","1","","","","N","","","","","","","","","",""
"2019071542","","1","0","0","0","0","0","0","0","0","1","0","","02","7","2019","3","40.346417","-79.831611","","11","0","0","0","0","0","1","0","0","","0","0","0","","","2","","0","","40 20:47.100","","0","79 49:53.800","8","0","0","0","2304","0","0","0","N","0","0","0","5","02304","0","","1.0","","1","N","N","","0","","0","0","1","","0","N","","3","2","0","0","0","2","0","2","1","3","","","","N","","","","","","","","","",""
"2019071355","","2","0","0","0","0","0","0","0","0","4","0","","02","7","2019","7","40.576843","-80.055865","","11","0","0","0","0","0","1","1","0","1","0","0","0","","","2","","1","","40 34:36.634","4","0","80 03:21.114","3","0","0","0","2108","0","0","0","N","0","0","0","4","02108","1","","1.0","","1","N","N","","0","","1","0","1","","3","N","","3","2","0","0","0","0","0","2","0","3","","","","N","","","","","","","","","",""
"2019071350","","1","0","0","0","0","0","0","0","0","1","0","","02","7","2019","2","40.631106","-79.966293","","11","0","0","1","0","0","0","0","0","","0","0","0","","","0","","3","","40 37:51.983","","0","79 57:58.655","0","0","0","0","2217","0","0","0","N","0","0","0","2","02505","0","","1.0","","1","N","N","","0","","0","0","1","","3","","","2","0","0","0","0","0","0","2","0","2","","","","N","","","","","","","","","",""
"2019059927","","2","0","0","0","0","0","0","0","0","2","0","","02","6","2019","3","40.673416","-80.098407","","11","0","0","0","0","0","0","0","0","1","0","0","0","","","0","","1","","40 40:24.298","4","0","80 05:54.266","0","0","0","0","2212","0","0","0","N","0","0","0","3","02505","0","","1.0","","1","N","N","","0","","0","0","0","","2","N","","2","0","0","0","0","0","0","2","0","2","","","","N","","","","","","","","","",""
"2019058866","","0","0","0","0","0","0","0","0","0","1","0","","02","6","2019","6","40.501823","-80.227715","","11","0","0","0","0","0","0","0","0","2","0","0","0","","","1","","0","","40 30:06.564","3","0","80 13:39.775","3","0","0","0","2213","0","0","0","N","0","0","0","2","02213","0","","1.0","","1","N","N","","0","","1","0","2","","0","N","","2","1","1","0","0","0","0","2","0","2","","","","N","","","","","","","","","",""
"2019068392","","1","0","0","0","0","0","0","0","0","1","0","","02","7","2019","2","40.456564","-79.997611","","11","0","0","0","0","0","0","0","0","","0","0","0","","","0","","2","","40 27:23.630","","0","79 59:51.398","0","0","0","0","2301","0","0","0","N","0","0","0","3","02301","0","","1.0","","1","N","N","","1","","0","0","0","","2","","","2","0","0","0","0","0","0","2","0","2","","","","N","","","","","","","","","",""
"2019064627","","0","0","0","0","0","0","0","0","0","1","0","","02","6","2019","6","40.419163","-80.05254","","11","0","0","0","0","0","2","0","0","2","0","0","0","","","1","","0","","40 25:08.987","4","0","80 03:09.145","8","0","0","1","2435","0","0","0","N","0","0","0","2","68B03","0","","1.0","","1","N","N","","1","","0","0","0","","0","N","","2","1","0","0","0","1","0","2","0","2","","","","N","","","","","","","","","",""
"2019059197","","1","0","0","0","0","0","0","0","0","1","0","","02","6","2019","6","40.55756","-79.974012","","11","0","1","0","0","0","0","0","0","2","0","0","0","","","1","","0","","40 33:27.215","1","0","79 58:26.442","3","0","0","0","2207","0","0","0","N","0","0","0","2","02207","0","","1.0","","1","N","N","","0","","1","0","1","","0","N","","2","1","0","0","0","0","1","2","0","2","","","","N","","","","","","","","","",""
"2019060076","","1","0","0","0","0","0","0","0","0","5","0","","02","6","2019","4","40.522548","-79.879501","","11","0","1","1","0","0","0","0","0","2","0","0","0","","","0","","2","","40 31:21.172","1","0","79 52:46.203","0","0","0","0","2432","0","0","0","N","0","0","0","4","02432","0","","1.0","","1","N","N","","0","","0","0","1","","0","N","","2","0","0","0","0","0","0","2","0","2","","","","N","","","","","","","","","",""
"2019061665","","1","0","0","0","0","0","0","0","0","4","0","","02","6","2019","7","40.604514","-79.757224","","11","0","0","0","0","0","1","0","0","1","0","0","0","","","0","","1","","40 36:16.250","6","0","79 45:26.006","0","0","0","0","2464","0","0","0","N","0","0","0","6","02464","0","","1.0","","1","N","N","","0","","0","0","2","","2","Y","","3","0","1","0","0","0","0","2","0","3","","","","N","","","","","","","","","",""
"2019068646","","1","0","0","0","0","0","0","0","0","6","0","","02","7","2019","2","40.458013","-79.851927","","11","0","0","0","0","1","0","0","0","1","0","0","0","","","3","","2","","40 27:28.846","6","0","79 51:06.937","3","0","0","0","2113","0","0","0","N","0","0","0","4","02113","0","","1.0","","1","N","N","","0","","2","0","1","","3","N","","2","3","0","0","0","1","0","2","0","2","","","","N","","","","","","","","","",""
"2019069136","","1","0","0","0","0","0","0","0","0","4","0","","02","7","2019","3","40.527904","-80.017692","","11","0","0","0","0","0","1","0","1","1","0","0","0","","","1","","2","","40 31:40.454","2","0","80 01:03.691","3","0","0","0","2116","0","0","0","N","0","0","0","2","02116","0","","1.0","","1","N","N","","0","","1","0","1","","3","N","","2","1","0","0","0","0","0","2","0","2","","","","N","","","","","","","","","",""
"2019059390","","2","0","0","0","0","0","0","0","0","6","0","","02","6","2019","2","40.383778","-79.992972","","11","0","0","0","0","0","0","0","0","2","0","0","0","","","0","","0","","40 23:01.600","3","0","79 59:34.700","0","0","0","0","2301","0","0","0","N","0","0","0","2","02301","0","","1.0","","9","N","N","","0","","0","0","0","","0","N","","2","0","0","0","0","0","0","2","0","2","","","","N","","","","","","","","","",""
"2019069555","","1","0","0","0","0","0","0","0","0","5","0","","02","7","2019","5","40.458764","-80.03049","","11","0","0","0","0","0","0","0","0","","0","0","0","","","1","","6","","40 27:31.549","","8","80 01:49.763","3","0","0","0","2301","0","0","0","N","0","0","0","2","02301","0","","1.0","","1","N","N","","0","","1","0","1","","4","N","","2","1","1","0","0","0","0","2","0","2","","","","N","","","","","","","","","",""
"2019070801","","1","0","0","0","0","0","0","0","0","1","0","","02","6","2019","6","40.657056","-80.091973","","11","0","0","0","0","0","0","0","0","","0","0","0","","","0","","0","","40 39:25.403","","0","80 05:31.103","0","0","0","0","2212","0","0","0","N","0","0","0","3","68B03","0","","1.0","","1","N","N","","0","","0","0","1","","0","","","2","0","0","0","0","0","0","2","0","2","","","","N","","","","","","","","","",""
"2019070738","","2","0","0","0","0","0","0","0","0","2","0","","02","7","2019","5","40.498578","-80.061861","","11","0","0","0","0","0","0","1","0","","0","0","0","","","0","","1","","40 29:54.880","","0","80 03:42.699","0","0","0","0","2402","0","0","0","N","0","0","0","2","02402","0","","1.0","","9","N","N","","0","","0","0","0","","2","N","","2","0","0","0","0","0","0","2","0","2","","","","N","","","","","","","","","",""
"2019058456","","2","0","0","0","0","0","0","0","0","4","0","","02","6","2019","6","40.426716","-79.976435","","11","0","0","0","0","0","1","0","0","","0","0","0","","","0","","1","","40 25:36.177","","0","79 58:35.166","0","0","0","0","2301","0","0","0","N","0","0","0","2","02301","0","","1.0","","1","N","N","","0","","0","0","0","","0","","","2","0","0","0","0","0","0","2","0","2","","","","N","","","","","","","","","",""
"2019073384","","1","0","0","0","0","0","0","0","0","4","0","","02","7","2019","2","40.458004","-80.196898","","11","0","0","1","0","0","0","0","0","","0","0","0","","","1","","2","","40 27:28.814","","0","80 11:48.834","3","0","0","0","2203","0","0","0","N","0","0","0","2","02203","0","","1.0","","1","N","N","","0","","1","0","1","","3","N","","2","1","0","0","0","0","0","2","0","2","","","","N","","","","","","","","","",""
"2019057958","","1","0","0","0","0","0","0","0","0","7","0","","02","6","2019","6","40.385528","-80.010833","","11","0","0","0","0","0","1","0","0","","0","0","0","","","0","","11","","40 23:07.900","","0","80 00:39.000","0","0","0","0","2301","0","0","0","N","0","0","0","1","02301","0","","5.0","","1","N","N","","0","","0","0","0","","0","","","1","0","0","0","0","0","0","2","0","1","","","","N","","","","","","","","","",""
"2019070754","","0","0","0","0","0","0","0","0","0","4","0","","02","7","2019","1","40.371353","-80.17802","","11","0","0","0","0","0","0","0","0","","0","0","0","","","0","","2","","40 22:16.869","","0","80 10:40.873","0","0","0","0","2119","0","0","0","N","0","0","0","3","02119","0","","1.0","","1","N","N","","0","","0","0","2","","3","N","","2","0","0","0","0","0","0","2","0","2","","","","N","","","","","","","","","",""
"2019060043","","0","0","0","0","0","0","0","0","0","4","0","","02","6","2019","2","40.489558","-80.018363","","11","0","0","0","0","0","0","0","0","","0","0","0","","","0","","5","","40 29:22.408","","0","80 01:06.106","0","0","0","0","2301","0","0","0","N","0","0","0","2","02301","0","","1.0","","1","N","N","","0","","0","0","2","","2","N","","2","0","0","0","0","0","0","2","0","2","","","","N","","","","","","","","","",""
"2019068045","","1","0","0","0","0","0","0","0","0","1","0","","02","7","2019","7","40.447681","-79.896721","","11","0","0","0","0","0","1","0","1","1","0","0","0","","","1","","0","","40 26:51.651","3","0","79 53:48.194","8","0","0","0","2301","0","0","0","N","0","0","0","3","02301","0","","1.0","","1","N","N","","0","","0","0","1","","2","N","","2","1","0","0","0","1","0","2","0","2","","","","N","","","","","","","","","",""
"2019060002","","0","0","0","0","0","0","0","0","0","7","0","","02","6","2019","6","40.375694","-79.982917","","11","0","0","0","0","0","0","0","0","","0","0","0","","","0","","0","","40 22:32.500","","0","79 58:58.500","0","0","0","0","2413","0","0","0","N","0","0","0","1","02413","0","","2.0","","1","N","N","","0","","0","0","1","","0","","","1","0","0","0","0","0","0","2","0","1","","","","N","","","","","","","","","",""
"2019068668","","1","0","0","0","0","0","0","0","0","7","0","","02","7","2019","3","40.460556","-79.827222","","11","0","0","0","0","0","0","0","0","2","0","0","0","","","0","","0","","40 27:38.000","5","0","79 49:38.000","9","0","0","0","2113","0","0","0","N","0","0","0","1","02113","0","","5.0","","1","N","N","","0","","0","0","0","","0","Y","","1","0","0","0","0","0","1","2","0","1","","","","N","","","","","","","","","",""
"2019060078","","1","0","0","0","0","0","0","0","0","7","0","","02","6","2019","4","40.493061","-79.898222","","11","0","0","0","0","0","0","1","0","","0","0","0","","","0","","0","","40 29:35.020","","0","79 53:53.600","0","0","0","0","2112","0","0","0","N","0","0","0","1","02112","0","","2.0","","1","N","N","","0","","0","0","0","","0","N","","1","0","0","0","0","0","0","2","0","1","","","","N","","","","","","","","","",""
"2019073288","","1","0","0","0","0","0","0","0","0","4","0","","02","7","2019","6","40.443944","-79.713569","","11","0","0","0","0","0","0","0","0","","0","0","0","","","0","","0","","40 26:38.200","","7","79 42:48.847","0","0","0","0","2446","0","0","0","N","0","0","0","3","02446","0","","1.0","","1","N","N","","0","","0","0","1","","0","","","2","0","0","0","0","0","0","2","0","2","","","","N","","","","","","","","","",""
"2019069552","","0","0","0","0","0","0","0","0","0","0","0","","02","7","2019","6","40.344861","-79.835667","","11","0","0","0","0","0","0","0","0","","0","0","0","","","1","","0","","40 20:41.500","","0","79 50:08.400","4","0","0","1","2304","0","0","0","N","0","0","0","1","02304","1","","1.0","","1","N","N","","0","","0","0","0","","0","N","","1","1","0","0","0","0","0","2","0","1","","","","N","","","","","","","","","",""
"2019116055","","1","0","0","0","0","0","0","0","0","1","0","","02","11","2019","5","40.567102","-80.212318","","11","0","0","0","0","0","1","0","0","","0","0","0","","","0","","2","","40 34:01.566","2","0","80 12:44.344","0","0","0","0","2441","0","0","0","N","0","0","0","2","02441","0","","1.0","1801.0","9","N","N","N","1","","0","0","0","","2","N","","2","0","0","0","0","0","0","2","0","2","","04","","N","","","","","","","","","",""
"2019060639","","1","0","0","0","0","0","0","0","0","4","0","","02","6","2019","7","40.406379","-79.826847","","11","0","0","0","0","0","1","0","0","","0","0","0","","","1","","1","","40 24:22.965","","0","79 49:36.649","2","0","1","1","2467","0","0","0","N","0","0","0","3","02467","0","","1.0","","1","","","","0","","0","1","0","","2","","","2","1","0","0","0","0","0","2","0","2","","","","N","","","","","","","","","",""
"2019071479","","1","0","0","0","0","0","0","0","0","4","0","","02","7","2019","3","40.483194","-80.017111","","11","0","0","0","0","0","0","1","0","","0","0","0","","","0","","0","","40 28:59.500","","0","80 01:01.600","0","0","0","0","2301","0","0","0","N","0","0","0","3","02301","0","","1.0","","1","N","N","","0","","0","0","1","","0","N","","2","0","0","0","0","0","0","2","0","2","","","","N","","","","","","","","","",""
"2019064698","","1","0","0","1","0","0","0","0","0","8","0","","02","6","2019","4","40.441733","-80.035258","","11","0","0","0","0","0","0","0","0","1","0","0","0","","","1","","2","","40 26:30.238","6","0","80 02:06.928","3","0","0","0","2301","1","0","0","N","0","0","0","2","02301","0","","1.0","","1","N","N","","0","","1","0","0","","0","N","","2","1","0","0","0","0","0","2","0","1","","","","N","","","","","","","","","",""
"2019078190","","1","0","0","0","0","0","0","0","0","7","0","","02","8","2019","1","40.391548","-79.933696","","11","0","0","0","0","0","0","0","0","3","0","0","0","","","0","","0","","40 23:29.572","1","8","79 56:01.305","9","0","0","0","2301","0","0","0","N","0","0","0","1","02301","0","","5.0","","1","N","N","","0","","0","0","0","","0","N","","1","0","0","0","0","0","1","2","0","1","","","","N","","","","","","","","","",""
"2019085928","","0","0","0","0","0","0","0","0","0","1","0","","02","8","2019","3","40.523147","-80.224311","","11","0","0","0","0","0","1","1","0","1","0","0","0","","","1","","0","","40 31:23.330","1","0","80 13:27.518","8","0","0","0","2213","0","0","0","N","0","0","0","2","02213","0","","1.0","","1","N","N","","1","","0","0","1","","0","N","","2","1","0","0","0","1","0","2","0","2","","","","N","","","","","","","","","",""
"2019058113","","2","0","0","0","0","0","0","0","0","4","0","","02","6","2019","7","40.412111","-80.023833","","11","0","0","0","0","0","0","0","0","2","0","0","0","","","0","","0","","40 24:43.600","6","0","80 01:25.800","0","0","0","0","2301","0","0","0","N","0","0","0","2","02301","0","","6.0","","1","N","N","","0","","0","0","3","","0","N","","6","0","2","0","0","0","0","2","1","6","","","","N","","","","","","","","","",""
"2019067788","","1","0","0","0","0","0","0","0","0","99","0","","02","7","2019","6","40.465954","-79.953549","","11","0","0","0","0","0","0","0","0","","0","0","0","","","0","","2","","40 27:57.435","","0","79 57:12.777","0","0","0","0","2301","0","0","0","N","0","0","0","1","02301","0","","1.0","","1","N","N","","0","","0","0","0","","2","N","","1","0","0","0","0","0","0","2","0","1","","","","N","","","","","","","","","",""
"2019064241","","1","0","0","0","0","0","0","0","0","4","0","","02","6","2019","7","40.385002","-79.862739","","11","0","0","0","1","0","1","0","0","","0","0","0","","","0","","1","","40 23:06.006","","0","79 51:45.860","0","0","0","0","2303","0","0","0","N","0","0","0","2","02303","0","","1.0","","1","N","N","","1","","0","0","0","","2","","","2","0","2","0","0","0","0","2","0","2","","","","N","","","","","","","","","",""
"2019059172","","1","0","0","0","0","0","0","0","0","7","0","","02","6","2019","3","40.402642","-80.031045","","11","0","0","0","0","0","0","0","0","","0","0","0","","","0","","1","","40 24:09.511","","0","80 01:51.762","0","0","0","0","2301","0","0","0","N","0","0","0","1","02503","0","","1.0","","1","N","N","","0","","0","0","0","","0","","","1","0","0","0","0","0","0","2","0","1","","","","N","","","","","","","","","",""
"2019069224","","1","0","0","0","0","0","0","0","0","1","0","","02","7","2019","4","40.388056","-79.822222","","11","0","0","0","0","0","0","1","0","","0","0","0","","","0","","0","","40 23:17.000","","7","79 49:20.000","0","0","0","0","2111","0","0","0","N","0","0","0","3","02111","0","","1.0","","1","N","N","","0","","0","0","1","","0","N","","2","0","0","0","0","0","0","2","0","2","","","","N","","","","","","","","","",""
"2019059642","","1","0","0","0","0","0","0","0","0","1","0","","02","6","2019","3","40.503705","-80.081418","","11","0","0","0","0","1","0","0","0","1","0","0","0","","","0","","0","","40 30:13.338","2","0","80 04:53.105","0","0","0","0","2405","0","0","0","N","0","0","0","2","02215","0","","1.0","","1","N","N","","0","","0","0","1","","0","N","","2","0","0","0","0","0","0","2","0","2","","","","N","","","","","","","","","",""
"2019058818","","1","0","0","0","0","0","0","0","0","8","0","","02","6","2019","2","40.428773","-79.985345","","11","0","0","0","0","0","0","0","0","","0","0","0","","","1","","1","","40 25:43.581","","0","79 59:07.242","8","0","0","0","2301","1","0","0","N","1","0","0","2","02301","0","","1.0","","1","N","N","","0","","0","0","0","","3","","","2","1","0","0","0","1","1","2","0","1","","","","N","","","","","","","","","",""
"2019057840","","0","0","0","0","0","0","0","0","0","7","0","","02","6","2019","6","40.637333","-79.868972","","11","0","0","0","0","0","0","0","0","1","0","0","0","","","0","","0","","40 38:14.400","4","0","79 52:08.300","0","0","0","0","2220","0","0","0","N","0","0","0","2","02220","0","","5.0","","1","N","N","","0","","0","0","1","","0","N","","1","0","1","0","0","0","0","1","0","1","","","","N","","","","","","","","","",""
"2019083411","","0","0","0","0","0","0","0","0","0","1","0","","02","6","2019","6","40.581455","-80.110929","","11","0","0","0","0","0","1","0","0","","0","0","0","","","0","","0","","40 34:53.238","","0","80 06:39.344","0","0","0","0","2481","0","0","0","N","0","0","0","2","68B03","0","","1.0","","1","N","N","","1","","0","0","1","","0","","","2","0","0","0","0","0","0","2","0","2","","","","N","","","","","","","","","",""
"2019063189","","0","0","0","0","0","0","0","0","0","2","0","","02","6","2019","7","40.377739","-79.888403","","11","0","0","0","0","0","0","1","0","1","0","0","0","","","1","","0","","40 22:39.862","1","0","79 53:18.250","3","0","0","0","2473","0","0","0","N","0","0","0","6","02473","0","","1.0","","1","N","N","","0","","1","0","2","","0","N","","2","1","0","0","0","0","0","2","0","2","","","","N","","","","","","","","","",""
"2019058160","","1","0","0","0","0","0","0","0","0","7","0","","02","6","2019","7","40.448537","-80.013126","","11","0","0","0","0","0","0","0","0","2","0","0","0","","","5","","7","","40 26:54.732","1","8","80 00:47.255","3","0","0","0","2301","0","0","0","Y","0","0","0","5","02301","1","","2.0","","1","N","N","","0","","2","0","1","","0","N","","2","3","1","0","0","0","0","2","0","2","","","","N","","","","","","","","","",""
"2019070745","","1","0","0","0","0","0","0","0","0","7","0","","02","7","2019","6","40.374761","-80.094756","","11","0","0","0","0","0","1","0","1","2","0","0","0","","","0","","3","","40 22:29.139","7","0","80 05:41.122","0","0","0","0","2117","0","0","0","N","0","0","0","2","02117","0","","4.0","","1","N","N","","0","","0","0","1","","0","N","","2","0","0","0","0","0","0","2","0","2","","","","N","","","","","","","","","",""
"2019068639","","0","0","0","0","0","0","0","0","0","7","0","","02","7","2019","2","40.462472","-79.953889","","11","0","0","0","0","0","0","0","0","1","0","0","0","","","0","","0","","40 27:44.900","1","3","79 57:14.000","0","0","0","0","2301","0","0","0","N","0","0","0","2","02301","0","","1.0","","1","N","N","","0","","0","0","1","","0","N","","1","0","0","0","0","0","0","2","0","1","","","","N","","","","","","","","","",""
"2019058446","","1","0","0","0","0","0","0","0","0","1","0","","02","6","2019","1","40.440114","-80.22795","","11","0","0","0","0","1","1","0","0","","0","0","0","","","1","","0","","40 26:24.412","","7","80 13:40.620","3","0","0","0","2214","0","0","0","N","0","0","0","2","02214","0","","1.0","","1","N","N","","1","","1","0","0","","0","","","2","1","0","0","0","0","0","2","0","2","","","","N","","","","","","","","","",""
"2019095075","","1","0","0","0","0","0","0","0","0","1","0","","02","7","2019","5","40.494283","-79.903944","","11","0","0","0","0","0","0","1","0","2","0","0","0","","","0","","0","","40 29:39.419","2","0","79 54:14.200","0","0","0","0","2401","0","0","0","N","0","0","0","3","68D02","0","","1.0","","1","N","N","","0","","0","0","2","","0","N","","3","0","0","0","0","0","0","2","0","3","","","","N","","","","","","","","","",""
"2019075525","","0","0","0","0","0","0","0","0","0","5","0","","02","7","2019","7","40.35097","-80.104996","","11","0","0","0","0","0","1","0","0","1","0","0","0","","","0","N","0","","40 21:03.493","5","7","80 06:17.987","0","0","0","0","2414","0","0","0","N","0","0","0","3","02414","0","","1.0","","1","N","N","","0","","0","0","2","","0","Y","","2","0","0","0","0","0","0","2","0","2","","","","N","","","","","","","","","",""
"2019058725","","0","0","0","0","0","0","0","0","0","4","0","","02","6","2019","1","40.365806","-79.865222","","11","0","0","0","0","0","0","0","0","","0","0","0","","","0","","0","","40 21:56.900","","0","79 51:54.800","9","0","0","0","2473","0","0","0","N","0","0","0","1","02473","0","","2.0","","1","N","N","","0","","0","0","1","","0","","","2","0","0","0","0","0","1","2","0","2","","","","N","","","","","","","","","",""
"2019076907","","2","0","0","0","0","0","0","0","0","4","0","","02","7","2019","2","40.432547","-79.893856","","11","0","0","0","0","0","0","0","0","1","0","0","0","","","1","","0","","40 25:57.170","5","0","79 53:37.880","4","0","0","0","2426","0","0","0","N","0","0","0","1","02426","1","","1.0","","1","N","N","","0","","0","0","0","","0","N","","3","1","0","0","0","0","0","2","1","3","","","","N","","","","","","","","","",""
"2019057818","","0","0","0","0","0","0","0","0","0","5","0","","02","6","2019","6","40.470569","-79.962774","","11","0","0","0","0","0","1","0","0","","0","0","0","","","0","","1","","40 28:14.048","","0","79 57:45.986","0","0","0","0","2301","0","0","0","N","0","0","0","2","02301","0","","1.0","","1","N","N","","0","","0","0","1","","0","","","2","0","0","0","0","0","0","2","1","2","","","","N","","","","","","","","","",""