"CRN","ARRIVAL_TM","AUTOMOBILE_COUNT","BELTED_DEATH_COUNT","BELTED_SUSP_SERIOUS_INJ_COUNT","BICYCLE_COUNT","BICYCLE_DEATH_COUNT","BICYCLE_SUSP_SERIOUS_INJ_COUNT","BUS_COUNT","CHLDPAS_DEATH_COUNT","CHLDPAS_SUSP_SERIOUS_INJ_COUNT","COLLISION_TYPE","COMM_VEH_COUNT","CONS_ZONE_SPD_LIM","COUNTY","CRASH_MONTH","CRASH_YEAR","DAY_OF_WEEK","DEC_LATITUDE","DEC_LONGITUDE","DISPATCH_TM","DISTRICT","DRIVER_COUNT_16YR","DRIVER_COUNT_17YR","DRIVER_COUNT_18YR","DRIVER_COUNT_19YR","DRIVER_COUNT_20YR","DRIVER_COUNT_50_64YR","DRIVER_COUNT_65_74YR","DRIVER_COUNT_75PLUS","EST_HRS_CLOSED","FATAL_COUNT","HEAVY_TRUCK_COUNT","HORSE_BUGGY_COUNT","HOUR_OF_DAY","ILLUMINATION","INJURY_COUNT","INTERSECTION_RELATED","INTERSECT_TYPE","LANE_CLOSED","LATITUDE","LN_CLOSE_DIR","LOCATION_TYPE","LONGITUDE","MAX_SEVERITY_LEVEL","MCYCLE_DEATH_COUNT","MCYCLE_SUSP_SERIOUS_INJ_COUNT","MOTORCYCLE_COUNT","MUNICIPALITY","NONMOTR_COUNT","NONMOTR_DEATH_COUNT","NONMOTR_SUSP_SERIOUS_INJ_COUNT","NTFY_HIWY_MAINT","PED_COUNT","PED_DEATH_COUNT","PED_SUSP_SERIOUS_INJ_COUNT","PERSON_COUNT","POLICE_AGCY","POSSIBLE_INJ_COUNT","RDWY_SURF_TYPE_CD","RELATION_TO_ROAD","ROADWAY_CLEARED","ROAD_CONDITION","SCH_BUS_IND","SCH_ZONE_IND","SECONDARY_CRASH","SMALL_TRUCK_COUNT","SPEC_JURIS_CD","SUSP_MINOR_INJ_COUNT","SUSP_SERIOUS_INJ_COUNT","SUV_COUNT","TCD_FUNC_CD","TCD_TYPE","TFC_DETOUR_IND","TIME_OF_DAY","TOTAL_UNITS","TOT_INJ_COUNT","UNBELTED_OCC_COUNT","UNB_DEATH_COUNT","UNB_SUSP_SERIOUS_INJ_COUNT","UNK_INJ_DEG_COUNT","UNK_INJ_PER_COUNT","URBAN_RURAL","VAN_COUNT","VEHICLE_COUNT","WEATHER1","WEATHER2","WORKERS_PRES","WORK_ZONE_IND","WORK_ZONE_LOC","WORK_ZONE_TYPE","WZ_CLOSE_DETOUR","WZ_FLAGGER","WZ_LAW_OFFCR_IND","WZ_LN_CLOSURE","WZ_MOVING","WZ_OTHER","WZ_SHLDER_MDN","WZ_WORKERS_INJ_KILLED"
"2019060638","","0","0","0","0","0","0","0","0","0","1","0","","02","6","2019","7","40.299853","-79.828565","","11","0","0","0","0","0","0","0","0","2","0","0","0","","","0","","2","","40 17:59.470","1","0","79 49:42.833","0","0","0","0","2105","0","0","0","N","0","0","0","3","02105","0","","1.0","","1","N","N","","0","","0","0","2","","0","Y","","2","0","0","0","0","0","0","1","0","2","","","","N","","","","","","","","","",""
"2019075704","","0","0","0","0","0","0","0","0","0","0","0","","02","6","2019","5","40.407045","-80.107724","","11","0","0","0","0","0","0","0","0","1","0","0","0","","","1","","0","","40 24:25.361","2","0","80 06:27.807","3","0","0","1","2102","0","0","0","N","0","0","0","1","68B03","0","","1.0","","9","N","N","","0","","1","0","0","","0","N","","1","1","0","0","0","0","0","2","0","1","","","","N","","","","","","","","","",""
"2019069867","","0","0","0","0","0","0","0","0","0","7","0","","02","7","2019","7","40.537946","-80.199449","","11","0","0","0","0","0","0","0","0","1","0","0","0","","","1","","0","","40 32:16.604","2","0","80 11:58.017","3","0","0","0","2213","0","0","0","N","0","0","0","1","02213","0","","3.0","","1","N","N","","1","","1","0","0","","0","N","","1","1","1","0","0","0","0","2","0","1","","","","N","","","","","","","","","",""
"2019082880","","1","0","0","0","0","0","0","0","0","4","0","","02","8","2019","5","40.376964","-80.036598","","11","0","0","1","0","0","0","1","0","1","0","0","0","","","1","","1","","40 22:37.069","1","0","80 02:11.752","3","0","0","0","2109","0","0","0","N","0","0","0","5","02109","0","","1.0","","1","N","N","","0","","1","0","0","","3","N","","2","1","0","0","0","0","0","2","1","2","","","","N","","","","","","","","","",""
"2019062117","","1","0","0","0","0","0","0","0","0","4","0","","02","6","2019","6","40.503834","-80.134957","","11","0","0","0","0","0","0","0","0","2","0","0","0","","","1","","2","","40 30:13.802","6","2","80 08:05.845","8","0","0","0","2115","0","0","0","N","0","0","0","3","02115","0","","1.0","","1","N","N","","0","","0","0","1","","3","N","","2","1","0","0","0","1","0","2","0","2","","","","N","","","","","","","","","",""
"2019067974","","1","0","0","0","0","0","0","0","0","7","0","","02","7","2019","7","40.436334","-79.994783","","11","0","0","0","0","0","0","0","0","","0","0","0","","","0","","0","","40 26:10.803","","2","79 59:41.219","0","0","0","0","2301","0","0","0","N","0","0","0","1","02301","0","","4.0","","9","N","N","","0","","0","0","0","","0","","","1","0","0","0","0","0","0","2","0","1","","","","N","","","","","","","","","",""
"2019077043","","0","0","0","0","0","0","0","0","0","7","0","","02","7","2019","2","40.444811","-79.843663","","11","0","0","0","0","0","0","0","0","","0","0","0","","","1","","0","","40 26:41.321","","0","79 50:37.185","8","0","0","1","2419","0","0","0","N","0","0","0","1","68B03","0","","3.0","","1","N","N","","0","","0","0","0","","0","","","1","1","0","0","0","1","0","2","0","1","","","","N","","","","","","","","","",""
"2019065902","","0","0","0","0","0","0","0","0","0","7","0","","02","6","2019","4","40.412309","-80.078088","","11","0","0","0","0","0","1","0","0","","0","0","0","","","0","","7","","40 24:44.311","","2","80 04:41.118","0","0","0","0","2117","0","0","0","N","0","0","0","1","68B03","0","","4.0","","1","N","N","","1","","0","0","0","","0","","","1","0","1","0","0","0","0","2","0","1","","","","N","","","","","","","","","",""
"2019058854","","0","0","0","0","0","0","0","0","0","0","0","","02","6","2019","1","40.462694","-79.803889","","11","0","0","0","0","0","0","0","0","","0","0","0","","","1","","0","","40 27:45.700","","0","79 48:14.000","8","0","0","1","2113","0","0","0","N","0","0","0","1","02113","0","","1.0","","1","N","N","","0","","0","0","0","","0","","","1","1","0","0","0","1","0","2","0","1","","","","N","","","","","","","","","",""
"2019068122","","1","0","0","0","0","0","0","0","0","2","0","","02","7","2019","1","40.617569","-80.087716","","11","0","0","0","0","0","0","0","1","2","0","0","0","","","0","","0","","40 37:03.250","3","0","80 05:15.779","0","0","0","0","2212","0","0","0","N","0","0","0","3","02505","0","","1.0","","9","N","N","","0","","0","0","1","","0","N","","2","0","0","0","0","0","0","2","0","2","","","","N","","","","","","","","","",""
"2019058483","","2","0","0","0","0","0","0","0","0","4","0","","02","6","2019","1","40.363796","-79.842809","","11","0","0","0","0","0","1","0","0","","0","0","0","","","0","","1","","40 21:49.667","","0","79 50:34.113","0","0","0","0","2303","0","0","0","N","0","0","0","2","02303","0","","1.0","","1","N","N","","0","","0","0","0","","2","","","2","0","0","0","0","0","0","2","0","2","","","","N","","","","","","","","","",""
"2019074258","","1","0","0","0","0","0","0","0","0","7","0","","02","7","2019","5","40.378358","-79.989334","","11","0","0","0","0","0","0","0","0","2","0","0","0","","","1","","0","","40 22:42.087","5","0","79 59:21.604","8","0","0","0","2476","0","0","0","N","0","0","0","1","02476","0","","5.0","","9","N","N","","0","","0","0","2","","0","N","","3","1","1","0","0","1","0","2","0","3","","","","N","","","","","","","","","",""
"2019059241","","2","0","0","0","0","0","0","0","0","2","0","","02","6","2019","3","40.403333","-80.020196","","11","0","0","0","0","1","1","0","0","2","0","0","0","","","2","","0","","40 24:11.999","5","7","80 01:12.706","8","0","0","0","2301","0","0","0","N","0","0","0","2","02301","0","","1.0","","1","N","N","","0","","0","0","0","","0","N","","2","2","0","0","0","2","0","2","0","2","","","","N","","","","","","","","","",""
"2019070499","","0","0","0","0","0","0","0","0","0","7","0","","02","7","2019","6","40.660944","-80.118194","","11","0","0","0","0","0","0","0","0","","0","0","0","","","0","","0","","40 39:39.400","","0","80 07:05.500","0","0","0","0","2212","0","0","0","N","0","0","0","1","02505","0","","5.0","","1","N","N","","0","","0","0","1","","0","","","1","0","0","0","0","0","0","2","0","1","","","","N","","","","","","","","","",""
"2019065764","","1","0","0","0","0","0","0","0","0","7","0","","02","6","2019","4","40.640651","-79.736534","","11","0","1","0","0","0","0","1","0","","0","0","0","","","1","","0","","40 38:26.344","","0","79 44:11.524","3","0","0","0","2106","0","0","0","N","0","0","0","2","68D02","0","","4.0","","1","N","N","","0","","1","0","1","","0","","","2","1","0","0","0","0","0","1","0","2","","","","N","","","","","","","","","",""
"2019075983","","0","0","0","0","0","0","0","0","0","7","0","","02","7","2019","3","40.391609","-80.087793","","11","0","0","0","0","0","0","1","0","2","0","0","0","","","1","","0","","40 23:29.794","1","0","80 05:16.056","8","0","0","0","2437","0","0","0","Y","0","0","0","1","02437","0","","5.0","","1","N","N","","0","","0","0","1","","0","N","","1","1","0","0","0","1","0","2","0","1","","","","N","","","","","","","","","",""
"2019088546","","2","0","0","0","0","0","0","0","0","4","0","","02","8","2019","5","","","","11","0","0","0","0","0","0","0","0","","0","0","0","","","0","","2","","","","0","","0","0","0","0","2102","0","0","0","N","0","0","0","2","02102","0","","4.0","","1","N","N","","0","","0","0","0","","0","N","","2","0","0","0","0","0","0","1","0","2","","","","N","","","","","","","","","",""
"2019068703","","0","0","0","0","0","0","0","0","0","7","0","","02","7","2019","3","40.437823","-80.004149","","11","0","0","0","0","0","0","0","0","1","0","0","0","","","0","","7","","40 26:16.164","4","2","80 00:14.937","0","0","0","0","2301","0","0","0","Y","0","0","0","1","02301","0","","3.0","","1","N","N","","0","","0","0","1","","0","Y","","1","0","0","0","0","0","0","2","0","1","","","","N","","","","","","","","","",""
"2019072078","","1","0","0","0","0","0","0","0","0","2","0","","02","7","2019","1","40.385413","-79.821842","","11","0","0","0","1","0","0","0","0","2","0","0","0","","","2","","2","","40 23:07.485","2","0","79 49:18.631","8","0","0","1","2111","0","0","0","N","0","0","0","5","02111","0","","1.0","","1","N","N","","0","","0","0","0","","0","N","","2","2","0","0","0","2","0","2","0","2","","","","N","","","","","","","","","",""
"2019059974","","1","0","0","0","0","0","0","0","0","4","0","","02","6","2019","3","40.467649","-80.031084","","11","0","0","0","0","0","0","0","0","","0","0","0","","","0","","2","","40 28:03.536","","0","80 01:51.902","9","0","0","0","2301","0","0","0","N","0","0","0","2","02301","0","","1.0","","1","N","N","","0","","0","0","1","","3","N","","2","0","0","0","0","0","1","2","0","2","","","","N","","","","","","","","","",""
"2019078909","","2","0","0","0","0","0","0","0","0","4","0","","02","7","2019","7","40.427139","-79.788278","","11","0","0","0","0","0","0","0","1","1","0","0","0","","","2","","0","","40 25:37.700","3","7","79 47:17.800","3","0","0","0","2446","0","0","0","N","0","0","0","3","02446","0","","1.0","","1","N","N","","0","","2","0","0","","0","N","","2","2","0","0","0","0","0","2","0","2","","","","N","","","","","","","","","",""
"2019057519","","1","0","0","0","0","0","0","0","0","4","0","","02","6","2019","5","40.450045","-79.903803","","11","0","0","0","0","0","1","1","0","1","0","0","0","","","0","","1","","40 27:00.163","4","0","79 54:13.689","0","0","0","0","2301","0","0","0","N","0","0","0","3","02301","0","","1.0","","1","N","N","","1","","0","0","1","","2","N","","3","0","0","0","0","0","0","2","0","3","","","","N","","","","","","","","","",""
"2019069237","","0","0","0","0","0","0","0","0","0","4","0","","02","7","2019","4","40.427167","-79.722131","","11","0","0","0","0","0","0","0","0","1","0","0","0","","","0","","0","","40 25:37.800","1","0","79 43:19.670","0","0","0","0","2446","0","0","0","N","0","0","0","4","02446","0","","1.0","","1","N","N","","1","","0","0","1","","2","N","","2","0","0","0","0","0","0","2","0","2","","","","N","","","","","","","","","",""
"2019057415","","0","0","0","0","0","0","0","0","0","7","0","","02","6","2019","5","40.452333","-80.233028","","11","0","0","0","0","0","0","0","1","2","0","0","0","","","1","","0","","40 27:08.400","1","0","80 13:58.900","3","0","0","0","2214","0","0","0","N","0","0","0","1","02214","0","","5.0","","1","N","N","","0","","1","0","0","","0","N","","1","1","0","0","0","0","0","2","1","1","","","","N","","","","","","","","","",""
"2019068724","","1","0","0","0","0","0","0","0","0","2","0","","02","7","2019","3","40.460066","-79.843417","","11","0","0","0","0","0","0","0","0","1","0","0","0","","","1","","0","","40 27:36.237","1","7","79 50:36.302","4","0","0","0","2113","0","0","0","N","0","0","0","3","02113","1","","1.0","","1","N","N","","0","","0","0","1","","0","Y","","2","1","0","0","0","0","0","2","0","2","","","","N","","","","","","","","","",""
"2019071143","","1","0","0","0","0","0","0","0","0","4","0","","02","7","2019","3","40.46374","-79.923809","","11","0","0","0","0","0","0","0","0","2","0","0","0","","","0","","1","","40 27:49.464","2","0","79 55:25.712","0","0","0","0","2301","0","0","0","N","0","0","0","4","02301","0","","1.0","","1","N","N","","0","","0","0","1","","1","N","","2","0","0","0","0","0","0","2","0","2","","","","N","","","","","","","","","",""
"2019058282","","1","0","0","0","0","0","0","0","0","5","0","","02","6","2019","7","40.348368","-79.945686","","11","0","0","0","0","0","0","2","0","","0","0","0","","","1","","0","","40 20:54.123","","0","79 56:44.470","4","0","0","0","2473","0","0","0","N","0","0","0","5","02473","1","","1.0","","1","N","N","","0","","0","0","1","","0","","","2","1","1","0","0","0","0","2","0","2","","","","N","","","","","","","","","",""
"2019057836","","0","0","0","0","0","0","0","0","0","1","0","","02","6","2019","5","40.55453","-80.02124","","11","0","0","0","0","0","0","1","0","","0","0","0","","","0","","1","","40 33:16.307","","0","80 01:16.463","0","0","0","0","2108","0","0","0","N","0","0","0","2","02108","0","","1.0","","1","N","N","","0","","0","0","2","","2","","","2","0","0","0","0","0","0","2","0","2","","","","N","","","","","","","","","",""
"2019057811","","1","0","0","0","0","0","0","0","0","1","0","","02","6","2019","6","40.492293","-79.792041","","11","0","0","0","0","0","0","0","0","2","0","0","0","","","0","","0","","40 29:32.255","3","0","79 47:31.349","0","0","0","0","2113","0","0","0","N","0","0","0","1","02113","0","","2.0","","1","N","N","","0","","0","0","1","","0","Y","","2","0","0","0","0","0","0","2","0","2","","","","N","","","","","","","","","",""
"2019069514","","0","0","0","0","0","0","0","0","0","1","0","","02","7","2019","3","40.615167","-79.758109","","11","0","0","0","0","0","1","0","0","2","0","0","0","","","0","","3","","40 36:54.600","2","2","79 45:29.194","0","0","0","0","2202","0","0","0","N","0","0","0","3","68D02","0","","1.0","","1","N","N","","0","","0","0","2","","4","N","","2","0","0","0","0","0","0","2","0","2","","","","N","","","","","","","","","",""
"2019076448","","0","0","0","0","0","0","0","0","0","5","0","","02","7","2019","7","40.572202","-79.788939","","11","0","0","0","0","0","0","0","0","2","0","0","0","","","1","","0","","40 34:19.927","1","0","79 47:20.182","2","0","1","1","2206","0","0","0","N","0","0","0","3","68D02","0","","1.0","","1","N","N","","0","","0","1","1","","0","N","","2","1","0","0","0","0","0","2","0","2","","","","N","","","","","","","","","",""
"2019058833","","1","0","0","0","0","0","0","0","0","4","0","","02","6","2019","1","40.457318","-79.909073","","11","0","0","0","0","0","0","1","0","","0","0","0","","","0","","1","","40 27:26.345","","0","79 54:32.662","0","0","0","0","2301","0","0","0","N","0","0","0","3","02301","0","","1.0","","1","N","N","","0","","0","0","1","","2","","","2","0","1","0","0","0","0","2","0","2","","","","N","","","","","","","","","",""
"2019070662","","0","0","0","0","0","0","0","0","0","1","0","","02","7","2019","1","40.438689","-79.988285","","11","0","0","0","0","0","0","0","0","","0","0","0","","","0","","2","","40 26:19.280","","0","79 59:17.827","9","0","0","0","2301","0","0","0","N","0","0","0","2","02301","0","","1.0","","1","N","N","","0","","0","0","1","","2","N","","2","0","0","0","0","0","1","2","0","2","","","","N","","","","","","","","","",""
"2019057507","","0","0","0","0","0","0","0","0","0","4","0","","02","6","2019","5","40.426979","-80.022484","","11","0","0","0","0","0","0","0","0","2","0","0","0","","","2","","0","","40 25:37.123","2","7","80 01:20.941","3","0","0","0","2301","0","0","0","N","0","0","0","4","02301","0","","1.0","","1","N","N","","1","","2","0","2","","0","N","","3","2","1","0","0","0","0","2","0","3","","","","N","","","","","","","","","",""
"2019057668","","0","0","0","0","0","0","0","0","0","3","0","","02","6","2019","5","40.343444","-79.840333","","11","0","0","0","0","0","0","0","0","","0","0","0","","","0","","0","","40 20:36.400","","7","79 50:25.200","0","0","0","0","2304","0","0","0","N","0","0","0","1","02304","0","","1.0","","1","N","N","","1","","0","0","1","","0","","","2","0","1","0","0","0","0","2","0","2","","","","N","","","","","","","","","",""
"2019071480","","2","0","0","0","0","0","0","0","0","4","0","","02","7","2019","3","40.478829","-80.04312","","11","0","0","0","0","0","0","0","0","2","0","0","0","","","1","","1","","40 28:43.784","7","0","80 02:35.231","8","0","0","0","2301","0","0","0","N","0","0","0","3","02301","0","","1.0","","1","N","N","","0","","0","0","0","","2","N","","2","1","0","0","0","1","0","2","0","2","","","","N","","","","","","","","","",""
"2019057849","","1","0","0","0","0","0","0","0","0","1","0","","02","6","2019","5","40.507132","-80.006546","","11","0","0","0","0","0","1","0","0","","0","0","0","","","1","","0","","40 30:25.674","","0","80 00:23.565","3","0","0","0","2116","0","0","0","N","0","0","0","4","02116","0","","1.0","","1","N","N","","0","","1","0","1","","0","","","2","1","1","0","0","0","0","2","0","2","","","","N","","","","","","","","","",""
"2019057867","","1","0","0","0","0","0","0","0","0","4","0","","02","6","2019","5","40.355461","-80.114119","","11","0","1","0","0","0","0","0","0","1","0","0","0","","","2","","1","","40 21:19.660","1","0","80 06:50.827","3","0","0","0","2414","0","0","0","N","0","0","0","4","02414","1","","1.0","","1","N","N","","0","","1","0","1","","2","N","","2","2","0","0","0","0","0","2","0","2","","","","N","","","","","","","","","",""
"2019070449","","1","0","0","0","0","0","0","0","0","4","0","","02","7","2019","7","40.304245","-80.056922","","11","0","0","0","0","0","0","0","0","","0","0","0","","","0","","1","","40 18:15.282","","0","80 03:24.920","0","0","0","0","2407","0","0","0","N","0","0","0","2","02407","0","","1.0","","1","N","N","","1","","0","0","0","","0","","","2","0","0","0","0","0","0","2","0","2","","","","N","","","","","","","","","",""
"2019094181","","1","0","0","0","0","0","0","0","0","1","0","55","02","7","2019","2","40.515689","-80.133925","","11","0","0","0","0","0","1","0","1","2","0","0","0","","","0","","0","","40 30:56.481","2","3","80 08:02.130","0","0","0","0","2110","0","0","0","N","0","0","0","4","68B03","0","","1.0","","1","N","N","","0","","0","0","1","","0","N","","2","0","0","0","0","0","0","2","0","2","","","Y","Y","2","2","","","N","Y","","","","N"
"2019070052","","0","0","0","0","0","0","0","0","0","4","0","","02","7","2019","3","40.347801","-79.951656","","11","0","0","0","0","0","1","0","0","2","0","0","0","","","2","","1","","40 20:52.082","3","0","79 57:05.961","4","0","0","0","2473","0","0","0","N","0","0","0","3","02473","2","","1.0","","1","N","N","","0","","0","0","2","","2","N","","2","2","0","0","0","0","0","2","0","2","","","","N","","","","","","","","","",""
"2019059982","","1","0","0","0","0","0","0","0","0","1","0","","02","6","2019","4","40.446111","-80.010361","","11","0","0","0","0","0","0","0","0","","0","0","0","","","0","","0","","40 26:46.000","","0","80 00:37.300","9","0","0","0","2301","0","0","0","N","0","0","0","2","02301","0","","1.0","","1","N","N","","0","","0","0","1","","0","N","","2","0","0","0","0","0","1","2","0","2","","","","N","","","","","","","","","",""
"2019060086","","2","0","0","0","0","0","0","0","0","1","0","","02","6","2019","5","40.592141","-80.074993","","11","0","0","0","0","0","0","1","0","","0","0","0","","","0","","3","","40 35:31.706","","0","80 04:29.976","0","0","0","0","2481","0","0","0","N","0","0","0","3","02481","0","","1.0","","9","N","N","","0","","0","0","0","","0","","","2","0","0","0","0","0","0","2","0","2","","","","N","","","","","","","","","",""
"2019059632","","0","0","0","0","0","0","0","0","0","4","0","","02","6","2019","3","40.582263","-80.060172","","11","0","0","0","0","0","0","0","1","","0","0","0","","","0","","0","","40 34:56.145","","0","80 03:36.620","0","0","0","0","2108","0","0","0","N","0","0","0","2","02108","0","","1.0","","1","N","N","","0","","0","0","2","","0","","","2","0","0","0","0","0","0","2","0","2","","","","N","","","","","","","","","",""
"2019068923","","0","0","0","0","0","0","0","0","0","0","0","","02","7","2019","2","40.364036","-80.047968","","11","0","0","0","0","0","0","0","0","","0","0","0","","","1","","3","","40 21:50.528","","0","80 02:52.684","8","0","0","1","2109","0","0","0","N","0","0","0","1","02109","0","","1.0","","1","N","N","","0","","0","0","0","","0","","","1","1","0","0","0","1","0","2","0","1","","","","N","","","","","","","","","",""
"2019060605","","1","0","0","0","0","0","0","0","0","4","0","","02","6","2019","5","40.511459","-80.10094","","11","0","0","0","0","0","0","0","0","1","0","0","0","","","0","","1","","40 30:41.251","2","0","80 06:03.383","0","0","0","0","2429","0","0","0","N","0","0","0","3","02215","0","","1.0","","9","N","N","","0","","0","0","0","","2","N","","2","0","1","0","0","0","0","2","1","2","","","","N","","","","","","","","","",""
"2019069368","","3","0","0","0","0","0","0","0","0","5","0","","02","7","2019","2","40.426333","-79.971306","","11","0","0","0","0","0","0","0","0","","0","0","0","","","0","","0","","40 25:34.800","","0","79 58:16.700","9","0","0","0","2301","0","0","0","N","0","0","0","1","02301","0","","1.0","","1","N","N","","0","","0","0","0","","0","","","3","0","0","0","0","0","1","2","0","3","","","","N","","","","","","","","","",""
"2019071335","","2","0","0","0","0","0","0","0","0","6","0","","02","7","2019","3","40.446963","-79.981301","","11","0","0","0","0","0","0","0","1","1","0","0","0","","","1","","2","","40 26:49.066","3","0","79 58:52.682","8","0","0","0","2301","0","0","0","N","0","0","0","2","02301","0","","1.0","","1","N","N","","0","","0","0","0","","0","N","","2","1","0","0","0","1","0","2","0","2","","","","N","","","","","","","","","",""
"2019064178","","2","0","0","0","0","0","0","0","0","1","0","","02","6","2019","5","40.351865","-79.977492","","11","0","0","0","0","2","1","0","0","1","0","0","0","","","0","","0","","40 21:06.714","2","0","79 58:38.972","0","0","0","0","2476","0","0","0","N","0","0","0","4","02476","0","","1.0","","9","N","N","","0","","0","0","2","","0","N","","4","0","0","0","0","0","0","2","0","4","","","","N","","","","","","","","","",""
"2019122864","","0","0","0","0","0","0","0","0","0","1","0","","02","11","2019","6","40.623141","-79.923041","","11","0","0","1","0","0","0","0","0","","0","0","0","","","1","N","1","","40 37:23.307","6","0","79 55:22.947","3","0","0","0","2217","0","0","0","N","0","0","0","6","02505","0","","1.0","1916.0","1","N","N","Y","1","","1","0","2","","2","Y","","3","1","1","0","0","0","0","2","0","3","","03","","N","","","","","","","","","",""
"2019071484","","2","0","0","0","0","0","0","0","0","4","0","","02","7","2019","2","40.516293","-80.197378","","11","0","1","0","0","0","0","0","1","2","0","0","0","","","1","","2","","40 30:58.653","5","0","80 11:50.561","4","0","0","0","2213","0","0","0","N","0","0","0","3","02213","1","","1.0","","1","N","N","","1","","0","0","0","","3","Y","","3","1","0","0","0","0","0","2","0","3","","","","N","","","","","","","","","",""
"2019059899","","0","0","0","0","0","0","0","0","0","7","0","","02","6","2019","4","40.46511","-79.791089","","11","0","0","0","0","0","0","0","0","2","0","0","0","","","1","","0","","40 27:54.396","7","0","79 47:27.921","8","0","0","0","2113","0","0","0","N","0","0","0","1","02113","0","","5.0","","1","N","N","","1","","0","0","0","","0","N","","1","1","0","0","0","1","0","2","0","1","","","","N","","","","","","","","","",""
"2019070214","","1","0","0","0","0","0","0","0","0","1","0","","02","7","2019","6","40.344205","-79.798211","","11","0","0","0","1","0","1","1","0","2","0","0","0","","","4","","0","","40 20:39.137","1","0","79 47:53.558","3","0","0","0","2477","0","0","0","N","0","0","0","4","02477","1","","1.0","","1","N","N","","0","","3","0","2","","0","N","","3","4","0","0","0","0","0","2","0","3","","","","N","","","","","","","","","",""
"2019057610","","2","0","0","0","0","0","0","0","0","4","0","","02","6","2019","5","40.454029","-79.912399","","11","0","0","0","0","0","1","0","0","","0","0","0","","","0","","1","","40 27:14.504","","0","79 54:44.638","0","0","0","0","2301","0","0","0","N","0","0","0","2","02301","0","","1.0","","1","N","N","","0","","0","0","0","","2","","","2","0","0","0","0","0","0","2","0","2","","","","N","","","","","","","","","",""
"2019058925","","1","0","0","0","0","0","0","0","0","1","0","","02","6","2019","2","40.342509","-79.964644","","11","0","0","0","0","0","0","0","0","","0","0","0","","","1","","0","","40 20:33.033","","6","79 57:52.719","3","0","0","0","2454","0","0","0","N","0","0","0","3","02454","0","","1.0","","9","N","N","","0","","1","0","1","","0","","","2","1","0","0","0","0","0","2","0","2","","","","N","","","","","","","","","",""
"2019068400","","1","0","0","0","0","0","0","0","0","8","0","","02","7","2019","2","40.462367","-79.922884","","11","0","0","0","0","0","0","0","0","","0","0","0","","","1","","1","","40 27:44.521","","0","79 55:22.382","3","0","0","0","2301","1","0","0","N","1","0","0","2","02301","0","","1.0","","1","N","N","","0","","1","0","0","","0","N","","2","1","0","0","0","0","0","2","0","1","","","","N","","","","","","","","","",""
"2019059691","","0","0","0","0","0","0","0","0","0","7","0","","02","6","2019","4","40.463222","-79.929917","","11","0","0","1","0","0","1","0","0","2","0","0","0","","","0","","0","","40 27:47.600","3","0","79 55:47.700","0","0","0","0","2301","0","0","0","N","0","0","0","3","02301","0","","4.0","","1","N","N","","0","","0","0","2","","0","Y","","2","0","0","0","0","0","0","2","0","2","","","","N","","","","","","","","","",""
"2019058182","","2","0","0","0","0","0","0","0","0","4","0","","02","6","2019","7","40.464843","-79.828658","","11","0","0","0","0","0","0","0","2","","0","0","0","","","0","","1","","40 27:53.434","","1","79 49:43.169","0","0","0","0","2113","0","0","0","N","0","0","0","2","02113","0","","1.0","","1","N","N","","0","","0","0","0","","2","","","2","0","0","0","0","0","0","2","0","2","","","","N","","","","","","","","","",""
"2019058450","","1","0","0","0","0","0","0","0","0","2","0","","02","6","2019","1","40.432291","-80.008051","","11","0","0","0","0","0","1","0","0","","0","0","0","","","2","","2","","40 25:56.247","","0","80 00:28.984","8","0","0","0","2301","0","0","0","N","0","0","0","3","02301","0","","1.0","","1","N","N","","0","","0","0","1","","3","","","2","2","0","0","0","2","0","2","0","2","","","","N","","","","","","","","","",""
"2019058230","","0","0","0","0","0","0","0","0","0","5","0","","02","6","2019","7","40.493271","-80.06285","","11","0","0","0","0","0","0","0","0","","0","0","0","","","0","","0","","40 29:35.774","","7","80 03:46.261","0","0","0","1","2404","0","0","0","N","0","0","0","2","02404","0","","1.0","","1","N","N","","0","","0","0","1","","0","","","2","0","0","0","0","0","0","2","0","2","","","","N","","","","","","","","","",""
"2019060068","","2","0","0","0","0","0","0","0","0","4","0","","02","6","2019","3","40.37725","-79.975417","","11","0","0","0","0","0","0","0","0","1","0","0","0","","","2","","0","","40 22:38.100","5","0","79 58:31.500","8","0","0","0","2413","0","0","0","N","0","0","0","2","02413","0","","1.0","","1","N","N","","0","","0","0","2","","0","N","","4","2","0","0","0","2","0","2","0","4","","","","N","","","","","","","","","",""
"2019068144","","1","0","0","0","0","0","0","0","0","4","0","","02","7","2019","1","40.487835","-79.920057","","11","0","0","0","0","0","0","0","1","1","0","0","0","","","0","","1","","40 29:16.205","4","0","79 55:12.206","0","0","0","0","2301","0","0","0","N","0","0","0","2","02301","0","","1.0","","9","N","N","","1","","0","0","0","","2","N","","2","0","0","0","0","0","0","2","0","2","","","","N","","","","","","","","","",""
"2019058363","","2","0","0","0","0","0","0","0","0","7","0","","02","6","2019","7","40.341586","-79.849445","","11","0","0","0","1","0","0","0","0","2","0","0","0","","","0","","1","","40 20:29.709","5","0","79 50:58.001","0","0","0","0","2304","0","0","0","Y","0","0","0","1","02304","0","","5.0","","1","N","N","","0","","0","0","0","","3","N","","3","0","0","0","0","0","0","2","1","3","","","","N","","","","","","","","","",""