"CRN","ARRIVAL_TM","AUTOMOBILE_COUNT","BELTED_DEATH_COUNT","BELTED_SUSP_SERIOUS_INJ_COUNT","BICYCLE_COUNT","BICYCLE_DEATH_COUNT","BICYCLE_SUSP_SERIOUS_INJ_COUNT","BUS_COUNT","CHLDPAS_DEATH_COUNT","CHLDPAS_SUSP_SERIOUS_INJ_COUNT","COLLISION_TYPE","COMM_VEH_COUNT","CONS_ZONE_SPD_LIM","COUNTY","CRASH_MONTH","CRASH_YEAR","DAY_OF_WEEK","DEC_LATITUDE","DEC_LONGITUDE","DISPATCH_TM","DISTRICT","DRIVER_COUNT_16YR","DRIVER_COUNT_17YR","DRIVER_COUNT_18YR","DRIVER_COUNT_19YR","DRIVER_COUNT_20YR","DRIVER_COUNT_50_64YR","DRIVER_COUNT_65_74YR","DRIVER_COUNT_75PLUS","EST_HRS_CLOSED","FATAL_COUNT","HEAVY_TRUCK_COUNT","HORSE_BUGGY_COUNT","HOUR_OF_DAY","ILLUMINATION","INJURY_COUNT","INTERSECTION_RELATED","INTERSECT_TYPE","LANE_CLOSED","LATITUDE","LN_CLOSE_DIR","LOCATION_TYPE","LONGITUDE","MAX_SEVERITY_LEVEL","MCYCLE_DEATH_COUNT","MCYCLE_SUSP_SERIOUS_INJ_COUNT","MOTORCYCLE_COUNT","MUNICIPALITY","NONMOTR_COUNT","NONMOTR_DEATH_COUNT","NONMOTR_SUSP_SERIOUS_INJ_COUNT","NTFY_HIWY_MAINT","PED_COUNT","PED_DEATH_COUNT","PED_SUSP_SERIOUS_INJ_COUNT","PERSON_COUNT","POLICE_AGCY","POSSIBLE_INJ_COUNT","RDWY_SURF_TYPE_CD","RELATION_TO_ROAD","ROADWAY_CLEARED","ROAD_CONDITION","SCH_BUS_IND","SCH_ZONE_IND","SECONDARY_CRASH","SMALL_TRUCK_COUNT","SPEC_JURIS_CD","SUSP_MINOR_INJ_COUNT","SUSP_SERIOUS_INJ_COUNT","SUV_COUNT","TCD_FUNC_CD","TCD_TYPE","TFC_DETOUR_IND","TIME_OF_DAY","TOTAL_UNITS","TOT_INJ_COUNT","UNBELTED_OCC_COUNT","UNB_DEATH_COUNT","UNB_SUSP_SERIOUS_INJ_COUNT","UNK_INJ_DEG_COUNT","UNK_INJ_PER_COUNT","URBAN_RURAL","VAN_COUNT","VEHICLE_COUNT","WEATHER1","WEATHER2","WORKERS_PRES","WORK_ZONE_IND","WORK_ZONE_LOC","WORK_ZONE_TYPE","WZ_CLOSE_DETOUR","WZ_FLAGGER","WZ_LAW_OFFCR_IND","WZ_LN_CLOSURE","WZ_MOVING","WZ_OTHER","WZ_SHLDER_MDN","WZ_WORKERS_INJ_KILLED"
"2019127648","","0","0","0","0","0","0","1","0","0","6","1","","02","12","2019","3","40.415472","-79.882957","","11","0","0","0","0","0","1","0","0","","0","0","0","","","0","N","2","","40 24:55.699","7","0","79 52:58.645","0","0","0","0","2456","0","0","0","N","0","0","0","3","02503","0","","1.0","915.0","1","N","N","N","0","","0","0","1","","0","N","","2","0","0","0","0","0","0","2","0","2","","03","","N","","","","","","","","","",""
"2019058742","","0","0","0","0","0","0","0","0","0","7","0","","02","6","2019","2","40.426106","-79.9195","","11","0","0","0","0","0","0","0","0","","0","0","0","","","0","","3","","40 25:33.981","","0","79 55:10.199","0","0","0","0","2301","0","0","0","N","0","0","0","4","02301","0","","5.0","","1","N","N","","0","","0","0","1","","0","","","1","0","0","0","0","0","0","2","0","1","","","","N","","","","","","","","","",""
"2019086031","","2","0","0","0","0","0","0","0","0","1","0","","02","8","2019","3","40.425898","-79.898704","","11","0","0","0","0","0","1","0","0","","0","0","0","","","0","","0","","40 25:33.232","","0","79 53:55.336","0","0","0","0","2463","0","0","0","N","0","0","0","3","68B03","0","","1.0","","9","N","N","","0","","0","0","1","","0","","","3","0","0","0","0","0","0","2","0","3","","","","N","","","","","","","","","",""
"2019068989","","0","0","0","0","0","0","0","0","0","4","0","","02","7","2019","3","40.420833","-80.002472","","11","0","0","0","0","0","0","0","0","","0","0","0","","","0","","0","","40 25:15.000","","0","80 00:08.900","9","0","0","0","2301","0","0","0","N","0","0","0","2","02301","0","","1.0","","1","N","N","","0","","0","0","1","","0","","","2","0","0","0","0","0","1","2","0","2","","","","N","","","","","","","","","",""
"2019070321","","1","0","0","0","0","0","0","0","0","1","0","","02","7","2019","6","40.342072","-80.052737","","11","0","0","0","0","0","0","1","0","","0","0","0","","","0","","0","","40 20:31.458","","0","80 03:09.852","0","0","0","0","2407","0","0","0","N","0","0","0","3","02407","0","","1.0","","9","N","N","","0","","0","0","1","","0","","","2","0","0","0","0","0","0","2","0","2","","","","N","","","","","","","","","",""
"2019066559","","1","0","0","0","0","0","0","0","0","1","0","","02","7","2019","3","40.477121","-80.048357","","11","0","0","0","0","0","1","0","0","","0","0","0","","","1","","0","","40 28:37.635","","3","80 02:54.085","8","0","0","0","2301","0","0","0","N","0","0","0","4","02301","0","","1.0","","1","N","N","","0","","0","0","1","","0","","","3","1","0","0","0","1","1","2","0","3","","","","N","","","","","","","","","",""
"2019073156","","1","0","0","0","0","0","0","0","0","7","0","","02","7","2019","1","40.390556","-79.934434","","11","0","0","0","0","0","1","0","0","","0","0","0","","","0","","0","","40 23:26.003","","0","79 56:03.964","0","0","0","0","2301","0","0","0","N","0","0","0","2","02301","0","","5.0","","9","N","N","","0","","0","0","0","","0","N","","1","0","0","0","0","0","0","2","0","1","","","","N","","","","","","","","","",""
"2019070244","","2","0","0","0","0","0","0","0","0","4","0","","02","7","2019","6","40.46804","-79.79166","","11","0","1","0","0","1","0","0","0","","0","0","0","","","0","","3","","40 28:04.944","","0","79 47:29.975","0","0","0","0","2113","0","0","0","N","0","0","0","4","02113","0","","1.0","","1","N","N","","0","","0","0","1","","3","N","","3","0","0","0","0","0","0","2","0","3","","","","N","","","","","","","","","",""
"2019102285","","1","0","0","0","0","0","0","0","0","5","0","","02","10","2019","4","40.41891","-79.849238","","11","0","0","0","1","0","0","0","0","2","0","0","0","","","1","N","0","","40 25:08.075","4","7","79 50:57.258","2","0","1","1","2431","0","0","0","N","0","0","0","2","02431","0","","2.0","","1","N","N","","0","","0","1","0","","0","N","","2","1","0","0","0","0","0","2","0","2","","","","N","","","","","","","","","",""
"2019077080","","0","0","0","0","0","0","0","0","0","7","0","","02","7","2019","2","40.614332","-79.756633","","11","0","0","0","0","0","0","0","0","1","0","0","0","","","0","","0","","40 36:51.596","2","2","79 45:23.879","0","0","0","0","2202","0","0","0","Y","0","0","0","1","68D02","0","","4.0","","9","N","N","","0","","0","0","1","","0","N","","1","0","0","0","0","0","0","2","0","1","","","","N","","","","","","","","","",""
"2019094135","","1","0","0","0","0","0","0","0","0","1","0","","02","9","2019","3","40.439253","-79.861501","","11","0","0","0","0","0","1","0","0","","0","0","0","","","1","","0","","40 26:21.310","","0","79 51:41.405","3","0","0","0","2419","0","0","0","N","0","0","0","2","68B03","0","","1.0","","1","N","N","","0","","1","0","1","","0","","","2","1","0","0","0","0","0","2","0","2","","","","N","","","","","","","","","",""
"2019091414","","0","0","0","0","0","0","0","0","0","4","0","","02","9","2019","5","40.509651","-80.222984","","11","0","0","0","0","0","1","0","0","1","0","0","0","","","2","N","0","","40 30:34.743","2","7","80 13:22.742","2","0","0","0","2213","0","0","0","N","0","0","0","4","02213","0","","1.0","","1","N","N","","0","","0","2","2","","0","Y","","2","2","0","0","0","0","0","2","0","2","","","","N","","","","","","","","","",""
"2019114367","","2","0","0","0","0","0","0","0","0","1","0","","02","9","2019","6","40.415632","-80.060159","","11","0","0","0","0","0","0","0","0","","0","0","0","","","0","","0","","40 24:56.275","","0","80 03:36.574","0","0","0","0","2435","0","0","0","N","0","0","0","2","68B03","0","","1.0","","1","N","N","","0","","0","0","0","","0","","","2","0","0","0","0","0","0","2","0","2","","","","N","","","","","","","","","",""
"2019065589","","1","0","0","0","0","0","0","0","0","7","0","","02","6","2019","7","40.448221","-80.007832","","11","0","0","0","0","0","0","0","0","2","0","0","0","","","0","","1","","40 26:53.597","4","0","80 00:28.195","0","0","0","0","2301","0","0","0","N","0","0","0","1","02301","0","","2.0","","1","N","N","","0","","0","0","0","","2","N","","1","0","0","0","0","0","0","2","0","1","","","","N","","","","","","","","","",""
"2019074596","","3","0","0","0","0","0","0","0","0","4","0","","02","7","2019","4","40.457704","-79.932538","","11","0","0","0","0","0","1","0","0","","0","0","0","","","1","","2","","40 27:27.734","","0","79 55:57.136","8","0","0","0","2301","0","0","0","Y","0","0","0","7","02301","0","","1.0","","1","N","N","","0","","0","0","0","","0","N","","3","1","0","0","0","1","1","2","0","3","","","","N","","","","","","","","","",""
"2019067230","","1","0","0","0","0","0","0","0","0","4","0","","02","6","2019","3","40.386611","-79.86725","","11","0","0","0","0","0","0","0","0","","0","0","0","","","0","","0","","40 23:11.800","","7","79 52:02.100","0","0","0","0","2473","0","0","0","N","0","0","0","4","02473","0","","1.0","","1","N","N","","0","","0","0","1","","0","","","2","0","0","0","0","0","0","2","0","2","","","","N","","","","","","","","","",""
"2019086121","","1","0","0","0","0","0","0","0","0","1","0","","02","7","2019","4","40.446586","-80.165448","","11","0","0","0","0","0","1","0","0","","0","0","0","","","0","","0","","40 26:47.708","","0","80 09:55.614","0","0","0","0","2115","0","0","0","N","0","0","0","2","68B03","0","","1.0","","1","N","N","","0","","0","0","1","","0","","","2","0","0","0","0","0","0","2","0","2","","","","N","","","","","","","","","",""
"2019065623","","1","0","0","0","0","0","0","0","0","4","0","","02","6","2019","4","40.485174","-79.946247","","11","0","0","0","0","0","0","0","0","1","0","0","0","","","0","","1","","40 29:06.627","1","0","79 56:46.490","9","0","0","0","2301","0","0","0","N","0","0","0","2","02301","0","","2.0","","1","N","N","","0","","0","0","1","","0","N","","2","0","0","0","0","0","1","2","0","2","","","","N","","","","","","","","","",""
"2019075296","","1","0","0","0","0","0","0","0","0","4","0","","02","7","2019","6","40.477568","-79.785219","","11","0","0","0","0","0","1","0","0","2","0","0","0","","","2","","1","","40 28:39.246","5","0","79 47:06.787","2","0","1","1","2113","0","0","0","N","0","0","0","3","02113","0","","1.0","","1","N","N","","0","","1","1","0","","2","N","","2","2","0","0","0","0","0","2","0","2","","","","N","","","","","","","","","",""
"2019073754","","1","0","0","0","0","0","0","0","0","7","0","","02","7","2019","3","40.356744","-79.83322","","11","0","0","0","0","0","0","0","0","1","0","0","0","","","0","","2","","40 21:24.280","3","0","79 49:59.593","9","0","0","0","2304","0","0","0","N","0","0","0","1","02304","0","","4.0","","1","N","N","","0","","0","0","0","","0","N","","1","0","0","0","0","0","1","2","0","1","","","","N","","","","","","","","","",""
"2019067945","","2","0","0","0","0","0","0","0","0","2","0","","02","7","2019","3","40.457301","-80.009324","","11","0","0","0","0","0","0","0","0","","0","0","0","","","1","","1","","40 27:26.285","","0","80 00:33.565","8","0","0","0","2301","0","0","0","N","0","0","0","2","02301","0","","1.0","","9","N","N","","0","","0","0","0","","3","N","","2","1","0","0","0","1","1","2","0","2","","","","N","","","","","","","","","",""
"2019058367","","1","0","0","0","0","0","0","0","0","7","0","","02","6","2019","6","40.488343","-79.912307","","11","0","0","0","0","0","0","0","0","","0","0","0","","","0","","0","","40 29:18.035","","3","79 54:44.304","0","0","0","0","2301","0","0","0","N","0","0","0","2","02301","0","","1.0","","1","N","N","","0","","0","0","0","","0","","","1","0","0","0","0","0","0","2","0","1","","","","N","","","","","","","","","",""
"2019072803","","0","0","0","0","0","0","0","0","0","7","0","","02","7","2019","7","40.464165","-79.883003","","11","0","0","0","0","0","0","0","0","","0","0","0","","","0","","0","","40 27:50.994","","0","79 52:58.810","0","0","0","0","2113","0","0","0","N","0","0","0","1","02113","0","","5.0","","1","N","N","","1","","0","0","1","","0","N","","2","0","1","0","0","0","0","2","0","2","","","","N","","","","","","","","","",""
"2019065598","","1","0","0","0","0","0","0","0","0","7","0","","02","6","2019","7","40.46122","-79.924158","","11","0","0","0","0","0","0","0","0","","0","0","0","","","0","","0","","40 27:40.391","","0","79 55:26.968","0","0","0","0","2301","0","0","0","N","0","0","0","1","02301","0","","5.0","","1","N","N","","0","","0","0","0","","0","","","1","0","0","0","0","0","0","2","0","1","","","","N","","","","","","","","","",""
"2019075130","","2","0","0","0","0","0","0","0","0","1","0","","02","7","2019","6","40.458353","-79.906284","","11","0","0","0","0","0","0","0","0","","0","0","0","","","1","","0","","40 27:30.071","","0","79 54:22.623","3","0","0","0","2301","0","0","0","N","0","0","0","5","02301","0","","1.0","","1","N","N","","0","","1","0","0","","0","","","2","1","0","0","0","0","0","2","0","2","","","","N","","","","","","","","","",""
"2019083821","","0","0","0","0","0","0","0","0","0","0","0","","02","7","2019","4","40.351011","-80.013994","","11","0","0","0","0","0","0","0","0","1","0","0","0","","","1","","0","","40 21:03.641","1","0","80 00:50.380","2","0","1","1","2407","0","0","0","N","0","0","0","1","02407","0","","1.0","","1","N","N","","0","","0","1","0","","0","Y","","1","1","0","0","0","0","0","2","0","1","","","","N","","","","","","","","","",""
"2019062692","","1","0","0","0","0","0","0","0","0","7","0","","02","6","2019","2","40.547139","-79.969306","","11","0","0","0","0","0","0","0","0","","0","0","0","","","1","","0","","40 32:49.700","","0","79 58:09.500","3","0","0","0","2118","0","0","0","N","0","0","0","1","02118","0","","5.0","","1","N","N","","0","","1","0","0","","0","N","","1","1","1","0","0","0","0","2","0","1","","","","N","","","","","","","","","",""
"2019060505","","2","0","0","0","0","0","0","0","0","2","0","","02","6","2019","2","40.470667","-80.093806","","11","0","0","0","0","0","0","0","0","1","0","0","0","","","0","","0","","40 28:14.400","5","0","80 05:37.700","0","0","0","0","2126","0","0","0","N","0","0","0","3","02126","0","","1.0","","9","N","N","","0","","0","0","0","","0","Y","","2","0","2","0","0","0","0","2","0","2","","","","N","","","","","","","","","",""
"2019072666","","1","0","0","1","0","1","0","0","0","8","0","","02","7","2019","6","40.593759","-80.009987","","11","0","0","0","0","0","0","1","0","","0","0","0","","","1","","0","","40 35:37.534","","0","80 00:35.954","2","0","0","0","2108","1","0","1","N","0","0","0","4","02501","0","","1.0","","1","N","N","","0","","0","1","0","","0","N","","2","1","0","0","0","0","0","1","0","1","","","","N","","","","","","","","","",""
"2019075509","","1","0","0","0","0","0","0","0","0","7","0","","02","7","2019","7","40.398633","-79.903877","","11","0","0","0","0","0","0","0","0","","0","0","0","","","0","","1","","40 23:55.078","","0","79 54:13.957","0","0","0","0","2448","0","0","0","N","0","0","0","2","02448","0","","5.0","","1","N","N","","0","","0","0","0","","0","","","1","0","2","0","0","0","0","2","0","1","","","","N","","","","","","","","","",""
"2019079434","","2","0","1","0","0","0","0","0","0","4","0","","02","8","2019","2","40.619581","-79.944578","","11","0","0","0","0","0","0","1","0","3","0","0","0","","","2","","0","","40 37:10.490","1","7","79 56:40.479","2","0","0","0","2217","0","0","0","N","0","0","0","2","02505","0","","1.0","","1","N","N","","0","","1","1","0","","0","N","","2","2","0","0","0","0","0","2","0","2","","","","N","","","","","","","","","",""
"2019064916","","1","0","0","0","0","0","0","0","0","8","0","25","02","6","2019","4","40.485536","-79.910689","","11","0","0","0","0","0","0","0","0","","0","0","0","","","1","","0","","40 29:07.928","","1","79 54:38.482","8","0","0","0","2301","1","0","0","N","1","0","0","2","02301","0","","1.0","","1","N","N","","0","","0","0","0","","7","","","3","1","0","0","0","1","0","2","0","2","","","Y","Y","2","1","","Y","N","Y","","","Y","N"
"2019067921","","1","0","0","0","0","0","0","0","0","1","0","","02","7","2019","6","40.442861","-80.069639","","11","0","0","0","0","0","2","0","0","2","0","0","0","","","0","","0","","40 26:34.300","1","0","80 04:10.700","0","0","0","0","2439","0","0","0","N","0","0","0","2","02439","0","","1.0","","1","N","N","","0","","0","0","0","","0","N","","2","0","0","0","0","0","0","2","1","2","","","","N","","","","","","","","","",""
"2019058085","","1","0","0","0","0","0","0","0","0","4","0","","02","6","2019","6","40.465878","-79.938245","","11","0","0","0","0","0","0","1","0","","0","0","0","","","0","","1","","40 27:57.159","","0","79 56:17.681","0","0","0","0","2301","0","0","0","N","0","0","0","2","02301","0","","1.0","","1","N","N","","0","","0","0","1","","3","N","","2","0","0","0","0","0","0","2","0","2","","","","N","","","","","","","","","",""
"2019086396","","1","0","0","0","0","0","0","0","0","4","0","","02","8","2019","3","40.388091","-80.051166","","11","0","0","0","0","0","1","0","0","","0","0","0","","","1","","1","","40 23:17.129","","0","80 03:04.196","3","0","0","0","2109","0","0","0","N","0","0","0","2","02109","0","","1.0","","1","N","N","","0","","1","0","1","","3","","","2","1","0","0","0","0","0","2","0","2","","","","N","","","","","","","","","",""
"2019069326","","0","0","0","0","0","0","0","0","0","8","0","","02","6","2019","4","40.342923","-80.053143","","11","0","0","0","0","0","1","0","0","","0","0","0","","","1","","2","","40 20:34.522","","0","80 03:11.314","4","0","0","0","2407","1","0","0","N","1","0","0","2","02407","1","","1.0","","1","N","N","","0","","0","0","0","","2","","","2","1","0","0","0","0","0","2","1","1","","","","N","","","","","","","","","",""
"2019071867","","1","0","0","0","0","0","0","0","0","1","0","","02","7","2019","4","40.521855","-79.842134","","11","0","0","0","0","0","1","0","0","","0","0","0","","","1","","0","","40 31:18.679","","0","79 50:31.684","3","0","0","0","2451","0","0","0","N","0","0","0","2","02451","0","","1.0","","9","N","N","","0","","1","0","0","","0","","","2","1","0","0","0","0","0","2","1","2","","","","N","","","","","","","","","",""
"2019092103","","1","0","0","0","0","0","0","0","0","5","0","","02","8","2019","2","40.380271","-80.052555","","11","0","0","0","0","0","1","1","0","","0","0","0","","","0","","2","","40 22:48.976","","0","80 03:09.199","0","0","0","0","2109","0","0","0","N","0","0","0","4","02109","0","","1.0","","1","N","N","","0","","0","0","0","","2","","","3","0","0","0","0","0","0","2","2","3","","","","N","","","","","","","","","",""
"2019064893","","0","0","0","0","0","0","0","0","0","5","0","","02","6","2019","4","40.486524","-79.837318","","11","0","0","0","0","0","2","0","0","2","0","0","0","","","0","","1","","40 29:11.486","5","0","79 50:14.344","0","0","0","0","2113","0","0","0","N","0","0","0","2","02113","0","","1.0","","1","N","N","","1","","0","0","1","","2","N","","2","0","0","0","0","0","0","2","0","2","","","","N","","","","","","","","","",""
"2019071226","","2","0","0","0","0","0","0","0","0","4","0","","02","7","2019","2","40.447722","-80.068452","","11","0","0","0","0","0","1","0","0","1","0","0","0","","","1","","1","","40 26:51.799","4","0","80 04:06.427","8","0","0","0","2439","0","0","0","N","0","0","0","2","02301","0","","1.0","","1","N","N","","0","","0","0","0","","0","N","","2","1","0","0","0","1","0","2","0","2","","","","N","","","","","","","","","",""
"2019065787","","1","0","0","0","0","0","0","0","0","5","0","","02","6","2019","6","40.331377","-80.022588","","11","0","0","0","0","0","1","0","0","","0","0","0","","","1","","0","","40 19:52.956","","7","80 01:21.317","4","0","0","0","2407","0","0","0","N","0","0","0","3","02407","1","","1.0","","1","N","N","","1","","0","0","0","","0","","","2","1","0","0","0","0","0","2","0","2","","","","N","","","","","","","","","",""
"2019072498","","1","0","0","0","0","0","0","0","0","8","0","","02","7","2019","6","40.471","-80.00925","","11","0","0","0","0","0","0","0","0","","0","0","0","","","1","","0","","40 28:15.600","","7","80 00:33.300","8","0","0","0","2301","1","0","0","N","1","0","0","2","02301","0","","4.0","","1","N","N","","0","","0","0","0","","0","N","","2","1","0","0","0","1","0","2","0","1","","","","N","","","","","","","","","",""
"2019064179","","1","0","0","0","0","0","0","0","0","4","0","","02","6","2019","5","40.352668","-79.987282","","11","0","0","0","0","0","0","0","1","","0","0","0","","","0","","1","","40 21:09.604","","0","79 59:14.215","0","0","0","0","2476","0","0","0","N","0","0","0","2","02476","0","","1.0","","9","N","N","","0","","0","0","0","","3","","","2","0","0","0","0","0","0","2","1","2","","","","N","","","","","","","","","",""
"2019066224","","1","0","0","0","0","0","0","0","0","7","0","","02","7","2019","2","40.46079","-79.868227","","11","0","0","0","0","0","1","0","0","","0","0","0","","","1","","0","","40 27:38.843","","0","79 52:05.618","3","0","0","0","2113","0","0","0","N","0","0","0","1","02113","0","","5.0","","1","N","N","","0","","1","0","0","","0","","","1","1","1","0","0","0","0","2","0","1","","","","N","","","","","","","","","",""
"2019066946","","2","0","0","0","0","0","0","0","0","1","0","","02","7","2019","4","40.428837","-79.99946","","11","0","0","0","0","0","0","1","0","","0","0","0","","","0","","0","","40 25:43.814","","4","79 59:58.057","0","0","0","0","2301","0","0","0","N","0","0","0","3","02301","0","","1.0","","9","N","N","","0","","0","0","1","","2","N","","3","0","0","0","0","0","0","2","0","3","","","","N","","","","","","","","","",""
"2019075125","","1","0","0","0","0","0","0","0","0","4","0","","02","7","2019","3","40.371323","-79.927243","","11","0","0","0","0","0","0","0","0","","0","0","0","","","0","","0","","40 22:16.763","","0","79 55:38.073","0","0","0","0","2473","0","0","0","N","0","0","0","3","02473","0","","1.0","","1","N","N","","0","","0","0","1","","0","","","2","0","0","0","0","0","0","2","0","2","","","","N","","","","","","","","","",""
"2019068480","","2","0","0","0","0","0","0","0","0","1","0","","02","7","2019","5","40.427358","-79.890945","","11","0","0","0","0","0","1","0","0","","0","0","0","","","1","","1","","40 25:38.487","","1","79 53:27.402","3","0","0","0","2426","0","0","0","N","0","0","0","2","02426","0","","1.0","","1","N","N","","0","","1","0","0","","2","","","2","1","1","0","0","0","0","2","0","2","","","","N","","","","","","","","","",""
"2019066919","","1","0","0","0","0","0","0","0","0","4","0","","02","6","2019","7","40.396959","-80.107213","","11","0","0","0","0","0","0","1","0","2","0","0","0","","","1","","0","","40 23:49.054","4","0","80 06:25.967","3","0","0","0","2102","0","0","0","N","0","0","0","3","02102","0","","1.0","","1","N","N","","0","","1","0","1","","0","N","","2","1","0","0","0","0","0","2","0","2","","","","N","","","","","","","","","",""
"2019067403","","1","0","0","0","0","0","0","0","0","1","0","","02","7","2019","4","40.473101","-79.97226","","11","0","0","0","1","0","1","0","0","1","0","0","0","","","0","","0","","40 28:23.162","1","0","79 58:20.137","0","0","0","0","2445","0","0","0","N","0","0","0","4","02445","0","","1.0","","1","N","N","","0","","0","0","3","","0","N","","4","0","0","0","0","0","0","2","0","4","","","","N","","","","","","","","","",""
"2019064829","","0","0","0","0","0","0","0","0","0","1","0","","02","6","2019","5","40.507025","-80.03748","","11","0","0","0","0","0","0","0","0","1","0","0","0","","","0","","0","","40 30:25.291","2","0","80 02:14.928","0","0","0","0","2116","0","0","0","N","0","0","0","2","68B03","0","","1.0","","1","N","N","","0","","0","0","2","","0","N","","2","0","0","0","0","0","0","2","0","2","","","","N","","","","","","","","","",""
"2019075223","","1","0","0","0","0","0","0","0","0","1","0","","02","6","2019","6","40.352916","-80.050391","","11","0","0","0","0","0","1","1","1","1","0","0","0","","","3","","0","","40 21:10.497","2","0","80 03:01.409","3","0","0","0","2109","0","0","0","N","0","0","0","8","02109","0","","1.0","","1","N","N","","0","","3","0","3","","0","N","","4","3","0","0","0","0","0","2","0","4","","","","N","","","","","","","","","",""
"2019066259","","1","0","0","0","0","0","0","0","0","4","0","","02","6","2019","1","40.441642","-80.240327","","11","0","0","0","0","0","0","0","1","1","0","0","0","","","2","","1","","40 26:29.911","3","0","80 14:25.177","3","0","0","0","2214","0","0","0","N","0","0","0","2","02214","0","","1.0","","1","N","N","","0","","1","0","1","","3","N","","2","2","0","0","0","1","0","2","0","2","","","","N","","","","","","","","","",""
"2019075772","","1","0","0","0","0","0","0","0","0","7","0","","02","7","2019","4","40.51225","-79.957936","","11","0","0","1","0","0","0","0","0","","0","0","0","","","0","","2","","40 30:44.099","","0","79 57:28.568","0","0","0","0","2118","0","0","0","N","0","0","0","2","02118","0","","4.0","","1","N","N","","0","","0","0","0","","0","N","","1","0","0","0","0","0","0","2","0","1","","","","N","","","","","","","","","",""
"2019098903","","1","0","0","0","0","0","0","0","0","7","0","","02","6","2019","5","40.356354","-79.826868","","11","0","0","1","0","0","0","0","0","1","0","0","0","","","0","","0","","40 21:22.875","3","0","79 49:36.723","0","0","0","0","2477","0","0","0","N","0","0","0","2","02477","0","","4.0","","1","N","N","","0","","0","0","0","","0","N","","1","0","0","0","0","0","0","2","0","1","","","","N","","","","","","","","","",""
"2019067160","","2","0","0","0","0","0","0","0","0","1","0","","02","7","2019","4","40.497861","-79.883056","","11","0","0","0","0","0","1","0","0","","0","0","0","","","0","","0","","40 29:52.300","","0","79 52:59.000","0","0","0","0","2112","0","0","0","N","0","0","0","2","02112","0","","1.0","","1","N","N","","0","","0","0","0","","0","N","","2","0","0","0","0","0","0","2","0","2","","","","N","","","","","","","","","",""
"2019064954","","1","0","0","0","0","0","0","0","0","7","0","","02","6","2019","4","40.410733","-79.990246","","11","0","0","0","0","0","0","0","0","","0","0","0","","","0","","1","","40 24:38.638","","0","79 59:24.885","0","0","0","0","2301","0","0","0","N","0","0","0","2","02447","0","","5.0","","1","N","N","","0","","0","0","0","","2","N","","1","0","0","0","0","0","0","2","0","1","","","","N","","","","","","","","","",""
"2019074418","","1","0","0","0","0","0","0","0","0","8","0","","02","7","2019","7","40.441265","-79.95918","","11","0","0","0","0","0","0","0","0","","0","0","0","","","1","","1","","40 26:28.554","","0","79 57:33.047","3","0","0","0","2301","1","0","0","N","1","0","0","2","02506","0","","1.0","","9","N","N","","0","","1","0","0","","2","N","","2","1","1","0","0","0","0","2","0","1","","","","N","","","","","","","","","",""
"2019072433","","0","0","0","0","0","0","0","0","0","7","0","","02","7","2019","4","40.656419","-80.080241","","11","0","0","0","0","0","0","0","0","","0","0","0","","","0","","0","","40 39:23.108","","0","80 04:48.866","0","0","0","0","2212","0","0","0","N","0","0","0","1","68T02","0","","3.0","","8","N","N","","0","","0","0","1","","0","","","1","0","0","0","0","0","0","2","0","1","","","","N","","","","","","","","","",""
"2019086109","","1","0","0","0","0","0","0","0","0","1","0","","02","7","2019","3","40.520285","-80.132158","","11","0","0","0","0","0","0","0","0","","0","0","0","","","2","","0","","40 31:13.026","","0","80 07:55.767","4","0","0","0","2434","0","0","0","N","0","0","0","3","68B03","2","","1.0","","1","N","N","","1","","0","0","0","","0","","","2","2","0","0","0","0","0","2","0","2","","","","N","","","","","","","","","",""
"2019072453","","0","0","0","0","0","0","0","0","0","7","0","","02","7","2019","5","40.449333","-79.836664","","11","0","0","0","0","0","0","0","0","3","0","0","0","","","1","","0","","40 26:57.600","5","0","79 50:11.990","3","0","0","0","2113","0","0","0","N","0","0","0","1","02113","0","","5.0","","1","N","N","","0","","1","0","1","","0","N","","1","1","0","0","0","0","0","2","0","1","","","","N","","","","","","","","","",""
"2019059121","","1","0","0","0","0","0","0","0","0","1","0","","02","6","2019","2","40.34837","-79.944808","","11","0","0","0","0","0","2","0","0","","0","0","0","","","1","","1","","40 20:54.133","","0","79 56:41.310","3","0","0","0","2473","0","0","0","N","0","0","0","2","02473","0","","1.0","","1","N","N","","0","","1","0","1","","2","","","2","1","0","0","0","0","0","2","0","2","","","","N","","","","","","","","","",""
"2019070816","","0","0","0","0","0","0","0","0","0","7","0","","02","7","2019","4","40.427436","-79.952835","","11","0","0","0","0","0","0","0","0","1","0","0","0","","","0","","0","","40 25:38.770","4","0","79 57:10.207","0","0","0","0","2301","0","0","0","N","0","0","0","1","68B03","0","","2.0","","9","N","N","","0","","0","0","1","","0","N","","1","0","0","0","0","0","0","2","0","1","","","","N","","","","","","","","","",""
"2019069865","","1","0","0","0","0","0","0","0","0","5","0","","02","7","2019","5","40.491452","-80.205551","","11","0","0","1","0","0","0","0","0","3","0","0","0","","","0","","0","","40 29:29.228","4","0","80 12:19.984","0","0","0","0","2213","0","0","0","N","0","0","0","2","02213","0","","2.0","","9","N","N","","0","","0","0","1","","0","N","","2","0","0","0","0","0","0","2","0","2","","","","N","","","","","","","","","",""