"CRN","ARRIVAL_TM","AUTOMOBILE_COUNT","BELTED_DEATH_COUNT","BELTED_SUSP_SERIOUS_INJ_COUNT","BICYCLE_COUNT","BICYCLE_DEATH_COUNT","BICYCLE_SUSP_SERIOUS_INJ_COUNT","BUS_COUNT","CHLDPAS_DEATH_COUNT","CHLDPAS_SUSP_SERIOUS_INJ_COUNT","COLLISION_TYPE","COMM_VEH_COUNT","CONS_ZONE_SPD_LIM","COUNTY","CRASH_MONTH","CRASH_YEAR","DAY_OF_WEEK","DEC_LATITUDE","DEC_LONGITUDE","DISPATCH_TM","DISTRICT","DRIVER_COUNT_16YR","DRIVER_COUNT_17YR","DRIVER_COUNT_18YR","DRIVER_COUNT_19YR","DRIVER_COUNT_20YR","DRIVER_COUNT_50_64YR","DRIVER_COUNT_65_74YR","DRIVER_COUNT_75PLUS","EST_HRS_CLOSED","FATAL_COUNT","HEAVY_TRUCK_COUNT","HORSE_BUGGY_COUNT","HOUR_OF_DAY","ILLUMINATION","INJURY_COUNT","INTERSECTION_RELATED","INTERSECT_TYPE","LANE_CLOSED","LATITUDE","LN_CLOSE_DIR","LOCATION_TYPE","LONGITUDE","MAX_SEVERITY_LEVEL","MCYCLE_DEATH_COUNT","MCYCLE_SUSP_SERIOUS_INJ_COUNT","MOTORCYCLE_COUNT","MUNICIPALITY","NONMOTR_COUNT","NONMOTR_DEATH_COUNT","NONMOTR_SUSP_SERIOUS_INJ_COUNT","NTFY_HIWY_MAINT","PED_COUNT","PED_DEATH_COUNT","PED_SUSP_SERIOUS_INJ_COUNT","PERSON_COUNT","POLICE_AGCY","POSSIBLE_INJ_COUNT","RDWY_SURF_TYPE_CD","RELATION_TO_ROAD","ROADWAY_CLEARED","ROAD_CONDITION","SCH_BUS_IND","SCH_ZONE_IND","SECONDARY_CRASH","SMALL_TRUCK_COUNT","SPEC_JURIS_CD","SUSP_MINOR_INJ_COUNT","SUSP_SERIOUS_INJ_COUNT","SUV_COUNT","TCD_FUNC_CD","TCD_TYPE","TFC_DETOUR_IND","TIME_OF_DAY","TOTAL_UNITS","TOT_INJ_COUNT","UNBELTED_OCC_COUNT","UNB_DEATH_COUNT","UNB_SUSP_SERIOUS_INJ_COUNT","UNK_INJ_DEG_COUNT","UNK_INJ_PER_COUNT","URBAN_RURAL","VAN_COUNT","VEHICLE_COUNT","WEATHER1","WEATHER2","WORKERS_PRES","WORK_ZONE_IND","WORK_ZONE_LOC","WORK_ZONE_TYPE","WZ_CLOSE_DETOUR","WZ_FLAGGER","WZ_LAW_OFFCR_IND","WZ_LN_CLOSURE","WZ_MOVING","WZ_OTHER","WZ_SHLDER_MDN","WZ_WORKERS_INJ_KILLED"
"2019073134","","1","0","0","0","0","0","0","0","0","4","0","","02","7","2019","1","40.471218","-79.828046","","11","0","0","0","0","0","0","0","0","1","0","0","0","","","1","","3","","40 28:16.386","1","0","79 49:40.965","4","0","0","0","2113","0","0","0","N","0","0","0","2","02113","1","","1.0","","9","N","N","","0","","0","0","1","","3","Y","","2","1","0","0","0","0","0","2","0","2","","","","N","","","","","","","","","",""
"2019065555","","1","0","0","0","0","0","0","0","0","7","0","","02","6","2019","6","40.456667","-80.030133","","11","0","0","0","0","0","0","0","0","","0","0","0","","","0","","0","","40 27:24.000","","6","80 01:48.480","0","0","0","0","2301","0","0","0","N","0","0","0","1","02301","0","","2.0","","1","N","N","","0","","0","0","0","","0","N","","1","0","0","0","0","0","0","2","0","1","","","","N","","","","","","","","","",""
"2019076905","","0","0","0","0","0","0","0","0","0","0","0","","02","7","2019","5","40.542726","-80.205486","","11","0","0","0","0","0","0","0","0","","0","0","0","","","1","","0","","40 32:33.813","","0","80 12:19.750","3","0","0","0","2213","0","0","0","N","0","0","0","1","02213","0","","5.0","","1","N","N","","0","","1","0","1","","0","","","1","1","1","0","0","0","0","2","0","1","","","","N","","","","","","","","","",""
"2019067155","","1","0","0","0","0","0","0","0","0","2","0","","02","6","2019","7","40.449317","-79.999061","","11","1","0","0","0","0","0","0","0","1","0","0","0","","","1","","3","","40 26:57.541","3","0","79 59:56.621","8","0","0","0","2301","0","0","0","N","0","0","0","3","02301","0","","1.0","","1","N","N","","0","","0","0","1","","0","N","","2","1","0","0","0","1","0","2","0","2","","","","N","","","","","","","","","",""
"2019073372","","0","0","0","0","0","0","0","0","0","1","0","","02","7","2019","4","40.576304","-80.025733","","11","0","0","0","0","0","1","0","0","1","0","0","0","","","1","","0","","40 34:34.693","1","0","80 01:32.637","8","0","0","0","2108","0","0","0","N","0","0","0","2","02108","0","","1.0","","9","N","N","","0","","0","0","2","","2","N","","2","1","0","0","0","1","0","2","0","2","","","","N","","","","","","","","","",""
"2019074607","","1","0","0","0","0","0","0","0","0","4","0","","02","7","2019","4","40.437552","-79.982671","","11","0","0","0","0","0","0","0","0","1","0","0","0","","","1","","1","","40 26:15.186","3","0","79 58:57.615","8","0","0","0","2301","0","0","0","N","0","0","0","3","02301","0","","1.0","","1","N","N","","0","","0","0","1","","3","N","","2","1","0","0","0","1","0","2","0","2","","","","N","","","","","","","","","",""
"2019134823","","2","0","0","0","0","0","0","0","0","1","1","","02","12","2019","6","40.573478","-79.777457","","11","0","0","0","0","0","0","0","1","","0","1","0","","","0","N","0","","40 34:24.520","5","0","79 46:38.846","0","0","0","0","2104","0","0","0","N","0","0","0","3","02104","0","","2.0","1600.0","9","N","N","Y","0","","0","0","0","","0","Y","","3","0","0","0","0","0","0","2","0","3","","04","","N","","","","","","","","","",""
"2019077639","","1","0","0","0","0","0","0","0","0","7","0","","02","7","2019","6","40.400482","-80.189218","","11","0","0","0","0","0","0","0","0","","0","0","0","","","0","","2","","40 24:01.735","","0","80 11:21.184","0","0","0","0","2450","0","0","0","N","0","0","0","1","02450","0","","5.0","","1","N","N","","0","","0","0","0","","0","N","","1","0","0","0","0","0","0","2","0","1","","","","N","","","","","","","","","",""
"2019073332","","1","0","0","0","0","0","0","0","0","7","0","","02","7","2019","1","40.480401","-80.319422","","11","0","0","0","0","0","0","0","0","","0","0","0","","","0","","0","","40 28:49.445","","0","80 19:09.920","0","0","0","0","2203","0","0","0","Y","0","0","0","2","02203","0","","2.0","","1","N","N","","0","","0","0","0","","0","N","","1","0","0","0","0","0","0","1","0","1","","","","N","","","","","","","","","",""
"2019103847","","2","0","2","0","0","0","0","0","0","4","0","","02","10","2019","5","40.522078","-80.217551","","11","0","0","0","0","0","0","0","1","1","0","0","0","","","3","","0","","40 31:19.480","1","7","80 13:03.185","2","0","0","0","2213","0","0","0","N","0","0","0","3","02213","0","","1.0","","1","N","N","","0","","1","2","0","","3","N","","2","3","0","0","0","0","0","2","0","2","","","","N","","","","","","","","","",""
"2019074271","","2","0","0","0","0","0","0","0","0","1","0","","02","7","2019","4","40.343159","-79.891431","","11","0","0","0","0","0","0","0","0","","0","0","0","","","0","","0","","40 20:35.374","","0","79 53:29.153","0","0","0","0","2423","0","0","0","N","0","0","0","3","02304","0","","1.0","","1","N","N","","0","","0","0","1","","0","N","","3","0","0","0","0","0","0","2","0","3","","","","N","","","","","","","","","",""
"2019058369","","0","0","0","0","0","0","0","0","0","7","0","","02","6","2019","1","40.45045","-79.94502","","11","0","0","0","0","0","0","0","0","","0","0","0","","","0","","1","","40 27:01.620","","0","79 56:42.072","0","0","0","0","2301","0","0","0","N","0","0","0","1","02301","0","","5.0","","1","N","N","","0","","0","0","1","","3","","","1","0","0","0","0","0","0","2","0","1","","","","N","","","","","","","","","",""
"2019072793","","1","0","0","0","0","0","0","0","0","7","0","","02","7","2019","6","40.405687","-79.823737","","11","0","0","0","0","0","1","0","0","","0","0","0","","","0","","1","","40 24:20.472","","0","79 49:25.454","0","0","0","0","2467","0","0","0","N","0","0","0","1","02467","0","","2.0","","1","N","N","","0","","0","0","0","","2","","","1","0","0","0","0","0","0","2","0","1","","","","N","","","","","","","","","",""
"2019073131","","2","0","0","0","0","0","0","0","0","4","0","","02","7","2019","6","40.344797","-79.961179","","11","0","0","0","0","1","0","0","0","","0","0","0","","","2","","1","","40 20:41.268","","0","79 57:40.244","8","0","0","0","2473","0","0","0","N","0","0","0","2","02473","0","","1.0","","1","N","N","","0","","0","0","0","","3","","","2","2","0","0","0","2","0","2","0","2","","","","N","","","","","","","","","",""
"2019067011","","1","0","0","0","0","0","0","0","0","1","0","","02","7","2019","4","40.312823","-79.938453","","11","0","0","0","0","0","1","0","0","2","0","0","0","","","1","","0","","40 18:46.161","5","0","79 56:18.429","4","0","0","0","2440","0","0","0","N","0","0","0","3","02440","1","","1.0","","1","N","N","","1","","0","0","0","","2","N","","2","1","0","0","0","0","0","2","0","2","","","","N","","","","","","","","","",""
"2019070238","","2","0","0","0","0","0","0","0","0","1","0","","02","7","2019","6","40.446993","-79.911407","","11","0","0","0","0","0","0","1","0","2","0","0","0","","","1","","2","","40 26:49.173","1","0","79 54:41.064","4","0","0","0","2301","0","0","0","N","0","0","0","7","02301","1","","1.0","","1","N","N","","0","","0","0","2","","2","Y","","4","1","0","0","0","0","0","2","0","4","","","","N","","","","","","","","","",""
"2019078282","","0","0","0","0","0","0","0","0","0","7","0","","02","7","2019","5","40.51339","-80.136551","","11","0","0","0","0","0","0","0","0","","0","0","0","","","0","","1","","40 30:48.203","","2","80 08:11.583","0","0","0","0","2110","0","0","0","N","0","0","0","1","02215","0","","2.0","","1","N","N","","0","","0","0","1","","2","N","","1","0","0","0","0","0","0","2","0","1","","","","N","","","","","","","","","",""
"2019076004","","0","0","1","0","0","0","0","0","0","4","0","","02","7","2019","6","40.300792","-79.865978","","11","0","0","0","0","0","0","0","0","1","0","0","0","","","1","","2","","40 18:02.850","7","0","79 51:57.519","2","0","0","0","2443","0","0","0","N","0","0","0","2","02443","0","","1.0","","1","N","N","","1","","0","1","1","","3","N","","2","1","0","0","0","0","0","1","0","2","","","","N","","","","","","","","","",""
"2019077878","","1","0","0","0","0","0","0","0","0","4","0","","02","7","2019","4","40.449889","-79.900833","","11","0","0","0","0","0","1","0","0","","0","0","0","","","0","","0","","40 26:59.600","","0","79 54:03.000","0","0","0","0","2301","0","0","0","N","0","0","0","1","02301","0","","1.0","","1","N","N","","0","","0","0","1","","0","","","2","0","0","0","0","0","0","2","0","2","","","","N","","","","","","","","","",""
"2019073016","","1","0","0","0","0","0","0","0","0","2","0","","02","7","2019","7","40.455357","-79.999651","","11","0","0","0","0","0","0","0","0","","0","0","0","","","0","","1","","40 27:19.284","","0","79 59:58.745","0","0","0","0","2301","0","0","0","N","0","0","0","3","02301","0","","4.0","","9","N","N","","0","","0","0","0","","3","","","2","0","3","0","0","0","0","2","1","2","","","","N","","","","","","","","","",""
"2019066923","","1","0","0","0","0","0","0","0","0","7","0","","02","7","2019","3","40.39218","-80.017771","","11","0","0","0","1","0","0","0","0","","0","0","0","","","2","","1","","40 23:31.848","","0","80 01:03.975","3","0","0","0","2301","0","0","0","N","0","0","0","2","02301","0","","4.0","","9","N","N","","0","","1","0","0","","0","","","1","2","0","0","0","1","0","2","0","1","","","","N","","","","","","","","","",""
"2019091382","","0","0","0","0","0","0","0","0","0","0","0","","02","9","2019","2","40.349337","-79.833899","","11","0","0","0","0","0","1","0","0","3","0","0","0","","","1","","2","","40 20:57.613","7","0","79 50:02.036","2","0","1","1","2304","0","0","0","N","0","0","0","1","02304","0","","4.0","","1","N","N","","0","","0","1","0","","0","Y","","2","1","0","0","0","0","0","2","0","1","","","","N","","","","","","","","","",""
"2019058078","","1","0","0","0","0","0","0","0","0","1","0","","02","6","2019","6","40.198941","-79.869395","","11","0","0","0","0","0","0","0","0","1","0","0","0","","","1","","2","","40 11:56.189","3","0","79 52:09.822","4","0","0","0","2204","0","0","0","N","0","0","0","2","02204","1","","1.0","","1","N","N","","0","","0","0","1","","3","Y","","2","1","0","0","0","0","0","2","0","2","","","","N","","","","","","","","","",""
"2019079797","","0","0","0","0","0","0","0","0","0","1","0","","02","7","2019","6","40.416549","-80.085884","","11","0","0","0","0","0","0","0","0","","0","0","0","","","0","","0","","40 24:59.575","","0","80 05:09.184","0","0","0","0","2415","0","0","0","N","0","0","0","2","68B03","0","","1.0","","1","N","N","","0","","0","0","2","","0","","","2","0","0","0","0","0","0","2","0","2","","","","N","","","","","","","","","",""
"2019066031","","1","0","0","0","0","0","0","0","0","5","0","","02","6","2019","1","40.445296","-80.013564","","11","0","0","0","0","1","0","0","0","","0","0","0","","","1","","2","","40 26:43.064","","0","80 00:48.829","4","0","0","0","2301","0","0","0","N","0","0","0","2","02301","1","","1.0","","1","N","N","","1","","0","0","0","","0","N","","2","1","0","0","0","0","1","2","0","2","","","","N","","","","","","","","","",""
"2019066587","","1","0","0","0","0","0","0","0","0","4","0","","02","7","2019","3","40.438899","-79.934128","","11","0","0","0","0","0","1","0","0","","0","0","0","","","0","","1","","40 26:20.036","","0","79 56:02.860","0","0","0","0","2301","0","0","0","N","0","0","0","2","02301","0","","1.0","","1","N","N","","0","","0","0","0","","3","","","2","0","0","0","0","0","0","2","1","2","","","","N","","","","","","","","","",""
"2019076399","","0","0","0","0","0","0","0","0","0","4","0","","02","7","2019","4","40.582227","-80.062891","","11","0","0","0","0","0","0","0","0","","0","0","0","","","0","","1","","40 34:56.017","","0","80 03:46.409","0","0","0","0","2108","0","0","0","N","0","0","0","5","02108","0","","1.0","","1","N","N","","1","","0","0","0","","3","","","2","0","0","0","0","0","0","2","1","2","","","","N","","","","","","","","","",""
"2019059322","","1","0","0","0","0","0","0","0","0","8","0","","02","6","2019","2","40.373917","-79.847528","","11","0","0","0","0","0","1","0","0","","0","0","0","","","1","","0","","40 22:26.100","","0","79 50:51.100","2","0","0","0","2303","1","0","1","N","1","0","1","2","02303","0","","1.0","","1","N","N","","0","","0","1","0","","0","","","2","1","0","0","0","0","0","2","0","1","","","","N","","","","","","","","","",""
"2019089831","","0","0","0","0","0","0","0","0","0","7","0","","02","9","2019","6","40.435888","-80.035839","","11","0","0","0","0","0","0","1","0","2","0","0","0","","","2","","0","","40 26:09.195","3","0","80 02:09.022","2","0","0","0","2301","0","0","0","Y","0","0","0","2","02301","0","","2.0","","1","N","N","","0","","1","1","1","","0","Y","","1","2","0","0","0","0","0","2","0","1","","","","N","","","","","","","","","",""
"2019074602","","1","0","0","0","0","0","0","0","0","7","0","","02","7","2019","4","40.414138","-80.009663","","11","0","0","0","0","0","0","0","0","1","0","0","0","","","0","","0","","40 24:50.896","2","1","80 00:34.787","0","0","0","0","2301","0","0","0","Y","0","0","0","1","02301","0","","5.0","","1","N","N","","0","","0","0","0","","2","Y","","1","0","0","0","0","0","0","2","0","1","","","","N","","","","","","","","","",""
"2019063950","","1","0","0","0","0","0","0","0","0","4","0","","02","6","2019","3","40.539369","-80.200987","","11","0","0","0","0","0","1","0","0","1","0","0","0","","","2","","0","","40 32:21.728","1","0","80 12:03.554","3","0","0","0","2213","0","0","0","N","0","0","0","3","02213","0","","1.0","","1","N","N","","0","","2","0","1","","0","N","","2","2","0","0","0","0","0","2","0","2","","","","N","","","","","","","","","",""
"2019082193","","2","0","1","0","0","0","0","0","0","6","0","","02","8","2019","5","40.600416","-80.128996","","11","0","0","0","0","0","0","0","1","1","0","0","0","","","1","","0","","40 36:01.496","6","0","80 07:44.385","2","0","0","0","2481","0","0","0","N","0","0","0","2","02481","0","","1.0","","1","N","N","","0","","0","1","0","","0","Y","","2","1","0","0","0","0","0","1","0","2","","","","N","","","","","","","","","",""
"2019073942","","2","0","0","0","0","0","0","0","0","0","0","","02","7","2019","5","40.652378","-80.04831","","11","0","0","0","0","0","1","0","0","","0","0","0","","","0","","0","","40 39:08.562","","0","80 02:53.915","0","0","0","0","2216","0","0","0","N","0","0","0","3","68T02","0","","1.0","","1","N","N","","0","","0","0","0","","0","","","3","0","0","0","0","0","0","2","0","3","","","","N","","","","","","","","","",""
"2019068733","","1","0","0","0","0","0","0","0","0","7","0","","02","7","2019","2","40.358863","-79.908357","","11","0","0","0","0","0","0","0","0","3","0","0","0","","","2","","2","","40 21:31.908","2","0","79 54:30.086","3","0","0","0","2473","0","0","0","N","0","0","0","2","02473","0","","1.0","","1","N","N","","0","","1","0","0","","0","Y","","1","2","0","0","0","1","0","2","0","1","","","","N","","","","","","","","","",""
"2019070067","","0","0","0","0","0","0","0","0","0","2","0","","02","7","2019","4","40.381485","-80.044301","","11","0","0","0","1","0","0","0","0","2","0","0","0","","","1","","2","","40 22:53.345","2","7","80 02:39.484","3","0","0","0","2109","0","0","0","N","0","0","0","3","02109","0","","1.0","","1","N","N","","0","","1","0","1","","2","N","","2","1","0","0","0","0","0","2","1","2","","","","N","","","","","","","","","",""
"2019067019","","1","0","0","0","0","0","0","0","0","2","0","","02","7","2019","2","40.563866","-79.990128","","11","0","0","0","0","1","0","1","0","1","0","0","0","","","0","","1","","40 33:49.917","4","0","79 59:24.461","0","0","0","0","2108","0","0","0","N","0","0","0","2","02108","0","","1.0","","1","N","N","","0","","0","0","1","","0","N","","2","0","0","0","0","0","0","2","0","2","","","","N","","","","","","","","","",""
"2019065957","","0","0","0","0","0","0","0","0","0","7","0","","02","6","2019","1","40.472951","-80.222388","","11","0","0","0","0","0","0","0","0","","0","0","0","","","0","","2","","40 28:22.622","","2","80 13:20.598","0","0","0","1","2203","0","0","0","N","0","0","0","1","02203","0","","1.0","","1","N","N","","0","","0","0","0","","3","N","","1","0","0","0","0","0","0","2","0","1","","","","N","","","","","","","","","",""
"2019071861","","1","0","0","0","0","0","0","0","0","1","0","","02","7","2019","4","40.340818","-80.1209","","11","0","0","0","0","0","0","2","0","1","0","0","0","","","1","","0","","40 20:26.943","2","0","80 07:15.239","8","0","0","0","2119","0","0","0","N","0","0","0","2","02119","0","","1.0","","1","N","N","","0","","0","0","1","","0","N","","2","1","0","0","0","1","1","2","0","2","","","","N","","","","","","","","","",""
"2019074257","","0","0","0","0","0","0","0","0","0","4","0","","02","7","2019","3","40.386774","-80.045237","","11","0","1","0","0","0","0","0","0","","0","0","0","","","0","","1","","40 23:12.386","","0","80 02:42.853","0","0","0","0","2109","0","0","0","N","0","0","0","3","02109","0","","1.0","","1","N","N","","0","","0","0","2","","3","","","2","0","0","0","0","0","0","2","0","2","","","","N","","","","","","","","","",""
"2019075598","","1","0","0","0","0","0","0","0","0","8","0","","02","7","2019","7","40.467554","-79.963718","","11","0","0","0","0","0","0","0","0","","0","0","0","","","1","","1","","40 28:03.194","","0","79 57:49.386","3","0","0","0","2301","1","0","0","N","1","0","0","2","02301","0","","1.0","","1","N","N","","0","","1","0","0","","3","N","","2","1","0","0","0","0","0","2","0","1","","","","N","","","","","","","","","",""
"2019067628","","1","0","0","0","0","0","0","0","0","4","0","","02","7","2019","5","40.499512","-80.05277","","11","0","0","0","0","0","1","0","0","1","0","0","0","","","0","","1","","40 29:58.243","1","0","80 03:09.971","0","0","0","0","2404","0","0","0","N","0","0","0","2","02404","0","","1.0","","1","N","N","","0","","0","0","1","","0","N","","2","0","0","0","0","0","0","2","0","2","","","","N","","","","","","","","","",""
"2019075265","","2","0","0","0","0","0","0","0","0","4","0","","02","7","2019","6","40.445634","-79.855336","","11","0","0","0","0","0","0","1","0","1","0","0","0","","","2","","1","","40 26:44.282","6","0","79 51:19.208","3","0","0","0","2419","0","0","0","N","0","0","0","2","02419","0","","1.0","","1","N","N","","0","","2","0","0","","0","N","","2","2","0","0","0","0","0","2","0","2","","","","N","","","","","","","","","",""
"2019074179","","1","0","0","0","0","0","0","0","0","6","0","","02","7","2019","3","40.409544","-80.080189","","11","0","0","0","0","0","1","0","0","","0","0","0","","","0","","2","","40 24:34.360","","0","80 04:48.679","0","0","0","0","2415","0","0","0","N","0","0","0","2","02415","0","","1.0","","1","N","N","","0","","0","0","1","","3","N","","2","0","0","0","0","0","0","2","0","2","","","","N","","","","","","","","","",""
"2019069578","","2","0","0","0","0","0","0","0","0","4","0","","02","7","2019","5","40.43185","-79.788942","","11","0","0","0","0","0","1","0","0","","0","0","0","","","0","","0","","40 25:54.660","","0","79 47:20.190","0","0","0","0","2446","0","0","0","N","0","0","0","3","02446","0","","1.0","","1","N","N","","0","","0","0","0","","0","","","2","0","0","0","0","0","0","2","0","2","","","","N","","","","","","","","","",""
"2019085674","","0","0","0","0","0","0","0","0","0","0","0","","02","8","2019","7","40.589479","-79.955719","","11","0","0","0","0","0","0","1","0","","0","0","0","","","1","","0","","40 35:22.125","","0","79 57:20.587","2","0","1","1","2207","0","0","0","N","0","0","0","1","02207","0","","1.0","","1","N","N","","0","","0","1","0","","0","N","","1","1","0","0","0","0","0","2","0","1","","","","N","","","","","","","","","",""
"2019065739","","1","0","0","0","0","0","0","0","0","4","0","","02","6","2019","6","40.36809","-80.049334","","11","0","1","0","0","0","1","0","0","1","0","0","0","","","1","","2","","40 22:05.124","2","0","80 02:57.601","3","0","0","0","2109","0","0","0","N","0","0","0","5","02109","0","","1.0","","1","N","N","","0","","1","0","2","","3","N","","3","1","0","0","0","0","0","2","0","3","","","","N","","","","","","","","","",""
"2019074945","","0","0","0","0","0","0","0","0","0","7","0","","02","7","2019","6","40.37207","-80.00393","","11","0","0","0","0","0","0","0","0","2","0","0","0","","","0","","2","","40 22:19.451","6","0","80 00:14.149","0","0","0","0","2416","0","0","0","N","0","0","0","1","02416","0","","2.0","","1","N","N","","0","","0","0","1","","3","N","","1","0","0","0","0","0","0","2","0","1","","","","N","","","","","","","","","",""
"2019076081","","2","0","0","0","0","0","0","0","0","1","0","","02","7","2019","6","40.465943","-80.133569","","11","0","0","0","0","0","0","0","0","","0","0","0","","","0","","1","","40 27:57.394","","0","80 08:00.848","0","0","0","0","2115","0","0","0","N","0","0","0","2","02115","0","","1.0","","1","N","N","","0","","0","0","0","","0","N","","2","0","0","0","0","0","0","2","0","2","","","","N","","","","","","","","","",""
"2019075293","","2","0","0","0","0","0","0","0","0","1","0","","02","7","2019","5","40.275194","-79.892468","","11","0","0","0","0","0","0","0","0","","0","0","0","","","2","","6","","40 16:30.697","","2","79 53:32.885","3","0","0","0","2471","0","0","0","N","0","0","0","4","02440","0","","1.0","","1","N","N","","0","","2","0","0","","3","N","","2","2","0","0","0","0","0","2","0","2","","","","N","","","","","","","","","",""
"2019073743","","1","0","0","0","0","0","0","0","0","7","0","","02","7","2019","2","40.404347","-80.019179","","11","0","0","0","0","0","1","0","0","","0","0","0","","","1","","0","","40 24:15.648","","0","80 01:09.043","2","0","0","0","2301","0","0","0","N","0","0","0","1","02301","0","","5.0","","9","N","N","","0","","0","1","0","","0","","","1","1","1","0","1","0","0","2","0","1","","","","N","","","","","","","","","",""
"2019124641","","1","0","0","0","0","0","0","0","0","1","0","","02","12","2019","3","40.550828","-80.088012","","11","0","0","0","0","0","0","0","0","","0","0","0","","","1","N","2","","40 33:02.982","","0","80 05:16.843","3","0","0","0","2215","0","0","0","N","0","0","0","6","02215","0","","1.0","","99","N","N","N","0","","1","0","1","","3","N","","2","1","1","0","0","0","0","2","0","2","","","","N","","","","","","","","","",""
"2019068583","","0","0","0","0","0","0","0","0","0","1","0","","02","7","2019","5","40.358336","-79.844377","","11","0","0","0","0","1","0","0","0","2","0","0","0","","","0","","0","","40 21:30.008","3","3","79 50:39.756","0","0","0","0","2303","0","0","0","N","0","0","0","2","02303","0","","1.0","","1","N","N","","1","","0","0","1","","0","N","","2","0","0","0","0","0","0","2","0","2","","","","N","","","","","","","","","",""
"2019110325","","0","0","0","0","0","0","0","0","0","8","0","","02","10","2019","5","","","","11","0","0","0","0","0","0","1","0","","0","0","0","","","1","","0","","40 36:44.6","","7","80 03:11.7","2","0","0","0","2108","1","0","1","N","1","0","1","2","02108","0","","1.0","","9","N","N","","0","","0","1","1","","0","N","","2","1","0","0","0","0","0","1","0","1","","","","N","","","","","","","","","",""
"2019067515","","2","0","0","0","0","0","0","0","0","4","0","","02","7","2019","4","40.44857","-80.065411","","11","0","0","0","0","0","1","0","0","2","0","0","0","","","1","","2","","40 26:54.852","3","0","80 03:55.478","4","0","0","0","2439","0","0","0","N","0","0","0","2","02439","1","","1.0","","1","N","N","","0","","0","0","0","","3","N","","2","1","0","0","0","0","0","2","0","2","","","","N","","","","","","","","","",""
"2019074943","","0","0","0","0","0","0","0","0","0","7","0","","02","7","2019","5","40.3737","-80.020039","","11","0","0","0","0","0","0","0","0","1","0","0","0","","","0","","0","","40 22:25.320","6","0","80 01:12.140","0","0","0","0","2416","0","0","0","N","0","0","0","1","02416","0","","4.0","","1","N","N","","0","","0","0","1","","0","N","","1","0","0","0","0","0","0","2","0","1","","","","N","","","","","","","","","",""
"2019075963","","0","0","0","0","0","0","0","0","0","1","0","","02","7","2019","7","40.458161","-80.029718","","11","0","0","0","0","0","0","1","0","","0","0","0","","","2","","2","","40 27:29.378","","0","80 01:46.985","8","0","0","0","2301","0","0","0","N","0","0","0","2","02301","0","","1.0","","1","N","N","","0","","0","0","1","","0","N","","2","2","0","0","0","2","0","2","1","2","","","","N","","","","","","","","","",""
"2019074697","","2","0","0","0","0","0","0","0","0","7","0","","02","7","2019","4","40.430576","-80.000492","","11","0","0","0","0","0","0","0","0","","0","0","0","","","0","","2","","40 25:50.072","","0","80 00:01.772","0","0","0","0","2301","0","0","0","N","0","0","0","2","02301","0","","5.0","","1","N","N","","0","","0","0","0","","0","","","2","0","0","0","0","0","0","2","0","2","","","","N","","","","","","","","","",""
"2019074847","","0","0","0","0","0","0","0","0","0","4","0","","02","7","2019","4","40.446764","-80.067041","","11","0","0","0","0","0","0","0","1","1","0","0","0","","","1","","1","","40 26:48.350","7","0","80 04:01.347","3","0","0","0","2439","0","0","0","N","0","0","0","2","02439","0","","1.0","","99","N","N","","0","","1","0","2","","3","N","","2","1","0","0","0","0","0","2","0","2","","","","N","","","","","","","","","",""
"2019068234","","0","0","0","0","0","0","0","0","0","7","0","","02","7","2019","5","40.400546","-79.83369","","11","0","0","0","0","0","0","0","0","1","0","0","0","","","0","","2","","40 24:01.967","3","0","79 50:01.285","0","0","0","0","2467","0","0","0","N","0","0","0","1","02467","0","","5.0","","1","N","N","","0","","0","0","1","","2","N","","1","0","0","0","0","0","0","2","0","1","","","","N","","","","","","","","","",""
"2019067809","","3","0","0","0","0","0","0","0","0","1","0","","02","7","2019","7","40.457342","-79.900528","","11","0","0","0","0","0","0","0","0","","0","0","0","","","1","","0","","40 27:26.432","","0","79 54:01.900","3","0","0","0","2301","0","0","0","N","0","0","0","3","02301","0","","6.0","","1","N","N","","0","","1","0","0","","0","N","","3","1","0","0","0","0","0","2","0","3","","","","N","","","","","","","","","",""
"2019074220","","1","0","0","0","0","0","0","0","0","7","0","","02","7","2019","2","40.518893","-79.94356","","11","0","0","0","0","0","0","0","0","","0","0","0","","","0","","0","","40 31:08.013","","0","79 56:36.816","0","0","0","0","2118","0","0","0","N","0","0","0","1","02118","0","","4.0","","9","","","","0","","0","0","0","","0","","","1","0","0","0","0","0","0","2","0","1","","","","N","","","","","","","","","",""
"2019066050","","0","0","0","0","0","0","0","0","0","2","0","","02","6","2019","6","40.391974","-79.99696","","11","0","0","0","0","0","0","0","0","","0","0","0","","","2","","0","","40 23:31.108","","7","79 59:49.055","3","0","0","0","2301","0","0","0","N","0","0","0","2","02301","0","","1.0","","1","N","N","","1","","2","0","1","","0","N","","2","2","0","0","0","0","0","2","0","2","","","","N","","","","","","","","","",""
"2019071973","","0","0","0","0","0","0","0","0","0","1","0","45","02","6","2019","6","40.321322","-80.145517","","11","0","0","0","1","0","1","0","0","","0","0","0","","","1","","0","","40 19:16.758","","0","80 08:43.860","8","0","0","0","2119","0","0","0","N","0","0","0","3","68B01","0","","1.0","","1","N","N","","0","","0","0","3","","0","","","3","1","0","0","0","1","0","2","0","3","","","Y","Y","4","1","","","N","","","","Y","N"