"CRN","ARRIVAL_TM","AUTOMOBILE_COUNT","BELTED_DEATH_COUNT","BELTED_SUSP_SERIOUS_INJ_COUNT","BICYCLE_COUNT","BICYCLE_DEATH_COUNT","BICYCLE_SUSP_SERIOUS_INJ_COUNT","BUS_COUNT","CHLDPAS_DEATH_COUNT","CHLDPAS_SUSP_SERIOUS_INJ_COUNT","COLLISION_TYPE","COMM_VEH_COUNT","CONS_ZONE_SPD_LIM","COUNTY","CRASH_MONTH","CRASH_YEAR","DAY_OF_WEEK","DEC_LATITUDE","DEC_LONGITUDE","DISPATCH_TM","DISTRICT","DRIVER_COUNT_16YR","DRIVER_COUNT_17YR","DRIVER_COUNT_18YR","DRIVER_COUNT_19YR","DRIVER_COUNT_20YR","DRIVER_COUNT_50_64YR","DRIVER_COUNT_65_74YR","DRIVER_COUNT_75PLUS","EST_HRS_CLOSED","FATAL_COUNT","HEAVY_TRUCK_COUNT","HORSE_BUGGY_COUNT","HOUR_OF_DAY","ILLUMINATION","INJURY_COUNT","INTERSECTION_RELATED","INTERSECT_TYPE","LANE_CLOSED","LATITUDE","LN_CLOSE_DIR","LOCATION_TYPE","LONGITUDE","MAX_SEVERITY_LEVEL","MCYCLE_DEATH_COUNT","MCYCLE_SUSP_SERIOUS_INJ_COUNT","MOTORCYCLE_COUNT","MUNICIPALITY","NONMOTR_COUNT","NONMOTR_DEATH_COUNT","NONMOTR_SUSP_SERIOUS_INJ_COUNT","NTFY_HIWY_MAINT","PED_COUNT","PED_DEATH_COUNT","PED_SUSP_SERIOUS_INJ_COUNT","PERSON_COUNT","POLICE_AGCY","POSSIBLE_INJ_COUNT","RDWY_SURF_TYPE_CD","RELATION_TO_ROAD","ROADWAY_CLEARED","ROAD_CONDITION","SCH_BUS_IND","SCH_ZONE_IND","SECONDARY_CRASH","SMALL_TRUCK_COUNT","SPEC_JURIS_CD","SUSP_MINOR_INJ_COUNT","SUSP_SERIOUS_INJ_COUNT","SUV_COUNT","TCD_FUNC_CD","TCD_TYPE","TFC_DETOUR_IND","TIME_OF_DAY","TOTAL_UNITS","TOT_INJ_COUNT","UNBELTED_OCC_COUNT","UNB_DEATH_COUNT","UNB_SUSP_SERIOUS_INJ_COUNT","UNK_INJ_DEG_COUNT","UNK_INJ_PER_COUNT","URBAN_RURAL","VAN_COUNT","VEHICLE_COUNT","WEATHER1","WEATHER2","WORKERS_PRES","WORK_ZONE_IND","WORK_ZONE_LOC","WORK_ZONE_TYPE","WZ_CLOSE_DETOUR","WZ_FLAGGER","WZ_LAW_OFFCR_IND","WZ_LN_CLOSURE","WZ_MOVING","WZ_OTHER","WZ_SHLDER_MDN","WZ_WORKERS_INJ_KILLED"
"2019078203","","1","0","0","0","0","0","0","0","0","4","0","","02","7","2019","5","40.331098","-80.02242","","11","0","0","0","0","0","1","0","0","","0","0","0","","","1","N","0","","40 19:51.951","","7","80 01:20.712","4","0","0","1","2407","0","0","0","N","0","0","0","2","02407","1","","1.0","","1","N","N","","0","","0","0","0","","0","","","2","1","0","0","0","0","0","2","0","2","","","","N","","","","","","","","","",""
"2019075289","","0","0","0","0","0","0","0","0","0","0","0","","02","7","2019","6","40.470995","-79.960803","","11","0","0","0","0","0","0","0","0","","0","0","0","","","1","","1","","40 28:15.582","","0","79 57:38.890","3","0","0","1","2301","0","0","0","N","0","0","0","1","02301","0","","1.0","","1","N","N","","0","","1","0","0","","0","N","","2","1","0","0","0","0","0","2","0","1","","","","N","","","","","","","","","",""
"2019065554","","0","0","0","0","0","0","0","0","0","1","0","","02","6","2019","4","40.672571","-80.113726","","11","0","0","0","0","0","0","1","0","","0","0","0","","","0","","0","","40 40:21.256","","0","80 06:49.414","0","0","0","0","2212","0","0","0","N","0","0","0","3","02505","0","","1.0","","1","N","N","","0","","0","0","2","","0","","","2","0","0","0","0","0","0","2","0","2","","","","N","","","","","","","","","",""
"2019065843","","0","0","0","0","0","0","0","0","0","4","0","","02","6","2019","6","40.363759","-79.98415","","11","0","0","0","0","0","0","0","0","","0","0","0","","","0","","1","","40 21:49.532","","0","79 59:02.941","0","0","0","0","2413","0","0","0","N","0","0","0","2","02413","0","","1.0","","1","N","N","","1","","0","0","1","","2","","","2","0","0","0","0","0","0","2","0","2","","","","N","","","","","","","","","",""
"2019087135","","2","0","0","0","0","0","0","0","0","1","0","","02","8","2019","6","40.525505","-80.156581","","11","0","0","0","1","0","1","0","0","1","0","0","0","","","2","","0","","40 31:31.819","7","0","80 09:23.691","8","0","0","0","2436","0","0","0","N","0","0","0","3","68B03","0","","1.0","","1","N","N","","0","","0","0","1","","0","N","","3","2","0","0","0","2","0","2","0","3","","","","N","","","","","","","","","",""
"2019069153","","3","0","0","0","0","0","0","0","0","1","0","","02","6","2019","7","40.52185","-80.005206","","11","0","0","0","0","0","2","0","0","","0","0","0","","","0","","2","","40 31:18.661","","0","80 00:18.743","0","0","0","0","2116","0","0","0","N","0","0","0","4","02116","0","","1.0","","1","N","N","","0","","0","0","1","","2","N","","4","0","0","0","0","0","0","2","0","4","","","","N","","","","","","","","","",""
"2019071074","","0","0","0","0","0","0","0","0","0","7","0","","02","7","2019","4","40.373833","-80.09525","","11","0","0","0","1","0","0","0","0","1","0","0","0","","","1","","0","","40 22:25.800","2","0","80 05:42.900","3","0","0","0","2117","0","0","0","N","0","0","0","1","02117","0","","5.0","","1","N","N","","1","","1","0","0","","0","N","","1","1","0","0","0","0","0","2","0","1","","","","N","","","","","","","","","",""
"2019074061","","2","0","0","0","0","0","0","0","0","4","0","","02","7","2019","3","40.482854","-80.036514","","11","0","0","0","0","0","0","0","0","","0","0","0","","","0","","1","","40 28:58.274","","0","80 02:11.450","0","0","0","0","2301","0","0","0","N","0","0","0","2","02301","0","","1.0","","1","N","N","","0","","0","0","0","","3","N","","2","0","0","0","0","0","0","2","0","2","","","","N","","","","","","","","","",""
"2019075699","","0","0","0","0","0","0","0","0","0","7","0","","02","7","2019","5","40.563909","-80.205502","","11","0","0","0","0","0","1","0","0","","0","0","0","","","1","","2","","40 33:50.072","","0","80 12:19.807","8","0","0","0","2441","0","0","0","N","0","0","0","1","02441","0","","5.0","","1","N","N","","0","","0","0","1","","3","N","","1","1","0","0","0","1","0","2","0","1","","","","N","","","","","","","","","",""
"2019073400","","0","0","0","0","0","0","0","0","0","4","0","","02","7","2019","2","40.436592","-79.955505","","11","0","0","0","0","0","0","0","1","1","0","0","0","","","0","","1","","40 26:11.732","2","0","79 57:19.817","0","0","0","0","2301","0","0","0","N","0","0","0","2","02301","0","","1.0","","1","N","N","","0","","0","0","2","","3","Y","","2","0","0","0","0","0","0","2","0","2","","","","N","","","","","","","","","",""
"2019072824","","1","0","0","0","0","0","0","0","0","1","0","","02","7","2019","6","40.652536","-79.838827","","11","0","0","0","0","0","0","0","0","2","0","0","0","","","0","","3","","40 39:09.128","1","0","79 50:19.778","0","0","0","0","2220","0","0","0","N","0","0","0","3","02220","0","","1.0","","1","N","N","","0","","0","0","1","","3","N","","2","0","0","0","0","0","0","1","0","2","","","","N","","","","","","","","","",""
"2019071483","","1","0","0","0","0","0","0","0","0","1","0","","02","6","2019","7","40.519215","-80.218348","","11","0","0","0","0","0","0","0","0","","0","0","0","","","1","N","0","","40 31:09.173","","7","80 13:06.051","3","0","0","0","2213","0","0","0","N","0","0","0","2","02213","0","","1.0","","1","N","N","","0","","1","0","0","","0","","","2","1","0","0","0","0","0","2","1","2","","","","N","","","","","","","","","",""
"2019075665","","1","0","0","0","0","0","0","0","0","4","0","25","02","7","2019","6","40.427654","-79.926084","","11","0","0","0","0","0","0","0","1","1","0","0","0","","","0","","0","","40 25:39.554","2","0","79 55:33.901","0","0","0","0","2301","0","0","0","N","0","0","0","1","02301","0","","1.0","","1","N","N","","0","","0","0","0","","0","N","","2","0","0","0","0","0","0","2","0","2","","","Y","Y","3","1","","Y","N","","","","","N"
"2019077074","","2","0","0","0","0","0","0","0","0","1","0","","02","7","2019","1","40.444804","-80.176354","","11","0","0","1","1","0","0","0","0","2","0","0","0","","","0","","0","","40 26:41.295","3","0","80 10:34.873","9","0","0","0","2214","0","0","0","N","0","0","0","8","68B03","0","","1.0","","1","N","N","","0","","0","0","1","","0","N","","3","0","0","0","0","0","1","2","0","3","","","","N","","","","","","","","","",""
"2019066427","","0","0","0","0","0","0","0","0","0","4","0","","02","7","2019","2","40.461939","-79.96301","","11","0","0","0","1","0","0","0","0","","0","0","0","","","0","","2","","40 27:42.982","","0","79 57:46.835","0","0","0","0","2301","0","0","0","N","0","0","0","2","02301","0","","1.0","","1","N","N","","0","","0","0","2","","0","N","","2","0","0","0","0","0","0","2","0","2","","","","N","","","","","","","","","",""
"2019072442","","2","0","0","0","0","0","0","0","0","4","0","","02","7","2019","5","40.398028","-79.986694","","11","0","0","0","0","0","0","0","0","3","0","0","0","","","0","","0","","40 23:52.900","5","7","79 59:12.100","0","0","0","0","2301","0","0","0","N","0","0","0","0","02301","0","","5.0","","1","N","N","","0","","0","0","0","","0","Y","","2","0","0","0","0","0","0","2","0","2","","","","N","","","","","","","","","",""
"2019072448","","2","0","0","0","0","0","0","0","0","1","0","","02","6","2019","3","40.381424","-79.817109","","11","0","0","0","1","0","1","0","0","","0","0","0","","","2","","3","","40 22:53.127","","0","79 49:01.592","3","0","0","0","2111","0","0","0","N","0","0","0","3","02111","0","","1.0","","1","N","N","","0","","2","0","1","","0","","","3","2","0","0","0","0","0","2","0","3","","","","N","","","","","","","","","",""
"2019079426","","1","0","0","0","0","0","0","0","0","5","0","","02","7","2019","1","40.437859","-79.778005","","11","0","0","0","0","0","0","0","0","1","0","0","0","","","0","","0","","40 26:16.292","4","0","79 46:40.817","0","0","0","0","2446","0","0","0","N","0","0","0","5","02446","0","","1.0","","1","N","N","","0","","0","0","1","","0","N","","2","0","3","0","0","0","0","2","0","2","","","","N","","","","","","","","","",""
"2019066431","","1","0","0","0","0","0","0","0","0","1","0","","02","7","2019","2","40.403894","-80.238371","","11","0","0","1","0","0","0","0","0","","0","0","0","","","1","","0","","40 24:14.017","","0","80 14:18.135","3","0","0","0","2214","0","0","0","N","0","0","0","2","02214","0","","1.0","","1","N","N","","0","","1","0","1","","0","N","","2","1","0","0","0","0","0","1","0","2","","","","N","","","","","","","","","",""
"2019067770","","2","0","0","0","0","0","0","0","0","4","0","","02","7","2019","6","40.435348","-79.918999","","11","0","0","0","0","0","1","1","0","","0","0","0","","","0","","1","","40 26:07.252","","0","79 55:08.396","0","0","0","0","2301","0","0","0","N","0","0","0","4","02301","0","","1.0","","1","N","N","","0","","0","0","2","","2","","","4","0","0","0","0","0","0","2","0","4","","","","N","","","","","","","","","",""
"2019079798","","0","0","0","0","0","0","0","0","0","1","0","","02","7","2019","7","40.449166","-80.005124","","11","0","0","0","0","0","1","0","0","2","0","0","0","","","2","","0","","40 26:56.998","2","0","80 00:18.446","8","0","0","0","2301","0","0","0","N","0","0","0","3","68B03","0","","1.0","","1","N","N","","0","","0","0","2","","0","Y","","2","2","0","0","0","2","0","2","0","2","","","","N","","","","","","","","","",""
"2019076874","","2","0","2","0","0","0","0","0","0","1","0","","02","7","2019","4","40.484718","-79.908313","","11","0","0","0","0","0","1","0","0","","0","0","0","","","3","","0","","40 29:04.986","","0","79 54:29.926","2","0","0","0","2301","0","0","0","N","0","0","0","4","02301","0","","1.0","","1","N","N","","0","","0","3","0","","0","","","3","3","0","0","0","0","0","2","1","3","","","","N","","","","","","","","","",""
"2019077065","","1","0","0","0","0","0","0","0","0","4","0","","02","7","2019","5","40.387379","-80.09828","","11","0","0","0","0","0","1","0","0","","0","0","0","","","0","","0","","40 23:14.563","","0","80 05:53.807","0","0","0","0","2117","0","0","0","N","0","0","0","2","68B03","0","","1.0","","1","N","N","","0","","0","0","1","","0","","","2","0","0","0","0","0","0","2","0","2","","","","N","","","","","","","","","",""
"2019091364","","2","0","0","0","0","0","0","0","0","1","0","","02","7","2019","2","40.520872","-80.064899","","11","0","0","0","0","0","0","0","0","1","0","0","0","","","1","","0","","40 31:15.140","2","0","80 03:53.638","4","0","0","0","2215","0","0","0","N","0","0","0","5","68B03","1","","1.0","","1","N","N","","0","","0","0","3","","0","N","","5","1","0","0","0","0","0","2","0","5","","","","N","","","","","","","","","",""
"2019072752","","0","0","0","0","0","0","0","0","0","0","0","","02","7","2019","6","40.390917","-80.225083","","11","0","0","0","0","0","0","0","0","1","0","0","0","","","1","","0","","40 23:27.300","5","0","80 13:30.300","2","0","1","1","2214","0","0","0","N","0","0","0","1","02214","0","","5.0","","1","N","N","","0","","0","1","0","","0","N","","1","1","0","0","0","0","0","1","0","1","","","","N","","","","","","","","","",""
"2019071870","","1","0","0","0","0","0","0","0","0","1","0","","02","7","2019","4","40.586782","-79.950222","","11","0","0","0","0","0","0","0","1","","0","0","0","","","1","","0","","40 35:12.416","","0","79 57:00.798","4","0","0","0","2207","0","0","0","N","0","0","0","2","02207","1","","1.0","","1","N","N","","1","","0","0","0","","0","","","2","1","0","0","0","0","0","2","0","2","","","","N","","","","","","","","","",""
"2019065352","","4","0","0","0","0","0","0","0","0","6","0","","02","6","2019","6","40.381972","-79.976444","","11","0","0","0","0","0","0","1","0","1","0","0","0","","","0","","0","","40 22:55.100","1","0","79 58:35.200","0","0","0","0","2301","0","0","0","N","0","0","0","2","02301","0","","4.0","","1","N","N","","0","","0","0","0","","0","N","","4","0","0","0","0","0","0","2","0","4","","","","N","","","","","","","","","",""
"2019073406","","2","0","0","0","0","0","0","0","0","2","0","","02","7","2019","7","40.556861","-80.014528","","11","0","0","0","0","0","0","0","0","","0","0","0","","","0","","0","","40 33:24.700","","0","80 00:52.300","0","0","0","0","2108","0","0","0","N","0","0","0","1","02108","0","","1.0","","1","N","N","","0","","0","0","0","","0","","","2","0","0","0","0","0","0","2","0","2","","","","N","","","","","","","","","",""
"2019072686","","0","0","0","0","0","0","0","0","0","7","0","","02","7","2019","6","40.428898","-79.838046","","11","0","0","0","0","0","1","0","0","4","0","0","0","","","0","","0","","40 25:44.034","5","0","79 50:16.964","0","0","0","0","2419","0","0","0","N","0","0","0","1","02419","0","","5.0","","1","N","N","","0","","0","0","1","","0","Y","","1","0","0","0","0","0","0","2","0","1","","","","N","","","","","","","","","",""
"2019065644","","1","0","0","0","0","0","0","0","0","4","0","","02","6","2019","7","40.471019","-80.008611","","11","0","0","0","0","0","0","1","0","","0","0","0","","","0","","1","","40 28:15.669","","0","80 00:30.998","0","0","0","0","2301","0","0","0","N","0","0","0","4","02301","0","","1.0","","1","N","N","","0","","0","0","0","","2","","","2","0","0","0","0","0","0","2","1","2","","","","N","","","","","","","","","",""
"2019076492","","1","0","0","0","0","0","0","0","0","1","0","","02","7","2019","5","40.411697","-80.076415","","11","0","0","0","0","1","1","0","0","","0","0","0","","","0","","6","","40 24:42.108","","2","80 04:35.095","0","0","0","0","2117","0","0","0","N","0","0","0","2","68B03","0","","1.0","","1","N","N","","0","","0","0","1","","0","","","2","0","0","0","0","0","0","2","0","2","","","","N","","","","","","","","","",""
"2019111844","","2","0","0","0","0","0","0","0","0","1","0","","02","9","2019","5","40.437691","-80.004589","","11","0","0","0","0","0","0","0","0","1","0","0","0","","","1","","0","","40 26:15.686","3","0","80 00:16.522","4","0","0","0","2301","0","0","0","N","0","0","0","5","68B03","1","","1.0","","1","N","N","","0","","0","0","1","","0","N","","3","1","0","0","0","0","0","2","0","3","","","","N","","","","","","","","","",""
"2019081211","","2","0","0","0","0","0","0","0","0","1","0","","02","8","2019","7","40.445856","-80.011722","","11","0","0","0","0","0","0","0","0","2","0","0","0","","","0","","2","","40 26:45.080","2","0","80 00:42.199","0","0","0","0","2301","0","0","0","N","0","0","0","1","02301","0","","2.0","","1","N","N","","0","","0","0","0","","0","N","","2","0","0","0","0","0","0","2","0","2","","","","N","","","","","","","","","",""
"2019074864","","1","0","0","0","0","0","0","0","0","1","0","","02","7","2019","5","40.411155","-80.191641","","11","0","0","0","0","0","0","1","0","","0","0","0","","","2","","0","","40 24:40.159","","0","80 11:29.907","3","0","0","0","2214","0","0","0","N","0","0","0","2","02214","0","","1.0","","1","N","N","","0","","2","0","1","","0","","","2","2","0","0","0","0","0","1","0","2","","","","N","","","","","","","","","",""
"2019067577","","1","0","0","0","0","0","0","0","0","2","0","","02","7","2019","6","40.448028","-80.218056","","11","0","0","0","0","1","0","0","0","1","0","0","0","","","0","","0","","40 26:52.900","5","0","80 13:05.000","0","0","0","0","2214","0","0","0","N","0","0","0","1","02214","0","","1.0","","1","N","N","","0","","0","0","1","","0","N","","2","0","0","0","0","0","0","2","0","2","","","","N","","","","","","","","","",""
"2019080072","","1","0","0","0","0","0","0","0","0","4","0","","02","8","2019","6","40.38446","-79.977903","","11","0","0","0","0","0","0","0","0","","0","0","0","","","1","","2","","40 23:04.055","","0","79 58:40.450","8","0","0","1","2301","0","0","0","N","0","0","0","2","02301","0","","1.0","","1","N","N","","0","","0","0","0","","0","N","","2","1","0","0","0","1","1","2","0","2","","","","N","","","","","","","","","",""
"2019072657","","2","0","0","0","0","0","0","0","0","1","0","","02","7","2019","4","40.50174","-79.983999","","11","0","0","0","0","0","0","0","0","","0","0","0","","","0","","0","","40 30:06.264","","0","79 59:02.397","0","0","0","0","2118","0","0","0","N","0","0","0","2","02118","0","","1.0","","9","N","N","","0","","0","0","0","","8","N","","2","0","0","0","0","0","0","2","0","2","","","","N","","","","","","","","","",""
"2019073197","","1","0","0","0","0","0","0","0","0","8","0","","02","7","2019","1","40.460059","-79.924627","","11","0","0","0","0","0","0","0","0","","0","0","0","","","1","","1","","40 27:36.214","","0","79 55:28.658","3","0","0","0","2301","2","0","0","N","2","0","0","4","02301","0","","1.0","","1","N","N","","0","","1","0","0","","2","","","3","1","0","0","0","0","0","2","0","1","","","","N","","","","","","","","","",""
"2019066776","","1","0","0","0","0","0","0","0","0","1","0","","02","7","2019","3","40.435218","-79.992637","","11","0","0","0","0","0","0","0","0","1","0","0","0","","","1","","0","","40 26:06.785","4","0","79 59:33.494","3","0","0","0","2301","0","0","0","N","0","0","0","3","02301","0","","1.0","","1","N","N","","1","","1","0","1","","0","N","","3","1","0","0","0","0","0","2","0","3","","","","N","","","","","","","","","",""
"2019080196","","2","0","0","0","0","0","0","0","0","5","0","","02","8","2019","3","40.423422","-80.044349","","11","0","0","0","0","0","0","0","0","","0","0","0","","","0","","0","","40 25:24.320","","0","80 02:39.658","0","0","0","0","2435","0","0","0","N","0","0","0","2","02435","0","","1.0","","1","N","N","","0","","0","0","0","","0","","","2","0","0","0","0","0","0","2","0","2","","","","N","","","","","","","","","",""
"2019078019","","0","0","0","0","0","0","0","0","0","4","0","90","02","8","2019","7","40.425765","-80.01976","","11","0","0","0","0","0","1","0","0","2","0","0","0","","","0","","1","","40 25:32.754","4","0","80 01:11.135","0","0","0","0","2301","0","0","0","N","0","0","0","2","02301","0","","1.0","","1","N","N","","0","","0","0","1","","2","N","","2","0","0","0","0","0","0","2","1","2","","","N","Y","5","2","","","N","","","Y","",""
"2019079634","","0","0","0","0","0","0","0","0","0","7","0","","02","8","2019","5","40.441438","-79.99546","","11","0","0","0","0","0","0","0","0","1","0","0","0","","","1","","2","","40 26:29.175","2","0","79 59:43.655","4","0","0","0","2301","0","0","0","N","0","0","0","1","02301","1","","3.0","","1","N","N","","0","","0","0","1","","2","N","","1","1","0","0","0","0","0","2","0","1","","","","N","","","","","","","","","",""
"2019079416","","1","0","0","0","0","0","0","0","0","5","0","","02","8","2019","3","40.456075","-79.99162","","11","0","0","0","0","0","0","0","0","","0","0","0","","","0","","6","","40 27:21.871","","2","79 59:29.833","0","0","0","0","2301","0","0","0","N","0","0","0","2","02301","0","","1.0","","1","N","N","","0","","0","0","1","","0","","","2","0","0","0","0","0","0","2","0","2","","","","N","","","","","","","","","",""
"2019077393","","1","0","0","0","0","0","0","0","0","4","0","","02","8","2019","5","40.587151","-79.999411","","11","0","0","1","0","0","0","0","1","3","0","0","0","","","2","","1","","40 35:13.743","2","0","79 59:57.879","4","0","0","0","2108","0","0","0","N","0","0","0","2","02501","2","","1.0","","1","N","N","","0","","0","0","1","","3","Y","","2","2","0","0","0","0","0","2","0","2","","","","N","","","","","","","","","",""
"2019072843","","1","0","0","0","0","0","0","0","0","4","0","","02","7","2019","7","40.270017","-79.847653","","11","0","0","0","0","0","1","0","0","1","0","0","0","","","0","","1","","40 16:12.060","1","0","79 50:51.551","0","0","0","0","2105","0","0","0","N","0","0","0","4","02105","0","","1.0","","1","N","N","","1","","0","0","0","","3","N","","2","0","2","0","0","0","0","2","0","2","","","","N","","","","","","","","","",""
"2019066048","","2","0","0","0","0","0","0","0","0","6","0","","02","6","2019","1","40.488611","-80.011806","","11","0","0","0","0","0","1","0","0","1","0","0","0","","","0","","0","","40 29:19.000","1","0","80 00:42.500","0","0","0","0","2301","0","0","0","N","0","0","0","1","02301","0","","6.0","","1","N","N","","0","","0","0","0","","0","N","","2","0","0","0","0","0","0","2","0","2","","","","N","","","","","","","","","",""
"2019079065","","2","0","0","0","0","0","0","0","0","1","0","","02","8","2019","7","40.373353","-80.006787","","11","0","0","0","0","0","0","0","0","1","0","0","0","","","0","","0","","40 22:24.070","1","0","80 00:24.434","0","0","0","0","2416","0","0","0","N","0","0","0","3","02416","0","","1.0","","1","N","N","","0","","0","0","1","","0","N","","3","0","0","0","0","0","0","2","0","3","","","","N","","","","","","","","","",""
"2019079064","","2","0","0","0","0","0","0","0","0","4","0","","02","8","2019","6","40.366363","-80.019131","","11","0","0","0","0","0","0","1","1","","0","0","0","","","1","","1","","40 21:58.906","","0","80 01:08.871","3","0","0","0","2416","0","0","0","N","0","0","0","3","02416","0","","1.0","","1","N","N","","0","","1","0","0","","3","","","2","1","0","0","0","0","0","2","0","2","","","","N","","","","","","","","","",""
"2019066130","","1","0","0","0","0","0","0","0","0","2","0","","02","6","2019","6","40.55453","-80.02124","","11","0","0","0","0","0","1","0","0","1","0","0","0","","","1","","1","","40 33:16.307","2","0","80 01:16.463","3","0","0","0","2108","0","0","0","N","0","0","0","2","02108","0","","1.0","","1","N","N","","0","","1","0","1","","2","Y","","2","1","0","0","0","0","0","2","0","2","","","","N","","","","","","","","","",""
"2019067480","","0","0","0","0","0","0","0","0","0","99","0","","02","6","2019","1","40.456188","-79.756653","","11","0","0","0","0","0","0","0","0","","0","0","0","","","0","","0","","40 27:22.275","","0","79 45:23.949","0","0","0","0","2446","0","0","0","N","0","0","0","1","68T02","0","","1.0","","1","N","N","","0","","0","0","1","","0","","","1","0","0","0","0","0","0","2","0","1","","","","N","","","","","","","","","",""
"2019080019","","1","0","0","0","0","0","0","0","0","7","0","","02","8","2019","1","40.367361","-79.8585","","11","0","0","0","0","0","0","0","0","","0","0","0","","","0","","0","","40 22:02.500","","0","79 51:30.600","0","0","0","0","2303","0","0","0","","0","0","0","1","02303","0","","5.0","","1","","","","0","","0","0","0","","0","N","","1","0","0","0","0","0","0","2","0","1","","","","N","","","","","","","","","",""
"2019079042","","1","0","0","0","0","0","0","0","0","5","0","","02","8","2019","3","40.435139","-79.947","","11","0","0","0","0","0","0","0","0","1","0","0","0","","","0","","3","","40 26:06.500","4","0","79 56:49.200","0","0","0","0","2301","0","0","0","N","0","0","0","2","02301","0","","1.0","","1","N","N","","0","","0","0","1","","0","Y","","2","0","0","0","0","0","0","2","0","2","","","","N","","","","","","","","","",""
"2019076297","","1","0","0","0","0","0","0","0","0","7","0","","02","7","2019","7","40.45876","-79.928976","","11","0","0","0","0","1","0","0","0","2","0","0","0","","","1","","1","","40 27:31.535","3","0","79 55:44.313","3","0","0","0","2301","0","0","0","N","0","0","0","4","02301","0","","4.0","256.0","1","N","N","N","0","","1","0","0","","2","Y","","1","1","0","0","0","0","0","2","0","1","","","","N","","","","","","","","","",""
"2019087772","","2","0","0","0","0","0","0","0","0","1","0","","02","8","2019","7","40.431237","-79.729618","","11","0","0","1","0","0","0","0","0","","0","0","0","","","0","","0","","40 25:52.452","","0","79 43:46.624","0","0","0","0","2446","0","0","0","N","0","0","0","5","02446","0","","1.0","","1","N","N","","0","","0","0","0","","0","N","","2","0","0","0","0","0","0","2","0","2","","","","N","","","","","","","","","",""
"2019072468","","2","0","0","0","0","0","0","0","0","1","0","","02","7","2019","5","40.458639","-79.974833","","11","0","0","0","0","0","0","0","0","","0","0","0","","","0","","0","","40 27:31.100","","0","79 58:29.400","0","0","0","0","2301","0","0","0","N","0","0","0","1","02301","0","","2.0","","1","N","N","","0","","0","0","1","","0","","","3","0","0","0","0","0","0","2","0","3","","","","N","","","","","","","","","",""
"2019072122","","0","0","0","0","0","0","0","0","0","7","0","","02","7","2019","5","40.47125","-79.874056","","11","0","0","0","0","0","0","0","0","2","0","0","0","","","1","","0","","40 28:16.500","5","0","79 52:26.600","8","0","0","0","2113","0","0","0","N","0","0","0","1","02113","0","","4.0","","1","N","N","","0","","0","0","1","","0","N","","1","1","0","0","0","1","0","2","0","1","","","","N","","","","","","","","","",""
"2019108429","","1","0","1","0","0","0","0","0","0","7","1","","02","7","2019","6","40.421678","-80.096467","","11","0","0","0","0","0","1","0","0","2","0","1","0","","","1","","0","","40 25:18.040","4","0","80 05:47.280","2","0","0","0","2457","0","0","0","N","0","0","0","3","68B03","0","","4.0","","1","N","N","","0","","0","1","1","","0","N","","3","1","0","0","0","0","0","2","0","3","","","","N","","","","","","","","","",""
"2019079055","","0","0","0","0","0","0","0","0","0","1","0","","02","8","2019","3","40.497305","-79.855672","","11","0","0","0","0","0","0","0","0","","0","0","0","","","0","","1","","40 29:50.298","","0","79 51:20.419","0","0","0","0","2112","0","0","0","N","0","0","0","2","02408","0","","1.0","","1","N","N","","0","","0","0","1","","0","N","","2","0","0","0","0","0","0","2","1","2","","","","N","","","","","","","","","",""
"2019078332","","0","0","0","0","0","0","0","0","0","99","0","","02","8","2019","1","40.25525","-79.822619","","11","0","0","0","0","0","1","0","0","1","0","0","0","","","1","","0","","40 15:18.900","1","0","79 49:21.430","3","0","0","1","2105","0","0","0","N","0","0","0","1","02105","0","","1.0","","1","N","N","","0","","1","0","0","","0","N","","1","1","0","0","0","0","0","1","0","1","","","","N","","","","","","","","","",""
"2019079436","","2","0","0","0","0","0","0","0","0","1","0","","02","8","2019","3","40.478916","-79.915873","","11","0","0","0","1","0","0","0","0","","0","0","0","","","0","","1","","40 28:44.097","","0","79 54:57.142","0","0","0","0","2301","0","0","0","N","0","0","0","1","02301","0","","2.0","","1","N","N","","0","","0","0","0","","0","N","","2","0","0","0","0","0","0","2","0","2","","","","N","","","","","","","","","",""
"2019078690","","0","0","0","0","0","0","0","0","0","8","0","","02","8","2019","7","40.375167","-79.975528","","11","0","0","0","0","0","0","1","0","2","0","0","0","","","1","","0","","40 22:30.600","2","7","79 58:31.900","8","0","0","0","2413","1","0","0","N","1","0","0","2","02413","0","","1.0","","1","N","N","","0","","0","0","1","","3","N","","2","1","0","0","0","1","0","2","0","1","","","","N","","","","","","","","","",""
"2019078845","","1","0","0","0","0","0","0","0","0","4","0","","02","8","2019","3","40.447293","-79.918661","","11","0","0","0","0","0","0","0","1","","0","0","0","","","1","","2","","40 26:50.254","","0","79 55:07.179","8","0","0","1","2301","0","0","0","N","0","0","0","2","02301","0","","1.0","","1","N","N","","0","","0","0","0","","0","","","2","1","0","0","0","1","0","2","0","2","","","","N","","","","","","","","","",""
"2019081248","","2","0","0","0","0","0","0","0","0","2","0","","02","8","2019","3","40.511191","-79.993766","","11","0","0","0","0","0","0","0","0","1","0","0","0","","","0","","2","","40 30:40.287","2","0","79 59:37.557","0","0","0","0","2116","0","0","0","N","0","0","0","2","02116","0","","1.0","","9","N","N","","0","","0","0","0","","3","N","","2","0","0","0","0","0","0","2","0","2","","","","N","","","","","","","","","",""