"CRN","ARRIVAL_TM","AUTOMOBILE_COUNT","BELTED_DEATH_COUNT","BELTED_SUSP_SERIOUS_INJ_COUNT","BICYCLE_COUNT","BICYCLE_DEATH_COUNT","BICYCLE_SUSP_SERIOUS_INJ_COUNT","BUS_COUNT","CHLDPAS_DEATH_COUNT","CHLDPAS_SUSP_SERIOUS_INJ_COUNT","COLLISION_TYPE","COMM_VEH_COUNT","CONS_ZONE_SPD_LIM","COUNTY","CRASH_MONTH","CRASH_YEAR","DAY_OF_WEEK","DEC_LATITUDE","DEC_LONGITUDE","DISPATCH_TM","DISTRICT","DRIVER_COUNT_16YR","DRIVER_COUNT_17YR","DRIVER_COUNT_18YR","DRIVER_COUNT_19YR","DRIVER_COUNT_20YR","DRIVER_COUNT_50_64YR","DRIVER_COUNT_65_74YR","DRIVER_COUNT_75PLUS","EST_HRS_CLOSED","FATAL_COUNT","HEAVY_TRUCK_COUNT","HORSE_BUGGY_COUNT","HOUR_OF_DAY","ILLUMINATION","INJURY_COUNT","INTERSECTION_RELATED","INTERSECT_TYPE","LANE_CLOSED","LATITUDE","LN_CLOSE_DIR","LOCATION_TYPE","LONGITUDE","MAX_SEVERITY_LEVEL","MCYCLE_DEATH_COUNT","MCYCLE_SUSP_SERIOUS_INJ_COUNT","MOTORCYCLE_COUNT","MUNICIPALITY","NONMOTR_COUNT","NONMOTR_DEATH_COUNT","NONMOTR_SUSP_SERIOUS_INJ_COUNT","NTFY_HIWY_MAINT","PED_COUNT","PED_DEATH_COUNT","PED_SUSP_SERIOUS_INJ_COUNT","PERSON_COUNT","POLICE_AGCY","POSSIBLE_INJ_COUNT","RDWY_SURF_TYPE_CD","RELATION_TO_ROAD","ROADWAY_CLEARED","ROAD_CONDITION","SCH_BUS_IND","SCH_ZONE_IND","SECONDARY_CRASH","SMALL_TRUCK_COUNT","SPEC_JURIS_CD","SUSP_MINOR_INJ_COUNT","SUSP_SERIOUS_INJ_COUNT","SUV_COUNT","TCD_FUNC_CD","TCD_TYPE","TFC_DETOUR_IND","TIME_OF_DAY","TOTAL_UNITS","TOT_INJ_COUNT","UNBELTED_OCC_COUNT","UNB_DEATH_COUNT","UNB_SUSP_SERIOUS_INJ_COUNT","UNK_INJ_DEG_COUNT","UNK_INJ_PER_COUNT","URBAN_RURAL","VAN_COUNT","VEHICLE_COUNT","WEATHER1","WEATHER2","WORKERS_PRES","WORK_ZONE_IND","WORK_ZONE_LOC","WORK_ZONE_TYPE","WZ_CLOSE_DETOUR","WZ_FLAGGER","WZ_LAW_OFFCR_IND","WZ_LN_CLOSURE","WZ_MOVING","WZ_OTHER","WZ_SHLDER_MDN","WZ_WORKERS_INJ_KILLED"
"2019065297","","0","0","0","0","0","0","0","0","0","4","0","","02","6","2019","4","40.466659","-79.83285","","11","0","0","0","0","0","1","0","0","","0","0","0","","","1","","2","","40 27:59.971","","0","79 49:58.260","3","0","0","1","2113","0","0","0","N","0","0","0","2","02113","0","","1.0","","1","N","N","","1","","1","0","0","","0","","","2","1","0","0","0","0","0","2","0","2","","","","N","","","","","","","","","",""
"2019074719","","1","0","0","0","0","0","0","0","0","4","0","","02","7","2019","5","40.446648","-79.893682","","11","0","0","0","0","0","0","0","0","","0","0","0","","","1","","2","","40 26:47.931","","0","79 53:37.254","3","0","0","0","2301","0","0","0","N","0","0","0","3","02301","0","","1.0","","1","N","N","","0","","1","0","1","","3","N","","2","1","0","0","0","0","0","2","0","2","","","","N","","","","","","","","","",""
"2019080989","","0","0","0","0","0","0","0","0","0","2","0","","02","8","2019","6","40.361144","-80.029886","","11","0","0","0","0","0","0","1","0","","0","0","0","","","0","","1","","40 21:40.118","","0","80 01:47.589","0","0","0","0","2416","0","0","0","N","0","0","0","4","02416","0","","1.0","","1","N","N","","0","","0","0","2","","3","","","2","0","0","0","0","0","0","2","0","2","","","","N","","","","","","","","","",""
"2019074062","","0","0","0","0","0","0","0","0","0","4","0","","02","7","2019","3","40.215818","-79.817237","","11","0","0","0","0","0","0","0","1","1","0","0","0","","","1","","1","","40 12:56.945","4","0","79 49:02.052","3","0","0","1","2105","0","0","0","N","0","0","0","2","02105","0","","1.0","","1","N","N","","0","","1","0","1","","3","N","","2","1","0","0","0","0","0","1","0","2","","","","N","","","","","","","","","",""
"2019079229","","1","0","0","0","0","0","0","0","0","4","0","","02","8","2019","3","40.436037","-79.999208","","11","0","0","0","0","0","1","0","0","","0","0","0","","","0","","1","","40 26:09.733","","0","79 59:57.149","0","0","0","0","2301","0","0","0","N","0","0","0","2","02301","0","","1.0","","1","N","N","","0","","0","0","1","","2","","","2","0","0","0","0","0","0","2","0","2","","","","N","","","","","","","","","",""
"2019080563","","1","0","0","0","0","0","0","0","0","4","0","","02","8","2019","7","40.436274","-79.977787","","11","0","0","0","0","0","0","0","0","1","0","0","0","","","0","","2","","40 26:10.587","3","0","79 58:40.032","0","0","0","0","2301","0","0","0","N","0","0","0","3","02301","0","","1.0","","1","N","N","","1","","0","0","0","","0","N","","2","0","0","0","0","0","0","2","0","2","","","","N","","","","","","","","","",""
"2019075457","","1","0","0","0","0","0","0","0","0","1","0","","02","7","2019","6","40.602227","-79.947151","","11","0","0","0","0","0","1","0","0","2","0","0","0","","","1","","1","","40 36:08.017","2","0","79 56:49.743","4","0","0","0","2207","0","0","0","N","0","0","0","2","02207","1","","1.0","","1","N","N","","0","","0","0","1","","2","Y","","2","1","0","0","0","0","0","2","0","2","","","","N","","","","","","","","","",""
"2019105345","","1","0","0","0","0","0","0","0","1","6","0","","02","10","2019","1","40.414222","-79.849556","","11","0","0","0","0","0","1","0","0","2","0","0","0","","","4","","0","","40 24:51.200","5","0","79 50:58.400","2","0","0","0","2431","0","0","0","N","0","0","0","5","02431","0","","1.0","","1","N","N","","0","","3","1","1","","0","Y","","2","4","0","0","0","0","0","2","0","2","","","","N","","","","","","","","","",""
"2019078174","","3","0","0","0","0","0","0","0","0","1","0","","02","8","2019","7","40.441171","-79.925473","","11","0","0","0","0","0","0","0","0","","0","0","0","","","1","","1","","40 26:28.215","","0","79 55:31.702","4","0","0","0","2301","0","0","0","Y","0","0","0","2","02301","1","","1.0","","1","N","N","","0","","0","0","0","","3","","","3","1","0","0","0","0","0","2","0","3","","","","N","","","","","","","","","",""
"2019077577","","1","0","0","0","0","0","0","0","0","7","0","","02","8","2019","6","40.458574","-79.902117","","11","0","0","0","0","0","0","0","0","","0","0","0","","","0","","1","","40 27:30.866","","0","79 54:07.621","0","0","0","0","2301","0","0","0","N","0","0","0","1","02301","0","","4.0","","1","N","N","","0","","0","0","0","","0","","","1","0","0","0","0","0","0","2","0","1","","","","N","","","","","","","","","",""
"2019075496","","1","0","0","0","0","0","0","0","0","4","0","","02","7","2019","7","40.476403","-79.780466","","11","0","0","0","0","0","1","0","0","","0","0","0","","","0","","2","","40 28:35.052","","0","79 46:49.677","0","0","0","0","2113","0","0","0","N","0","0","0","2","02113","0","","1.0","","1","N","N","","0","","0","0","1","","0","","","2","0","0","0","0","0","0","2","0","2","","","","N","","","","","","","","","",""
"2019073752","","2","0","0","0","0","0","0","0","0","4","0","","02","7","2019","1","40.423583","-79.977667","","11","0","0","1","0","0","0","0","0","1","0","0","0","","","0","","0","","40 25:24.900","2","0","79 58:39.600","0","0","0","0","2301","0","0","0","N","0","0","0","4","02301","0","","1.0","","1","N","N","","0","","0","0","0","","0","N","","2","0","0","0","0","0","0","2","0","2","","","","N","","","","","","","","","",""
"2019093903","","0","0","0","0","0","0","0","0","0","8","0","","02","9","2019","4","40.423375","-79.886797","","11","0","0","0","0","0","1","0","0","4","0","0","0","","","1","","2","","40 25:24.150","6","0","79 53:12.469","2","0","0","0","2463","1","0","1","N","1","0","1","2","02463","0","","1.0","","1","N","N","","1","","0","1","0","","2","Y","","2","1","0","0","0","0","0","2","0","1","","","","N","","","","","","","","","",""
"2019092786","","0","0","0","0","0","0","0","0","0","4","0","","02","9","2019","1","40.428773","-79.985346","","11","0","0","0","0","0","0","0","0","1","0","0","0","","","1","","1","","40 25:43.581","2","0","79 59:07.247","2","0","1","1","2301","0","0","0","N","0","0","0","3","02301","0","","1.0","","1","N","N","","1","","0","1","0","","3","N","","2","1","0","0","0","0","0","2","0","2","","","","N","","","","","","","","","",""
"2019074315","","0","0","0","0","0","0","0","0","0","4","0","","02","7","2019","1","40.347642","-79.947239","","11","1","0","0","0","0","0","0","0","1","0","0","0","","","4","","1","","40 20:51.510","4","0","79 56:50.062","3","0","0","0","2473","0","0","0","N","0","0","0","5","02473","3","","1.0","","1","N","N","","0","","1","0","2","","3","N","","2","4","0","0","0","0","0","2","0","2","","","","N","","","","","","","","","",""
"2019080431","","0","0","0","0","0","0","0","0","0","1","0","","02","8","2019","7","40.326006","-79.793457","","11","0","0","0","0","0","2","0","0","","0","0","0","","","1","","2","","40 19:33.622","","0","79 47:36.446","8","0","0","0","2477","0","0","0","N","0","0","0","3","02477","0","","1.0","","1","N","N","","0","","0","0","2","","0","N","","2","1","0","0","0","1","0","2","0","2","","","","N","","","","","","","","","",""
"2019077965","","0","0","0","0","0","0","0","0","0","7","0","","02","8","2019","7","40.406237","-79.978382","","11","0","0","0","0","0","0","0","0","2","0","0","0","","","0","","2","","40 24:22.453","7","0","79 58:42.175","9","0","0","0","2301","0","0","0","N","0","0","0","1","02301","0","","5.0","","1","N","N","","1","","0","0","0","","3","Y","","1","0","0","0","0","0","1","2","0","1","","","","N","","","","","","","","","",""
"2019079531","","1","0","0","0","0","0","0","0","0","7","0","","02","8","2019","1","40.492344","-79.896929","","11","0","0","0","0","0","0","0","0","","0","0","0","","","1","","2","","40 29:32.438","","2","79 53:48.943","4","0","0","0","2301","0","0","0","N","0","0","0","1","68D02","1","","4.0","","1","N","N","","0","","0","0","0","","0","","","1","1","0","0","0","0","0","2","0","1","","","","N","","","","","","","","","",""
"2019078833","","0","0","0","0","0","0","0","0","0","7","0","","02","8","2019","6","40.633352","-80.059546","","11","0","0","0","0","0","0","0","0","","0","0","0","","","0","","1","","40 38:00.067","","0","80 03:34.364","0","0","0","0","2216","0","0","0","N","0","0","0","1","02505","0","","4.0","","1","N","N","","0","","0","0","1","","2","","","1","0","0","0","0","0","0","2","0","1","","","","N","","","","","","","","","",""
"2019080756","","1","0","0","0","0","0","0","0","0","7","0","","02","8","2019","1","40.410329","-80.08105","","11","0","0","0","0","0","0","0","1","1","0","0","0","","","0","","0","","40 24:37.183","2","7","80 04:51.779","0","0","0","0","2415","0","0","0","N","0","0","0","1","02415","0","","5.0","","1","N","N","","0","","0","0","0","","0","Y","","1","0","0","0","0","0","0","2","0","1","","","","N","","","","","","","","","",""
"2019078149","","1","0","0","0","0","0","0","0","0","4","0","","02","8","2019","5","40.331276","-80.052771","","11","0","0","0","0","0","0","1","0","","0","0","0","","","0","","2","","40 19:52.594","","0","80 03:09.976","0","0","0","0","2407","0","0","0","N","0","0","0","3","02407","0","","1.0","","1","N","N","","0","","0","0","0","","0","","","2","0","0","0","0","0","0","2","1","2","","","","N","","","","","","","","","",""
"2019074187","","1","0","0","0","0","0","0","0","0","4","0","","02","7","2019","3","40.465998","-80.137666","","11","1","0","0","0","0","1","0","0","1","0","0","0","","","2","","1","","40 27:57.592","6","0","80 08:15.597","2","0","2","1","2115","0","0","0","N","0","0","0","6","02115","0","","1.0","","1","N","N","","0","","0","2","0","","2","N","","2","2","2","0","0","0","0","2","0","2","","","","N","","","","","","","","","",""
"2019074066","","1","0","0","0","0","0","0","0","0","7","0","","02","7","2019","4","40.347833","-79.929972","","11","0","0","0","0","0","0","0","0","1","0","0","0","","","1","","0","","40 20:52.200","3","0","79 55:47.900","3","0","0","0","2473","0","0","0","N","0","0","0","1","02473","0","","5.0","","9","N","N","","0","","1","0","0","","0","N","","1","1","0","0","0","0","0","2","0","1","","","","N","","","","","","","","","",""
"2019077738","","1","0","0","0","0","0","0","0","0","1","0","","02","8","2019","6","40.431948","-79.997302","","11","0","0","0","0","0","0","0","0","2","0","0","0","","","1","","0","","40 25:55.013","1","3","79 59:50.287","4","0","0","0","2301","0","0","0","N","0","0","0","2","02301","1","","1.0","","1","N","N","","1","","0","0","0","","0","N","","2","1","0","0","0","0","0","2","0","2","","","","N","","","","","","","","","",""
"2019078530","","1","0","0","0","0","0","0","0","0","4","0","","02","8","2019","2","40.453297","-79.924801","","11","0","0","0","0","0","0","0","1","","0","0","0","","","1","","1","","40 27:11.869","","0","79 55:29.283","4","0","0","0","2301","0","0","0","N","0","0","0","2","02301","1","","1.0","","1","N","N","","0","","0","0","1","","3","N","","2","1","0","0","0","0","0","2","0","2","","","","N","","","","","","","","","",""
"2019078649","","3","0","0","0","0","0","0","0","0","1","0","","02","8","2019","2","40.422415","-79.885935","","11","0","0","0","0","0","3","2","0","1","0","0","0","","","2","","1","","40 25:20.694","5","0","79 53:09.366","3","0","0","0","2463","0","0","0","N","0","0","0","5","02463","0","","1.0","","1","N","N","","1","","2","0","1","","2","N","","5","2","0","0","0","0","0","2","0","5","","","","N","","","","","","","","","",""
"2019076828","","3","0","0","0","0","0","0","0","0","1","0","","02","7","2019","4","40.567388","-80.00696","","11","0","0","1","0","0","0","1","1","","0","0","0","","","1","","1","","40 34:02.595","","0","80 00:25.056","8","0","0","0","2108","0","0","0","N","0","0","0","4","02108","0","","1.0","","1","N","N","","0","","0","0","0","","2","","","3","1","0","0","0","1","0","2","0","3","","","","N","","","","","","","","","",""
"2019079687","","0","0","0","0","0","0","0","0","0","4","0","","02","8","2019","5","40.53039","-79.775468","","11","0","0","0","0","0","1","0","0","1","0","0","0","","","2","","2","","40 31:49.403","3","0","79 46:31.686","8","0","0","0","2466","0","0","0","N","0","0","0","2","02466","0","","1.0","","1","N","N","","1","","0","0","1","","2","N","","2","2","0","0","0","2","0","2","0","2","","","","N","","","","","","","","","",""
"2019075894","","1","0","0","0","0","0","0","0","0","5","0","","02","7","2019","6","40.403839","-80.096563","","11","0","0","0","0","0","1","0","0","","0","0","0","","","1","","0","","40 24:13.822","","0","80 05:47.627","8","0","0","0","2415","0","0","0","N","0","0","0","1","02415","0","","1.0","","1","N","N","","0","","0","0","1","","0","","","2","1","0","0","0","1","0","2","0","2","","","","N","","","","","","","","","",""
"2019077603","","2","0","0","0","0","0","0","0","0","4","0","","02","8","2019","6","40.597126","-79.930321","","11","0","0","0","0","0","0","0","0","","0","0","0","","","0","","2","","40 35:49.652","","0","79 55:49.157","0","0","0","0","2207","0","0","0","N","0","0","0","2","02207","0","","1.0","","9","N","N","","0","","0","0","0","","3","N","","2","0","0","0","0","0","0","1","0","2","","","","N","","","","","","","","","",""
"2019079633","","2","0","0","0","0","0","0","0","0","2","0","","02","7","2019","7","40.456922","-79.894133","","11","0","0","0","0","0","0","1","0","1","0","0","0","","","0","","1","","40 27:24.919","3","0","79 53:38.878","0","0","0","0","2301","0","0","0","N","0","0","0","3","02301","0","","1.0","","1","N","N","","1","","0","0","0","","0","N","","3","0","0","0","0","0","0","2","0","3","","","","N","","","","","","","","","",""
"2019108281","","1","0","1","0","0","0","0","0","0","1","0","","02","10","2019","7","40.332417","-80.070323","","11","1","0","0","0","0","0","0","0","2","0","0","0","","","1","","2","","40 19:56.701","4","2","80 04:13.161","2","0","0","0","2123","0","0","0","N","0","0","0","7","02123","0","","1.0","","9","N","N","","0","","0","1","0","","2","Y","","2","1","0","0","0","0","0","2","1","2","","","","N","","","","","","","","","",""
"2019079485","","1","0","0","0","0","0","0","0","0","7","0","","02","8","2019","4","40.504527","-79.944694","","11","0","0","0","0","0","0","0","0","","0","0","0","","","1","","0","","40 30:16.296","","0","79 56:40.900","8","0","0","0","2430","0","0","0","N","0","0","0","3","02430","0","","2.0","","1","N","N","","0","","0","0","0","","0","","","1","1","1","0","0","1","0","2","0","1","","","","N","","","","","","","","","",""
"2019091267","","1","0","0","0","0","0","0","0","0","7","0","","02","9","2019","1","40.402164","-79.775185","","11","0","0","0","0","0","1","0","0","","0","0","0","","","1","","0","","40 24:07.792","","0","79 46:30.665","2","0","0","0","2453","0","0","0","N","0","0","0","1","02453","0","","2.0","","1","N","N","","0","","0","1","0","","0","","","1","1","1","0","1","0","0","2","0","1","","","","N","","","","","","","","","",""
"2019078212","","2","0","0","0","0","0","0","0","0","4","0","","02","8","2019","7","40.537532","-80.011169","","11","0","0","0","0","2","1","0","0","2","0","0","0","","","2","","0","","40 32:15.115","2","0","80 00:40.210","3","0","0","0","2116","0","0","0","Y","0","0","0","3","02116","0","","1.0","","1","N","N","","0","","2","0","1","","2","N","","3","2","0","0","0","0","0","2","0","3","","","","N","","","","","","","","","",""
"2019076106","","1","0","0","0","0","0","0","0","0","7","0","","02","7","2019","5","40.538175","-80.228372","","11","0","0","0","0","0","0","1","0","1","0","0","0","","","0","","0","","40 32:17.430","1","0","80 13:42.140","0","0","0","0","2213","0","0","0","N","0","0","0","1","02213","0","","5.0","","9","N","N","","0","","0","0","0","","0","N","","1","0","0","0","0","0","0","2","0","1","","","","N","","","","","","","","","",""
"2019081252","","1","0","0","0","0","0","0","0","0","2","0","","02","8","2019","2","40.463389","-79.895389","","11","0","0","0","0","0","0","1","0","","0","0","0","","","0","","0","","40 27:48.200","","0","79 53:43.400","0","0","0","0","2301","0","0","0","N","0","0","0","1","02301","0","","1.0","","1","N","N","","0","","0","0","1","","0","N","","2","0","0","0","0","0","0","2","0","2","","","","N","","","","","","","","","",""
"2019075053","","2","0","0","0","0","0","0","0","0","1","0","","02","7","2019","5","40.503278","-80.138972","","11","0","0","0","0","0","0","0","0","","0","0","0","","","0","","0","","40 30:11.800","","0","80 08:20.300","0","0","0","0","2115","0","0","0","N","0","0","0","2","02115","0","","1.0","","1","N","N","","0","","0","0","0","","0","N","","2","0","0","0","0","0","0","2","0","2","","","","N","","","","","","","","","",""
"2019078457","","0","0","0","0","0","0","0","0","0","8","0","","02","8","2019","6","40.458389","-79.973444","","11","0","0","0","0","0","0","0","0","1","0","0","0","","","1","","0","","40 27:30.200","4","0","79 58:24.400","3","0","0","0","2301","1","0","0","N","1","0","0","2","02301","0","","1.0","","1","N","N","","0","","1","0","1","","0","N","","2","1","0","0","0","0","0","2","0","1","","","","N","","","","","","","","","",""
"2019094082","","0","0","0","0","0","0","0","0","0","7","0","","02","8","2019","7","40.540937","-80.122301","","11","0","0","0","0","0","1","0","0","2","0","0","0","","","1","","0","","40 32:27.373","2","0","80 07:20.285","2","0","1","1","2125","0","0","0","N","0","0","0","1","68B03","0","","2.0","","1","N","N","","0","","0","1","0","","0","Y","","1","1","0","0","0","0","0","1","0","1","","","","N","","","","","","","","","",""
"2019075880","","2","0","0","0","0","0","0","0","0","4","0","","02","7","2019","6","40.382984","-79.85741","","11","0","0","0","0","0","1","0","0","3","0","0","0","","","3","","1","","40 22:58.744","4","0","79 51:26.676","4","0","0","0","2303","0","0","0","N","0","0","0","3","02303","3","","1.0","","1","N","N","","0","","0","0","0","","2","Y","","2","3","0","0","0","0","0","2","0","2","","","","N","","","","","","","","","",""
"2019077782","","1","0","0","0","0","0","0","0","0","4","0","","02","8","2019","6","40.398802","-80.025451","","11","0","0","0","0","0","1","0","0","1","0","0","0","","","1","","0","","40 23:55.686","1","7","80 01:31.623","8","0","0","0","2301","0","0","0","N","0","0","0","4","02301","0","","1.0","","1","N","N","","1","","0","0","0","","0","N","","2","1","0","0","0","1","0","2","0","2","","","","N","","","","","","","","","",""
"2019080642","","1","0","0","0","0","0","0","0","0","4","0","","02","8","2019","1","40.453243","-79.906889","","11","0","0","0","0","0","1","0","0","","0","0","0","","","0","","1","","40 27:11.676","","0","79 54:24.801","0","0","0","0","2301","0","0","0","N","0","0","0","3","02301","0","","1.0","","1","N","N","","0","","0","0","1","","2","Y","","2","0","0","0","0","0","0","2","0","2","","","","N","","","","","","","","","",""
"2019072751","","1","0","0","0","0","0","0","0","0","1","0","","02","7","2019","6","40.423038","-79.84328","","11","0","0","0","0","0","0","1","0","1","0","0","0","","","0","","2","","40 25:22.936","3","0","79 50:35.807","0","0","0","0","2431","0","0","0","N","0","0","0","2","02431","0","","1.0","","1","N","N","","0","","0","0","1","","0","N","","2","0","0","0","0","0","0","2","0","2","","","","N","","","","","","","","","",""
"2019085153","","1","0","0","0","0","0","0","0","0","4","0","","02","8","2019","2","40.373472","-79.848472","","11","0","0","0","0","0","0","0","0","","0","0","0","","","0","","0","","40 22:24.500","","0","79 50:54.500","9","0","0","0","2303","0","0","0","N","0","0","0","2","02303","0","","1.0","","1","N","N","","0","","0","0","1","","0","N","","2","0","0","0","0","0","2","2","0","2","","","","N","","","","","","","","","",""
"2019079694","","0","0","0","0","0","0","0","0","0","7","0","","02","7","2019","6","40.343569","-79.799306","","11","0","0","0","0","0","0","0","0","","0","0","0","","","1","","0","","40 20:36.850","","0","79 47:57.500","3","0","0","0","2477","0","0","0","N","0","0","0","1","02477","0","","5.0","","1","N","N","","0","","1","0","0","","0","","","1","1","0","0","0","0","0","2","0","1","","","","N","","","","","","","","","",""
"2019094096","","0","0","0","0","0","0","0","0","0","7","0","","02","8","2019","7","40.431733","-80.024539","","11","0","0","0","0","0","0","0","0","2","0","0","0","","","1","","0","","40 25:54.237","3","4","80 01:28.340","3","0","0","0","2301","0","0","0","Y","0","0","0","1","68B03","0","","2.0","","1","N","N","","1","","1","0","0","","0","N","","1","1","1","0","0","0","0","2","0","1","","","","N","","","","","","","","","",""
"2019110629","","2","0","0","0","0","0","0","0","0","1","0","","02","7","2019","2","40.425673","-79.911121","","11","0","0","0","0","0","0","0","0","","0","0","0","","","0","","0","","40 25:32.424","","4","79 54:40.037","0","0","0","0","2301","0","0","0","N","0","0","0","4","68B03","0","","1.0","","9","N","N","","0","","0","0","0","","0","","","4","0","0","0","0","0","0","2","2","4","","","","N","","","","","","","","","",""
"2019073006","","1","0","0","0","0","0","0","0","0","4","0","","02","7","2019","7","40.438231","-79.99604","","11","0","0","0","0","0","0","0","0","","0","0","0","","","0","","1","","40 26:17.633","","0","79 59:45.745","0","0","0","0","2301","0","0","0","N","0","0","0","3","02301","0","","1.0","","9","N","N","","0","","0","0","1","","2","","","2","0","0","0","0","0","0","2","0","2","","","","N","","","","","","","","","",""
"2019084884","","1","0","0","0","0","0","0","0","0","4","0","","02","8","2019","6","40.494372","-79.942285","","11","0","0","0","0","0","0","1","0","1","0","0","0","","","1","","0","","40 29:39.740","1","0","79 56:32.225","4","0","0","0","2430","0","0","0","Y","0","0","0","3","02430","1","","1.0","","1","N","N","","0","","0","0","2","","0","N","","3","1","0","0","0","0","0","2","0","3","","","","N","","","","","","","","","",""
"2019072992","","0","0","0","0","0","0","0","0","0","7","0","","02","7","2019","5","40.660228","-79.88182","","11","0","0","0","0","0","1","0","0","1","0","0","0","","","1","","0","","40 39:36.819","3","0","79 52:54.551","2","0","1","1","2220","0","0","0","Y","0","0","0","1","02220","0","","5.0","","1","N","N","","0","","0","1","0","","0","N","","1","1","0","0","0","0","0","1","0","1","","","","N","","","","","","","","","",""
"2019089626","","1","0","0","0","0","0","0","0","0","6","0","","02","8","2019","5","40.454369","-79.947666","","11","0","0","0","0","0","0","0","0","","0","0","0","","","0","","1","","40 27:15.728","","0","79 56:51.597","0","0","0","0","2301","0","0","0","N","0","0","0","4","02301","0","","1.0","","1","N","N","","0","","0","0","1","","2","N","","2","0","0","0","0","0","0","2","0","2","","","","N","","","","","","","","","",""
"2019078399","","0","0","0","0","0","0","0","0","0","7","0","","02","8","2019","1","40.469886","-79.995339","","11","0","0","0","0","0","0","0","0","","0","0","0","","","0","","0","","40 28:11.589","","0","79 59:43.222","0","0","0","0","2301","0","0","0","N","0","0","0","1","02301","0","","5.0","","1","N","N","","0","","0","0","1","","0","N","","1","0","0","0","0","0","0","2","0","1","","","","N","","","","","","","","","",""
"2019096291","","0","0","0","1","0","1","0","0","0","8","0","","02","9","2019","6","40.384964","-79.994876","","11","0","0","0","0","0","0","0","0","3","0","0","0","","","1","","1","","40 23:05.869","5","0","79 59:41.553","2","0","0","0","2301","1","0","1","N","0","0","0","2","02301","0","","1.0","","1","N","N","","1","","0","1","0","","2","N","","2","1","0","0","0","0","0","2","0","1","","","","N","","","","","","","","","",""
"2019079702","","3","0","0","0","0","0","0","0","0","1","0","","02","8","2019","4","40.327769","-80.066171","","11","0","0","0","0","0","1","0","0","","0","0","0","","","1","","2","","40 19:39.969","","0","80 03:58.215","8","0","0","0","2123","0","0","0","N","0","0","0","3","02123","0","","1.0","","1","N","N","","0","","0","0","0","","0","N","","3","1","0","0","0","1","0","2","0","3","","","","N","","","","","","","","","",""
"2019080581","","1","0","0","0","0","0","0","0","0","7","0","","02","8","2019","1","40.471218","-79.828046","","11","0","0","0","0","0","0","0","0","1","0","0","0","","","0","","2","","40 28:16.386","3","0","79 49:40.965","0","0","0","0","2113","0","0","0","Y","0","0","0","1","02113","0","","5.0","","1","N","N","","0","","0","0","0","","0","N","","1","0","1","0","0","0","0","2","0","1","","","","N","","","","","","","","","",""
"2019110628","","2","0","0","0","0","0","0","0","0","4","0","","02","7","2019","6","40.431391","-80.025549","","11","0","1","0","0","0","1","0","0","1","0","0","0","","","0","","0","","40 25:53.008","4","0","80 01:31.975","0","0","0","0","2301","0","0","0","Y","0","0","0","4","68B03","0","","1.0","","1","N","N","","0","","0","0","2","","0","N","","4","0","0","0","0","0","0","2","0","4","","","","N","","","","","","","","","",""
"2019080273","","1","0","0","0","0","0","0","0","0","2","0","","02","8","2019","6","40.351753","-79.828021","","11","0","0","0","0","0","0","0","0","","0","0","0","","","0","","2","","40 21:06.310","","0","79 49:40.875","0","0","0","0","2477","0","0","0","N","0","0","0","4","02304","0","","1.0","","1","N","N","","0","","0","0","1","","3","","","2","0","0","0","0","0","0","2","0","2","","","","N","","","","","","","","","",""
"2019075507","","0","0","0","0","0","0","0","0","0","0","0","","02","7","2019","5","40.540839","-79.905814","","11","0","0","0","0","0","0","0","0","2","0","0","0","","","1","","0","","40 32:27.020","3","0","79 54:20.930","2","0","1","1","2432","0","0","0","N","0","0","0","1","02432","0","","1.0","","1","N","N","","0","","0","1","0","","0","N","","1","1","0","0","0","0","0","2","0","1","","","","N","","","","","","","","","",""
"2019092787","","1","0","0","0","0","0","0","0","0","7","0","","02","9","2019","7","40.369511","-79.95777","","11","0","0","0","0","0","0","0","1","","0","0","0","","","1","","0","","40 22:10.240","","0","79 57:27.973","2","0","0","0","2403","0","0","0","N","0","0","0","1","02403","0","","4.0","","1","N","N","","0","","0","1","0","","0","","","1","1","0","0","0","0","0","2","0","1","","","","N","","","","","","","","","",""
"2019084958","","1","0","0","0","0","0","0","0","0","1","0","","02","8","2019","5","40.567388","-80.00696","","11","0","0","0","0","0","1","0","0","1","0","0","0","","","1","","1","","40 34:02.595","3","0","80 00:25.056","8","0","0","0","2108","0","0","0","N","0","0","0","3","02108","0","","1.0","","1","N","N","","0","","0","0","2","","2","N","","3","1","0","0","0","1","0","2","0","3","","","","N","","","","","","","","","",""
"2019081000","","1","0","0","0","0","0","0","0","0","8","0","","02","8","2019","2","40.410138","-79.9969","","11","0","0","0","0","0","0","0","0","1","0","0","0","","","1","","1","","40 24:36.496","4","0","79 59:48.839","3","0","0","0","2301","1","0","0","N","1","0","0","2","02301","0","","1.0","","1","N","N","","0","","1","0","0","","0","N","","2","1","0","0","0","0","0","2","0","1","","","","N","","","","","","","","","",""
"2019097887","","1","0","0","0","0","0","0","0","0","7","0","","02","9","2019","7","40.564654","-79.999392","","11","0","0","0","0","0","0","0","0","3","0","0","0","","","1","","0","","40 33:52.755","5","0","79 59:57.812","2","0","0","0","2108","0","0","0","N","0","0","0","1","02108","0","","5.0","","9","N","N","","0","","0","1","0","","0","N","","1","1","1","0","1","0","0","2","0","1","","","","N","","","","","","","","","",""