"CRN","ARRIVAL_TM","AUTOMOBILE_COUNT","BELTED_DEATH_COUNT","BELTED_SUSP_SERIOUS_INJ_COUNT","BICYCLE_COUNT","BICYCLE_DEATH_COUNT","BICYCLE_SUSP_SERIOUS_INJ_COUNT","BUS_COUNT","CHLDPAS_DEATH_COUNT","CHLDPAS_SUSP_SERIOUS_INJ_COUNT","COLLISION_TYPE","COMM_VEH_COUNT","CONS_ZONE_SPD_LIM","COUNTY","CRASH_MONTH","CRASH_YEAR","DAY_OF_WEEK","DEC_LATITUDE","DEC_LONGITUDE","DISPATCH_TM","DISTRICT","DRIVER_COUNT_16YR","DRIVER_COUNT_17YR","DRIVER_COUNT_18YR","DRIVER_COUNT_19YR","DRIVER_COUNT_20YR","DRIVER_COUNT_50_64YR","DRIVER_COUNT_65_74YR","DRIVER_COUNT_75PLUS","EST_HRS_CLOSED","FATAL_COUNT","HEAVY_TRUCK_COUNT","HORSE_BUGGY_COUNT","HOUR_OF_DAY","ILLUMINATION","INJURY_COUNT","INTERSECTION_RELATED","INTERSECT_TYPE","LANE_CLOSED","LATITUDE","LN_CLOSE_DIR","LOCATION_TYPE","LONGITUDE","MAX_SEVERITY_LEVEL","MCYCLE_DEATH_COUNT","MCYCLE_SUSP_SERIOUS_INJ_COUNT","MOTORCYCLE_COUNT","MUNICIPALITY","NONMOTR_COUNT","NONMOTR_DEATH_COUNT","NONMOTR_SUSP_SERIOUS_INJ_COUNT","NTFY_HIWY_MAINT","PED_COUNT","PED_DEATH_COUNT","PED_SUSP_SERIOUS_INJ_COUNT","PERSON_COUNT","POLICE_AGCY","POSSIBLE_INJ_COUNT","RDWY_SURF_TYPE_CD","RELATION_TO_ROAD","ROADWAY_CLEARED","ROAD_CONDITION","SCH_BUS_IND","SCH_ZONE_IND","SECONDARY_CRASH","SMALL_TRUCK_COUNT","SPEC_JURIS_CD","SUSP_MINOR_INJ_COUNT","SUSP_SERIOUS_INJ_COUNT","SUV_COUNT","TCD_FUNC_CD","TCD_TYPE","TFC_DETOUR_IND","TIME_OF_DAY","TOTAL_UNITS","TOT_INJ_COUNT","UNBELTED_OCC_COUNT","UNB_DEATH_COUNT","UNB_SUSP_SERIOUS_INJ_COUNT","UNK_INJ_DEG_COUNT","UNK_INJ_PER_COUNT","URBAN_RURAL","VAN_COUNT","VEHICLE_COUNT","WEATHER1","WEATHER2","WORKERS_PRES","WORK_ZONE_IND","WORK_ZONE_LOC","WORK_ZONE_TYPE","WZ_CLOSE_DETOUR","WZ_FLAGGER","WZ_LAW_OFFCR_IND","WZ_LN_CLOSURE","WZ_MOVING","WZ_OTHER","WZ_SHLDER_MDN","WZ_WORKERS_INJ_KILLED"
"2019094217","","1","0","0","0","0","0","0","0","0","4","0","","02","9","2019","5","40.428657","-79.979129","","11","0","0","0","0","0","0","1","0","","0","0","0","","","0","","1","","40 25:43.166","","0","79 58:44.865","0","0","0","0","2301","0","0","0","N","0","0","0","6","02301","0","","1.0","","1","N","N","","0","","0","0","5","","3","N","","6","0","0","0","0","0","0","2","0","6","","","","N","","","","","","","","","",""
"2019082895","","0","0","0","0","0","0","0","0","0","0","0","","02","8","2019","7","40.447289","-80.010309","","11","0","0","0","0","0","1","0","0","","0","0","0","","","0","","1","","40 26:50.241","","0","80 00:37.112","0","0","0","0","2301","0","0","0","N","0","0","0","1","02301","0","","1.0","","1","N","N","","1","","0","0","0","","2","N","","1","0","0","0","0","0","0","2","0","1","","","","N","","","","","","","","","",""
"2019088353","","2","0","0","0","0","0","0","0","0","4","0","","02","9","2019","3","40.383509","-79.878191","","11","0","0","0","1","0","0","0","0","1","0","0","0","","","0","","2","","40 23:00.631","4","0","79 52:41.487","0","0","0","0","2473","0","0","0","N","0","0","0","2","02473","0","","1.0","","1","N","N","","0","","0","0","0","","3","Y","","2","0","0","0","0","0","0","2","0","2","","","","N","","","","","","","","","",""
"2019080038","","1","0","0","0","0","0","0","0","0","1","0","","02","8","2019","6","40.428587","-79.977469","","11","0","0","0","0","0","0","0","0","","0","0","0","","","0","","0","","40 25:42.914","","0","79 58:38.888","0","0","0","0","2301","0","0","0","N","0","0","0","2","02301","0","","1.0","","1","N","N","","0","","0","0","0","","0","","","2","0","0","0","0","0","0","2","1","2","","","","N","","","","","","","","","",""
"2019085090","","1","0","0","0","0","0","0","0","0","6","0","","02","8","2019","6","40.471637","-79.819644","","11","0","0","0","0","0","0","1","0","","0","0","0","","","0","N","0","","40 28:17.894","","7","79 49:10.717","0","0","0","0","2113","0","0","0","N","0","0","0","2","02113","0","","1.0","","1","N","N","","0","","0","0","1","","0","N","","2","0","0","0","0","0","0","2","0","2","","","","N","","","","","","","","","",""
"2019081492","","3","0","0","0","0","0","0","0","0","1","0","","02","8","2019","2","40.48716","-79.885751","","11","0","0","0","0","0","1","0","0","","0","0","0","","","2","","0","","40 29:13.777","","0","79 53:08.705","3","0","0","0","2301","0","0","0","N","0","0","0","4","02301","1","","1.0","","1","N","N","","0","","1","0","0","","0","N","","3","2","0","0","0","0","0","2","0","3","","","","N","","","","","","","","","",""
"2019074111","","0","0","0","0","0","0","0","0","0","7","0","45","02","6","2019","7","40.330841","-80.138962","","11","0","0","0","0","0","0","0","0","","0","0","0","","","0","","7","","40 19:51.029","","2","80 08:20.264","0","0","0","0","2119","0","0","0","N","0","0","0","2","68B01","0","","4.0","","1","N","N","","0","","0","0","1","","8","","","1","0","0","0","0","0","0","2","0","1","","","Y","Y","4","1","","","N","","Y","Y","","N"
"2019080777","","1","0","0","0","0","0","0","0","0","8","0","","02","8","2019","1","40.456922","-79.894133","","11","0","0","0","0","0","0","0","0","","0","0","0","","","1","","1","","40 27:24.919","","0","79 53:38.878","3","0","0","0","2301","1","0","0","N","1","0","0","2","02301","0","","5.0","","1","N","N","","0","","1","0","0","","3","","","2","1","0","0","0","0","1","2","0","1","","","","N","","","","","","","","","",""
"2019088382","","1","0","0","0","0","0","0","0","0","7","0","","02","9","2019","2","40.579375","-80.008357","","11","0","0","0","0","0","0","0","0","","0","0","0","","","0","","0","","40 34:45.751","","0","80 00:30.085","0","0","0","0","2108","0","0","0","N","0","0","0","1","02108","0","","5.0","","9","N","N","","0","","0","0","0","","0","","","1","0","0","0","0","0","0","2","0","1","","","","N","","","","","","","","","",""
"2019081828","","1","0","0","0","0","0","0","0","0","4","0","","02","8","2019","2","40.375972","-80.067472","","11","0","0","0","0","0","0","0","1","2","0","0","0","","","1","","0","","40 22:33.500","5","7","80 04:02.900","8","0","0","1","2109","0","0","0","N","0","0","0","2","02109","0","","1.0","","1","N","N","","0","","0","0","0","","0","N","","2","1","0","0","0","1","0","2","0","2","","","","N","","","","","","","","","",""
"2019082110","","4","0","0","0","0","0","0","0","0","1","0","","02","8","2019","5","40.442529","-80.023869","","11","0","0","0","0","0","1","0","1","1","0","0","0","","","0","","0","","40 26:33.106","1","0","80 01:25.929","0","0","0","0","2301","0","0","0","N","0","0","0","5","02301","0","","1.0","","1","N","N","","0","","0","0","0","","2","N","","4","0","0","0","0","0","0","2","0","4","","","","N","","","","","","","","","",""
"2019099254","","2","0","0","0","0","0","0","0","0","4","0","","02","9","2019","6","40.338698","-80.051633","","11","0","0","0","0","0","0","1","1","","0","0","0","","","0","","1","","40 20:19.312","","0","80 03:05.879","0","0","0","0","2407","0","0","0","N","0","0","0","2","02407","0","","1.0","","1","N","N","","0","","0","0","0","","2","","","2","0","0","0","0","0","0","2","0","2","","","","N","","","","","","","","","",""
"2019082539","","1","0","0","0","0","0","0","0","0","1","0","","02","8","2019","6","40.445556","-80.211835","","11","0","0","0","0","0","1","0","0","2","0","0","0","","","1","","2","","40 26:44.002","2","0","80 12:42.607","3","0","0","0","2214","0","0","0","N","0","0","0","2","02214","0","","1.0","","1","N","N","","0","","1","0","1","","3","N","","2","1","0","0","0","0","0","2","0","2","","","","N","","","","","","","","","",""
"2019086970","","2","0","0","0","0","0","0","0","0","1","0","","02","8","2019","3","40.410829","-80.005926","","11","0","0","0","0","0","1","0","0","1","0","0","0","","","1","","0","","40 24:38.984","2","0","80 00:21.334","8","0","0","0","2301","0","0","0","N","0","0","0","2","02301","0","","1.0","","9","N","N","","0","","0","0","0","","0","N","","2","1","0","0","0","1","0","2","0","2","","","","N","","","","","","","","","",""
"2019064353","","0","0","0","0","0","0","0","0","0","1","0","","02","6","2019","3","40.458317","-79.933823","","11","0","0","0","0","0","0","0","0","","0","0","0","","","1","","1","","40 27:29.942","","0","79 56:01.763","8","0","0","0","2301","0","0","0","N","0","0","0","3","02301","0","","1.0","","1","N","N","","0","","0","0","2","","2","N","","2","1","2","0","0","1","2","2","0","2","","","","N","","","","","","","","","",""
"2019081412","","1","0","0","0","0","0","0","0","0","2","0","","02","8","2019","3","40.344778","-79.88475","","11","0","0","0","0","1","0","0","0","","0","0","0","","","0","","0","","40 20:41.200","","0","79 53:05.100","0","0","0","0","2423","0","0","0","N","0","0","0","2","02304","0","","3.0","","9","N","N","","1","","0","0","0","","0","N","","2","0","0","0","0","0","0","2","0","2","","","","N","","","","","","","","","",""
"2019081667","","2","0","0","0","0","0","0","0","0","1","0","","02","8","2019","4","40.423373","-80.029547","","11","0","0","0","0","0","1","0","0","","0","0","0","","","0","","0","","40 25:24.144","","0","80 01:46.369","0","0","0","0","2301","0","0","0","N","0","0","0","2","02301","0","","1.0","","1","N","N","","0","","0","0","0","","0","","","2","0","0","0","0","0","0","2","0","2","","","","N","","","","","","","","","",""
"2019082440","","1","0","0","0","0","0","0","0","0","2","0","","02","8","2019","5","40.487531","-79.882689","","11","0","1","0","0","0","0","0","0","","0","0","0","","","0","","1","","40 29:15.111","","0","79 52:57.679","0","0","0","0","2112","0","0","0","N","0","0","0","2","02112","0","","1.0","","1","N","N","","0","","0","0","1","","2","N","","2","0","0","0","0","0","0","2","0","2","","","","N","","","","","","","","","",""
"2019082564","","1","0","0","0","0","0","0","0","0","4","0","","02","8","2019","6","40.449839","-79.929647","","11","0","0","0","0","0","0","1","0","2","0","0","0","","","0","","1","","40 26:59.420","1","0","79 55:46.729","0","0","0","0","2301","0","0","0","N","0","0","0","2","02301","0","","1.0","","1","N","N","","0","","0","0","1","","2","N","","2","0","0","0","0","0","0","2","0","2","","","","N","","","","","","","","","",""
"2019086004","","0","0","0","0","0","0","0","0","0","1","0","","02","8","2019","2","40.368329","-79.816621","","11","0","0","0","0","0","2","0","0","2","0","0","0","","","1","","2","","40 22:05.985","5","0","79 48:59.836","3","0","0","0","2111","0","0","0","N","0","0","0","3","02111","0","","1.0","","1","N","N","","1","","1","0","2","","0","Y","","3","1","0","0","0","0","0","2","0","3","","","","N","","","","","","","","","",""
"2019085847","","0","0","0","0","0","0","0","0","0","4","0","","02","8","2019","1","40.347458","-79.816854","","11","0","0","0","0","0","0","1","0","1","0","0","0","","","0","","0","","40 20:50.847","4","7","79 49:00.674","0","0","0","0","2477","0","0","0","N","0","0","0","4","02477","0","","1.0","","1","N","N","","0","","0","0","2","","0","Y","","2","0","0","0","0","0","0","2","0","2","","","","N","","","","","","","","","",""
"2019085769","","2","0","0","0","0","0","0","0","0","1","0","","02","8","2019","1","40.445121","-80.009591","","11","0","0","0","0","0","1","0","0","","0","0","0","","","0","","3","","40 26:42.435","","0","80 00:34.529","9","0","0","0","2301","0","0","0","N","0","0","0","5","02301","0","","1.0","","1","N","N","","1","","0","0","0","","0","","","3","0","0","0","0","0","3","2","0","3","","","","N","","","","","","","","","",""
"2019109906","","1","0","0","0","0","0","0","0","0","1","0","","02","8","2019","1","40.427631","-79.923105","","11","0","1","0","0","0","0","0","0","1","0","0","0","","","1","","0","","40 25:39.472","4","4","79 55:23.177","3","0","0","0","2301","0","0","0","N","0","0","0","7","68B03","0","","1.0","","1","N","N","","0","","1","0","3","","0","N","","5","1","0","0","0","0","1","2","0","5","","","","N","","","","","","","","","",""
"2019063403","","1","0","0","0","0","0","0","0","0","4","0","","02","6","2019","6","40.427071","-79.938664","","11","0","0","0","0","0","1","0","0","","0","0","0","","","0","","2","","40 25:37.455","","0","79 56:19.190","0","0","0","0","2301","0","0","0","N","0","0","0","2","02301","0","","1.0","","1","N","N","","0","","0","0","0","","3","","","2","0","0","0","0","0","0","2","1","2","","","","N","","","","","","","","","",""
"2019082842","","0","0","0","0","0","0","0","0","0","4","0","","02","8","2019","7","40.49675","-80.011389","","11","0","0","0","0","0","2","0","0","","0","0","0","","","1","","0","","40 29:48.300","","0","80 00:41.000","8","0","0","1","2301","0","0","0","N","0","0","0","2","02301","0","","1.0","","1","N","N","","0","","0","0","1","","0","","","2","1","0","0","0","1","0","2","0","2","","","","N","","","","","","","","","",""
"2019084164","","2","0","0","0","0","0","0","0","0","5","0","","02","8","2019","4","40.43255","-79.928192","","11","0","0","0","0","0","1","0","0","","0","0","0","","","0","","0","","40 25:57.180","","0","79 55:41.490","0","0","0","0","2301","0","0","0","N","0","0","0","2","02301","0","","1.0","","1","N","N","","0","","0","0","0","","0","N","","2","0","1","0","0","0","0","2","0","2","","","","N","","","","","","","","","",""
"2019098501","","1","0","0","0","0","0","0","0","0","7","0","","02","9","2019","7","40.369767","-80.015506","","11","0","0","0","0","0","0","0","0","2","0","0","0","","","1","","0","","40 22:11.160","6","0","80 00:55.820","3","0","0","0","2416","0","0","0","N","0","0","0","1","02416","0","","2.0","","1","N","N","","0","","1","0","0","","0","Y","","1","1","0","0","0","0","0","2","0","1","","","","N","","","","","","","","","",""
"2019082214","","0","0","0","0","0","0","0","0","0","0","0","","02","8","2019","5","40.410965","-80.006047","","11","0","0","0","0","0","0","0","0","","0","0","0","","","1","","1","","40 24:39.473","","99","80 00:21.770","3","0","0","1","2301","0","0","0","N","0","0","0","1","02301","0","","1.0","","9","N","N","","0","","1","0","0","","2","N","","1","1","0","0","0","0","0","2","0","1","","","","N","","","","","","","","","",""
"2019062171","","3","0","0","0","0","0","0","0","0","7","0","","02","6","2019","4","40.436033","-79.970028","","11","0","0","0","0","0","0","2","0","2","0","0","0","","","1","","7","","40 26:09.720","2","2","79 58:12.099","3","0","0","0","2301","0","0","0","N","0","0","0","3","02301","0","","1.0","","1","N","N","","0","","1","0","0","","0","Y","","3","1","0","0","0","0","0","2","0","3","","","","N","","","","","","","","","",""
"2019082957","","0","0","0","0","0","0","0","0","0","2","0","","02","8","2019","7","40.457083","-80.010306","","11","0","0","0","0","0","1","0","0","","0","0","0","","","1","","0","","40 27:25.500","","0","80 00:37.100","8","0","0","0","2301","0","0","0","N","0","0","0","1","02301","0","","2.0","","1","N","N","","0","","0","0","3","","0","N","","3","1","0","0","0","1","0","2","0","3","","","","N","","","","","","","","","",""
"2019086551","","1","0","0","0","0","0","0","0","0","5","0","","02","8","2019","1","40.440806","-80.057944","","11","0","0","0","0","0","0","0","0","2","0","0","0","","","0","","0","","40 26:26.900","7","0","80 03:28.600","0","0","0","0","2301","0","0","0","N","0","0","0","1","02301","0","","1.0","","1","N","N","","0","","0","0","1","","0","N","","2","0","0","0","0","0","0","2","0","2","","","","N","","","","","","","","","",""
"2019087224","","0","0","0","0","0","0","0","0","0","1","0","","02","8","2019","4","40.516451","-80.158549","","11","0","0","0","0","0","0","2","1","1","0","0","0","","","1","","0","","40 30:59.222","1","0","80 09:30.775","4","0","0","0","2420","0","0","0","N","0","0","0","5","02420","1","","1.0","","1","N","N","","3","","0","0","1","","8","N","","4","1","0","0","0","0","0","2","0","4","","","","N","","","","","","","","","",""
"2019080518","","1","0","0","0","0","0","0","0","0","7","0","","02","8","2019","7","40.406889","-80.088806","","11","0","0","0","0","0","1","0","0","2","0","0","0","","","0","","0","","40 24:24.800","5","0","80 05:19.700","0","0","0","0","2415","0","0","0","N","0","0","0","1","02415","0","","2.0","","1","N","N","","0","","0","0","0","","0","Y","","1","0","0","0","0","0","0","2","0","1","","","","N","","","","","","","","","",""
"2019063742","","2","0","0","0","0","0","0","0","0","1","0","","02","6","2019","1","40.428471","-79.975524","","11","0","0","0","0","0","0","0","0","1","0","0","0","","","1","","2","","40 25:42.496","3","0","79 58:31.887","3","0","0","0","2301","0","0","0","N","0","0","0","2","02301","0","","4.0","","1","N","N","","0","","1","0","0","","1","N","","2","1","0","0","0","0","0","2","0","2","","","","N","","","","","","","","","",""
"2019100303","","2","0","0","0","0","0","0","0","0","1","0","","02","10","2019","7","40.439633","-80.219564","","11","0","0","0","1","0","0","0","0","","0","0","0","","","0","","0","","40 26:22.678","","0","80 13:10.429","0","0","0","0","2214","0","0","0","N","0","0","0","7","02214","0","","1.0","","1","N","N","","0","","0","0","0","","0","N","","2","0","0","0","0","0","0","2","0","2","","","","N","","","","","","","","","",""
"2019083442","","1","0","0","0","0","0","0","0","0","1","0","","02","8","2019","2","40.414093","-80.009712","","11","0","0","0","0","0","0","0","0","1","0","0","0","","","0","","0","","40 24:50.733","4","3","80 00:34.963","0","0","0","0","2301","0","0","0","N","0","0","0","2","02301","0","","1.0","","1","N","N","","0","","0","0","1","","0","N","","2","0","0","0","0","0","0","2","0","2","","","","N","","","","","","","","","",""
"2019081813","","2","0","0","0","0","0","0","0","0","4","0","","02","8","2019","7","40.457441","-79.936951","","11","0","0","0","0","0","1","0","0","","0","0","0","","","0","","1","","40 27:26.788","","0","79 56:13.024","0","0","0","0","2301","0","0","0","N","0","0","0","2","02301","0","","1.0","","1","N","N","","0","","0","0","0","","2","","","2","0","0","0","0","0","0","2","0","2","","","","N","","","","","","","","","",""
"2019085244","","2","0","0","0","0","0","0","0","0","4","0","","02","8","2019","3","40.415451","-79.92486","","11","0","0","0","0","0","0","0","0","","0","0","0","","","0","","2","","40 24:55.623","","0","79 55:29.496","0","0","0","0","2301","0","0","0","N","0","0","0","2","02301","0","","1.0","","1","N","N","","0","","0","0","0","","0","N","","2","0","0","0","0","0","0","2","0","2","","","","N","","","","","","","","","",""
"2019080572","","0","0","0","0","0","0","0","0","0","7","0","","02","8","2019","1","40.442116","-80.022663","","11","0","0","0","0","0","0","0","0","1","0","0","0","","","0","","0","","40 26:31.616","4","0","80 01:21.585","0","0","0","0","2301","0","0","0","N","0","0","0","1","02301","0","","1.0","","1","N","N","","0","","0","0","1","","0","N","","1","0","0","0","0","0","0","2","0","1","","","","Y","","","","","","","","","",""
"2019063993","","3","0","0","0","0","0","0","0","0","4","0","","02","6","2019","2","40.452583","-79.967626","","11","0","0","0","1","0","0","0","0","2","0","0","0","","","0","","0","","40 27:09.297","1","0","79 58:03.455","0","0","0","0","2301","0","0","0","N","0","0","0","1","02301","0","","1.0","","1","N","N","","0","","0","0","0","","0","N","","3","0","0","0","0","0","0","2","0","3","","","","N","","","","","","","","","",""
"2019060370","","1","0","0","0","0","0","0","0","0","7","0","","02","6","2019","5","40.413493","-80.009898","","11","0","0","0","0","0","0","0","0","2","0","0","0","","","0","","7","","40 24:48.573","2","2","80 00:35.634","0","0","0","0","2301","0","0","0","N","0","0","0","1","02301","0","","2.0","","9","N","N","","0","","0","0","0","","0","N","","1","0","0","0","0","0","0","2","0","1","","","","N","","","","","","","","","",""
"2019120682","","0","0","0","0","0","0","0","0","0","1","0","","02","11","2019","1","40.550828","-80.088012","","11","0","0","0","0","0","0","0","0","","0","0","0","","","1","N","2","","40 33:02.982","2","0","80 05:16.843","3","0","0","0","2215","0","0","0","N","0","0","0","2","02215","0","","1.0","1900.0","1","N","N","N","1","","1","0","1","","0","Y","","2","1","0","0","0","0","0","2","0","2","","03","","N","","","","","","","","","",""
"2019088156","","2","0","0","0","0","0","0","0","0","4","0","","02","9","2019","2","40.440285","-80.050889","","11","0","0","1","0","0","0","0","0","","0","0","0","","","0","","0","","40 26:25.027","","0","80 03:03.199","0","0","0","0","2301","0","0","0","N","0","0","0","2","02301","0","","1.0","","1","N","N","","0","","0","0","0","","0","N","","2","0","0","0","0","0","0","2","0","2","","","","N","","","","","","","","","",""
"2019082984","","1","0","0","0","0","0","0","0","0","6","0","","02","8","2019","7","40.434198","-79.751468","","11","0","0","0","0","0","0","0","0","2","0","0","0","","","0","","0","","40 26:03.113","4","7","79 45:05.284","0","0","0","0","2446","0","0","0","N","0","0","0","2","02446","0","","1.0","","1","N","N","","1","","0","0","0","","0","N","","2","0","0","0","0","0","0","2","0","2","","","","N","","","","","","","","","",""
"2019090439","","0","0","0","0","0","0","0","0","0","4","0","","02","9","2019","1","40.39213","-80.02493","","11","0","0","0","0","0","0","0","0","","0","0","0","","","0","","1","","40 23:31.668","","0","80 01:29.747","0","0","0","1","2301","0","0","0","N","0","0","0","4","02301","0","","1.0","","1","N","N","","0","","0","0","1","","0","N","","2","0","1","0","0","0","0","2","0","2","","","","N","","","","","","","","","",""
"2019060410","","0","0","0","0","0","0","0","0","0","4","0","","02","6","2019","5","40.457318","-79.909073","","11","0","0","0","0","1","0","0","0","","0","0","0","","","0","","1","","40 27:26.345","","0","79 54:32.662","0","0","0","0","2301","0","0","0","N","0","0","0","4","02301","0","","1.0","","9","N","N","","0","","0","0","2","","2","N","","2","0","0","0","0","0","0","2","0","2","","","","N","","","","","","","","","",""
"2019100013","","2","0","0","0","0","0","0","0","0","1","0","","02","10","2019","7","40.460609","-79.989048","","11","0","0","0","0","0","1","0","0","1","0","0","0","","","1","","0","","40 27:38.192","3","0","79 59:20.571","8","0","0","0","2301","0","0","0","N","0","0","0","3","02301","0","","1.0","","1","N","N","","0","","0","0","0","","0","Y","","2","1","1","0","0","1","0","2","0","2","","","","N","","","","","","","","","",""
"2019088923","","0","0","0","0","0","0","0","0","0","4","0","","02","8","2019","4","40.35139","-79.85968","","11","0","0","0","0","0","0","0","2","","0","0","0","","","0","","1","","40 21:05.003","","0","79 51:34.848","9","0","0","0","2304","0","0","0","N","0","0","0","3","02304","0","","1.0","","1","N","N","","1","","0","0","0","","3","N","","2","0","0","0","0","0","1","2","1","2","","","","N","","","","","","","","","",""
"2019062924","","0","0","0","0","0","0","0","0","0","7","0","","02","6","2019","5","40.471444","-80.034639","","11","0","0","0","0","0","0","0","0","3","0","0","0","","","1","","0","","40 28:17.200","7","0","80 02:04.700","8","0","0","0","2301","0","0","0","N","0","0","0","1","02301","0","","4.0","","9","N","N","","0","","0","0","0","","0","Y","","2","1","0","0","0","1","0","2","2","2","","","","N","","","","","","","","","",""
"2019092817","","2","0","0","0","0","0","0","0","0","5","0","","02","9","2019","7","40.345913","-79.849367","","11","0","0","0","0","0","0","0","0","","0","0","0","","","0","","0","","40 20:45.286","","0","79 50:57.720","0","0","0","0","2304","0","0","0","N","0","0","0","1","02304","0","","6.0","","1","N","N","","0","","0","0","0","","0","N","","2","0","0","0","0","0","0","2","0","2","","","","N","","","","","","","","","",""
"2019081977","","0","0","0","0","0","0","0","0","0","7","0","","02","8","2019","4","40.45751","-79.876901","","11","0","0","0","0","0","0","0","0","","0","0","0","","","0","","0","","40 27:27.036","","0","79 52:36.845","0","0","0","0","2301","0","0","0","N","0","0","0","1","02301","0","","2.0","","1","N","N","","1","","0","0","0","","0","N","","2","0","0","0","0","0","0","2","0","1","","","","N","","","","","","","","","",""
"2019094095","","1","0","0","0","0","0","0","0","0","1","0","","02","8","2019","7","40.428276","-79.890548","","11","0","0","0","0","1","0","0","0","2","0","0","0","","","1","","3","","40 25:41.793","4","2","79 53:25.974","3","0","0","0","2426","0","0","0","N","0","0","0","5","68B03","0","","1.0","","1","N","N","","0","","1","0","1","","0","N","","2","1","0","0","0","0","0","2","0","2","","","","N","","","","","","","","","",""
"2019081284","","0","0","0","0","0","0","0","0","0","4","0","","02","8","2019","3","40.467993","-79.957675","","11","0","0","0","0","0","0","0","0","","0","0","0","","","0","","1","","40 28:04.774","","0","79 57:27.630","0","0","0","0","2301","0","0","0","N","0","0","0","3","02301","0","","1.0","","9","N","N","","0","","0","0","2","","0","","","2","0","0","0","0","0","0","2","0","2","","","","N","","","","","","","","","",""
"2019086628","","0","0","0","0","0","0","0","0","0","98","0","","02","8","2019","4","40.235282","-79.917829","","11","0","0","0","0","0","0","0","0","4","0","0","0","","","1","","0","","40 14:07.016","5","0","79 55:04.183","4","0","0","0","2204","0","0","0","N","0","0","0","1","02204","1","","1.0","","9","N","N","","0","","0","0","1","","0","Y","","1","1","0","0","0","0","0","1","0","1","","","","N","","","","","","","","","",""
"2019080423","","2","0","0","0","0","0","0","0","0","2","0","","02","8","2019","7","40.46077","-79.91592","","11","0","0","0","0","0","1","0","1","1","0","0","0","","","1","","1","","40 27:38.771","4","0","79 54:57.312","4","0","0","0","2301","0","0","0","N","0","0","0","2","02301","1","","1.0","","1","N","N","","0","","0","0","0","","2","N","","2","1","0","0","0","0","0","2","0","2","","","","N","","","","","","","","","",""
"2019085566","","1","0","0","0","0","0","0","0","0","7","0","","02","8","2019","1","40.462584","-79.836632","","11","0","0","1","0","0","0","0","0","","0","0","0","","","0","","2","","40 27:45.302","","0","79 50:11.875","0","0","0","0","2113","0","0","0","N","0","0","0","1","02113","0","","5.0","","1","N","N","","0","","0","0","0","","3","N","","1","0","0","0","0","0","0","2","0","1","","","","N","","","","","","","","","",""
"2019081261","","1","0","0","1","0","0","0","0","0","8","0","","02","8","2019","3","40.442473","-79.995807","","11","0","0","0","0","0","0","0","0","","0","0","0","","","1","","1","","40 26:32.904","","0","79 59:44.905","8","0","0","0","2301","1","0","0","N","0","0","0","3","02301","0","","1.0","","1","N","N","","0","","0","0","0","","2","N","","2","1","0","0","0","1","0","2","0","1","","","","N","","","","","","","","","",""
"2019084816","","0","0","0","0","0","0","0","0","0","1","0","","02","8","2019","4","40.464789","-79.934928","","11","0","0","0","0","0","0","0","0","","0","0","0","","","0","","2","","40 27:53.240","","0","79 56:05.740","0","0","0","0","2301","0","0","0","N","0","0","0","3","02301","0","","1.0","","1","N","N","","0","","0","0","1","","2","N","","2","0","0","0","0","0","0","2","1","2","","","","N","","","","","","","","","",""
"2019095753","","2","0","0","0","0","0","0","0","0","4","0","","02","8","2019","2","40.352992","-79.843883","","11","0","0","0","0","0","0","0","0","","0","0","0","","","2","","2","","40 21:10.772","","0","79 50:37.977","3","0","0","0","2304","0","0","0","N","0","0","0","2","02304","0","","1.0","","1","N","N","","0","","2","0","0","","0","N","","2","2","0","0","0","0","0","2","0","2","","","","N","","","","","","","","","",""
"2019063734","","1","0","0","0","0","0","0","0","0","7","0","","02","6","2019","1","40.445583","-79.970333","","11","0","0","0","0","0","0","0","0","1","0","0","0","","","0","","0","","40 26:44.100","4","0","79 58:13.200","0","0","0","0","2301","0","0","0","Y","0","0","0","1","02301","0","","5.0","","1","N","N","","0","","0","0","0","","0","Y","","1","0","0","0","0","0","0","2","0","1","","","","N","","","","","","","","","",""
"2019091266","","1","0","0","0","0","0","0","0","0","7","0","","02","9","2019","1","40.366254","-79.981524","","11","0","0","0","0","0","0","0","0","3","0","0","0","","","0","","0","","40 21:58.513","6","0","79 58:53.486","0","0","0","0","2413","0","0","0","N","0","0","0","1","02413","0","","2.0","","1","N","N","","0","","0","0","0","","0","Y","","1","0","1","0","0","0","0","2","0","1","","","","N","","","","","","","","","",""
"2019089312","","0","0","0","0","0","0","0","0","0","7","0","","02","8","2019","4","40.415371","-79.802368","","11","0","0","0","0","0","1","0","0","","0","0","0","","","1","","1","","40 24:55.335","","0","79 48:08.524","4","0","0","0","2446","0","0","0","N","0","0","0","1","02446","1","","2.0","","1","N","N","","0","","0","0","1","","0","N","","1","1","0","0","0","0","0","2","0","1","","","","N","","","","","","","","","",""
"2019083437","","0","0","0","0","0","0","0","0","0","5","0","","02","8","2019","7","40.572128","-80.023673","","11","0","0","0","0","0","1","0","0","1","0","0","0","","","0","","1","","40 34:19.660","6","0","80 01:25.221","0","0","0","0","2108","0","0","0","N","0","0","0","2","02108","0","","1.0","","1","N","N","","0","","0","0","2","","2","N","","2","0","0","0","0","0","0","2","0","2","","","","N","","","","","","","","","",""