"CRN","ARRIVAL_TM","AUTOMOBILE_COUNT","BELTED_DEATH_COUNT","BELTED_SUSP_SERIOUS_INJ_COUNT","BICYCLE_COUNT","BICYCLE_DEATH_COUNT","BICYCLE_SUSP_SERIOUS_INJ_COUNT","BUS_COUNT","CHLDPAS_DEATH_COUNT","CHLDPAS_SUSP_SERIOUS_INJ_COUNT","COLLISION_TYPE","COMM_VEH_COUNT","CONS_ZONE_SPD_LIM","COUNTY","CRASH_MONTH","CRASH_YEAR","DAY_OF_WEEK","DEC_LATITUDE","DEC_LONGITUDE","DISPATCH_TM","DISTRICT","DRIVER_COUNT_16YR","DRIVER_COUNT_17YR","DRIVER_COUNT_18YR","DRIVER_COUNT_19YR","DRIVER_COUNT_20YR","DRIVER_COUNT_50_64YR","DRIVER_COUNT_65_74YR","DRIVER_COUNT_75PLUS","EST_HRS_CLOSED","FATAL_COUNT","HEAVY_TRUCK_COUNT","HORSE_BUGGY_COUNT","HOUR_OF_DAY","ILLUMINATION","INJURY_COUNT","INTERSECTION_RELATED","INTERSECT_TYPE","LANE_CLOSED","LATITUDE","LN_CLOSE_DIR","LOCATION_TYPE","LONGITUDE","MAX_SEVERITY_LEVEL","MCYCLE_DEATH_COUNT","MCYCLE_SUSP_SERIOUS_INJ_COUNT","MOTORCYCLE_COUNT","MUNICIPALITY","NONMOTR_COUNT","NONMOTR_DEATH_COUNT","NONMOTR_SUSP_SERIOUS_INJ_COUNT","NTFY_HIWY_MAINT","PED_COUNT","PED_DEATH_COUNT","PED_SUSP_SERIOUS_INJ_COUNT","PERSON_COUNT","POLICE_AGCY","POSSIBLE_INJ_COUNT","RDWY_SURF_TYPE_CD","RELATION_TO_ROAD","ROADWAY_CLEARED","ROAD_CONDITION","SCH_BUS_IND","SCH_ZONE_IND","SECONDARY_CRASH","SMALL_TRUCK_COUNT","SPEC_JURIS_CD","SUSP_MINOR_INJ_COUNT","SUSP_SERIOUS_INJ_COUNT","SUV_COUNT","TCD_FUNC_CD","TCD_TYPE","TFC_DETOUR_IND","TIME_OF_DAY","TOTAL_UNITS","TOT_INJ_COUNT","UNBELTED_OCC_COUNT","UNB_DEATH_COUNT","UNB_SUSP_SERIOUS_INJ_COUNT","UNK_INJ_DEG_COUNT","UNK_INJ_PER_COUNT","URBAN_RURAL","VAN_COUNT","VEHICLE_COUNT","WEATHER1","WEATHER2","WORKERS_PRES","WORK_ZONE_IND","WORK_ZONE_LOC","WORK_ZONE_TYPE","WZ_CLOSE_DETOUR","WZ_FLAGGER","WZ_LAW_OFFCR_IND","WZ_LN_CLOSURE","WZ_MOVING","WZ_OTHER","WZ_SHLDER_MDN","WZ_WORKERS_INJ_KILLED"
"2019082032","","2","0","0","0","0","0","0","0","0","5","0","","02","8","2019","6","40.349333","-80.100178","","11","0","0","0","0","0","0","0","0","1","0","0","0","","","0","","2","","40 20:57.598","6","0","80 06:00.639","0","0","0","0","2414","0","0","0","N","0","0","0","1","02414","0","","2.0","","1","N","N","","0","","0","0","0","","0","N","","2","0","0","0","0","0","0","2","0","2","","","","N","","","","","","","","","",""
"2019086929","","2","0","0","0","0","0","0","0","0","2","0","","02","8","2019","4","40.461833","-80.019167","","11","0","0","0","0","0","2","0","0","1","0","0","0","","","1","","0","","40 27:42.600","1","0","80 01:09.000","4","0","0","0","2301","0","0","0","N","0","0","0","3","02301","1","","1.0","","1","N","N","","0","","0","0","0","","0","N","","2","1","1","0","0","0","0","2","0","2","","","","N","","","","","","","","","",""
"2019064374","","2","0","0","0","0","0","0","0","0","5","0","","02","6","2019","3","40.397091","-80.029793","","11","0","0","0","0","0","1","1","0","","0","0","0","","","0","","2","","40 23:49.526","","0","80 01:47.255","0","0","0","0","2422","0","0","0","N","0","0","0","4","02301","0","","1.0","","1","N","N","","0","","0","0","1","","3","N","","3","0","0","0","0","0","0","2","0","3","","","","N","","","","","","","","","",""
"2019080695","","0","0","0","0","0","0","0","0","0","7","0","","02","8","2019","6","40.488076","-80.056626","","11","0","0","0","0","0","0","0","0","2","0","0","0","","","0","","0","","40 29:17.074","1","0","80 03:23.853","0","0","0","0","2404","0","0","0","N","0","0","0","1","02404","0","","2.0","","1","N","N","","0","","0","0","1","","0","N","","1","0","0","0","0","0","0","2","0","1","","","","N","","","","","","","","","",""
"2019061300","","0","0","0","0","0","0","0","0","0","7","0","","02","6","2019","2","40.436213","-79.995026","","11","0","0","0","0","0","0","0","0","2","0","0","0","","","1","","0","","40 26:10.368","7","8","79 59:42.093","3","0","0","0","2301","0","0","0","N","0","0","0","1","02301","0","","4.0","","9","N","N","","1","","1","0","0","","0","Y","","1","1","0","0","0","0","0","2","0","1","","","","N","","","","","","","","","",""
"2019076434","","1","0","0","0","0","0","0","0","0","4","0","55","02","6","2019","4","40.513755","-80.051794","","11","0","0","0","0","0","1","0","0","","0","0","0","","","1","","0","","40 30:49.518","","0","80 03:06.459","4","0","0","0","2116","0","0","0","N","0","0","0","2","68B03","1","","1.0","","1","N","N","","0","","0","0","1","","0","","","2","1","0","0","0","0","1","2","0","2","","","Y","Y","4","1","N","N","N","Y","N","Y","Y",""
"2019084994","","1","0","0","0","0","0","0","0","0","1","0","","02","8","2019","3","40.593284","-79.941277","","11","0","0","0","0","0","0","1","0","2","0","0","0","","","2","","2","","40 35:35.824","4","0","79 56:28.597","3","0","0","0","2207","0","0","0","N","0","0","0","2","02207","0","","1.0","","1","N","N","","0","","2","0","1","","3","N","","2","2","0","0","0","0","0","2","0","2","","","","N","","","","","","","","","",""
"2019063833","","1","0","0","0","0","0","0","0","0","4","0","","02","6","2019","6","40.570725","-80.00275","","11","0","1","0","0","0","0","0","0","","0","0","0","","","0","","1","","40 34:14.609","","0","80 00:09.899","0","0","0","0","2108","0","0","0","N","0","0","0","3","02108","0","","1.0","","1","N","N","","0","","0","0","1","","2","","","2","0","0","0","0","0","0","2","0","2","","","","N","","","","","","","","","",""
"2019061858","","2","0","0","0","0","0","0","0","0","4","0","","02","6","2019","2","40.337781","-79.809023","","11","0","0","0","0","0","0","1","0","","0","0","0","","","1","","0","","40 20:16.011","","7","79 48:32.483","3","0","0","0","2477","0","0","0","N","0","0","0","5","02477","0","","1.0","","1","N","N","","0","","1","0","0","","0","","","2","1","0","0","0","0","0","2","0","2","","","","N","","","","","","","","","",""
"2019082612","","1","0","0","0","0","0","0","0","0","1","0","","02","8","2019","6","40.41486","-80.009061","","11","0","0","0","0","0","0","0","0","","0","0","0","","","0","","0","","40 24:53.497","","4","80 00:32.619","0","0","0","0","2301","0","0","0","N","0","0","0","3","02301","0","","1.0","","1","N","N","","1","","0","0","0","","0","N","","2","0","0","0","0","0","0","2","0","2","","","","N","","","","","","","","","",""
"2019101911","","2","0","0","0","0","0","0","0","0","2","0","","02","10","2019","4","40.438111","-79.985103","","11","0","0","0","0","0","0","0","0","2","0","0","0","","","0","","1","","40 26:17.198","3","0","79 59:06.371","0","0","0","0","2301","0","0","0","N","0","0","0","5","02301","0","","1.0","","1","N","N","","0","","0","0","0","","3","Y","","2","0","0","0","0","0","0","2","0","2","","","","N","","","","","","","","","",""
"2019081669","","1","0","0","0","0","0","0","0","0","7","0","","02","8","2019","4","40.336117","-79.972485","","11","0","0","0","0","0","0","0","0","","0","0","0","","","1","","2","","40 20:10.020","","0","79 58:20.945","8","0","0","0","2454","0","0","0","N","0","0","0","1","02454","0","","5.0","","1","N","N","","0","","0","0","0","","0","N","","1","1","1","0","0","1","0","2","0","1","","","","N","","","","","","","","","",""
"2019084725","","0","0","0","0","0","0","0","0","0","1","0","","02","8","2019","5","40.594622","-80.100223","","11","0","0","0","0","0","1","1","0","","0","0","0","","","0","","2","","40 35:40.639","","0","80 06:00.801","0","0","0","0","2481","0","0","0","N","0","0","0","6","02481","0","","1.0","","1","N","N","","1","","0","0","2","","0","N","","3","0","3","0","0","0","0","2","0","3","","","","N","","","","","","","","","",""
"2019081247","","0","0","0","0","0","0","0","0","0","0","0","","02","8","2019","3","40.326882","-80.076749","","11","0","0","0","0","0","0","0","0","","0","0","0","","","0","","2","","40 19:36.776","","0","80 04:36.295","0","0","0","0","2123","0","0","0","N","0","0","0","1","02123","0","","1.0","","1","N","N","","0","","0","0","1","","0","N","","1","0","0","0","0","0","0","2","0","1","","","","N","","","","","","","","","",""
"2019079233","","0","0","0","0","0","0","0","0","0","1","0","","02","8","2019","3","40.536101","-79.841463","","11","0","0","0","0","0","1","0","1","","0","0","0","","","0","","0","","40 32:09.962","","0","79 50:29.266","0","0","0","0","2208","0","0","0","N","0","0","0","3","02208","0","","1.0","","1","N","N","","1","","0","0","1","","0","N","","2","0","0","0","0","0","0","2","0","2","","","","N","","","","","","","","","",""
"2019091268","","2","0","0","0","0","0","0","0","0","2","0","","02","9","2019","4","40.437875","-79.999005","","11","0","0","0","0","0","0","0","0","1","0","0","0","","","0","","1","","40 26:16.351","7","0","79 59:56.417","0","0","0","0","2301","0","0","0","N","0","0","0","2","02301","0","","1.0","","1","N","N","","0","","0","0","0","","3","Y","","2","0","0","0","0","0","0","2","0","2","","","","N","","","","","","","","","",""
"2019082184","","2","0","0","0","0","0","0","0","0","2","0","","02","8","2019","3","40.644859","-79.938658","","11","0","0","0","0","0","1","0","0","1","0","0","0","","","1","","2","","40 38:41.493","4","0","79 56:19.167","4","0","0","0","2217","0","0","0","N","0","0","0","3","02505","1","","1.0","","9","N","N","","0","","0","0","0","","0","Y","","2","1","0","0","0","0","0","2","0","2","","","","N","","","","","","","","","",""
"2019079743","","1","0","0","0","0","0","0","0","0","1","0","","02","8","2019","5","40.437796","-79.739648","","11","0","0","0","0","0","1","0","0","","0","0","0","","","4","","0","","40 26:16.067","","0","79 44:22.733","8","0","0","0","2446","0","0","0","N","0","0","0","4","02446","0","","1.0","","1","N","N","","0","","0","0","0","","2","N","","2","4","0","0","0","4","0","2","1","2","","","","N","","","","","","","","","",""
"2019086829","","0","0","0","0","0","0","0","0","0","0","0","","02","8","2019","4","40.456611","-79.968556","","11","0","0","0","0","0","1","0","0","1","0","0","0","","","1","","0","","40 27:23.800","6","0","79 58:06.800","8","0","0","1","2301","0","0","0","N","0","0","0","1","02301","0","","1.0","","1","N","N","","0","","0","0","0","","0","N","","1","1","0","0","0","1","0","2","0","1","","","","N","","","","","","","","","",""
"2019086667","","0","0","0","0","0","0","0","0","0","4","0","","02","8","2019","3","40.606057","-79.754478","","11","0","0","0","0","0","0","0","0","2","0","0","0","","","3","","2","","40 36:21.805","7","0","79 45:16.121","4","0","0","0","2464","0","0","0","N","0","0","0","5","02464","3","","1.0","","1","N","N","","0","","0","0","2","","2","Y","","2","3","0","0","0","0","0","2","0","2","","","","N","","","","","","","","","",""
"2019082374","","2","0","0","0","0","0","0","0","0","6","0","","02","8","2019","6","40.451266","-80.020082","","11","0","0","0","0","1","0","0","0","1","0","0","0","","","0","","2","","40 27:04.557","4","0","80 01:12.294","0","0","0","0","2301","0","0","0","N","0","0","0","2","02301","0","","1.0","","1","N","N","","0","","0","0","0","","3","N","","2","0","0","0","0","0","0","2","0","2","","","","N","","","","","","","","","",""
"2019081067","","1","0","0","0","0","0","0","0","0","1","0","","02","8","2019","5","40.526527","-80.159081","","11","0","0","0","0","1","1","0","0","","0","0","0","","","1","","2","","40 31:35.498","","0","80 09:32.693","3","0","0","0","2436","0","0","0","N","0","0","0","2","68B03","0","","1.0","","1","N","N","","1","","1","0","0","","2","","","2","1","0","0","0","0","0","2","0","2","","","","N","","","","","","","","","",""
"2019083338","","3","0","0","0","0","0","0","0","0","4","0","","02","8","2019","2","40.42867","-79.989812","","11","0","0","0","0","0","1","1","0","","0","0","0","","","1","","1","","40 25:43.212","","0","79 59:23.323","4","0","0","0","2301","0","0","0","N","0","0","0","5","02301","1","","1.0","","1","N","N","","0","","0","0","0","","3","N","","3","1","0","0","0","0","0","2","0","3","","","","N","","","","","","","","","",""
"2019082764","","0","0","0","0","0","0","0","0","0","1","0","","02","8","2019","6","40.399456","-80.082672","","11","0","0","0","0","0","1","1","0","","0","0","0","","","0","","0","","40 23:58.042","","0","80 04:57.618","0","0","0","0","2415","0","0","0","N","0","0","0","3","02415","0","","1.0","","1","N","N","","0","","0","0","3","","0","N","","3","0","0","0","0","0","0","2","0","3","","","","N","","","","","","","","","",""
"2019112228","","2","0","0","0","0","0","0","0","0","4","0","","02","11","2019","2","40.379161","-79.9235","","11","0","0","0","0","0","0","0","0","","0","0","0","","","0","N","0","","40 22:44.979","","0","79 55:24.599","9","0","0","0","2301","0","0","0","N","0","0","0","1","02301","0","","6.0","","1","N","N","Y","0","","0","0","0","","0","N","","3","0","0","0","0","0","1","2","1","3","","","","N","","","","","","","","","",""
"2019087143","","0","0","0","0","0","0","0","0","0","4","0","","02","8","2019","7","40.5379","-80.272128","","11","0","0","0","0","0","0","0","1","","0","0","0","","","1","","0","","40 32:16.439","","0","80 16:19.659","8","0","0","0","2213","0","0","0","Y","0","0","0","2","68B03","0","","1.0","","1","N","N","","1","","0","0","1","","0","","","2","1","0","0","0","1","0","1","0","2","","","","N","","","","","","","","","",""
"2019105110","","1","0","0","0","0","0","0","0","0","1","0","45","02","8","2019","4","40.327684","-80.140852","","11","0","0","0","0","0","0","0","0","1","0","0","0","","","2","","0","","40 19:39.662","1","0","80 08:27.068","8","0","0","0","2119","0","0","0","N","0","0","0","6","68B03","0","","1.0","","1","N","N","","1","","0","0","1","","0","N","","3","2","0","0","0","2","2","2","0","3","","","Y","Y","4","1","N","N","N","N","N","N","Y",""
"2019084882","","3","0","0","0","0","0","0","0","0","1","0","","02","8","2019","4","40.452244","-79.950851","","11","0","0","0","0","0","0","0","0","","0","0","0","","","0","","1","","40 27:08.078","","0","79 57:03.065","0","0","0","0","2301","0","0","0","N","0","0","0","3","02301","0","","1.0","","1","N","N","","0","","0","0","0","","0","","","3","0","0","0","0","0","0","2","0","3","","","","N","","","","","","","","","",""
"2019085145","","1","0","0","0","0","0","0","0","0","1","0","","02","8","2019","5","40.560348","-79.77275","","11","0","0","0","1","0","0","0","0","2","0","0","0","","","1","","0","","40 33:37.251","1","0","79 46:21.900","3","0","0","0","2121","0","0","0","N","0","0","0","2","02514","0","","1.0","","1","N","N","","0","","1","0","1","","0","N","","2","1","2","0","0","0","0","1","0","2","","","","N","","","","","","","","","",""
"2019093257","","0","0","0","0","0","0","0","0","0","4","0","","02","8","2019","6","40.356493","-79.9802","","11","0","0","0","0","0","0","0","0","1","0","0","0","","","0","","0","","40 21:23.374","1","7","79 58:48.720","0","0","0","0","2476","0","0","0","N","0","0","0","2","02476","0","","1.0","","1","N","N","","0","","0","0","1","","0","N","","2","0","0","0","0","0","0","2","1","2","","","","N","","","","","","","","","",""
"2019080775","","1","0","0","0","0","0","0","0","0","1","0","","02","8","2019","1","40.332414","-79.998429","","11","0","0","0","0","0","0","0","0","","0","0","0","","","0","","11","","40 19:56.689","","0","79 59:54.346","0","0","0","0","2219","0","0","0","N","0","0","0","1","02501","0","","1.0","","1","N","N","","0","","0","0","0","","0","N","","2","0","0","0","0","0","0","2","0","1","","","","N","","","","","","","","","",""
"2019079092","","3","0","0","0","0","0","0","0","0","1","0","","02","8","2019","3","40.426889","-79.999722","","11","0","0","0","0","0","1","0","0","1","0","0","0","","","1","","0","","40 25:36.800","4","0","79 59:59.000","8","0","0","0","2301","0","0","0","N","0","0","0","1","02301","0","","2.0","","1","N","N","","0","","0","0","2","","0","N","","5","1","1","0","0","1","0","2","0","5","","","","N","","","","","","","","","",""
"2019082368","","0","0","0","0","0","0","0","0","0","4","0","","02","8","2019","6","40.437524","-79.998064","","11","0","0","0","1","0","0","0","0","","0","0","0","","","0","","1","","40 26:15.086","","0","79 59:53.029","0","0","0","0","2301","0","0","0","N","0","0","0","3","02301","0","","1.0","","1","N","N","","0","","0","0","2","","2","","","2","0","0","0","0","0","0","2","0","2","","","","N","","","","","","","","","",""
"2019099634","","1","0","0","0","0","0","0","0","0","8","0","","02","9","2019","6","40.41323","-80.020231","","11","0","0","0","0","0","0","0","0","","0","0","0","","","1","","0","","40 24:47.627","","0","80 01:12.830","8","0","0","0","2301","1","0","0","N","1","0","0","3","02301","0","","1.0","","1","Y","N","","0","","0","0","0","","0","","","2","1","1","0","0","1","0","2","0","1","","","","N","","","","","","","","","",""
"2019079484","","0","0","0","0","0","0","0","0","0","2","0","","02","8","2019","4","40.330979","-79.960098","","11","0","0","0","0","0","2","0","0","2","0","0","0","","","1","","0","","40 19:51.526","5","0","79 57:36.352","8","0","0","0","2454","0","0","0","N","0","0","0","3","02454","0","","1.0","","1","N","N","","0","","0","0","3","","0","Y","","3","1","0","0","0","1","0","2","0","3","","","","N","","","","","","","","","",""
"2019082901","","2","0","0","0","0","0","0","0","0","4","0","","02","8","2019","3","40.583175","-79.954918","","11","0","0","0","0","2","0","0","0","1","0","0","0","","","0","","0","","40 34:59.429","2","0","79 57:17.706","0","0","0","0","2207","0","0","0","N","0","0","0","4","02207","0","","1.0","","9","N","N","","0","","0","0","0","","0","N","","2","0","0","0","0","0","0","2","0","2","","","","N","","","","","","","","","",""
"2019083884","","0","0","0","0","0","0","0","0","0","99","0","","02","8","2019","1","40.506593","-80.059632","","11","0","0","0","0","0","0","0","0","1","0","0","0","","","0","","0","","40 30:23.735","4","0","80 03:34.675","0","0","0","0","2116","0","0","0","N","0","0","0","2","02116","0","","1.0","","1","N","N","","0","","0","0","2","","0","N","","2","0","0","0","0","0","0","2","0","2","","","","N","","","","","","","","","",""
"2019089278","","1","0","0","0","0","0","0","0","0","7","0","","02","8","2019","5","40.493843","-79.896575","","11","0","0","0","0","0","0","0","0","6","0","0","0","","","1","","1","","40 29:37.835","5","0","79 53:47.671","3","0","0","0","2112","0","0","0","N","0","0","0","1","02432","0","","2.0","","1","N","N","","0","","1","0","0","","3","Y","","1","1","0","0","0","0","0","2","0","1","","","","N","","","","","","","","","",""
"2019086772","","0","0","0","0","0","0","0","0","0","1","0","","02","8","2019","2","40.439224","-80.010616","","11","0","0","0","0","0","1","0","0","","0","0","0","","","2","","0","","40 26:21.208","","3","80 00:38.218","8","0","0","0","2301","0","0","0","N","0","0","0","3","02301","0","","1.0","","1","N","N","","0","","0","0","2","","0","","","2","2","0","0","0","2","0","2","0","2","","","","N","","","","","","","","","",""
"2019084818","","2","0","0","0","0","0","0","0","0","4","0","","02","8","2019","5","40.454044","-79.953198","","11","0","0","0","0","0","0","0","0","","0","0","0","","","0","","1","","40 27:14.560","","0","79 57:11.511","0","0","0","0","2301","0","0","0","N","0","0","0","3","02301","0","","1.0","","1","N","N","","0","","0","0","0","","0","","","2","0","0","0","0","0","0","2","0","2","","","","N","","","","","","","","","",""
"2019087425","","1","0","0","0","0","0","0","0","0","4","0","","02","8","2019","5","40.342528","-79.955083","","11","0","0","0","0","0","0","1","0","1","0","0","0","","","2","","0","","40 20:33.100","1","7","79 57:18.300","3","0","0","0","2473","0","0","0","N","0","0","0","3","02473","0","","1.0","","1","N","N","","1","","1","0","0","","0","N","","2","2","0","0","0","1","0","2","0","2","","","","N","","","","","","","","","",""
"2019081824","","1","0","0","0","0","0","0","0","0","0","0","","02","8","2019","4","40.438034","-79.913079","","11","0","0","0","0","0","0","0","0","","0","0","0","","","0","","1","","40 26:16.922","","0","79 54:47.084","0","0","0","1","2301","0","0","0","N","0","0","0","2","02301","0","","1.0","","1","N","N","","0","","0","0","0","","0","N","","2","0","1","0","0","0","0","2","0","2","","","","N","","","","","","","","","",""
"2019082763","","1","0","0","0","0","0","0","0","0","2","0","","02","8","2019","7","40.530426","-79.873319","","11","0","0","0","0","0","1","0","0","2","0","0","0","","","1","","2","","40 31:49.533","5","0","79 52:23.947","3","0","0","0","2432","0","0","0","N","0","0","0","3","02432","0","","1.0","","1","N","N","","1","","1","0","0","","3","Y","","2","1","0","0","0","0","0","2","0","2","","","","N","","","","","","","","","",""
"2019083464","","2","0","0","0","0","0","0","0","0","1","0","","02","8","2019","5","40.361086","-79.990909","","11","0","0","0","0","0","2","1","0","2","0","0","0","","","2","","1","","40 21:39.908","4","0","79 59:27.273","3","0","0","0","2476","0","0","0","N","0","0","0","8","02476","0","","1.0","","9","N","N","","0","","2","0","3","","2","N","","6","2","0","0","0","0","0","2","1","6","","","","N","","","","","","","","","",""
"2019082460","","0","0","0","0","0","0","0","0","0","1","0","","02","8","2019","6","40.356009","-79.898208","","11","0","0","0","0","0","1","0","0","","0","0","0","","","0","","2","","40 21:21.632","","0","79 53:53.547","0","0","0","0","2473","0","0","0","N","0","0","0","4","02304","0","","1.0","","1","N","N","","2","","0","0","0","","2","","","2","0","0","0","0","0","0","2","0","2","","","","N","","","","","","","","","",""
"2019079674","","2","0","0","0","0","0","0","0","0","1","0","","02","8","2019","5","40.425551","-79.926646","","11","0","0","0","0","0","1","0","0","","0","0","0","","","1","","3","","40 25:31.982","","2","79 55:35.924","3","0","0","0","2301","0","0","0","N","0","0","0","3","02301","0","","1.0","","1","N","N","","0","","1","0","0","","4","","","2","1","0","0","0","0","0","2","0","2","","","","N","","","","","","","","","",""
"2019081417","","1","0","0","1","0","0","0","0","0","7","0","","02","8","2019","2","40.424878","-79.97996","","11","0","0","0","0","0","0","0","0","","0","0","0","","","0","","0","","40 25:29.560","","0","79 58:47.855","0","0","0","0","2301","1","0","0","N","0","0","0","2","02301","0","","4.0","","1","N","N","","0","","0","0","0","","0","N","","2","0","0","0","0","0","0","2","0","1","","","","N","","","","","","","","","",""
"2019086832","","2","0","0","0","0","0","0","0","0","4","0","","02","8","2019","4","40.496908","-80.054705","","11","0","0","0","0","0","0","0","0","1","0","0","0","","","1","","2","","40 29:48.868","2","0","80 03:16.938","8","0","0","0","2404","0","0","0","N","0","0","0","2","02404","0","","1.0","","1","N","N","","0","","0","0","0","","0","N","","2","1","0","0","0","1","0","2","0","2","","","","N","","","","","","","","","",""
"2019082754","","1","0","0","0","0","0","0","0","0","7","0","","02","8","2019","3","40.557167","-79.936","","11","0","0","0","0","0","0","0","0","2","0","0","0","","","0","","0","","40 33:25.800","2","0","79 56:09.600","0","0","0","0","2207","0","0","0","N","0","0","0","1","02207","0","","4.0","","9","N","N","","0","","0","0","0","","0","N","","1","0","0","0","0","0","0","2","0","1","","","","N","","","","","","","","","",""
"2019081583","","1","0","0","0","0","0","0","0","0","7","0","","02","8","2019","1","40.310205","-79.892544","","11","0","0","1","0","0","0","0","0","","0","0","0","","","0","","3","","40 18:36.738","","0","79 53:33.158","0","0","0","0","2302","0","0","0","N","0","0","0","2","02302","0","","5.0","","1","N","N","","0","","0","0","0","","0","N","","1","0","0","0","0","0","0","2","0","1","","","","N","","","","","","","","","",""
"2019087581","","0","0","0","0","0","0","0","0","0","4","0","","02","8","2019","6","40.457738","-79.935748","","11","0","0","0","0","0","0","0","0","","0","0","0","","","1","","2","","40 27:27.856","","0","79 56:08.692","3","0","0","0","2301","0","0","0","N","0","0","0","2","02301","0","","1.0","","1","N","N","","0","","1","0","2","","0","N","","2","1","0","0","0","0","0","2","0","2","","","","N","","","","","","","","","",""
"2019085152","","2","0","0","0","0","0","0","0","0","4","0","","02","8","2019","6","40.465426","-79.956659","","11","0","0","0","0","0","1","0","0","","0","0","0","","","1","","1","","40 27:55.532","","0","79 57:23.972","3","0","0","0","2301","0","0","0","N","0","0","0","2","02301","0","","1.0","","1","N","N","","0","","1","0","0","","3","N","","2","1","0","0","0","0","0","2","0","2","","","","N","","","","","","","","","",""
"2019086186","","0","0","0","0","0","0","0","0","0","7","0","","02","8","2019","3","40.441326","-80.040353","","11","0","0","0","0","0","0","0","0","","0","0","0","","","0","","0","","40 26:28.773","","0","80 02:25.269","0","0","0","0","2301","0","0","0","N","0","0","0","1","02301","0","","5.0","","9","N","N","","1","","0","0","0","","0","","","1","0","0","0","0","0","0","2","0","1","","","","N","","","","","","","","","",""
"2019083226","","1","0","0","0","0","0","0","0","0","7","0","","02","8","2019","1","40.451205","-80.297934","","11","0","0","0","0","0","0","0","0","","0","0","0","","","0","","3","","40 27:04.337","","0","80 17:52.561","0","0","0","0","2203","0","0","0","N","0","0","0","1","02203","0","","5.0","","1","N","N","","0","","0","0","0","","0","N","","1","0","0","0","0","0","0","1","0","1","","","","N","","","","","","","","","",""
"2019095285","","2","0","0","0","0","0","0","0","0","4","0","","02","9","2019","1","40.438045","-79.927695","","11","0","0","0","0","0","0","0","0","2","0","0","0","","","2","","1","","40 26:16.961","4","0","79 55:39.702","4","0","0","0","2301","0","0","0","N","0","0","0","4","02301","2","","7.0","","1","N","N","","0","","0","0","0","","2","N","","2","2","0","0","0","0","0","2","0","2","","","","N","","","","","","","","","",""
"2019101090","","1","0","0","0","0","0","0","0","0","7","0","","02","10","2019","2","40.579544","-79.901964","","11","0","0","0","0","0","1","0","0","","0","0","0","","","0","","0","","40 34:46.358","","0","79 54:07.071","0","0","0","0","2209","0","0","0","N","0","0","0","1","02209","0","","2.0","","9","N","N","","0","","0","0","0","","0","","","1","0","0","0","0","0","0","1","0","1","","","","N","","","","","","","","","",""
"2019084285","","4","0","0","0","0","0","0","0","0","1","0","","02","8","2019","4","40.352666","-79.896886","","11","0","0","0","1","0","0","2","0","1","0","0","0","","","0","","0","","40 21:09.597","5","0","79 53:48.791","0","0","0","0","2423","0","0","0","N","0","0","0","5","02304","0","","1.0","","1","N","N","","0","","0","0","0","","2","N","","4","0","0","0","0","0","0","2","0","4","","","","N","","","","","","","","","",""
"2019112487","","2","0","0","0","0","0","0","0","0","4","0","","02","10","2019","5","40.45798","-80.191554","","11","0","0","0","0","0","0","0","0","","0","0","0","","","0","","2","","40 27:28.728","","0","80 11:29.594","0","0","0","0","2203","0","0","0","N","0","0","0","2","02203","0","","1.0","","1","N","N","","0","","0","0","0","","3","","","2","0","0","0","0","0","0","2","0","2","","","","N","","","","","","","","","",""
"2019084717","","1","0","0","0","0","0","0","0","0","4","0","","02","8","2019","4","40.361317","-79.982633","","11","0","0","0","0","0","1","0","0","1","0","0","0","","","0","","2","","40 21:40.740","2","0","79 58:57.480","0","0","0","0","2413","0","0","0","N","0","0","0","2","02413","0","","1.0","","1","N","N","","0","","0","0","1","","0","N","","2","0","0","0","0","0","0","2","0","2","","","","N","","","","","","","","","",""
"2019102132","","2","0","0","0","0","0","0","0","0","4","0","","02","9","2019","6","40.492694","-80.111719","","11","0","0","0","0","0","1","0","0","","0","0","0","","","1","","3","","40 29:33.699","","0","80 06:42.188","8","0","0","0","2126","0","0","0","N","0","0","0","2","02126","0","","1.0","","1","N","N","","0","","0","0","0","","0","N","","2","1","0","0","0","1","0","2","0","2","","","","N","","","","","","","","","",""
"2019085701","","0","0","0","0","0","0","0","0","0","1","0","","02","8","2019","7","40.478602","-79.967247","","11","0","0","0","0","0","1","0","0","","0","0","0","","","2","","6","","40 28:42.966","","2","79 58:02.090","3","0","0","0","2445","0","0","0","N","0","0","0","4","02118","0","","1.0","","1","N","N","","0","","2","0","2","","4","N","","2","2","0","0","0","0","0","2","0","2","","","","N","","","","","","","","","",""
"2019085584","","0","0","0","0","0","0","0","0","0","4","0","","02","8","2019","1","40.461446","-79.863031","","11","0","0","0","0","0","0","0","0","1","0","1","0","","","2","","1","","40 27:41.206","7","0","79 51:46.910","3","0","0","0","2113","0","0","0","N","0","0","0","4","02113","0","","1.0","","1","N","N","","0","","2","0","1","","2","Y","","2","2","0","0","0","0","0","2","0","2","","","","N","","","","","","","","","",""
"2019093075","","0","0","0","0","0","0","0","0","0","7","0","","02","9","2019","5","40.354239","-80.114941","","11","0","0","0","0","0","0","0","0","2","0","0","0","","","1","","0","","40 21:15.261","1","0","80 06:53.789","8","0","0","0","2119","0","0","0","N","0","0","0","1","02119","0","","4.0","","1","N","N","","0","","0","0","1","","0","N","","1","1","0","0","0","1","0","2","0","1","","","","N","","","","","","","","","",""