"CRN","ARRIVAL_TM","AUTOMOBILE_COUNT","BELTED_DEATH_COUNT","BELTED_SUSP_SERIOUS_INJ_COUNT","BICYCLE_COUNT","BICYCLE_DEATH_COUNT","BICYCLE_SUSP_SERIOUS_INJ_COUNT","BUS_COUNT","CHLDPAS_DEATH_COUNT","CHLDPAS_SUSP_SERIOUS_INJ_COUNT","COLLISION_TYPE","COMM_VEH_COUNT","CONS_ZONE_SPD_LIM","COUNTY","CRASH_MONTH","CRASH_YEAR","DAY_OF_WEEK","DEC_LATITUDE","DEC_LONGITUDE","DISPATCH_TM","DISTRICT","DRIVER_COUNT_16YR","DRIVER_COUNT_17YR","DRIVER_COUNT_18YR","DRIVER_COUNT_19YR","DRIVER_COUNT_20YR","DRIVER_COUNT_50_64YR","DRIVER_COUNT_65_74YR","DRIVER_COUNT_75PLUS","EST_HRS_CLOSED","FATAL_COUNT","HEAVY_TRUCK_COUNT","HORSE_BUGGY_COUNT","HOUR_OF_DAY","ILLUMINATION","INJURY_COUNT","INTERSECTION_RELATED","INTERSECT_TYPE","LANE_CLOSED","LATITUDE","LN_CLOSE_DIR","LOCATION_TYPE","LONGITUDE","MAX_SEVERITY_LEVEL","MCYCLE_DEATH_COUNT","MCYCLE_SUSP_SERIOUS_INJ_COUNT","MOTORCYCLE_COUNT","MUNICIPALITY","NONMOTR_COUNT","NONMOTR_DEATH_COUNT","NONMOTR_SUSP_SERIOUS_INJ_COUNT","NTFY_HIWY_MAINT","PED_COUNT","PED_DEATH_COUNT","PED_SUSP_SERIOUS_INJ_COUNT","PERSON_COUNT","POLICE_AGCY","POSSIBLE_INJ_COUNT","RDWY_SURF_TYPE_CD","RELATION_TO_ROAD","ROADWAY_CLEARED","ROAD_CONDITION","SCH_BUS_IND","SCH_ZONE_IND","SECONDARY_CRASH","SMALL_TRUCK_COUNT","SPEC_JURIS_CD","SUSP_MINOR_INJ_COUNT","SUSP_SERIOUS_INJ_COUNT","SUV_COUNT","TCD_FUNC_CD","TCD_TYPE","TFC_DETOUR_IND","TIME_OF_DAY","TOTAL_UNITS","TOT_INJ_COUNT","UNBELTED_OCC_COUNT","UNB_DEATH_COUNT","UNB_SUSP_SERIOUS_INJ_COUNT","UNK_INJ_DEG_COUNT","UNK_INJ_PER_COUNT","URBAN_RURAL","VAN_COUNT","VEHICLE_COUNT","WEATHER1","WEATHER2","WORKERS_PRES","WORK_ZONE_IND","WORK_ZONE_LOC","WORK_ZONE_TYPE","WZ_CLOSE_DETOUR","WZ_FLAGGER","WZ_LAW_OFFCR_IND","WZ_LN_CLOSURE","WZ_MOVING","WZ_OTHER","WZ_SHLDER_MDN","WZ_WORKERS_INJ_KILLED"
"2019089487","","1","0","0","0","0","0","0","0","0","7","0","","02","8","2019","3","40.524042","-80.188221","","11","0","0","0","0","0","1","0","0","2","0","0","0","","","1","","2","","40 31:26.551","7","0","80 11:17.595","8","0","0","0","2213","0","0","0","N","0","0","0","1","02213","0","","4.0","","9","N","N","","0","","0","0","0","","3","N","","1","1","1","0","0","1","0","2","0","1","","","","N","","","","","","","","","",""
"2019084047","","0","0","0","0","0","0","0","0","0","2","0","","02","8","2019","3","40.469896","-80.001924","","11","0","0","0","0","0","0","0","1","2","0","0","0","","","2","","0","","40 28:11.625","1","0","80 00:06.925","3","0","0","0","2301","0","0","0","N","0","0","0","2","02301","0","","1.0","","1","N","N","","0","","2","0","1","","0","Y","","2","2","0","0","0","0","0","2","1","2","","","","N","","","","","","","","","",""
"2019087513","","1","0","0","0","0","0","0","0","0","1","0","","02","8","2019","2","40.427741","-79.923839","","11","0","0","0","0","0","1","0","0","1","0","0","0","","","0","","0","","40 25:39.866","4","0","79 55:25.821","0","0","0","0","2301","0","0","0","N","0","0","0","2","68B03","0","","1.0","","1","N","N","","1","","0","0","0","","0","N","","3","0","0","0","0","0","0","2","0","2","","","","N","","","","","","","","","",""
"2019089235","","3","0","0","0","0","0","0","0","0","4","0","","02","9","2019","4","40.420554","-80.012988","","11","0","0","0","0","0","1","1","0","1","0","0","0","","","1","","2","","40 25:13.995","7","0","80 00:46.755","8","0","0","0","2301","0","0","0","N","0","0","0","2","02301","0","","1.0","","1","N","N","","0","","0","0","0","","3","Y","","3","1","0","0","0","1","0","2","0","3","","","","N","","","","","","","","","",""
"2019086763","","1","0","0","0","0","0","0","0","0","5","0","","02","8","2019","4","40.428643","-79.990858","","11","0","0","0","0","0","1","0","0","","0","0","0","","","0","","0","","40 25:43.115","","0","79 59:27.087","0","0","0","0","2301","0","0","0","N","0","0","0","3","02301","0","","1.0","","1","N","N","","0","","0","0","0","","0","N","","2","0","0","0","0","0","0","2","1","2","","","","N","","","","","","","","","",""
"2019086768","","1","0","0","0","0","0","0","0","0","1","0","","02","8","2019","4","40.470968","-79.820901","","11","0","0","0","0","0","1","0","0","","0","0","0","","","1","","0","","40 28:15.486","","0","79 49:15.242","3","0","0","0","2113","0","0","0","N","0","0","0","3","02113","0","","1.0","","1","N","N","","0","","1","0","2","","0","","","3","1","0","0","0","0","0","2","0","3","","","","N","","","","","","","","","",""
"2019083741","","1","0","0","0","0","0","0","0","0","1","0","","02","8","2019","5","40.443559","-80.028127","","11","0","0","0","0","0","1","0","0","2","0","0","0","","","0","","0","","40 26:36.812","1","0","80 01:41.257","0","0","0","0","2440","0","0","0","N","0","0","0","5","02440","0","","1.0","","1","N","N","","1","","0","0","1","","0","N","","3","0","0","0","0","0","0","2","0","3","","","","N","","","","","","","","","",""
"2019082348","","0","0","0","0","0","0","0","0","0","7","0","","02","8","2019","5","40.671597","-79.995698","","11","0","0","0","0","0","0","0","0","","0","0","0","","","1","","2","","40 40:17.748","","0","79 59:44.514","8","0","0","0","2216","0","0","0","Y","0","0","0","1","02505","0","","5.0","","1","N","N","","1","","0","0","0","","3","","","1","1","0","0","0","1","0","1","0","1","","","","N","","","","","","","","","",""
"2019085705","","2","0","0","0","0","0","0","0","0","4","0","","02","8","2019","1","40.437552","-79.982671","","11","0","0","0","0","0","0","0","0","1","0","0","0","","","1","","1","","40 26:15.186","3","0","79 58:57.615","3","0","0","0","2301","0","0","0","N","0","0","0","2","02301","0","","1.0","","1","N","N","","0","","1","0","0","","3","N","","2","1","0","0","0","0","0","2","0","2","","","","N","","","","","","","","","",""
"2019083311","","1","0","0","0","0","0","0","0","0","4","0","","02","8","2019","2","40.440184","-79.9934","","11","0","0","0","0","0","0","1","0","2","0","0","0","","","0","","2","","40 26:24.664","4","0","79 59:36.239","0","0","0","0","2301","0","0","0","N","0","0","0","3","02301","0","","1.0","","1","N","N","","0","","0","0","1","","3","Y","","2","0","0","0","0","0","0","2","0","2","","","","N","","","","","","","","","",""
"2019090039","","1","0","0","0","0","0","0","0","0","2","0","","02","8","2019","4","40.331803","-80.021391","","11","0","0","0","0","0","0","0","0","3","0","0","0","","","2","","0","","40 19:54.492","5","7","80 01:17.007","3","0","0","0","2407","0","0","0","N","0","0","0","3","02407","0","","1.0","","1","N","N","","0","","2","0","1","","0","Y","","2","2","0","0","0","0","0","2","0","2","","","","N","","","","","","","","","",""
"2019093504","","2","0","0","0","0","0","0","0","0","1","0","","02","9","2019","3","40.469083","-80.103105","","11","0","0","0","0","0","0","1","0","2","0","0","0","","","1","","3","","40 28:08.698","6","0","80 06:11.177","3","0","0","0","2126","0","0","0","N","0","0","0","2","02126","0","","1.0","","1","N","N","","0","","1","0","0","","0","Y","","2","1","1","0","0","0","0","2","0","2","","","","N","","","","","","","","","",""
"2019085376","","2","0","0","0","0","0","0","0","0","1","0","","02","8","2019","6","40.43604","-79.785116","","11","0","0","0","1","0","0","0","0","","0","0","0","","","0","","0","","40 26:09.744","","0","79 47:06.419","0","0","0","0","2446","0","0","0","N","0","0","0","3","02446","0","","1.0","","1","N","N","","0","","0","0","0","","0","N","","2","0","0","0","0","0","0","2","0","2","","","","N","","","","","","","","","",""
"2019087051","","2","0","0","0","0","0","0","0","0","4","0","","02","8","2019","3","40.386111","-79.831389","","11","0","0","0","0","0","0","0","0","2","0","0","0","","","1","","0","","40 23:10.000","5","0","79 49:53.000","3","0","0","0","2111","0","0","0","N","0","0","0","1","02111","0","","5.0","","1","N","N","","0","","1","0","0","","0","N","","2","1","0","0","0","0","0","2","0","2","","","","N","","","","","","","","","",""
"2019080348","","0","0","0","0","0","0","0","0","0","5","0","","02","8","2019","6","40.428683","-80.029539","","11","0","0","0","0","0","2","0","0","","0","0","0","","","2","","3","","40 25:43.257","","1","80 01:46.340","3","0","0","1","2301","0","0","0","N","0","0","0","3","02301","0","","1.0","","1","N","N","","0","","2","0","1","","0","N","","2","2","0","0","0","0","0","2","0","2","","","","N","","","","","","","","","",""
"2019082036","","2","0","0","0","0","0","0","0","0","4","0","","02","8","2019","2","40.430393","-79.791902","","11","0","0","0","0","0","0","2","0","2","0","0","0","","","0","","2","","40 25:49.414","3","0","79 47:30.847","0","0","0","0","2446","0","0","0","N","0","0","0","2","02446","0","","1.0","","1","N","N","","0","","0","0","0","","2","N","","2","0","0","0","0","0","0","2","0","2","","","","N","","","","","","","","","",""
"2019095416","","1","0","0","0","0","0","0","0","0","6","0","","02","9","2019","1","40.478041","-79.848046","","11","0","0","0","0","0","0","0","0","","0","0","0","","","0","","0","","40 28:40.948","","0","79 50:52.964","0","0","0","0","2113","0","0","0","N","0","0","0","2","02113","0","","1.0","","1","N","N","","1","","0","0","0","","0","","","2","0","0","0","0","0","0","2","0","2","","","","N","","","","","","","","","",""
"2019083176","","1","0","0","0","0","0","0","0","0","4","0","","02","8","2019","1","40.590297","-79.948238","","11","0","0","0","0","0","0","1","1","","0","0","0","","","0","","1","","40 35:25.069","","0","79 56:53.656","0","0","0","0","2207","0","0","0","N","0","0","0","2","02207","0","","1.0","","1","N","N","","0","","0","0","1","","2","","","2","0","0","0","0","0","0","2","0","2","","","","N","","","","","","","","","",""
"2019092150","","0","0","0","0","0","0","0","0","0","4","0","","02","9","2019","6","40.602286","-80.081183","","11","0","0","0","0","0","2","0","0","","0","0","0","","","0","","3","","40 36:08.229","","0","80 04:52.258","0","0","0","0","2481","0","0","0","N","0","0","0","3","02481","0","","1.0","","1","Y","N","","1","","0","0","0","","0","N","","2","0","0","0","0","0","0","2","1","2","","","","N","","","","","","","","","",""
"2019087956","","0","0","0","0","0","0","0","0","0","1","0","","02","8","2019","3","40.539179","-80.011872","","11","0","0","0","0","0","0","0","0","1","0","0","0","","","0","","0","","40 32:21.045","2","3","80 00:42.740","0","0","0","0","2116","0","0","0","N","0","0","0","6","02116","0","","1.0","","1","N","N","","0","","0","0","1","","0","N","","2","0","0","0","0","0","0","2","1","2","","","","N","","","","","","","","","",""
"2019093481","","1","0","0","0","0","0","0","0","0","7","0","","02","9","2019","4","40.451866","-79.843823","","11","0","0","0","0","0","0","0","0","","0","0","0","","","1","","0","","40 27:06.716","","0","79 50:37.763","3","0","0","0","2113","0","0","0","N","0","0","0","1","02113","0","","2.0","","1","N","N","","0","","1","0","0","","0","","","1","1","0","0","0","0","0","2","0","1","","","","N","","","","","","","","","",""
"2019094121","","2","0","0","0","0","0","0","0","0","1","0","","02","9","2019","6","40.438202","-80.012473","","11","0","0","0","0","0","1","0","0","1","0","0","0","","","0","","0","","40 26:17.528","3","4","80 00:44.903","0","0","0","0","2301","0","0","0","N","0","0","0","2","68B03","0","","1.0","","1","N","N","","0","","0","0","0","","0","N","","2","0","0","0","0","0","0","2","0","2","","","","N","","","","","","","","","",""
"2019085549","","0","0","0","0","0","0","0","0","0","4","0","","02","8","2019","1","40.46212","-79.940382","","11","0","0","0","0","0","0","0","1","","0","0","0","","","0","","1","","40 27:43.631","","0","79 56:25.375","0","0","0","0","2301","0","0","0","N","0","0","0","3","02301","0","","1.0","","1","N","N","","1","","0","0","1","","3","","","2","0","0","0","0","0","0","2","0","2","","","","N","","","","","","","","","",""
"2019080385","","2","0","0","0","0","0","0","0","0","1","0","","02","8","2019","4","40.459351","-79.90747","","11","0","0","0","0","0","1","0","0","","0","0","0","","","1","","0","","40 27:33.663","","0","79 54:26.892","3","0","0","0","2301","0","0","0","N","0","0","0","2","02301","0","","1.0","","1","N","N","","0","","1","0","0","","2","","","2","1","0","0","0","0","0","2","0","2","","","","N","","","","","","","","","",""
"2019080106","","2","0","0","0","0","0","0","0","0","2","0","","02","8","2019","6","40.447545","-79.936393","","11","0","0","0","0","0","0","0","0","3","0","0","0","","","0","","3","","40 26:51.163","7","0","79 56:11.016","0","0","0","0","2301","0","0","0","N","0","0","0","1","02301","0","","1.0","","1","N","N","","0","","0","0","0","","0","Y","","2","0","0","0","0","0","0","2","0","2","","","","N","","","","","","","","","",""
"2019081201","","0","0","0","0","0","0","0","0","0","4","0","","02","8","2019","6","40.311599","-79.938064","","11","0","0","1","0","0","1","0","0","2","0","0","0","","","0","","1","","40 18:41.758","2","0","79 56:17.032","0","0","0","0","2454","0","0","0","N","0","0","0","4","02454","0","","1.0","","1","N","N","","1","","0","0","1","","2","N","","2","0","1","0","0","0","0","2","0","2","","","","N","","","","","","","","","",""
"2019075781","","1","0","0","0","0","0","0","0","0","4","0","","02","7","2019","1","40.465929","-79.865333","","11","0","0","0","0","0","0","0","0","","0","0","0","","","0","","0","","40 27:57.346","","0","79 51:55.200","0","0","0","0","2113","0","0","0","N","0","0","0","4","02113","0","","1.0","","1","N","N","","0","","0","0","1","","0","N","","2","0","0","0","0","0","0","2","0","2","","","","N","","","","","","","","","",""
"2019062364","","2","0","0","0","0","0","0","0","0","4","0","","02","6","2019","4","40.629969","-79.968336","","11","0","0","0","0","0","0","0","0","1","0","0","0","","","0","","0","","40 37:47.887","3","0","79 58:06.009","0","0","0","0","2217","0","0","0","N","0","0","0","3","02505","0","","1.0","","9","N","N","","0","","0","0","0","","0","N","","2","0","0","0","0","0","0","1","0","2","","","","N","","","","","","","","","",""
"2019081882","","1","0","0","0","0","0","0","0","0","4","0","","02","8","2019","4","40.432362","-79.800637","","11","0","0","0","0","0","1","1","0","2","0","0","0","","","1","","0","","40 25:56.503","3","0","79 48:02.293","4","0","0","0","2446","0","0","0","N","0","0","0","3","02446","1","","1.0","","1","N","N","","0","","0","0","2","","2","N","","3","1","0","0","0","0","0","2","0","3","","","","N","","","","","","","","","",""
"2019086171","","0","0","0","0","0","0","0","0","0","3","0","","02","8","2019","4","40.455167","-80.190917","","11","0","0","0","0","0","0","1","0","2","0","0","0","","","1","","0","","40 27:18.600","2","0","80 11:27.300","4","0","0","0","2214","0","0","0","N","0","0","0","1","02214","1","","4.0","","1","N","N","","1","","0","0","1","","0","N","","2","1","0","0","0","0","0","2","0","2","","","","N","","","","","","","","","",""
"2019088573","","0","0","0","0","0","0","0","0","0","7","0","","02","8","2019","6","40.360542","-80.111336","","11","0","0","0","0","0","0","0","0","","0","0","0","","","0","","0","","40 21:37.952","","0","80 06:40.809","0","0","0","0","2414","0","0","0","N","0","0","0","2","02414","0","","5.0","","1","N","N","","0","","0","0","1","","0","","","1","0","2","0","0","0","0","2","0","1","","","","N","","","","","","","","","",""
"2019080654","","2","0","0","0","0","0","0","0","0","1","0","","02","8","2019","1","40.474739","-80.094919","","11","0","0","0","0","0","0","1","0","2","0","0","0","","","3","","0","","40 28:29.061","6","0","80 05:41.709","4","0","0","0","2126","0","0","0","N","0","0","0","4","02126","1","","1.0","","1","N","N","","0","","0","0","1","","0","Y","","3","3","1","0","0","2","0","2","0","3","","","","N","","","","","","","","","",""
"2019056509","","0","0","0","0","0","0","0","0","0","1","0","","02","6","2019","3","40.484222","-79.907838","","11","0","0","0","0","0","0","0","0","1","0","0","0","","","0","","1","","40 29:03.199","5","0","79 54:28.216","0","0","0","0","2301","0","0","0","N","0","0","0","2","02301","0","","1.0","","1","N","N","","0","","0","0","1","","0","N","","2","0","0","0","0","0","0","2","1","2","","","","N","","","","","","","","","",""
"2019115771","","3","0","0","0","0","0","0","0","0","1","0","","02","11","2019","4","40.50931","-80.091722","","11","0","0","0","0","0","1","0","0","","0","0","0","","","0","N","0","","40 30:33.515","2","0","80 05:30.200","0","0","0","0","2429","0","0","0","N","0","0","0","3","02215","0","","1.0","840.0","9","N","N","N","0","","0","0","0","","0","N","","3","0","0","0","0","0","0","2","0","3","","","","N","","","","","","","","","",""
"2019060154","","1","0","0","0","0","0","0","0","0","5","0","","02","6","2019","5","40.46371","-79.84523","","11","0","0","0","0","0","0","0","1","2","0","0","0","","","1","","0","","40 27:49.357","5","0","79 50:42.827","8","0","0","0","2113","0","0","0","N","0","0","0","2","02113","0","","1.0","","1","N","N","","0","","0","0","1","","0","N","","2","1","0","0","0","1","0","2","0","2","","","","Y","","","","","","","","","",""
"2019063119","","0","0","0","1","0","0","0","0","0","8","0","","02","6","2019","4","40.331068","-80.022402","","11","0","0","0","1","0","0","0","0","","0","0","0","","","1","","0","","40 19:51.844","","7","80 01:20.647","8","0","0","0","2407","1","0","0","N","0","0","0","3","02407","0","","4.0","","1","N","N","","0","","0","0","1","","2","","","2","1","0","0","0","1","0","2","0","1","","","","N","","","","","","","","","",""
"2019081003","","1","0","0","0","0","0","0","0","0","4","0","","02","8","2019","7","40.468436","-79.705926","","11","0","0","0","0","0","1","0","1","1","0","0","0","","","2","","1","","40 28:06.370","2","0","79 42:21.333","3","0","0","0","2466","0","0","0","N","0","0","0","3","02466","0","","1.0","","1","N","N","","0","","2","0","1","","3","N","","2","2","0","0","0","0","0","2","0","2","","","","N","","","","","","","","","",""
"2019115484","","1","0","0","0","0","0","0","0","0","5","0","","02","11","2019","3","40.440666","-79.994682","","11","0","0","0","0","0","0","0","0","","0","0","0","","","0","N","6","","40 26:26.397","","2","79 59:40.854","0","0","0","0","2301","0","0","0","N","0","0","0","2","02301","0","","1.0","","2","N","N","N","0","","0","0","1","","0","","","2","0","0","0","0","0","0","2","0","2","","98","","N","","","","","","","","","",""
"2019061231","","2","0","0","0","0","0","0","0","0","4","0","","02","6","2019","1","40.454733","-80.013791","","11","0","0","0","0","0","0","0","0","3","0","0","0","","","2","","1","","40 27:17.039","7","0","80 00:49.646","3","0","0","0","2301","0","0","0","N","0","0","0","3","02301","0","","1.0","","9","N","N","","0","","2","0","2","","3","Y","","4","2","0","0","0","0","0","2","0","4","","","","N","","","","","","","","","",""
"2019083094","","2","0","0","0","0","0","0","0","0","4","0","","02","8","2019","6","40.45041","-79.948748","","11","0","0","0","1","0","0","0","1","","0","0","0","","","1","","1","","40 27:01.476","","0","79 56:55.492","3","0","0","0","2301","0","0","0","N","0","0","0","4","02301","0","","1.0","","1","N","N","","0","","1","0","0","","2","N","","2","1","0","0","0","0","0","2","0","2","","","","N","","","","","","","","","",""
"2019080603","","1","0","0","0","0","0","0","0","0","4","0","","02","8","2019","7","40.42787","-79.92471","","11","0","0","0","0","0","0","1","0","","0","0","0","","","0","","2","","40 25:40.333","","0","79 55:28.955","0","0","0","0","2301","0","0","0","N","0","0","0","2","02301","0","","1.0","","1","N","N","","0","","0","0","1","","0","N","","2","0","0","0","0","0","0","2","0","2","","","","N","","","","","","","","","",""
"2019068557","","1","0","0","0","0","0","0","0","0","7","0","","02","6","2019","1","40.511273","-80.04964","","11","0","0","0","0","0","0","0","0","1","0","0","0","","","0","","0","","40 30:40.582","1","0","80 02:58.703","0","0","0","0","2116","0","0","0","N","0","0","0","1","68B03","0","","2.0","","1","N","N","","0","","0","0","0","","0","N","","1","0","0","0","0","0","0","2","0","1","","","","N","","","","","","","","","",""
"2019095821","","1","0","0","0","0","0","0","0","0","8","0","","02","9","2019","3","40.33658","-79.961258","","11","0","0","0","0","0","0","0","0","","0","0","0","","","1","","2","","40 20:11.688","","0","79 57:40.528","8","0","0","0","2454","1","0","0","N","1","0","0","2","02454","0","","1.0","","1","N","N","","0","","0","0","0","","3","","","2","1","0","0","0","1","0","2","0","1","","","","N","","","","","","","","","",""
"2019080719","","1","0","0","0","0","0","0","0","0","5","0","","02","8","2019","7","40.369692","-80.060522","","11","0","0","0","0","0","0","1","0","2","0","0","0","","","1","","0","","40 22:10.890","2","0","80 03:37.880","3","0","0","0","2109","0","0","0","N","0","0","0","1","02109","0","","6.0","","1","N","N","","0","","1","0","1","","0","Y","","2","1","0","0","0","0","0","2","0","2","","","","N","","","","","","","","","",""
"2019080601","","0","0","0","0","0","0","0","0","0","1","0","","02","8","2019","5","40.426971","-79.918677","","11","0","0","0","0","0","0","0","0","1","0","0","0","","","0","","0","","40 25:37.096","4","4","79 55:07.236","0","0","0","0","2301","0","0","0","N","0","0","0","4","02301","0","","1.0","","1","N","N","","1","","0","0","1","","0","N","","2","0","0","0","0","0","0","2","0","2","","","","N","","","","","","","","","",""
"2019061040","","0","0","0","0","0","0","0","0","0","4","0","","02","6","2019","1","40.37865","-79.992835","","11","0","0","0","0","0","0","1","0","","0","0","0","","","0","","2","","40 22:43.139","","0","79 59:34.207","0","0","0","0","2301","0","0","0","N","0","0","0","2","02301","0","","1.0","","9","N","N","","1","","0","0","1","","2","","","2","0","0","0","0","0","0","2","0","2","","","","N","","","","","","","","","",""
"2019061268","","0","0","0","0","0","0","0","0","0","4","0","","02","6","2019","2","40.449839","-79.929647","","11","0","0","0","0","0","0","0","0","","0","0","0","","","0","","1","","40 26:59.420","","0","79 55:46.729","0","0","0","0","2301","0","0","0","N","0","0","0","2","02301","0","","1.0","","9","N","N","","0","","0","0","2","","2","","","2","0","0","0","0","0","0","2","0","2","","","","N","","","","","","","","","",""
"2019062063","","0","0","0","0","0","0","0","0","0","4","0","","02","6","2019","5","40.336832","-80.138535","","11","0","0","0","0","0","0","0","0","1","0","0","0","","","1","","3","","40 20:12.595","3","3","80 08:18.726","3","0","0","0","2119","0","0","0","N","0","0","0","5","02119","0","","1.0","","9","N","N","","1","","1","0","1","","0","Y","","2","1","0","0","0","0","0","2","0","2","","","","N","","","","","","","","","",""
"2019062869","","1","0","0","0","0","0","0","0","0","4","0","","02","6","2019","3","40.372984","-80.099265","","11","1","0","0","0","0","0","0","0","1","0","0","0","","","0","","2","","40 22:22.744","4","2","80 05:57.354","0","0","0","0","2102","0","0","0","N","0","0","0","2","02102","0","","1.0","","1","N","N","","0","","0","0","1","","2","Y","","2","0","0","0","0","0","0","2","0","2","","","","N","","","","","","","","","",""
"2019095030","","1","0","0","0","0","0","0","0","0","1","0","","02","9","2019","2","40.403858","-79.883066","","11","0","0","0","0","0","1","0","0","","0","0","0","","","2","N","2","","40 24:13.889","","8","79 52:59.039","8","0","0","0","2475","0","0","0","N","0","0","0","3","02475","0","","1.0","","1","N","N","","0","","0","0","1","","2","N","","2","2","0","0","0","2","1","2","0","2","","","","N","","","","","","","","","",""
"2019060811","","1","0","0","0","0","0","0","0","0","4","0","","02","6","2019","7","40.430167","-80.01225","","11","0","0","0","0","0","0","0","0","","0","0","0","","","0","","0","","40 25:48.600","","0","80 00:44.100","0","0","0","0","2301","0","0","0","N","0","0","0","1","02301","0","","1.0","","1","N","N","","0","","0","0","1","","0","","","2","0","0","0","0","0","0","2","0","2","","","","N","","","","","","","","","",""
"2019085795","","0","0","0","0","0","0","0","0","0","7","0","","02","8","2019","7","40.347467","-79.859508","","11","0","0","0","0","0","0","0","0","","0","0","0","","","0","","0","","40 20:50.880","","0","79 51:34.228","0","0","0","0","2304","0","0","0","N","0","0","0","1","02304","0","","2.0","","1","N","N","","1","","0","0","0","","0","N","","1","0","0","0","0","0","0","2","0","1","","","","N","","","","","","","","","",""
"2019064503","","1","0","0","0","0","0","0","0","0","1","0","","02","6","2019","2","40.436113","-79.964499","","11","0","0","0","0","0","2","0","0","","0","0","0","","","0","","0","","40 26:10.008","","0","79 57:52.196","0","0","0","0","2301","0","0","0","N","0","0","0","3","02301","0","","1.0","","9","N","N","","1","","0","0","1","","0","N","","3","0","0","0","0","0","0","2","0","3","","","","N","","","","","","","","","",""
"2019079836","","1","0","0","0","0","0","0","0","0","4","0","","02","8","2019","5","40.344325","-79.97205","","11","0","0","0","0","0","0","0","1","1","0","0","0","","","2","","2","","40 20:39.571","1","0","79 58:19.380","8","0","0","0","2403","0","0","0","N","0","0","0","4","02403","0","","1.0","","1","N","N","","0","","0","0","1","","2","N","","2","2","0","0","0","2","0","2","0","2","","","","N","","","","","","","","","",""
"2019061428","","2","0","0","0","0","0","0","0","0","4","0","","02","6","2019","2","40.633652","-80.056958","","11","0","0","0","0","0","0","0","0","","0","0","0","","","0","","1","","40 38:01.147","","0","80 03:25.048","0","0","0","0","2216","0","0","0","N","0","0","0","3","02505","0","","1.0","","9","N","N","","0","","0","0","0","","3","","","2","0","0","0","0","0","0","2","0","2","","","","N","","","","","","","","","",""
"2019083121","","2","0","0","0","0","0","0","0","0","1","0","","02","8","2019","6","40.431294","-79.744916","","11","0","0","0","0","0","0","0","0","","0","0","0","","","2","","0","","40 25:52.657","","0","79 44:41.699","3","0","0","0","2446","0","0","0","N","0","0","0","5","68T09","0","","1.0","","1","N","N","","0","","2","0","1","","0","","","3","2","0","0","0","0","0","2","0","3","","","","N","","","","","","","","","",""
"2019080591","","1","0","0","0","0","0","0","0","0","7","0","","02","8","2019","1","40.387333","-79.919583","","11","0","0","0","0","0","1","0","0","","0","0","0","","","0","","0","","40 23:14.400","","0","79 55:10.500","0","0","0","0","2301","0","0","0","N","0","0","0","1","02301","0","","4.0","","1","N","N","","0","","0","0","1","","0","","","2","0","0","0","0","0","0","2","0","2","","","","N","","","","","","","","","",""
"2019095168","","0","0","0","0","0","0","0","0","0","7","0","","02","9","2019","1","40.511329","-79.96725","","11","0","1","0","0","0","0","0","0","1","0","0","0","","","0","","0","","40 30:40.785","3","0","79 58:02.101","0","0","0","0","2118","0","0","0","N","0","0","0","1","02118","0","","5.0","","1","N","N","","0","","0","0","1","","0","N","","1","0","0","0","0","0","0","2","0","1","","","","N","","","","","","","","","",""
"2019082728","","2","0","0","0","0","0","0","0","0","4","0","","02","8","2019","7","40.448111","-79.976139","","11","0","0","0","0","0","0","0","0","","0","0","0","","","1","","0","","40 26:53.200","","0","79 58:34.100","8","0","0","0","2301","0","0","0","N","0","0","0","2","02301","0","","1.0","","1","N","N","","0","","0","0","0","","0","N","","2","1","0","0","0","1","0","2","0","2","","","","N","","","","","","","","","",""
"2019060687","","0","0","0","0","0","0","0","0","0","4","0","","02","6","2019","6","40.406487","-79.829886","","11","0","0","0","0","0","1","0","0","","0","0","0","","","0","","1","","40 24:23.354","","0","79 49:47.590","0","0","0","0","2467","0","0","0","N","0","0","0","4","02467","0","","1.0","","1","N","N","","0","","0","0","1","","2","","","2","0","0","0","0","0","0","2","1","2","","","","N","","","","","","","","","",""
"2019060435","","0","0","0","0","0","0","0","0","0","7","0","","02","6","2019","5","40.34441","-79.88402","","11","0","0","0","0","0","0","0","0","","0","0","0","","","1","","3","","40 20:39.875","","3","79 53:02.472","8","0","0","1","2433","0","0","0","N","0","0","0","2","02433","0","","3.0","","9","N","N","","0","","0","0","0","","3","","","1","1","0","0","0","1","0","2","0","1","","","","N","","","","","","","","","",""
"2019061190","","2","0","0","0","0","0","0","0","0","1","0","","02","6","2019","1","40.656221","-79.95456","","11","0","0","0","0","0","0","0","0","","0","0","0","","","3","","0","","40 39:22.394","","0","79 57:16.416","3","0","0","0","2217","0","0","0","N","0","0","0","3","02505","1","","1.0","","1","N","N","","0","","2","0","0","","0","","","2","3","0","0","0","0","0","2","0","2","","","","N","","","","","","","","","",""
"2019080625","","1","0","0","0","0","0","0","0","0","1","0","","02","8","2019","7","40.398607","-79.876843","","11","0","0","0","0","0","1","0","0","1","0","0","0","","","0","","0","","40 23:54.986","2","0","79 52:36.634","0","0","0","0","2473","0","0","0","N","0","0","0","6","02473","0","","1.0","","1","N","N","","0","","0","0","1","","0","Y","","2","0","0","0","0","0","0","2","0","2","","","","N","","","","","","","","","",""