"CRN","ARRIVAL_TM","AUTOMOBILE_COUNT","BELTED_DEATH_COUNT","BELTED_SUSP_SERIOUS_INJ_COUNT","BICYCLE_COUNT","BICYCLE_DEATH_COUNT","BICYCLE_SUSP_SERIOUS_INJ_COUNT","BUS_COUNT","CHLDPAS_DEATH_COUNT","CHLDPAS_SUSP_SERIOUS_INJ_COUNT","COLLISION_TYPE","COMM_VEH_COUNT","CONS_ZONE_SPD_LIM","COUNTY","CRASH_MONTH","CRASH_YEAR","DAY_OF_WEEK","DEC_LATITUDE","DEC_LONGITUDE","DISPATCH_TM","DISTRICT","DRIVER_COUNT_16YR","DRIVER_COUNT_17YR","DRIVER_COUNT_18YR","DRIVER_COUNT_19YR","DRIVER_COUNT_20YR","DRIVER_COUNT_50_64YR","DRIVER_COUNT_65_74YR","DRIVER_COUNT_75PLUS","EST_HRS_CLOSED","FATAL_COUNT","HEAVY_TRUCK_COUNT","HORSE_BUGGY_COUNT","HOUR_OF_DAY","ILLUMINATION","INJURY_COUNT","INTERSECTION_RELATED","INTERSECT_TYPE","LANE_CLOSED","LATITUDE","LN_CLOSE_DIR","LOCATION_TYPE","LONGITUDE","MAX_SEVERITY_LEVEL","MCYCLE_DEATH_COUNT","MCYCLE_SUSP_SERIOUS_INJ_COUNT","MOTORCYCLE_COUNT","MUNICIPALITY","NONMOTR_COUNT","NONMOTR_DEATH_COUNT","NONMOTR_SUSP_SERIOUS_INJ_COUNT","NTFY_HIWY_MAINT","PED_COUNT","PED_DEATH_COUNT","PED_SUSP_SERIOUS_INJ_COUNT","PERSON_COUNT","POLICE_AGCY","POSSIBLE_INJ_COUNT","RDWY_SURF_TYPE_CD","RELATION_TO_ROAD","ROADWAY_CLEARED","ROAD_CONDITION","SCH_BUS_IND","SCH_ZONE_IND","SECONDARY_CRASH","SMALL_TRUCK_COUNT","SPEC_JURIS_CD","SUSP_MINOR_INJ_COUNT","SUSP_SERIOUS_INJ_COUNT","SUV_COUNT","TCD_FUNC_CD","TCD_TYPE","TFC_DETOUR_IND","TIME_OF_DAY","TOTAL_UNITS","TOT_INJ_COUNT","UNBELTED_OCC_COUNT","UNB_DEATH_COUNT","UNB_SUSP_SERIOUS_INJ_COUNT","UNK_INJ_DEG_COUNT","UNK_INJ_PER_COUNT","URBAN_RURAL","VAN_COUNT","VEHICLE_COUNT","WEATHER1","WEATHER2","WORKERS_PRES","WORK_ZONE_IND","WORK_ZONE_LOC","WORK_ZONE_TYPE","WZ_CLOSE_DETOUR","WZ_FLAGGER","WZ_LAW_OFFCR_IND","WZ_LN_CLOSURE","WZ_MOVING","WZ_OTHER","WZ_SHLDER_MDN","WZ_WORKERS_INJ_KILLED"
"2019099896","","1","0","0","0","0","0","0","0","0","4","0","","02","10","2019","6","40.438073","-79.994419","","11","0","0","0","0","0","0","0","0","9","0","0","0","","","0","","1","","40 26:17.063","","0","79 59:39.909","0","0","0","0","2301","0","0","0","N","0","0","0","2","02301","0","","1.0","","1","N","N","","0","","0","0","0","","2","N","","2","0","0","0","0","0","0","2","0","2","","","","N","","","","","","","","","",""
"2019116043","","2","0","0","0","0","0","0","0","0","1","0","","02","11","2019","3","40.454105","-79.949982","","11","0","0","0","0","0","0","0","0","","0","0","0","","","1","","1","","40 27:14.778","","0","79 56:59.936","8","0","0","0","2301","0","0","0","N","0","0","0","3","02301","0","","1.0","","2","N","N","N","0","","0","0","0","","0","","","2","1","0","0","0","1","0","2","0","2","","","","N","","","","","","","","","",""
"2019132869","","1","0","0","0","0","0","0","0","0","7","0","","02","12","2019","2","40.490434","-79.783118","","11","0","0","0","0","0","0","0","1","","0","0","0","","","1","N","2","","40 29:25.561","7","0","79 46:59.226","8","0","0","0","2466","0","0","0","N","0","0","0","1","02466","0","","2.0","1837.0","1","N","N","N","0","","0","0","0","","3","Y","","1","1","0","0","0","1","0","2","0","1","","","","N","","","","","","","","","",""
"2019119819","","1","0","0","0","0","0","0","0","0","7","0","","02","11","2019","6","40.444034","-80.027928","","11","0","0","0","0","0","0","0","0","","0","0","0","","","0","N","0","","40 26:38.524","","0","80 01:40.540","0","0","0","0","2301","0","0","0","N","0","0","0","1","02301","0","","4.0","","1","N","N","N","0","","0","0","0","","0","","","1","0","0","0","0","0","0","2","0","1","","03","","N","","","","","","","","","",""
"2019114664","","2","0","0","0","0","0","0","0","0","4","0","","02","10","2019","6","40.453918","-79.913292","","11","0","0","0","0","0","0","1","0","","0","0","0","","","0","","2","","40 27:14.106","","0","79 54:47.851","0","0","0","0","2301","0","0","0","N","0","0","0","2","02301","0","","1.0","","1","N","N","N","0","","0","0","0","","0","","","2","0","0","0","0","0","0","2","0","2","","03","","N","","","","","","","","","",""
"2019073082","","2","0","0","0","0","0","0","0","0","4","0","","02","7","2019","1","40.454029","-79.912399","","11","0","0","1","0","0","1","0","0","","0","0","0","","","0","","1","","40 27:14.504","","0","79 54:44.638","0","0","0","0","2301","0","0","0","N","0","0","0","3","02301","0","","1.0","","1","N","N","","0","","0","0","0","","2","","","2","0","0","0","0","0","0","2","0","2","","","","N","","","","","","","","","",""
"2019116448","","1","0","0","0","0","0","0","0","0","1","0","","02","11","2019","5","40.449547","-79.930612","","11","0","0","0","0","0","0","1","0","","0","0","0","","","1","N","0","","40 26:58.369","3","0","79 55:50.202","4","0","0","0","2301","0","0","0","N","0","0","0","2","02301","1","","1.0","1625.0","1","N","N","N","0","","0","0","1","","0","N","","2","1","0","0","0","0","0","2","0","2","","","","N","","","","","","","","","",""
"2019054426","","0","0","0","0","0","0","0","0","0","4","1","","02","5","2019","4","40.440493","-79.960229","","11","0","0","0","0","1","0","0","1","1","0","1","0","","","0","","1","","40 26:25.775","4","0","79 57:36.823","0","0","0","0","2301","0","0","0","N","0","0","0","2","02301","0","","1.0","","1","N","N","","0","","0","0","1","","0","N","","2","0","0","0","0","0","0","2","0","2","","","","N","","","","","","","","","",""
"2019120342","","1","0","0","0","0","0","0","0","0","1","0","","02","11","2019","7","40.49637","-79.856918","","11","0","0","0","0","0","0","0","0","","0","0","0","","","0","N","0","","40 29:46.933","","0","79 51:24.903","0","0","0","0","2408","0","0","0","N","0","0","0","1","02408","0","","2.0","","1","N","N","Y","1","","0","0","0","","0","","","3","0","0","0","0","0","0","2","1","3","","","","N","","","","","","","","","",""
"2019061627","","1","0","0","0","0","0","0","0","0","4","0","","02","6","2019","2","40.492049","-80.048427","","11","0","0","0","0","0","0","0","0","1","0","0","0","","","0","","2","","40 29:31.376","7","0","80 02:54.337","0","0","0","0","2404","0","0","0","N","0","0","0","2","02404","0","","1.0","","1","N","N","","0","","0","0","1","","0","N","","2","0","1","0","0","0","0","2","0","2","","","","N","","","","","","","","","",""
"2019057059","","0","0","0","0","0","0","0","0","0","4","0","","02","6","2019","3","40.347612","-80.026902","","11","0","0","0","1","0","0","0","0","","0","0","0","","","0","","0","","40 20:51.403","","0","80 01:36.848","0","0","0","0","2407","0","0","0","N","0","0","0","2","02407","0","","1.0","","1","N","N","","0","","0","0","2","","0","","","2","0","0","0","0","0","0","2","0","2","","","","N","","","","","","","","","",""
"2019056109","","1","0","0","0","0","0","0","0","0","7","0","","02","6","2019","2","40.423028","-79.96","","11","0","0","0","0","0","0","0","0","","0","0","0","","","1","","0","","40 25:22.900","","7","79 57:36.000","4","0","0","0","2301","0","0","0","Y","0","0","0","1","02301","1","","1.0","","1","N","N","","0","","0","0","0","","0","","","1","1","0","0","0","0","0","2","0","1","","","","N","","","","","","","","","",""
"2019091222","","1","0","0","0","0","0","0","0","0","4","0","","02","9","2019","3","40.454197","-79.948663","","11","0","0","0","0","0","1","0","0","1","0","0","0","","","1","N","0","","40 27:15.109","3","7","79 56:55.187","3","0","0","0","2301","0","0","0","N","0","0","0","2","02301","0","","1.0","","1","N","N","","0","","1","0","1","","0","N","","2","1","0","0","0","0","0","2","0","2","","","","N","","","","","","","","","",""
"2019116712","","2","0","0","0","0","0","0","0","0","1","0","","02","11","2019","5","40.444469","-80.099084","","11","0","0","0","0","0","0","0","0","","0","0","0","","","0","N","0","","40 26:40.090","3","0","80 05:56.703","0","0","0","0","2115","0","0","0","N","0","0","0","2","02115","0","","1.0","2240.0","1","N","N","N","0","","0","0","0","","0","N","","2","0","0","0","0","0","0","2","0","2","","03","","N","","","","","","","","","",""
"2019116327","","0","0","0","0","0","0","0","0","0","7","0","","02","11","2019","5","40.632453","-80.001767","","11","0","0","0","0","0","0","0","1","","0","0","0","","","1","","0","","40 37:56.830","","0","80 00:06.362","8","0","0","0","2216","0","0","0","N","0","0","0","1","02505","0","","5.0","","1","N","N","N","0","","0","0","1","","0","N","","1","1","0","0","0","1","0","2","0","1","","","","N","","","","","","","","","",""
"2019101303","","2","0","0","0","0","0","0","0","0","5","0","","02","10","2019","3","40.451763","-80.017557","","11","0","0","0","0","0","0","1","0","","0","0","0","","","1","","0","","40 27:06.345","","0","80 01:03.206","3","0","0","0","2301","0","0","0","N","0","0","0","2","02301","0","","1.0","","1","N","N","","0","","1","0","0","","0","N","","2","1","1","0","0","0","0","2","0","2","","","","N","","","","","","","","","",""
"2019060100","","1","0","0","0","0","0","0","0","0","1","0","","02","6","2019","5","40.455549","-79.992661","","11","0","0","0","0","1","1","0","0","2","0","0","0","","","0","","0","","40 27:19.976","1","0","79 59:33.581","0","0","0","0","2301","0","0","0","N","0","0","0","3","02301","0","","1.0","","9","N","N","","0","","0","0","1","","0","N","","2","0","0","0","0","0","0","2","0","2","","","","N","","","","","","","","","",""
"2019057265","","1","0","0","0","0","0","0","0","0","2","0","","02","6","2019","7","40.652306","-79.792583","","11","0","0","0","0","0","0","0","0","","0","0","0","","","1","","1","","40 39:08.301","","0","79 47:33.297","8","0","0","0","2202","0","0","0","Y","0","0","0","3","68D02","0","","1.0","","1","N","N","","0","","0","0","1","","3","","","2","1","1","0","0","1","0","1","0","2","","","","N","","","","","","","","","",""
"2019098290","","1","0","0","0","0","0","0","0","0","4","0","","02","10","2019","3","40.637998","-80.06342","","11","0","0","0","0","0","1","0","0","","0","0","0","","","0","","1","","40 38:16.792","","0","80 03:48.312","0","0","0","0","2216","0","0","0","N","0","0","0","2","02505","0","","1.0","","1","N","N","","1","","0","0","0","","2","N","","2","0","0","0","0","0","0","2","0","2","","","","N","","","","","","","","","",""
"2019061490","","0","0","0","0","0","0","0","0","0","7","0","","02","6","2019","2","40.459716","-79.842708","","11","0","0","0","0","0","0","0","0","2","0","0","0","","","0","","0","","40 27:34.977","5","0","79 50:33.750","0","0","0","0","2113","0","0","0","N","0","0","0","1","02113","0","","5.0","","1","N","N","","0","","0","0","1","","0","Y","","1","0","0","0","0","0","0","2","0","1","","","","N","","","","","","","","","",""
"2019117582","","2","0","0","0","0","0","0","0","0","4","0","","02","11","2019","4","40.508248","-79.951885","","11","0","0","0","0","0","1","0","0","","0","0","0","","","1","N","2","","40 30:29.694","","0","79 57:06.787","8","0","0","0","2118","0","0","0","N","0","0","0","2","02118","0","","1.0","","1","N","N","N","0","","0","0","0","","3","N","","2","1","0","0","0","1","0","2","0","2","","03","","N","","","","","","","","","",""
"2019067445","","0","0","0","0","0","0","0","0","0","1","0","","02","7","2019","5","40.360796","-79.932996","","11","0","0","0","0","0","2","0","0","","0","0","0","","","1","N","0","","40 21:38.866","","0","79 55:58.787","4","0","0","0","2473","0","0","0","N","0","0","0","2","02473","1","","1.0","","1","N","N","","1","","0","0","1","","0","N","","2","1","0","0","0","0","0","2","0","2","","","","N","","","","","","","","","",""
"2019113546","","1","0","0","0","0","0","0","0","0","1","0","","02","11","2019","4","40.655011","-80.086539","","11","0","0","0","0","0","1","0","0","","0","0","0","","","0","N","0","","40 39:18.038","1","0","80 05:11.542","0","0","0","0","2212","0","0","0","N","0","0","0","2","02505","0","","1.0","910.0","1","N","N","N","0","","0","0","1","","2","N","","2","0","0","0","0","0","0","2","0","2","","","","N","","","","","","","","","",""
"2019102279","","1","0","0","0","0","0","0","0","0","7","0","","02","10","2019","6","40.459645","-79.970091","","11","0","0","0","0","0","0","0","0","2","0","0","0","","","0","","0","","40 27:34.721","4","0","79 58:12.327","0","0","0","0","2301","0","0","0","N","0","0","0","1","02301","0","","4.0","","1","N","N","","0","","0","0","0","","0","Y","","1","0","0","0","0","0","0","2","0","1","","","","N","","","","","","","","","",""
"2019115744","","1","0","0","0","0","0","0","0","0","8","0","","02","11","2019","3","40.430267","-79.975314","","11","0","0","0","0","0","1","0","0","","0","0","0","","","1","N","0","","40 25:48.961","","7","79 58:31.129","2","0","0","0","2301","1","0","1","N","1","0","1","2","02301","0","","6.0","","2","N","N","N","0","","0","1","0","","3","","","2","1","0","0","0","0","0","2","0","1","","08","","N","","","","","","","","","",""
"2019056086","","1","0","0","0","0","0","0","0","0","99","0","","02","6","2019","7","40.43513","-79.986733","","11","0","0","0","0","0","0","0","0","","0","0","0","","","0","","2","","40 26:06.468","","0","79 59:12.238","0","0","0","0","2301","0","0","0","N","0","0","0","0","02301","0","","9.0","","1","N","N","","0","","0","0","0","","0","","","1","0","0","0","0","0","0","2","0","1","","","","N","","","","","","","","","",""
"2019084451","","3","0","0","0","0","0","0","0","0","1","0","","02","8","2019","4","40.438418","-79.963071","","11","0","0","0","0","0","0","0","0","2","0","0","0","","","1","","0","","40 26:18.306","4","0","79 57:47.056","3","0","0","0","2301","0","0","0","N","0","0","0","5","02301","0","","1.0","","1","N","N","","0","","1","0","1","","0","N","","4","1","0","0","0","0","0","2","0","4","","","","N","","","","","","","","","",""
"2019076522","","1","0","0","0","0","0","0","0","0","1","0","","02","7","2019","3","40.509324","-80.091611","","11","0","0","0","0","0","0","0","0","","0","0","0","","","1","","2","","40 30:33.567","","0","80 05:29.798","8","0","0","0","2429","0","0","0","N","0","0","0","2","02215","0","","1.0","","1","N","N","","1","","0","0","0","","0","","","2","1","1","0","0","1","0","2","0","2","","","","N","","","","","","","","","",""
"2019066761","","1","0","0","0","0","0","0","0","0","8","0","","02","7","2019","2","40.451612","-80.001141","","11","0","0","0","0","0","0","1","0","","0","0","0","","","1","","2","","40 27:05.802","","0","80 00:04.106","3","0","0","0","2301","1","0","0","N","1","0","0","2","02301","0","","1.0","","1","N","N","","0","","1","0","0","","0","N","","2","1","0","0","0","0","0","2","0","1","","","","N","","","","","","","","","",""
"2019063465","","1","0","0","0","0","0","0","0","0","7","0","","02","6","2019","4","40.452487","-79.748343","","11","0","0","0","0","1","0","0","0","","0","0","0","","","0","","0","","40 27:08.954","","0","79 44:54.033","0","0","0","0","2446","0","0","0","N","0","0","0","1","02446","0","","4.0","","1","N","N","","0","","0","0","0","","0","","","1","0","0","0","0","0","0","2","0","1","","","","N","","","","","","","","","",""
"2019117217","","2","0","0","0","0","0","0","0","0","4","0","","02","11","2019","6","40.240917","-79.860138","","11","0","0","0","0","0","1","0","0","","0","0","0","","","1","N","1","","40 14:27.300","1","0","79 51:36.495","3","0","0","0","2105","0","0","0","N","0","0","0","3","02105","0","","1.0","1712.0","1","N","N","N","1","","1","0","0","","3","Y","","3","1","0","0","0","0","0","1","0","3","","03","","N","","","","","","","","","",""
"2019055656","","1","0","0","0","0","0","0","0","0","2","0","","02","6","2019","7","40.483733","-79.971798","","11","0","0","0","0","0","1","0","0","2","0","0","0","","","3","","0","","40 29:01.438","5","0","79 58:18.473","3","0","0","0","2445","0","0","0","N","0","0","0","4","02445","0","","1.0","","1","N","N","","0","","3","0","1","","0","Y","","2","3","0","0","0","0","0","2","0","2","","","","N","","","","","","","","","",""
"2019117077","","0","0","0","0","0","0","0","0","0","5","0","","02","11","2019","6","40.274935","-79.894126","","11","0","0","0","1","0","0","0","0","","0","0","0","","","0","N","6","","40 16:29.765","4","8","79 53:38.853","9","0","0","0","2440","0","0","0","Y","0","0","0","2","02440","0","","1.0","600.0","1","N","N","N","2","","0","0","0","","0","Y","","2","0","2","0","0","0","1","2","0","2","","","","N","","","","","","","","","",""
"2019060777","","1","0","0","0","0","0","0","0","0","7","0","","02","6","2019","7","40.348083","-79.840947","","11","0","0","0","0","0","0","0","0","","0","0","0","","","0","","2","","40 20:53.098","","0","79 50:27.409","0","0","0","0","2304","0","0","0","N","0","0","0","1","02304","0","","5.0","","1","N","N","","0","","0","0","0","","0","","","1","0","0","0","0","0","0","2","0","1","","","","N","","","","","","","","","",""
"2019056894","","2","0","0","0","0","0","0","0","0","6","0","","02","6","2019","3","40.273776","-79.900636","","11","0","0","0","0","0","0","0","0","2","0","0","0","","","1","","0","","40 16:25.594","2","0","79 54:02.289","3","0","0","0","2440","0","0","0","N","0","0","0","3","02440","0","","1.0","","1","N","N","","1","","1","0","0","","0","N","","3","1","0","0","0","0","0","2","0","3","","","","N","","","","","","","","","",""
"2019117553","","2","0","0","0","0","0","0","0","0","1","0","","02","11","2019","3","40.509648","-80.003815","","11","0","0","0","0","0","0","0","0","","0","0","0","","","0","N","0","","40 30:34.732","","0","80 00:13.733","0","0","0","0","2116","0","0","0","N","0","0","0","2","02116","0","","1.0","","1","N","N","N","0","","0","0","0","","0","N","","2","0","0","0","0","0","0","2","0","2","","03","","N","","","","","","","","","",""
"2019116709","","2","0","0","0","0","0","0","0","0","5","0","","02","11","2019","6","40.340046","-79.980934","","11","0","0","0","0","0","0","0","1","","0","0","0","","","0","N","0","","40 20:24.165","","0","79 58:51.361","0","0","0","0","2403","0","0","0","N","0","0","0","2","02403","0","","1.0","","1","N","N","N","0","","0","0","0","","0","","","2","0","0","0","0","0","0","2","0","2","","","","N","","","","","","","","","",""
"2019115375","","1","0","0","0","0","0","0","0","0","4","0","","02","11","2019","3","40.513963","-79.959025","","11","0","0","0","0","0","1","0","0","","0","0","0","","","0","N","2","","40 30:50.266","","0","79 57:32.490","0","0","0","0","2118","0","0","0","N","0","0","0","2","02118","0","","1.0","","9","N","N","N","0","","0","0","1","","3","","","2","0","0","0","0","0","0","2","0","2","","","","N","","","","","","","","","",""
"2019060510","","2","0","0","0","0","0","0","0","0","1","0","","02","6","2019","6","40.464287","-79.953338","","11","0","0","0","0","1","0","0","0","","0","0","0","","","0","","2","","40 27:51.433","","0","79 57:12.018","0","0","0","0","2301","0","0","0","N","0","0","0","4","02301","0","","1.0","","1","N","N","","0","","0","0","0","","2","","","2","0","0","0","0","0","0","2","0","2","","","","N","","","","","","","","","",""
"2019094445","","2","0","0","0","0","0","0","0","0","4","0","","02","9","2019","4","40.347801","-79.951656","","11","0","0","0","1","0","0","0","0","","0","0","0","","","0","","2","","40 20:52.082","","0","79 57:05.961","0","0","0","0","2473","0","0","0","N","0","0","0","2","02473","0","","1.0","","1","N","N","","0","","0","0","0","","2","N","","2","0","0","0","0","0","0","2","0","2","","","","N","","","","","","","","","",""
"2019056156","","1","0","0","0","0","0","0","0","0","7","0","","02","6","2019","1","40.537778","-79.995556","","11","0","1","0","0","0","0","0","0","","0","0","0","","","1","","0","","40 32:16.000","","0","79 59:44.000","4","0","0","0","2116","0","0","0","N","0","0","0","1","02116","1","","5.0","","9","N","N","","0","","0","0","0","","0","","","1","1","0","0","0","0","0","2","0","1","","","","N","","","","","","","","","",""
"2019130736","","0","0","0","0","0","0","0","0","0","4","1","","02","12","2019","4","40.348955","-80.104599","","11","0","0","0","0","0","1","0","0","2","0","1","0","","","1","","2","","40 20:56.237","7","0","80 06:16.556","4","0","0","0","2414","0","0","0","N","0","0","0","2","02414","1","","1.0","","9","N","N","","0","","0","0","1","","0","Y","","2","1","0","0","0","0","0","2","0","2","","","","N","","","","","","","","","",""
"2019061445","","1","0","0","0","0","0","0","0","0","7","0","","02","6","2019","2","40.378229","-79.922022","","11","0","0","0","0","0","0","0","0","2","0","0","0","","","0","","0","","40 22:41.624","5","0","79 55:19.278","9","0","0","0","2301","0","0","0","N","0","0","0","1","02301","0","","5.0","","1","N","N","","0","","0","0","0","","0","N","","1","0","0","0","0","0","1","2","0","1","","","","N","","","","","","","","","",""
"2019056508","","1","0","0","0","0","0","0","0","0","1","0","","02","5","2019","4","40.431547","-79.730041","","11","0","0","1","0","0","0","1","0","2","0","0","0","","","1","","0","","40 25:53.568","3","0","79 43:48.147","8","0","0","0","2446","0","0","0","N","0","0","0","5","02446","0","","1.0","","9","N","N","","1","","0","0","1","","0","N","","3","1","0","0","0","1","0","2","0","3","","","","N","","","","","","","","","",""
"2019115212","","1","0","0","0","0","0","0","0","0","7","0","","02","11","2019","2","40.491481","-79.86589","","11","0","0","0","0","0","0","0","0","","0","0","0","","","0","N","1","","40 29:29.330","","0","79 51:57.203","0","0","0","0","2408","0","0","0","N","0","0","0","2","02408","0","","4.0","","1","N","N","N","0","","0","0","0","","2","","","1","0","0","0","0","0","0","2","0","1","","","","N","","","","","","","","","",""
"2019062372","","2","0","0","0","0","0","0","0","0","4","0","","02","6","2019","4","40.39533","-79.997389","","11","0","0","0","0","0","0","0","0","","0","0","0","","","0","","2","","40 23:43.189","","0","79 59:50.600","0","0","0","0","2301","0","0","0","N","0","0","0","2","02301","0","","1.0","","1","N","N","","0","","0","0","0","","3","N","","2","0","0","0","0","0","0","2","0","2","","","","N","","","","","","","","","",""
"2019095384","","1","0","0","0","0","0","0","0","0","7","0","","02","9","2019","1","40.659269","-79.867437","","11","0","0","1","0","0","0","0","0","2","0","0","0","","","0","","0","","40 39:33.367","6","0","79 52:02.772","0","0","0","0","2220","0","0","0","N","0","0","0","1","02220","0","","2.0","","1","N","N","","0","","0","0","0","","0","Y","","1","0","0","0","0","0","0","1","0","1","","","","N","","","","","","","","","",""
"2019102271","","2","0","0","0","0","0","0","0","0","4","0","","02","10","2019","5","40.441751","-79.967183","","11","0","0","0","0","0","1","0","0","2","0","0","0","","","1","","0","","40 26:30.305","6","0","79 58:01.859","4","0","0","0","2301","0","0","0","N","0","0","0","1","02301","1","","1.0","","1","N","N","","0","","0","0","0","","0","Y","","2","1","1","0","0","0","0","2","0","2","","","","N","","","","","","","","","",""
"2019116680","","0","0","0","0","0","0","0","0","0","6","0","","02","11","2019","6","40.651985","-79.944885","","11","0","0","0","0","0","0","0","0","","0","0","0","","","1","N","0","","40 39:07.145","6","0","79 56:41.586","3","0","0","0","2217","0","0","0","N","0","0","0","2","02220","0","","1.0","918.0","2","N","N","N","0","","1","0","2","","0","Y","","2","1","0","0","0","0","0","2","0","2","","","","N","","","","","","","","","",""
"2019117120","","2","0","0","0","0","0","0","0","0","5","0","","02","11","2019","6","40.435851","-79.995309","","11","0","0","0","0","0","0","0","1","","0","0","0","","","0","","2","","40 26:09.064","4","0","79 59:43.112","0","0","0","0","2301","0","0","0","N","0","0","0","3","02301","0","","1.0","1500.0","1","N","N","N","0","","0","0","0","","0","N","","2","0","0","0","0","0","0","2","0","2","","","","N","","","","","","","","","",""
"2019060045","","1","0","0","0","0","0","0","0","0","7","0","","02","6","2019","5","40.499885","-79.796965","","11","0","0","0","0","0","0","0","0","1","0","0","0","","","0","","0","","40 29:59.585","6","0","79 47:49.073","9","0","0","0","2113","0","0","0","N","0","0","0","2","02113","0","","5.0","","9","N","N","","0","","0","0","0","","0","N","","1","0","0","0","0","0","1","2","0","1","","","","N","","","","","","","","","",""
"2019117078","","1","0","0","0","0","0","0","0","0","5","0","","02","11","2019","7","40.438482","-79.961196","","11","0","0","0","0","1","0","0","0","","0","0","0","","","0","N","1","","40 26:18.535","","0","79 57:40.305","0","0","0","0","2301","0","0","0","N","0","0","0","2","02506","0","","1.0","","1","N","N","N","0","","0","0","1","","2","","","2","0","0","0","0","0","0","2","0","2","","","","N","","","","","","","","","",""
"2019120195","","1","0","0","0","0","0","0","0","0","7","0","","02","11","2019","7","40.418321","-80.029871","","11","0","0","1","0","0","0","0","0","","0","0","0","","","0","N","3","","40 25:05.954","","0","80 01:47.537","0","0","0","0","2301","0","0","0","N","0","0","0","1","02301","0","","2.0","","9","N","N","N","0","","0","0","0","","0","N","","1","0","0","0","0","0","0","2","0","1","","","","N","","","","","","","","","",""
"2019060792","","1","0","0","0","0","0","0","0","0","7","0","","02","6","2019","7","40.440417","-79.977778","","11","0","0","0","0","0","0","0","0","3","0","0","0","","","0","","0","","40 26:25.500","3","0","79 58:40.000","0","0","0","0","2301","0","0","0","N","0","0","0","1","02301","0","","5.0","","1","N","N","","0","","0","0","0","","0","Y","","1","0","0","0","0","0","0","2","0","1","","","","N","","","","","","","","","",""
"2019056160","","1","0","0","0","0","0","0","0","0","1","0","","02","6","2019","2","40.481529","-79.876118","","11","0","0","0","0","0","1","0","1","1","0","0","0","","","0","","2","","40 28:53.504","4","0","79 52:34.025","0","0","0","0","2113","0","0","0","N","0","0","0","4","02113","0","","1.0","","1","Y","N","","0","","0","0","1","","2","N","","3","0","0","0","0","0","0","2","1","3","","","","N","","","","","","","","","",""
"2019119239","","1","0","0","0","0","0","0","0","0","4","0","","02","11","2019","4","40.456394","-79.823034","","11","0","0","0","0","0","0","0","0","","0","0","0","","","0","","2","","40 27:23.017","","0","79 49:22.924","9","0","0","0","2113","0","0","0","N","0","0","0","2","02113","0","","1.0","","1","N","N","N","0","","0","0","1","","3","","","2","0","0","0","0","0","1","2","0","2","","03","","N","","","","","","","","","",""
"2019062148","","2","0","0","0","0","0","0","0","0","6","0","","02","6","2019","4","40.644056","-80.129778","","11","0","0","0","0","0","1","0","0","","0","0","0","","","0","","0","","40 38:38.600","","0","80 07:47.200","0","0","0","0","2212","0","0","0","N","0","0","0","2","02505","0","","1.0","","1","N","N","","0","","0","0","0","","0","","","2","0","0","0","0","0","0","1","0","2","","","","N","","","","","","","","","",""
"2019126163","","2","0","0","0","0","0","0","0","0","4","0","","02","11","2019","6","40.510009","-80.093471","","11","0","0","1","0","0","0","0","0","","0","0","0","","","0","","2","","40 30:36.032","","0","80 05:36.494","0","0","0","0","2429","0","0","0","N","0","0","0","2","02215","0","","1.0","","1","N","N","N","0","","0","0","0","","0","N","","2","0","0","0","0","0","0","2","0","2","","","","N","","","","","","","","","",""
"2019114682","","2","0","0","0","0","0","0","0","0","1","0","","02","11","2019","3","40.348259","-79.947345","","11","0","0","0","0","0","0","0","0","","0","0","0","","","0","","1","","40 20:53.731","4","0","79 56:50.441","0","0","0","0","2473","0","0","0","N","0","0","0","2","02473","0","","1.0","1320.0","1","N","N","N","0","","0","0","0","","1","N","","2","0","0","0","0","0","0","2","0","2","","03","","N","","","","","","","","","",""
"2019055517","","1","0","0","0","0","0","0","0","0","1","0","","02","5","2019","6","40.478908","-80.043019","","11","0","0","0","0","0","0","0","0","1","0","0","0","","","0","","1","","40 28:44.067","1","0","80 02:34.868","0","0","0","0","2301","0","0","0","N","0","0","0","2","02301","0","","1.0","","1","N","N","","0","","0","0","1","","2","Y","","2","0","0","0","0","0","0","2","0","2","","","","N","","","","","","","","","",""
"2019056264","","2","0","0","0","0","0","0","0","0","1","0","","02","5","2019","6","40.484222","-79.907838","","11","0","0","0","0","0","0","0","0","1","0","0","0","","","0","","1","","40 29:03.199","2","0","79 54:28.216","0","0","0","0","2301","0","0","0","N","0","0","0","3","02301","0","","1.0","","1","N","N","","0","","0","0","0","","0","Y","","3","0","0","0","0","0","0","2","1","3","","","","N","","","","","","","","","",""
"2019062135","","1","0","0","0","0","0","0","0","0","6","0","","02","6","2019","4","40.439726","-80.023649","","11","0","0","0","0","0","0","0","0","","0","0","0","","","0","","1","","40 26:23.012","","0","80 01:25.137","0","0","0","0","2301","0","0","0","N","0","0","0","2","02301","0","","1.0","","1","N","N","","0","","0","0","1","","3","","","2","0","0","0","0","0","0","2","0","2","","","","N","","","","","","","","","",""