"CRN","ARRIVAL_TM","AUTOMOBILE_COUNT","BELTED_DEATH_COUNT","BELTED_SUSP_SERIOUS_INJ_COUNT","BICYCLE_COUNT","BICYCLE_DEATH_COUNT","BICYCLE_SUSP_SERIOUS_INJ_COUNT","BUS_COUNT","CHLDPAS_DEATH_COUNT","CHLDPAS_SUSP_SERIOUS_INJ_COUNT","COLLISION_TYPE","COMM_VEH_COUNT","CONS_ZONE_SPD_LIM","COUNTY","CRASH_MONTH","CRASH_YEAR","DAY_OF_WEEK","DEC_LATITUDE","DEC_LONGITUDE","DISPATCH_TM","DISTRICT","DRIVER_COUNT_16YR","DRIVER_COUNT_17YR","DRIVER_COUNT_18YR","DRIVER_COUNT_19YR","DRIVER_COUNT_20YR","DRIVER_COUNT_50_64YR","DRIVER_COUNT_65_74YR","DRIVER_COUNT_75PLUS","EST_HRS_CLOSED","FATAL_COUNT","HEAVY_TRUCK_COUNT","HORSE_BUGGY_COUNT","HOUR_OF_DAY","ILLUMINATION","INJURY_COUNT","INTERSECTION_RELATED","INTERSECT_TYPE","LANE_CLOSED","LATITUDE","LN_CLOSE_DIR","LOCATION_TYPE","LONGITUDE","MAX_SEVERITY_LEVEL","MCYCLE_DEATH_COUNT","MCYCLE_SUSP_SERIOUS_INJ_COUNT","MOTORCYCLE_COUNT","MUNICIPALITY","NONMOTR_COUNT","NONMOTR_DEATH_COUNT","NONMOTR_SUSP_SERIOUS_INJ_COUNT","NTFY_HIWY_MAINT","PED_COUNT","PED_DEATH_COUNT","PED_SUSP_SERIOUS_INJ_COUNT","PERSON_COUNT","POLICE_AGCY","POSSIBLE_INJ_COUNT","RDWY_SURF_TYPE_CD","RELATION_TO_ROAD","ROADWAY_CLEARED","ROAD_CONDITION","SCH_BUS_IND","SCH_ZONE_IND","SECONDARY_CRASH","SMALL_TRUCK_COUNT","SPEC_JURIS_CD","SUSP_MINOR_INJ_COUNT","SUSP_SERIOUS_INJ_COUNT","SUV_COUNT","TCD_FUNC_CD","TCD_TYPE","TFC_DETOUR_IND","TIME_OF_DAY","TOTAL_UNITS","TOT_INJ_COUNT","UNBELTED_OCC_COUNT","UNB_DEATH_COUNT","UNB_SUSP_SERIOUS_INJ_COUNT","UNK_INJ_DEG_COUNT","UNK_INJ_PER_COUNT","URBAN_RURAL","VAN_COUNT","VEHICLE_COUNT","WEATHER1","WEATHER2","WORKERS_PRES","WORK_ZONE_IND","WORK_ZONE_LOC","WORK_ZONE_TYPE","WZ_CLOSE_DETOUR","WZ_FLAGGER","WZ_LAW_OFFCR_IND","WZ_LN_CLOSURE","WZ_MOVING","WZ_OTHER","WZ_SHLDER_MDN","WZ_WORKERS_INJ_KILLED"
"2019056184","","2","0","0","0","0","0","0","0","0","4","0","","02","6","2019","2","40.465436","-79.878381","","11","0","0","0","0","0","0","0","0","1","0","0","0","","","0","","3","","40 27:55.570","3","0","79 52:42.170","0","0","0","0","2113","0","0","0","N","0","0","0","2","02113","0","","1.0","","1","N","N","","0","","0","0","0","","3","N","","2","0","0","0","0","0","0","2","0","2","","","","N","","","","","","","","","",""
"2019056994","","1","0","0","0","0","0","0","0","0","7","0","","02","6","2019","4","40.499629","-79.797122","","11","0","0","0","0","0","1","0","0","","0","0","0","","","0","","0","","40 29:58.666","","0","79 47:49.640","0","0","0","0","2113","0","0","0","N","0","0","0","1","02113","0","","5.0","","1","N","N","","0","","0","0","0","","0","N","","1","0","0","0","0","0","0","2","0","1","","","","N","","","","","","","","","",""
"2019118554","","1","0","0","0","0","0","0","0","0","1","0","","02","11","2019","2","40.374992","-79.865061","","11","0","0","0","0","0","0","0","0","","0","0","0","","","1","N","0","","40 22:29.970","3","0","79 51:54.220","8","0","0","0","2473","0","0","0","N","0","0","0","1","02473","0","","4.0","1845.0","1","N","N","N","0","","0","0","2","","0","N","","3","1","1","0","0","1","0","2","0","3","","03","","N","","","","","","","","","",""
"2019056203","","1","0","0","0","0","0","0","0","0","7","0","","02","6","2019","2","40.494306","-80.053056","","11","0","0","1","0","0","0","0","0","","0","0","0","","","0","","0","","40 29:39.500","","0","80 03:11.000","0","0","0","0","2404","0","0","0","N","0","0","0","1","02404","0","","5.0","","1","N","N","","0","","0","0","0","","2","","","1","0","0","0","0","0","0","2","0","1","","","","N","","","","","","","","","",""
"2019116301","","3","0","0","0","0","0","0","0","0","2","0","","02","11","2019","1","40.443848","-79.920569","","11","0","0","0","0","0","0","0","0","","0","0","0","","","0","N","1","","40 26:37.854","7","0","79 55:14.050","0","0","0","0","2301","0","0","0","N","0","0","0","3","02301","0","","1.0","1410.0","1","N","N","N","0","","0","0","0","","2","Y","","3","0","0","0","0","0","0","2","0","3","","03","","N","","","","","","","","","",""
"2019062738","","1","0","0","0","0","0","0","0","0","6","0","","02","6","2019","5","40.457318","-79.909073","","11","0","0","0","0","0","1","0","0","","0","0","0","","","0","","1","","40 27:26.345","","0","79 54:32.662","0","0","0","0","2301","0","0","0","N","0","0","0","2","02301","0","","1.0","","1","N","N","","0","","0","0","0","","2","N","","2","0","1","0","0","0","0","2","1","2","","","","N","","","","","","","","","",""
"2019115781","","1","0","0","0","0","0","0","0","0","1","0","","02","11","2019","4","40.532144","-80.175158","","11","0","0","0","0","0","1","0","0","","0","0","0","","","1","N","0","","40 31:55.719","1","0","80 10:30.569","4","0","0","0","2452","0","0","0","N","0","0","0","2","02458","1","","1.0","650.0","1","N","N","N","0","","0","0","0","","0","N","","2","1","0","0","0","0","0","2","1","2","","03","","N","","","","","","","","","",""
"2019106864","","2","0","0","0","0","0","0","0","0","1","0","","02","10","2019","3","40.362402","-79.981776","","11","0","0","0","0","0","0","0","1","2","0","0","0","","","1","","0","","40 21:44.647","7","0","79 58:54.395","8","0","0","0","2413","0","0","0","N","0","0","0","1","02413","0","","1.0","","1","N","N","","0","","0","0","1","","0","N","","3","1","0","0","0","1","0","2","0","3","","","","N","","","","","","","","","",""
"2019062830","","1","0","0","0","0","0","0","0","0","7","0","","02","6","2019","5","40.649417","-80.098861","","11","0","0","0","0","0","1","0","0","","0","0","0","","","0","","0","","40 38:57.900","","0","80 05:55.900","0","0","0","0","2212","0","0","0","N","0","0","0","1","02505","0","","3.0","","9","N","N","","0","","0","0","0","","0","","","1","0","0","0","0","0","0","2","0","1","","","","N","","","","","","","","","",""
"2019062689","","1","0","0","0","0","0","0","0","0","1","0","","02","6","2019","5","40.445721","-79.848384","","11","0","0","0","0","0","1","0","0","","0","0","0","","","1","","0","","40 26:44.595","","0","79 50:54.184","8","0","0","0","2419","0","0","0","N","0","0","0","2","02419","0","","1.0","","1","N","N","","0","","0","0","0","","0","","","2","1","0","0","0","1","0","2","1","2","","","","N","","","","","","","","","",""
"2019080407","","2","0","0","0","0","0","0","0","0","5","0","","02","8","2019","7","40.428324","-79.931644","","11","0","0","0","0","0","0","0","0","1","0","0","0","","","0","","0","","40 25:41.965","3","0","79 55:53.918","0","0","0","0","2301","0","0","0","N","0","0","0","5","02301","0","","1.0","","1","N","N","","0","","0","0","0","","0","N","","2","0","0","0","0","0","0","2","0","2","","","","N","","","","","","","","","",""
"2019118773","","1","0","0","0","0","0","0","0","0","7","0","","02","11","2019","3","40.666621","-80.019151","","11","0","0","0","0","0","0","0","0","","0","0","0","","","0","N","0","","40 39:59.836","4","0","80 01:08.945","0","0","0","0","2216","0","0","0","N","0","0","0","1","02505","0","","2.0","1653.0","7","N","N","N","0","","0","0","0","","0","N","","1","0","0","0","0","0","0","2","0","1","","","","N","","","","","","","","","",""
"2019055526","","0","0","0","0","0","0","0","0","0","7","0","","02","5","2019","5","40.380972","-79.877139","","11","0","0","0","0","0","0","0","0","","0","0","0","","","0","","0","","40 22:51.500","","7","79 52:37.700","0","0","0","0","2473","0","0","0","N","0","0","0","0","02473","0","","5.0","","1","N","N","","0","","0","0","1","","0","","","1","0","0","0","0","0","0","2","0","1","","","","N","","","","","","","","","",""
"2019122688","","2","0","0","0","0","0","0","0","0","2","0","","02","11","2019","6","40.294156","-79.892033","","11","0","0","0","0","0","0","0","1","","0","0","0","","","1","N","0","","40 17:38.961","","0","79 53:31.318","3","0","0","0","2302","0","0","0","N","0","0","0","1","02302","0","","2.0","","1","N","N","N","0","","1","0","0","","0","N","","2","1","0","0","0","0","0","2","0","2","","","","N","","","","","","","","","",""
"2019060689","","1","0","0","0","0","0","0","0","0","1","0","","02","6","2019","6","40.665542","-80.018388","","11","0","0","0","0","0","0","0","1","","0","0","0","","","1","","1","","40 39:55.951","","0","80 01:06.195","3","0","0","0","2216","0","0","0","N","0","0","0","4","02505","0","","1.0","","1","N","N","","0","","1","0","0","","0","","","2","1","0","0","0","0","0","2","1","2","","","","N","","","","","","","","","",""
"2019065384","","2","0","0","0","0","0","0","0","0","1","0","","02","6","2019","5","40.497816","-80.060151","","11","0","0","0","0","0","0","0","0","1","0","0","0","","","1","","1","","40 29:52.138","6","0","80 03:36.544","8","0","0","0","2404","0","0","0","N","0","0","0","2","02404","0","","1.0","","1","N","N","","0","","0","0","0","","2","Y","","2","1","1","0","0","1","0","2","0","2","","","","N","","","","","","","","","",""
"2019112873","","2","0","0","0","0","0","0","0","0","2","0","","02","11","2019","4","40.445627","-79.931186","","11","0","0","0","0","0","0","1","1","2","0","0","0","","","2","","2","","40 26:44.258","4","0","79 55:52.271","3","0","0","0","2301","0","0","0","N","0","0","0","2","02301","0","","1.0","1330.0","1","N","N","N","0","","2","0","0","","0","Y","","2","2","0","0","0","0","0","2","0","2","","","","N","","","","","","","","","",""
"2019117577","","2","0","0","0","0","0","0","0","0","4","0","","02","11","2019","7","40.529762","-79.779078","","11","0","0","0","0","0","1","0","1","","0","0","0","","","1","","2","","40 31:47.144","4","0","79 46:44.682","3","0","0","0","2466","0","0","0","N","0","0","0","2","02466","0","","1.0","2004.0","1","N","N","N","0","","1","0","0","","0","N","","2","1","0","0","0","0","0","2","0","2","","","","N","","","","","","","","","",""
"2019055703","","1","0","0","0","0","0","0","0","0","2","0","","02","6","2019","7","40.401721","-80.032479","","11","0","0","0","0","0","1","0","0","2","0","0","0","","","2","","2","","40 24:06.195","7","0","80 01:56.924","3","0","0","0","2301","0","0","0","N","0","0","0","2","02301","0","","1.0","","1","N","N","","1","","2","0","0","","0","Y","","2","2","1","0","0","0","0","2","0","2","","","","N","","","","","","","","","",""
"2019054659","","2","0","0","0","0","0","0","0","0","1","0","","02","5","2019","4","40.405049","-80.083595","","11","0","0","0","0","0","0","0","0","","0","0","0","","","0","","0","","40 24:18.175","","0","80 05:00.941","0","0","0","0","2415","0","0","0","N","0","0","0","3","02415","0","","1.0","","9","N","N","","0","","0","0","0","","0","","","3","0","0","0","0","0","0","2","1","3","","","","N","","","","","","","","","",""
"2019119363","","1","0","0","0","0","0","0","0","0","7","0","","02","11","2019","4","40.308294","-79.892937","","11","0","0","0","0","0","0","0","0","","0","0","0","","","1","N","0","","40 18:29.857","6","0","79 53:34.573","4","0","0","0","2302","0","0","0","N","0","0","0","1","02302","1","","5.0","2200.0","1","N","N","N","0","","0","0","0","","0","N","","1","1","0","0","0","0","0","2","0","1","","","","N","","","","","","","","","",""
"2019115732","","2","0","0","0","0","0","0","0","0","1","0","","02","11","2019","3","40.629324","-80.056542","","11","0","0","0","0","0","1","0","0","","0","0","0","","","0","N","3","","40 37:45.567","2","0","80 03:23.551","0","0","0","0","2216","0","0","0","N","0","0","0","2","02505","0","","1.0","852.0","1","N","N","N","0","","0","0","0","","3","N","","2","0","0","0","0","0","0","2","0","2","","03","","N","","","","","","","","","",""
"2019116446","","2","0","0","0","0","0","0","0","0","1","0","","02","11","2019","3","40.515802","-79.959103","","11","0","0","1","0","0","1","0","0","","0","0","0","","","1","","2","","40 30:56.888","5","0","79 57:32.769","3","0","0","0","2118","0","0","0","N","0","0","0","4","02118","0","","1.0","2208.0","1","N","N","N","0","","1","0","1","","0","Y","","4","1","0","0","0","0","0","2","1","4","","03","","N","","","","","","","","","",""
"2019129509","","0","0","0","0","0","0","0","0","0","1","0","","02","12","2019","2","40.322611","-79.79569","","11","0","0","0","0","0","0","0","1","","0","0","0","","","0","","0","","40 19:21.398","","0","79 47:44.485","0","0","0","0","2477","0","0","0","N","0","0","0","1","02477","0","","4.0","","9","N","N","","0","","0","0","2","","0","","","2","0","0","0","0","0","0","2","0","2","","","","N","","","","","","","","","",""
"2019121936","","2","0","0","0","0","0","0","0","0","4","0","","02","11","2019","3","40.536443","-80.17883","","11","0","0","0","0","0","0","1","0","","0","0","0","","","0","","1","","40 32:11.194","","0","80 10:43.788","0","0","0","0","2458","0","0","0","N","0","0","0","3","02458","0","","1.0","","1","N","N","N","0","","0","0","0","","3","","","2","0","0","0","0","0","0","2","0","2","","","","N","","","","","","","","","",""
"2019054588","","1","0","0","0","0","0","0","0","0","4","0","","02","5","2019","4","40.47272","-79.935903","","11","0","0","0","0","0","0","0","0","","0","0","0","","","0","","3","","40 28:21.792","","0","79 56:09.250","0","0","0","0","2301","0","0","0","N","0","0","0","2","02301","0","","1.0","","9","N","N","","0","","0","0","1","","3","","","2","0","0","0","0","0","0","2","0","2","","","","N","","","","","","","","","",""
"2019114127","","1","0","0","0","0","0","0","0","0","1","0","","02","11","2019","3","40.541701","-80.03594","","11","0","0","0","0","0","0","1","0","","0","0","0","","","0","N","0","","40 32:30.124","2","0","80 02:09.385","0","0","0","0","2116","0","0","0","N","0","0","0","2","02116","0","","1.0","1720.0","1","N","N","N","0","","0","0","1","","0","N","","2","0","0","0","0","0","0","2","0","2","","","","N","","","","","","","","","",""
"2019112963","","1","0","0","0","0","0","0","0","0","4","0","","02","11","2019","4","40.411466","-79.943774","","11","0","0","0","0","0","0","0","1","","0","0","0","","","0","","1","","40 24:41.277","","0","79 56:37.586","0","0","0","0","2301","0","0","0","N","0","0","0","3","02301","0","","1.0","","1","N","N","","1","","0","0","0","","0","","","2","0","0","0","0","0","0","2","0","2","","","","N","","","","","","","","","",""
"2019116682","","1","0","0","0","0","0","0","0","0","1","0","","02","11","2019","6","40.424828","-79.984668","","11","0","0","0","0","0","0","0","0","","0","0","0","","","1","N","0","","40 25:29.381","","0","79 59:04.805","3","0","0","0","2301","0","0","0","N","0","0","0","1","02301","0","","6.0","","1","N","N","N","1","","1","0","0","","0","","","2","1","0","0","0","0","0","2","0","2","","","","N","","","","","","","","","",""
"2019115639","","2","0","0","0","0","0","0","0","0","1","0","","02","11","2019","3","40.470628","-79.932814","","11","0","0","0","0","0","0","0","0","","0","0","0","","","1","N","2","","40 28:14.261","","0","79 55:58.129","8","0","0","0","2301","0","0","0","N","0","0","0","6","02301","0","","1.0","","7","N","Y","N","0","","0","0","0","","0","","","2","1","0","0","0","1","0","2","0","2","","","","N","","","","","","","","","",""
"2019063399","","2","0","0","0","0","0","0","0","0","1","0","","02","6","2019","1","40.433419","-79.894463","","11","0","0","0","0","0","0","1","0","2","0","0","0","","","2","","0","","40 26:00.308","2","0","79 53:40.068","3","0","0","0","2463","0","0","0","N","0","0","0","8","02463","0","","1.0","","9","N","N","","0","","2","0","0","","2","Y","","2","2","6","0","0","0","0","2","0","2","","","","N","","","","","","","","","",""
"2019061622","","1","0","1","0","0","0","0","0","0","4","0","","02","6","2019","2","40.503834","-80.134957","","11","0","0","0","0","0","1","0","0","2","0","0","0","","","2","","2","","40 30:13.802","2","2","80 08:05.845","2","0","0","0","2115","0","0","0","N","0","0","0","3","02115","0","","1.0","","1","N","N","","0","","1","1","1","","3","N","","2","2","0","0","0","0","0","2","0","2","","","","N","","","","","","","","","",""
"2019117849","","2","0","0","0","0","0","0","0","0","6","0","","02","10","2019","3","40.495603","-79.929079","","11","0","0","0","0","0","0","1","0","","0","0","0","","","0","N","0","","40 29:44.170","","0","79 55:44.685","0","0","0","0","2461","0","0","0","N","0","0","0","2","02461","0","","1.0","","1","N","N","N","0","","0","0","0","","0","","","2","0","0","0","0","0","0","2","0","2","","","","N","","","","","","","","","",""
"2019054778","","1","0","0","0","0","0","0","0","0","2","0","","02","5","2019","5","40.438959","-80.072957","","11","0","0","0","0","0","1","0","0","1","0","0","0","","","2","","2","","40 26:20.252","3","0","80 04:22.646","3","0","0","0","2421","0","0","0","N","0","0","0","2","02421","0","","1.0","","9","N","N","","1","","2","0","0","","2","N","","2","2","0","0","0","0","0","2","0","2","","","","N","","","","","","","","","",""
"2019112279","","1","0","0","0","0","0","0","0","0","7","0","","02","11","2019","7","40.647725","-80.102153","","11","0","0","0","0","0","1","0","0","2","0","0","0","","","1","","0","","40 38:51.809","4","0","80 06:07.750","3","0","0","0","2212","0","0","0","N","0","0","0","2","02505","0","","2.0","","2","N","N","","0","","1","0","0","","0","N","","1","1","0","0","0","0","0","2","0","1","","","","N","","","","","","","","","",""
"2019114128","","1","0","0","0","0","0","0","0","0","4","0","","02","11","2019","6","40.625572","-80.05774","","11","0","0","0","0","0","2","0","0","","0","0","0","","","0","N","2","","40 37:32.058","5","0","80 03:27.863","0","0","0","0","2216","0","0","0","N","0","0","0","2","02505","0","","1.0","1830.0","1","N","N","N","1","","0","0","0","","3","N","","2","0","0","0","0","0","0","2","0","2","","04","","N","","","","","","","","","",""
"2019071073","","2","0","0","0","0","0","0","0","0","1","0","","02","7","2019","2","40.350825","-80.009435","","11","0","0","0","0","0","0","0","1","","0","0","0","","","0","","0","","40 21:02.969","","0","80 00:33.965","0","0","0","0","2403","0","0","0","N","0","0","0","1","02403","0","","5.0","","1","N","N","","0","","0","0","0","","0","N","","2","0","0","0","0","0","0","2","0","2","","","","N","","","","","","","","","",""
"2019094021","","1","0","0","0","0","0","0","0","0","7","0","","02","9","2019","3","40.49275","-80.048796","","11","0","0","0","0","0","0","0","0","2","0","0","0","","","1","","0","","40 29:33.899","5","0","80 02:55.666","3","0","0","0","2404","0","0","0","N","0","0","0","1","02404","0","","4.0","","1","N","N","","0","","1","0","0","","0","Y","","1","1","1","0","0","0","0","2","0","1","","","","N","","","","","","","","","",""
"2019120523","","1","0","0","0","0","0","0","0","0","4","0","","02","11","2019","5","40.406153","-80.234314","","11","0","0","0","0","0","1","0","0","","0","0","0","","","0","","1","","40 24:22.149","1","0","80 14:03.532","0","0","0","0","2214","0","0","0","N","0","0","0","2","02214","0","","1.0","1600.0","1","N","N","N","1","","0","0","0","","0","N","","2","0","0","0","0","0","0","1","0","2","","03","","N","","","","","","","","","",""
"2019108630","","2","0","0","0","0","0","0","0","0","4","0","","02","10","2019","1","40.331647","-79.986144","","11","0","0","0","0","0","1","1","0","","0","0","0","","","0","","2","","40 19:53.929","3","0","79 59:10.119","0","0","0","0","2403","0","0","0","N","0","0","0","2","02403","0","","1.0","930.0","1","N","N","N","0","","0","0","0","","2","N","","2","0","0","0","0","0","0","2","0","2","","","","N","","","","","","","","","",""
"2019110370","","2","0","0","0","0","0","0","0","0","1","0","","02","10","2019","5","40.458743","-79.823261","","11","0","0","0","0","0","1","1","1","1","0","0","0","","","2","N","0","","40 27:31.473","5","0","79 49:23.741","8","0","0","0","2113","0","0","0","N","0","0","0","3","02113","0","","1.0","1345.0","9","N","N","N","0","","0","0","1","","0","N","","3","2","0","0","0","2","0","2","0","3","","","","N","","","","","","","","","",""
"2019117383","","1","0","0","0","0","0","0","0","0","7","0","","02","11","2019","4","40.500153","-80.032519","","11","0","0","0","0","0","0","0","0","","0","0","0","","","0","N","0","","40 30:00.552","","0","80 01:57.069","0","0","0","0","2116","0","0","0","N","0","0","0","1","02116","0","","5.0","","1","N","N","N","0","","0","0","0","","0","N","","1","0","1","0","0","0","0","2","0","1","","03","","N","","","","","","","","","",""
"2019056505","","1","0","0","0","0","0","0","0","0","4","0","","02","6","2019","3","40.342508","-79.964645","","11","0","0","0","0","0","0","0","0","1","0","0","0","","","0","","6","","40 20:33.030","4","2","79 57:52.723","0","0","0","0","2454","0","0","0","N","0","0","0","2","02454","0","","1.0","","1","N","N","","0","","0","0","1","","3","N","","2","0","0","0","0","0","0","2","0","2","","","","N","","","","","","","","","",""
"2019086363","","2","0","0","0","0","0","0","0","0","1","0","","02","8","2019","3","40.455272","-79.717443","","11","0","0","0","0","0","1","0","0","2","0","0","0","","","1","","3","","40 27:18.978","2","0","79 43:02.794","3","0","0","0","2466","0","0","0","Y","0","0","0","3","02466","0","","1.0","","1","N","N","","0","","1","0","1","","3","N","","3","1","0","0","0","0","0","2","0","3","","","","N","","","","","","","","","",""
"2019057255","","2","0","0","0","0","0","0","0","0","1","0","","02","5","2019","5","40.490133","-79.911445","","11","0","0","0","0","0","0","0","0","2","0","0","0","","","2","","0","","40 29:24.477","1","3","79 54:41.203","3","0","0","0","2112","0","0","0","N","0","0","0","2","68D02","0","","1.0","","9","N","N","","0","","2","0","0","","0","N","","2","2","0","0","0","0","0","2","0","2","","","","N","","","","","","","","","",""
"2019119276","","1","0","0","0","0","0","0","0","0","0","0","","02","11","2019","3","40.48339","-79.756836","","11","0","0","0","0","0","0","1","0","","0","0","0","","","0","N","2","","40 29:00.204","1","0","79 45:24.609","0","0","0","0","2466","0","0","0","N","0","0","0","1","02466","0","","1.0","1134.0","1","N","N","N","0","","0","0","0","","0","N","","1","0","0","0","0","0","0","2","0","1","","03","","N","","","","","","","","","",""
"2019064175","","0","0","0","0","0","0","0","0","0","4","0","","02","6","2019","3","40.354064","-80.005068","","11","0","0","1","0","0","0","0","0","2","0","0","0","","","0","","1","","40 21:14.630","3","0","80 00:18.244","0","0","0","0","2476","0","0","0","N","0","0","0","4","02476","0","","1.0","","1","N","N","","0","","0","0","2","","3","Y","","2","0","0","0","0","0","0","2","0","2","","","","N","","","","","","","","","",""
"2019113906","","2","0","0","0","0","0","0","0","0","1","0","","02","11","2019","6","40.481355","-79.953785","","11","0","0","0","0","0","0","0","0","","0","0","0","","","0","","0","","40 28:52.879","","0","79 57:13.627","0","0","0","0","2301","0","0","0","N","0","0","0","2","02301","0","","6.0","","1","N","N","N","0","","0","0","0","","0","","","2","0","0","0","0","0","0","2","0","2","","03","","N","","","","","","","","","",""
"2019093228","","0","0","0","0","0","0","0","0","0","2","0","","02","9","2019","3","40.400962","-79.897845","","11","0","0","0","0","0","2","0","0","1","0","0","0","","","0","","0","","40 24:03.462","2","0","79 53:52.242","0","0","0","0","2448","0","0","0","N","0","0","0","4","02448","0","","1.0","","1","N","N","","1","","0","0","1","","0","N","","2","0","0","0","0","0","0","2","0","2","","","","N","","","","","","","","","",""
"2019115260","","1","0","0","0","0","0","0","0","0","7","0","","02","11","2019","3","40.583006","-80.186638","","11","1","0","0","0","0","0","0","0","","0","0","0","","","0","N","0","","40 34:58.820","6","0","80 11:11.895","0","0","0","0","2480","0","0","0","N","0","0","0","2","02480","0","","5.0","916.0","9","N","N","N","0","","0","0","0","","0","Y","","1","0","0","0","0","0","0","1","0","1","","","","N","","","","","","","","","",""
"2019055304","","0","0","0","0","0","0","0","0","0","7","0","","02","5","2019","5","40.499482","-79.955797","","11","0","0","0","1","0","0","0","0","1","0","0","0","","","0","","2","","40 29:58.135","1","0","79 57:20.869","0","0","0","0","2118","0","0","0","N","0","0","0","1","02118","0","","2.0","","1","N","N","","0","","0","0","1","","0","N","","1","0","0","0","0","0","0","2","0","1","","","","N","","","","","","","","","",""
"2019057665","","2","0","0","0","0","0","0","0","0","1","0","","02","6","2019","2","40.641441","-79.93832","","11","0","0","0","0","0","1","0","0","1","0","0","0","","","0","","0","","40 38:29.189","1","0","79 56:17.952","0","0","0","0","2217","0","0","0","N","0","0","0","2","02505","0","","1.0","","1","N","N","","0","","0","0","0","","2","N","","2","0","0","0","0","0","0","2","0","2","","","","N","","","","","","","","","",""
"2019109890","","1","0","0","0","0","0","0","0","0","1","0","99","02","10","2019","4","40.460041","-79.758728","","11","0","0","0","0","0","1","0","0","","0","0","0","","","1","","2","","40 27:36.148","","0","79 45:31.421","4","0","0","0","2466","0","0","0","N","0","0","0","6","02466","1","","1.0","","1","N","N","","0","","0","0","2","","7","N","","3","1","0","0","0","0","0","2","0","3","","","Y","Y","3","1","","Y","N","Y","","","",""
"2019058701","","0","0","0","0","0","0","0","0","0","1","0","","02","6","2019","3","40.543926","-80.043105","","11","0","0","0","0","0","1","0","0","","0","0","0","","","1","","0","","40 32:38.134","","0","80 02:35.179","3","0","0","0","2116","0","0","0","N","0","0","0","2","02116","0","","1.0","","1","","","","1","","1","0","1","","1","","","2","1","0","0","0","0","0","2","0","2","","","","N","","","","","","","","","",""
"2019122880","","0","0","0","0","0","0","0","0","0","8","0","","02","11","2019","3","40.314432","-80.097974","","11","0","0","0","0","0","0","0","1","","0","0","0","","","1","","2","","40 18:51.955","","0","80 05:52.706","2","0","0","0","2123","1","0","1","N","1","0","1","2","02123","0","","2.0","","1","N","N","N","0","","0","1","1","","0","N","","2","1","0","0","0","0","0","2","0","1","","98","","N","","","","","","","","","",""
"2019118775","","1","0","0","0","0","0","0","0","0","7","0","","02","11","2019","3","40.342538","-79.964611","","11","0","0","0","0","0","0","0","0","","0","0","0","","","0","","2","","40 20:33.135","3","0","79 57:52.599","0","0","0","0","2454","0","0","0","Y","0","0","0","1","02454","0","","1.0","2000.0","1","N","N","N","0","","0","0","0","","0","N","","1","0","0","0","0","0","0","2","0","1","","","","N","","","","","","","","","",""
"2019092509","","0","0","0","0","0","0","0","0","0","7","0","","02","9","2019","7","40.398284","-80.141509","","11","0","0","0","0","0","0","1","0","2","0","0","0","","","0","","1","","40 23:53.824","4","0","80 08:29.433","0","0","0","0","2102","0","0","0","N","0","0","0","1","02102","0","","4.0","","1","N","N","","0","","0","0","1","","0","N","","1","0","0","0","0","0","0","2","0","1","","","","N","","","","","","","","","",""
"2019113065","","2","0","0","0","0","0","0","0","0","2","0","","02","11","2019","4","40.577199","-80.026472","","11","0","0","0","0","0","0","1","0","2","0","0","0","","","0","N","0","","40 34:37.917","2","0","80 01:35.298","0","0","0","0","2108","0","0","0","N","0","0","0","2","02108","0","","1.0","1900.0","1","N","N","N","0","","0","0","0","","0","N","","2","0","0","0","0","0","0","2","0","2","","","","N","","","","","","","","","",""
"2019116654","","0","0","0","0","0","0","0","0","0","1","0","","02","11","2019","5","40.521395","-80.07594","","11","0","0","0","0","0","1","0","0","","0","0","0","","","0","Y","0","","40 31:17.023","","0","80 04:33.384","0","0","0","0","2215","0","0","0","N","0","0","0","2","02215","0","","1.0","","1","Y","N","N","1","","0","0","1","","8","","","2","0","0","0","0","0","0","2","0","2","","","","N","","","","","","","","","",""
"2019116535","","2","0","0","0","0","0","0","0","0","5","0","","02","11","2019","5","40.42234","-80.009013","","11","0","0","0","0","0","0","0","0","","0","0","0","","","0","N","0","","40 25:20.425","","0","80 00:32.447","0","0","0","0","2301","0","0","0","N","0","0","0","2","02301","0","","1.0","","1","N","N","N","0","","0","0","0","","0","","","2","0","0","0","0","0","0","2","0","2","","03","","N","","","","","","","","","",""
"2019068369","","2","0","0","0","0","0","0","0","0","0","0","","02","7","2019","2","40.495776","-80.066914","","11","0","0","0","0","0","1","0","0","","0","0","0","","","0","","2","","40 29:44.793","","0","80 04:00.889","0","0","0","0","2402","0","0","0","N","0","0","0","5","02402","0","","1.0","","1","N","N","","0","","0","0","0","","8","N","","2","0","0","0","0","0","0","2","0","2","","","","N","","","","","","","","","",""
"2019121967","","2","0","0","0","0","0","0","0","0","2","0","","02","11","2019","3","40.364077","-80.086912","","11","0","0","0","0","0","0","0","0","","0","0","0","","","0","N","2","","40 21:50.677","1","0","80 05:12.883","0","0","0","0","2117","0","0","0","N","0","0","0","3","02117","0","","1.0","2208.0","1","N","N","N","0","","0","0","0","","2","N","","2","0","0","0","0","0","0","2","0","2","","","","N","","","","","","","","","",""
"2019117137","","1","0","0","0","0","0","0","0","0","1","0","","02","11","2019","6","40.369659","-79.778292","","11","0","0","0","0","0","2","0","0","","0","0","0","","","1","N","1","","40 22:10.771","5","0","79 46:41.852","8","0","0","0","2111","0","0","0","N","0","0","0","2","02111","0","","1.0","1215.0","1","N","N","N","1","","0","0","0","","2","N","","2","1","0","0","0","1","0","2","0","2","","03","","N","","","","","","","","","",""