"CRN","ARRIVAL_TM","AUTOMOBILE_COUNT","BELTED_DEATH_COUNT","BELTED_SUSP_SERIOUS_INJ_COUNT","BICYCLE_COUNT","BICYCLE_DEATH_COUNT","BICYCLE_SUSP_SERIOUS_INJ_COUNT","BUS_COUNT","CHLDPAS_DEATH_COUNT","CHLDPAS_SUSP_SERIOUS_INJ_COUNT","COLLISION_TYPE","COMM_VEH_COUNT","CONS_ZONE_SPD_LIM","COUNTY","CRASH_MONTH","CRASH_YEAR","DAY_OF_WEEK","DEC_LATITUDE","DEC_LONGITUDE","DISPATCH_TM","DISTRICT","DRIVER_COUNT_16YR","DRIVER_COUNT_17YR","DRIVER_COUNT_18YR","DRIVER_COUNT_19YR","DRIVER_COUNT_20YR","DRIVER_COUNT_50_64YR","DRIVER_COUNT_65_74YR","DRIVER_COUNT_75PLUS","EST_HRS_CLOSED","FATAL_COUNT","HEAVY_TRUCK_COUNT","HORSE_BUGGY_COUNT","HOUR_OF_DAY","ILLUMINATION","INJURY_COUNT","INTERSECTION_RELATED","INTERSECT_TYPE","LANE_CLOSED","LATITUDE","LN_CLOSE_DIR","LOCATION_TYPE","LONGITUDE","MAX_SEVERITY_LEVEL","MCYCLE_DEATH_COUNT","MCYCLE_SUSP_SERIOUS_INJ_COUNT","MOTORCYCLE_COUNT","MUNICIPALITY","NONMOTR_COUNT","NONMOTR_DEATH_COUNT","NONMOTR_SUSP_SERIOUS_INJ_COUNT","NTFY_HIWY_MAINT","PED_COUNT","PED_DEATH_COUNT","PED_SUSP_SERIOUS_INJ_COUNT","PERSON_COUNT","POLICE_AGCY","POSSIBLE_INJ_COUNT","RDWY_SURF_TYPE_CD","RELATION_TO_ROAD","ROADWAY_CLEARED","ROAD_CONDITION","SCH_BUS_IND","SCH_ZONE_IND","SECONDARY_CRASH","SMALL_TRUCK_COUNT","SPEC_JURIS_CD","SUSP_MINOR_INJ_COUNT","SUSP_SERIOUS_INJ_COUNT","SUV_COUNT","TCD_FUNC_CD","TCD_TYPE","TFC_DETOUR_IND","TIME_OF_DAY","TOTAL_UNITS","TOT_INJ_COUNT","UNBELTED_OCC_COUNT","UNB_DEATH_COUNT","UNB_SUSP_SERIOUS_INJ_COUNT","UNK_INJ_DEG_COUNT","UNK_INJ_PER_COUNT","URBAN_RURAL","VAN_COUNT","VEHICLE_COUNT","WEATHER1","WEATHER2","WORKERS_PRES","WORK_ZONE_IND","WORK_ZONE_LOC","WORK_ZONE_TYPE","WZ_CLOSE_DETOUR","WZ_FLAGGER","WZ_LAW_OFFCR_IND","WZ_LN_CLOSURE","WZ_MOVING","WZ_OTHER","WZ_SHLDER_MDN","WZ_WORKERS_INJ_KILLED"
"2019113373","","2","0","0","0","0","0","0","0","0","2","0","","02","11","2019","5","40.428698","-79.988577","","11","0","0","0","0","1","0","0","0","","0","0","0","","","1","N","1","","40 25:43.314","","0","79 59:18.878","3","0","0","0","2301","0","0","0","N","0","0","0","3","02301","0","","1.0","","1","N","N","N","0","","1","0","0","","2","","","2","1","2","0","0","0","0","2","0","2","","03","","N","","","","","","","","","",""
"2019113362","","2","0","0","0","0","0","0","0","0","6","0","","02","11","2019","5","40.451857","-79.843824","","11","0","0","0","0","0","0","1","0","","0","0","0","","","0","","2","","40 27:06.686","","0","79 50:37.767","0","0","0","0","2113","0","0","0","N","0","0","0","4","02113","0","","1.0","","9","N","N","N","0","","0","0","0","","0","","","2","0","0","0","0","0","0","2","0","2","","","","N","","","","","","","","","",""
"2019122298","","1","0","0","0","0","0","0","0","0","1","0","","02","11","2019","4","40.65339","-80.066283","","11","1","0","0","0","0","0","0","0","","0","0","0","","","0","N","0","","40 39:12.203","4","0","80 03:58.617","0","0","0","0","2216","0","0","0","N","0","0","0","3","02505","0","","1.0","1936.0","1","N","N","N","0","","0","0","1","","0","Y","","2","0","0","0","0","0","0","2","0","2","","","","N","","","","","","","","","",""
"2019115803","","1","0","0","0","0","0","0","0","0","7","0","","02","11","2019","4","40.489488","-80.05872","","11","0","0","0","0","0","0","0","0","","0","0","0","","","0","N","0","","40 29:22.158","","7","80 03:31.391","0","0","0","0","2404","0","0","0","N","0","0","0","1","02404","0","","4.0","","1","N","N","N","0","","0","0","0","","0","","","1","0","0","0","0","0","0","2","0","1","","03","","N","","","","","","","","","",""
"2019119354","","1","0","0","0","0","0","0","0","0","1","0","","02","11","2019","5","40.673416","-80.098407","","11","0","0","0","0","0","0","0","1","","0","0","0","","","1","","1","","40 40:24.298","5","0","80 05:54.266","8","0","0","0","2212","0","0","0","N","0","0","0","2","02505","0","","1.0","1255.0","1","N","N","N","0","","0","0","1","","2","N","","2","1","0","0","0","1","0","2","0","2","","03","","N","","","","","","","","","",""
"2019057734","","1","0","0","0","0","0","0","0","0","4","0","","02","5","2019","6","40.438871","-79.760628","","11","0","0","0","0","0","0","0","0","2","0","0","0","","","0","","1","","40 26:19.934","1","0","79 45:38.259","0","0","0","0","2446","0","0","0","N","0","0","0","2","02446","0","","1.0","","1","N","N","","1","","0","0","0","","2","N","","2","0","0","0","0","0","0","2","0","2","","","","N","","","","","","","","","",""
"2019056555","","2","0","0","0","0","0","0","0","0","1","0","","02","6","2019","3","40.426923","-79.862979","","11","0","0","0","0","0","0","0","0","1","0","0","0","","","2","","2","","40 25:36.923","4","0","79 51:46.726","3","0","0","0","2431","0","0","0","N","0","0","0","4","02431","0","","1.0","","1","N","N","","0","","2","0","0","","2","N","","2","2","2","0","0","0","0","2","0","2","","","","N","","","","","","","","","",""
"2019115638","","1","0","0","0","0","0","0","0","0","7","0","","02","11","2019","3","40.571036","-79.892871","","11","0","1","0","0","0","0","0","0","","0","0","0","","","0","N","0","","40 34:15.728","5","0","79 53:34.334","0","0","0","0","2209","0","0","0","Y","0","0","0","1","02209","0","","4.0","2000.0","2","N","N","N","0","","0","0","0","","0","N","","1","0","0","0","0","0","0","2","0","1","","06","","N","","","","","","","","","",""
"2019054982","","2","0","0","0","0","0","0","0","0","4","0","","02","5","2019","5","40.482589","-79.938348","","11","0","0","0","0","0","0","0","0","","0","0","0","","","0","","2","","40 28:57.320","","0","79 56:18.052","0","0","0","0","2301","0","0","0","N","0","0","0","2","02301","0","","1.0","","9","N","N","","0","","0","0","0","","3","","","2","0","0","0","0","0","0","2","0","2","","","","N","","","","","","","","","",""
"2019118411","","1","0","0","0","0","0","0","0","0","6","0","","02","11","2019","2","40.318028","-79.898973","","11","0","0","0","0","0","0","0","0","","0","0","0","","","0","Y","0","","40 19:04.902","2","1","79 53:56.302","9","0","0","0","2440","0","0","0","N","0","0","0","5","02440","0","","1.0","1306.0","1","N","N","N","0","","0","0","1","","0","N","","2","0","0","0","0","0","1","2","0","2","","","","N","","","","","","","","","",""
"2019099128","","1","0","0","0","0","0","0","0","0","7","0","","02","10","2019","3","40.435884","-79.785886","","11","0","0","0","0","0","0","0","1","","0","0","0","","","1","","0","","40 26:09.184","","0","79 47:09.191","3","0","0","0","2446","0","0","0","N","0","0","0","2","02446","0","","5.0","","1","N","N","","0","","1","0","0","","0","","","1","1","0","0","0","0","0","2","0","1","","","","N","","","","","","","","","",""
"2019111696","","2","0","0","0","0","0","0","0","0","1","0","","02","11","2019","1","40.478314","-80.0376","","11","0","0","0","0","0","0","0","0","","0","0","0","","","0","Y","0","","40 28:41.931","","0","80 02:15.359","0","0","0","0","2301","0","0","0","N","0","0","0","1","02301","0","","1.0","","1","N","N","N","0","","0","0","0","","0","","","2","0","1","0","0","0","0","2","0","2","","","","N","","","","","","","","","",""
"2019117229","","1","0","0","0","0","0","0","0","0","8","0","","02","11","2019","7","40.424976","-79.928102","","11","0","0","0","0","0","0","0","1","","0","0","0","","","1","N","1","","40 25:29.913","","0","79 55:41.167","4","0","0","0","2301","1","0","0","N","1","0","0","4","02301","1","","1.0","","1","N","N","N","0","","0","0","0","","3","","","2","1","0","0","0","0","0","2","0","1","","","","N","","","","","","","","","",""
"2019057147","","1","0","0","0","0","0","0","0","0","4","0","","02","6","2019","4","40.419067","-80.21039","","11","0","0","0","0","0","0","0","1","","0","0","0","","","2","","2","","40 25:08.642","","0","80 12:37.404","4","0","0","0","2214","0","0","0","N","0","0","0","2","02214","2","","1.0","","9","N","N","","0","","0","0","1","","3","","","2","2","0","0","0","0","0","1","0","2","","","","N","","","","","","","","","",""
"2019119939","","1","0","0","0","0","0","0","0","0","7","0","","02","11","2019","4","40.504167","-80.0225","","11","0","0","0","0","0","0","1","0","","0","0","0","","","0","N","0","","40 30:15.000","3","0","80 01:21.000","0","0","0","0","2116","0","0","0","N","0","0","0","1","02116","0","","2.0","1631.0","1","N","N","N","0","","0","0","0","","0","N","","1","0","0","0","0","0","0","2","0","1","","","","N","","","","","","","","","",""
"2019111065","","1","0","0","0","0","0","0","0","0","8","0","","02","11","2019","6","40.458093","-79.934562","","11","0","0","0","0","0","0","0","0","","0","0","0","","","1","","1","","40 27:29.134","","0","79 56:04.423","4","0","0","0","2301","1","0","0","N","1","0","0","2","02301","1","","1.0","","1","N","N","N","0","","0","0","0","","2","N","","2","1","0","0","0","0","0","2","0","1","","","","N","","","","","","","","","",""
"2019105772","","0","0","0","0","0","0","0","0","0","7","0","","02","10","2019","7","40.455578","-80.047158","","11","0","0","0","0","0","0","0","0","","0","0","0","","","1","","2","","40 27:20.080","","0","80 02:49.768","3","0","0","0","2301","0","0","0","N","0","0","0","1","02301","0","","2.0","","1","N","N","","1","","1","0","0","","0","","","1","1","0","0","0","0","0","2","0","1","","","","N","","","","","","","","","",""
"2019054606","","0","0","0","0","0","0","0","0","0","4","0","","02","5","2019","4","40.441008","-80.238816","","11","0","0","0","0","0","2","0","0","2","0","0","0","","","2","","0","","40 26:27.629","2","7","80 14:19.738","3","0","0","0","2214","0","0","0","N","0","0","0","2","02214","0","","1.0","","9","N","N","","0","","1","0","2","","0","Y","","2","2","0","0","0","1","0","2","0","2","","","","N","","","","","","","","","",""
"2019118771","","1","0","0","0","0","0","0","0","0","7","0","","02","11","2019","7","40.446012","-80.075409","","11","0","0","0","0","0","0","0","0","","0","0","0","","","0","","11","","40 26:45.643","","0","80 04:31.472","0","0","0","0","2439","0","0","0","N","0","0","0","2","02439","0","","5.0","","1","N","N","Y","1","","0","0","0","","0","","","2","0","2","0","0","0","0","2","0","2","","","","N","","","","","","","","","",""
"2019055587","","1","0","0","0","0","0","0","0","0","4","0","","02","5","2019","6","40.621812","-80.054205","","11","0","0","0","0","0","1","0","0","1","0","0","0","","","0","","2","","40 37:18.523","1","0","80 03:15.137","0","0","0","0","2216","0","0","0","N","0","0","0","3","02505","0","","1.0","","1","N","N","","0","","0","0","1","","2","N","","2","0","0","0","0","0","0","1","0","2","","","","N","","","","","","","","","",""
"2019070798","","1","0","0","0","0","0","0","0","0","1","0","","02","6","2019","1","40.428551","-79.937842","","11","0","0","0","0","0","0","0","0","1","0","0","0","","","0","","0","","40 25:42.784","3","0","79 56:16.232","0","0","0","0","2301","0","0","0","N","0","0","0","2","68B03","0","","1.0","","1","N","N","","0","","0","0","1","","0","N","","2","0","0","0","0","0","0","2","0","2","","","","N","","","","","","","","","",""
"2019122761","","2","0","0","0","0","0","0","0","0","4","0","","02","11","2019","6","40.431147","-80.010609","","11","0","0","0","0","0","1","0","0","","0","0","0","","","0","N","1","","40 25:52.130","","0","80 00:38.193","0","0","0","0","2301","0","0","0","N","0","0","0","3","02301","0","","1.0","","1","N","N","N","0","","0","0","0","","3","","","2","0","0","0","0","0","0","2","0","2","","","","N","","","","","","","","","",""
"2019070648","","1","0","0","0","0","0","0","0","0","8","0","","02","7","2019","6","40.430393","-79.791902","","11","0","0","0","0","0","0","1","0","2","0","0","0","","","2","","2","","40 25:49.414","2","0","79 47:30.847","8","0","0","0","2446","2","0","0","N","2","0","0","3","02446","0","","1.0","","1","N","N","","0","","0","0","0","","8","Y","","3","2","0","0","0","2","0","2","0","1","","","","N","","","","","","","","","",""
"2019119348","","2","0","0","0","0","0","0","0","0","4","0","","02","11","2019","5","40.465185","-79.957944","","11","0","0","0","0","0","0","0","1","","0","0","0","","","2","","1","","40 27:54.667","","0","79 57:28.600","3","0","0","0","2301","0","0","0","N","0","0","0","2","02301","1","","1.0","","1","N","N","N","0","","1","0","0","","2","","","2","2","0","0","0","0","0","2","0","2","","","","N","","","","","","","","","",""
"2019070889","","1","0","0","0","0","0","0","0","0","1","0","","02","7","2019","7","40.532805","-79.958644","","11","0","1","0","0","0","0","0","0","1","0","0","0","","","1","","2","","40 31:58.099","1","0","79 57:31.120","3","0","0","0","2118","0","0","0","N","0","0","0","2","02118","0","","1.0","","1","N","N","","1","","1","0","0","","0","N","","2","1","0","0","0","0","0","2","0","2","","","","N","","","","","","","","","",""
"2019054604","","0","0","0","0","0","0","0","0","0","4","0","","02","5","2019","4","40.426716","-79.976435","","11","0","0","0","0","0","0","0","0","","0","0","0","","","0","","1","","40 25:36.177","","0","79 58:35.166","0","0","0","0","2301","0","0","0","N","0","0","0","2","02301","0","","1.0","","9","N","N","","0","","0","0","2","","3","","","2","0","0","0","0","0","0","2","0","2","","","","N","","","","","","","","","",""
"2019064287","","2","0","0","0","0","0","0","0","0","5","0","","02","6","2019","1","40.442136","-79.825133","","11","0","0","0","0","0","1","0","0","2","0","0","0","","","1","","0","","40 26:31.688","4","0","79 49:30.479","3","0","0","0","2124","0","0","0","N","0","0","0","2","68B03","0","","1.0","","1","N","N","","0","","1","0","0","","0","Y","","2","1","0","0","0","0","0","2","0","2","","","","N","","","","","","","","","",""
"2019071451","","1","0","0","0","0","0","0","0","0","2","0","","02","7","2019","7","40.306683","-79.99647","","11","0","0","1","0","0","0","0","0","3","0","0","0","","","1","","2","","40 18:24.058","2","0","79 59:47.292","3","0","0","0","2219","0","0","0","N","0","0","0","3","02501","0","","1.0","","9","N","N","","0","","1","0","1","","3","N","","2","1","0","0","0","0","1","2","0","2","","","","N","","","","","","","","","",""
"2019085295","","2","0","0","0","0","0","0","0","0","4","0","","02","8","2019","7","40.426182","-79.939771","","11","0","0","0","0","0","0","0","0","","0","0","0","","","0","","1","","40 25:34.255","","0","79 56:23.175","0","0","0","0","2301","0","0","0","N","0","0","0","2","02301","0","","1.0","","1","N","N","","0","","0","0","1","","3","N","","3","0","0","0","0","0","0","2","0","3","","","","N","","","","","","","","","",""
"2019135016","","0","0","0","0","0","0","0","0","0","8","0","","02","12","2019","2","40.474303","-79.82191","","11","0","0","0","0","0","1","0","0","","0","0","0","","","1","","1","","40 28:27.491","3","0","79 49:18.877","8","0","0","0","2113","1","0","0","N","1","0","0","2","02113","0","","1.0","1745.0","1","N","N","N","1","","0","0","0","","2","Y","","2","1","0","0","0","1","0","2","0","1","","","","N","","","","","","","","","",""
"2019073798","","1","0","0","0","0","0","0","0","0","4","0","","02","7","2019","3","40.340182","-79.967303","","11","0","0","0","0","0","0","0","0","2","0","0","0","","","0","","2","","40 20:24.656","3","0","79 58:02.292","0","0","0","0","2454","0","0","0","N","0","0","0","2","02454","0","","1.0","","1","N","N","","1","","0","0","0","","2","Y","","2","0","0","0","0","0","0","2","0","2","","","","N","","","","","","","","","",""
"2019123479","","1","0","0","0","0","0","0","0","0","4","0","","02","11","2019","4","40.328506","-80.072848","","11","0","0","1","0","0","1","0","0","","0","0","0","","","0","Y","0","","40 19:42.622","2","0","80 04:22.253","0","0","0","0","2123","0","0","0","N","0","0","0","4","02123","0","","1.0","1815.0","1","N","N","","0","","0","0","3","","0","N","","4","0","0","0","0","0","0","2","0","4","","","","N","","","","","","","","","",""
"2019065834","","2","0","0","0","0","0","0","0","0","4","0","","02","6","2019","7","40.376099","-79.907353","","11","0","0","0","0","0","2","0","0","","0","0","0","","","0","","2","","40 22:33.958","","0","79 54:26.471","0","0","0","0","2473","0","0","0","N","0","0","0","2","02473","0","","1.0","","1","N","N","","0","","0","0","0","","3","","","2","0","0","0","0","0","0","2","0","2","","","","N","","","","","","","","","",""
"2019055202","","1","0","0","0","0","0","0","0","0","1","0","","02","5","2019","5","40.376886","-79.909324","","11","0","0","0","0","0","0","0","0","1","0","0","0","","","0","","1","","40 22:36.789","1","0","79 54:33.568","0","0","0","0","2301","0","0","0","N","0","0","0","4","02301","0","","1.0","","1","N","N","","0","","0","0","1","","2","N","","2","0","0","0","0","0","0","2","0","2","","","","N","","","","","","","","","",""
"2019115969","","3","0","0","0","0","0","0","0","0","1","0","","02","11","2019","4","40.407292","-80.076434","","11","1","0","0","0","0","2","0","0","","0","0","0","","","1","N","2","","40 24:26.251","","0","80 04:35.161","3","0","0","0","2415","0","0","0","N","0","0","0","4","02415","0","","2.0","","1","N","N","N","0","","1","0","0","","0","N","","3","1","0","0","0","0","0","2","0","3","","","","N","","","","","","","","","",""
"2019121319","","2","0","0","0","0","0","0","0","0","1","0","","02","11","2019","3","40.431711","-80.013701","","11","0","0","0","0","0","0","0","0","","0","0","0","","","0","","1","","40 25:54.159","","0","80 00:49.323","0","0","0","0","2301","0","0","0","N","0","0","0","2","02301","0","","1.0","","1","N","N","N","0","","0","0","0","","2","","","2","0","0","0","0","0","0","2","0","2","","03","","N","","","","","","","","","",""
"2019055941","","0","0","0","0","0","0","0","0","0","2","0","","02","6","2019","1","40.453367","-79.980657","","11","0","0","0","0","0","0","0","0","2","0","0","0","","","0","","1","","40 27:12.120","4","0","79 58:50.364","0","0","0","0","2301","0","0","0","N","0","0","0","8","02301","0","","1.0","","1","N","N","","0","","0","0","2","","3","N","","2","0","0","0","0","0","0","2","0","2","","","","N","","","","","","","","","",""
"2019117912","","2","0","0","0","0","0","0","0","0","1","0","","02","11","2019","2","40.484732","-79.858646","","11","0","0","0","0","0","0","0","0","","0","0","0","","","1","N","0","","40 29:05.036","","0","79 51:31.127","3","0","0","0","2113","0","0","0","N","0","0","0","2","02113","0","","1.0","","1","N","N","N","0","","1","0","0","","0","","","2","1","0","0","0","0","0","2","0","2","","","","N","","","","","","","","","",""
"2019054787","","2","0","0","0","0","0","0","0","0","1","0","","02","5","2019","5","40.496193","-80.067803","","11","0","0","0","0","0","0","0","0","1","0","0","0","","","1","","0","","40 29:46.295","6","0","80 04:04.091","3","0","0","0","2402","0","0","0","N","0","0","0","4","02402","0","","1.0","","1","N","N","","0","","1","0","1","","0","N","","3","1","1","0","0","0","0","2","0","3","","","","N","","","","","","","","","",""
"2019121817","","2","0","0","0","0","0","0","0","0","4","0","","02","11","2019","3","40.46009","-80.072232","","11","0","0","0","0","0","0","0","0","","0","0","0","","","2","N","0","","40 27:36.323","","0","80 04:20.036","3","0","0","0","2301","0","0","0","N","0","0","0","7","02301","0","","1.0","","1","N","N","N","0","","2","0","0","","0","","","2","2","0","0","0","0","0","2","0","2","","03","","N","","","","","","","","","",""
"2019070796","","0","0","0","0","0","0","0","0","0","0","0","50","02","5","2019","6","40.4677","-80.001289","","11","0","0","0","0","0","0","0","0","2","0","0","0","","","1","","0","","40 28:03.719","1","0","80 00:04.639","4","0","0","0","2301","0","0","0","N","0","0","0","1","68B03","1","","1.0","","1","N","N","","0","","0","0","1","","0","N","","1","1","0","0","0","0","0","2","0","1","","","N","Y","2","1","N","N","Y","N","N","Y","N",""
"2019113474","","0","0","0","0","0","0","0","0","0","7","0","","02","11","2019","5","40.412558","-79.840677","","11","0","0","0","0","0","0","0","0","","0","0","0","","","1","","2","","40 24:45.208","7","0","79 50:26.437","2","0","0","0","2431","0","0","0","N","0","0","0","1","02431","0","","5.0","110.0","9","N","N","N","1","","0","1","0","","3","N","","1","1","1","0","1","0","0","2","0","1","","04","","N","","","","","","","","","",""
"2019118824","","1","0","0","0","0","0","0","0","0","1","0","","02","11","2019","6","40.517645","-79.958356","","11","0","0","0","0","0","0","0","0","","0","0","0","","","0","N","0","","40 31:03.523","6","0","79 57:30.080","0","0","0","0","2118","0","0","0","N","0","0","0","1","02118","0","","1.0","630.0","1","N","N","N","0","","0","0","1","","0","Y","","2","0","0","0","0","0","0","2","0","2","","03","","N","","","","","","","","","",""
"2019121232","","1","0","0","0","0","0","1","0","0","4","0","","02","11","2019","3","40.427804","-79.928568","","11","0","0","0","0","0","1","0","0","","0","0","0","","","0","","2","","40 25:40.096","","0","79 55:42.843","0","0","0","0","2301","0","0","0","N","0","0","0","2","02301","0","","1.0","","1","Y","N","N","0","","0","0","0","","3","","","2","0","0","0","0","0","0","2","0","2","","03","","N","","","","","","","","","",""
"2019082877","","1","0","0","0","0","0","0","0","0","4","0","","02","8","2019","1","40.427368","-79.704513","","11","0","0","0","0","0","1","0","0","2","0","0","0","","","1","","1","","40 25:38.523","3","0","79 42:16.248","8","0","0","0","2446","0","0","0","N","0","0","0","2","02446","0","","1.0","","1","N","N","","0","","0","0","1","","2","Y","","2","1","0","0","0","1","0","2","0","2","","","","N","","","","","","","","","",""
"2019073390","","0","0","0","0","0","0","0","0","0","1","0","","02","7","2019","2","40.4806","-79.773249","","11","0","0","0","0","0","1","0","0","1","0","0","0","","","5","N","0","","40 28:50.160","3","7","79 46:23.697","4","0","0","0","2466","0","0","0","N","0","0","0","5","02466","5","","1.0","","9","N","N","","0","","0","0","2","","0","N","","2","5","0","0","0","0","0","2","0","2","","","","N","","","","","","","","","",""
"2019088226","","2","0","0","0","0","0","0","0","0","1","0","","02","9","2019","2","40.530273","-80.008616","","11","0","0","0","0","0","0","0","1","1","0","0","0","","","1","N","0","","40 31:48.983","4","0","80 00:31.018","3","0","0","0","2116","0","0","0","N","0","0","0","2","02116","0","","1.0","","1","N","N","","0","","1","0","0","","0","N","","2","1","0","0","0","0","0","2","0","2","","","","N","","","","","","","","","",""
"2019054671","","0","0","0","0","0","0","0","0","0","1","0","","02","5","2019","4","40.434389","-79.754778","","11","0","0","0","0","0","0","0","0","1","0","0","0","","","1","","0","","40 26:03.800","4","0","79 45:17.200","8","0","0","0","2446","0","0","0","N","0","0","0","2","02446","0","","1.0","","9","N","N","","2","","0","0","0","","0","Y","","2","1","2","0","0","1","0","2","0","2","","","","N","","","","","","","","","",""
"2019082435","","2","0","0","0","0","0","0","0","0","4","0","","02","8","2019","6","40.49523","-80.066082","","11","0","0","0","0","0","0","0","0","1","0","0","0","","","0","N","0","","40 29:42.828","1","7","80 03:57.896","0","0","0","0","2402","0","0","0","N","0","0","0","3","02402","0","","1.0","","1","N","N","","0","","0","0","0","","8","N","","2","0","0","0","0","0","0","2","0","2","","","","N","","","","","","","","","",""
"2019113494","","4","0","0","0","0","0","0","0","0","1","0","","02","11","2019","6","40.442011","-79.980516","","11","0","0","0","0","0","0","0","0","","0","0","0","","","0","N","0","","40 26:31.238","5","0","79 58:49.858","0","0","0","0","2301","0","0","0","N","0","0","0","1","02301","0","","6.0","145.0","1","N","N","N","0","","0","0","0","","0","N","","4","0","0","0","0","0","0","2","0","4","","","","N","","","","","","","","","",""
"2019067870","","3","0","0","0","0","0","0","0","0","1","0","","02","7","2019","2","40.564691","-79.972709","","11","0","0","0","0","0","0","1","0","2","0","0","0","","","1","","0","","40 33:52.888","3","0","79 58:21.751","8","0","0","0","2207","0","0","0","N","0","0","0","4","02207","0","","1.0","","1","N","N","","0","","0","0","0","","0","N","","3","1","0","0","0","1","0","2","0","3","","","","N","","","","","","","","","",""
"2019055180","","0","0","0","0","0","0","0","0","0","4","0","","02","5","2019","5","40.614444","-80.091639","","11","0","0","1","0","0","0","0","0","","0","0","0","","","2","N","0","","40 36:52.000","","7","80 05:29.900","8","0","0","0","2481","0","0","0","N","0","0","0","7","02481","0","","1.0","","1","N","N","","0","","0","0","2","","2","N","","2","2","0","0","0","2","0","2","0","2","","","","N","","","","","","","","","",""
"2019054779","","1","0","0","0","0","0","0","0","0","3","0","","02","5","2019","5","40.410965","-80.006047","","11","0","0","0","0","0","1","0","0","","0","0","0","","","0","","2","","40 24:39.473","","0","80 00:21.770","0","0","0","0","2301","0","0","0","N","0","0","0","2","02301","0","","1.0","","9","N","N","","1","","0","0","0","","2","","","2","0","0","0","0","0","0","2","0","2","","","","N","","","","","","","","","",""
"2019085748","","3","0","0","0","0","0","0","0","0","5","0","","02","8","2019","1","40.517685","-79.942175","","11","0","0","0","0","0","1","0","0","","0","0","0","","","0","","0","","40 31:03.666","","0","79 56:31.831","0","0","0","0","2118","0","0","0","N","0","0","0","1","02118","0","","5.0","","1","N","N","","0","","0","0","0","","0","N","","3","0","0","0","0","0","0","2","0","3","","","","N","","","","","","","","","",""
"2019118274","","0","0","0","0","0","0","0","0","0","1","0","","02","11","2019","5","40.369829","-79.784431","","11","0","0","0","0","0","1","0","0","","0","0","0","","","2","N","0","","40 22:11.385","3","0","79 47:03.951","3","0","0","0","2111","0","0","0","N","0","0","0","3","02111","0","","1.0","1845.0","9","N","N","N","0","","1","0","3","","0","N","","3","2","0","0","0","1","0","2","0","3","","07","","N","","","","","","","","","",""
"2019074765","","0","0","0","0","0","0","0","0","0","4","0","","02","7","2019","4","40.361772","-80.12545","","11","0","0","0","0","0","0","2","0","1","0","0","0","","","1","","1","","40 21:42.379","2","0","80 07:31.619","4","0","0","0","2119","0","0","0","N","0","0","0","2","02119","1","","1.0","","1","N","N","","1","","0","0","1","","0","N","","2","1","0","0","0","0","0","2","0","2","","","","N","","","","","","","","","",""
"2019117596","","1","0","0","0","0","0","0","0","0","7","0","","02","11","2019","1","40.475483","-80.065018","","11","0","0","0","0","0","0","0","0","","0","0","0","","","0","N","3","","40 28:31.739","5","0","80 03:54.065","0","0","0","0","2122","0","0","0","N","0","0","0","1","02122","0","","2.0","645.0","1","N","N","N","0","","0","0","0","","2","Y","","1","0","1","0","0","0","0","2","0","1","","03","","N","","","","","","","","","",""
"2019055286","","1","0","0","0","0","0","0","0","0","4","0","15","02","5","2019","6","40.422333","-79.885722","","11","0","0","0","0","1","0","0","1","1","0","0","0","","","0","","0","","40 25:20.400","1","7","79 53:08.600","0","0","0","0","2463","0","0","0","N","0","0","0","2","02463","0","","1.0","","1","N","N","","1","","0","0","0","","2","N","","2","0","0","0","0","0","0","2","0","2","","","Y","Y","4","1","","","N","","","","Y",""
"2019059366","","1","0","0","0","0","0","0","0","0","1","0","","02","6","2019","3","40.414154","-80.043899","","11","0","1","0","0","0","0","0","0","","0","0","0","","","0","","2","","40 24:50.954","","0","80 02:38.036","0","0","0","0","2435","0","0","0","N","0","0","0","3","02435","0","","1.0","","1","N","N","","1","","0","0","1","","0","N","","3","0","0","0","0","0","0","2","0","3","","","","N","","","","","","","","","",""
"2019064370","","1","0","0","0","0","0","0","0","0","1","0","","02","6","2019","3","40.340636","-79.964518","","11","0","0","0","0","0","0","1","0","","0","0","0","","","0","","1","","40 20:26.290","","0","79 57:52.263","0","0","0","0","2454","0","0","0","N","0","0","0","2","02454","0","","1.0","","1","N","N","","0","","0","0","1","","2","N","","2","0","0","0","0","0","0","2","0","2","","","","N","","","","","","","","","",""
"2019068079","","0","0","0","0","0","0","0","0","0","1","0","","02","7","2019","4","40.358931","-79.834222","","11","0","0","0","0","0","1","0","0","1","0","0","0","","","1","","0","","40 21:32.153","4","0","79 50:03.199","8","0","0","0","2304","0","0","0","N","0","0","0","1","02304","0","","1.0","","1","N","N","","0","","0","0","3","","0","N","","3","1","0","0","0","1","0","2","0","3","","","","N","","","","","","","","","",""
"2019119228","","1","0","0","0","0","0","0","0","0","5","0","","02","11","2019","1","40.419861","-79.895556","","11","0","0","0","0","0","0","0","0","","0","0","0","","","0","N","0","","40 25:11.500","3","7","79 53:44.000","0","0","0","0","2463","0","0","0","N","0","0","0","1","02463","0","","1.0","320.0","1","N","N","N","1","","0","0","0","","0","N","","2","0","0","0","0","0","0","2","0","2","","03","","N","","","","","","","","","",""