"CRN","ARRIVAL_TM","AUTOMOBILE_COUNT","BELTED_DEATH_COUNT","BELTED_SUSP_SERIOUS_INJ_COUNT","BICYCLE_COUNT","BICYCLE_DEATH_COUNT","BICYCLE_SUSP_SERIOUS_INJ_COUNT","BUS_COUNT","CHLDPAS_DEATH_COUNT","CHLDPAS_SUSP_SERIOUS_INJ_COUNT","COLLISION_TYPE","COMM_VEH_COUNT","CONS_ZONE_SPD_LIM","COUNTY","CRASH_MONTH","CRASH_YEAR","DAY_OF_WEEK","DEC_LATITUDE","DEC_LONGITUDE","DISPATCH_TM","DISTRICT","DRIVER_COUNT_16YR","DRIVER_COUNT_17YR","DRIVER_COUNT_18YR","DRIVER_COUNT_19YR","DRIVER_COUNT_20YR","DRIVER_COUNT_50_64YR","DRIVER_COUNT_65_74YR","DRIVER_COUNT_75PLUS","EST_HRS_CLOSED","FATAL_COUNT","HEAVY_TRUCK_COUNT","HORSE_BUGGY_COUNT","HOUR_OF_DAY","ILLUMINATION","INJURY_COUNT","INTERSECTION_RELATED","INTERSECT_TYPE","LANE_CLOSED","LATITUDE","LN_CLOSE_DIR","LOCATION_TYPE","LONGITUDE","MAX_SEVERITY_LEVEL","MCYCLE_DEATH_COUNT","MCYCLE_SUSP_SERIOUS_INJ_COUNT","MOTORCYCLE_COUNT","MUNICIPALITY","NONMOTR_COUNT","NONMOTR_DEATH_COUNT","NONMOTR_SUSP_SERIOUS_INJ_COUNT","NTFY_HIWY_MAINT","PED_COUNT","PED_DEATH_COUNT","PED_SUSP_SERIOUS_INJ_COUNT","PERSON_COUNT","POLICE_AGCY","POSSIBLE_INJ_COUNT","RDWY_SURF_TYPE_CD","RELATION_TO_ROAD","ROADWAY_CLEARED","ROAD_CONDITION","SCH_BUS_IND","SCH_ZONE_IND","SECONDARY_CRASH","SMALL_TRUCK_COUNT","SPEC_JURIS_CD","SUSP_MINOR_INJ_COUNT","SUSP_SERIOUS_INJ_COUNT","SUV_COUNT","TCD_FUNC_CD","TCD_TYPE","TFC_DETOUR_IND","TIME_OF_DAY","TOTAL_UNITS","TOT_INJ_COUNT","UNBELTED_OCC_COUNT","UNB_DEATH_COUNT","UNB_SUSP_SERIOUS_INJ_COUNT","UNK_INJ_DEG_COUNT","UNK_INJ_PER_COUNT","URBAN_RURAL","VAN_COUNT","VEHICLE_COUNT","WEATHER1","WEATHER2","WORKERS_PRES","WORK_ZONE_IND","WORK_ZONE_LOC","WORK_ZONE_TYPE","WZ_CLOSE_DETOUR","WZ_FLAGGER","WZ_LAW_OFFCR_IND","WZ_LN_CLOSURE","WZ_MOVING","WZ_OTHER","WZ_SHLDER_MDN","WZ_WORKERS_INJ_KILLED"
"2019112842","","0","0","0","0","0","0","0","0","0","99","0","","02","11","2019","4","40.518804","-79.843006","","11","0","0","0","0","0","0","1","0","","0","0","0","","","0","","2","","40 31:07.696","","0","79 50:34.820","0","0","0","0","2451","0","0","0","N","0","0","0","1","02451","0","","1.0","","1","N","N","","0","","0","0","1","","0","","","1","0","0","0","0","0","0","2","0","1","","","","N","","","","","","","","","",""
"2019054804","","2","0","0","0","0","0","0","0","0","5","0","","02","5","2019","5","40.460138","-79.901661","","11","0","0","0","0","0","0","0","0","","0","0","0","","","1","","1","","40 27:36.496","","0","79 54:05.979","3","0","0","0","2301","0","0","0","N","0","0","0","2","02301","0","","1.0","","1","N","N","","0","","1","0","0","","0","","","2","1","0","0","0","0","0","2","0","2","","","","N","","","","","","","","","",""
"2019121739","","0","0","0","0","0","0","0","0","0","4","0","","02","11","2019","3","40.626909","-80.054092","","11","0","0","1","0","0","0","0","0","","0","0","0","","","0","N","0","","40 37:36.871","","7","80 03:14.732","0","0","0","0","2216","0","0","0","N","0","0","0","2","02505","0","","1.0","","1","N","N","N","0","","0","0","2","","0","","","2","0","0","0","0","0","0","1","0","2","","","","N","","","","","","","","","",""
"2019055210","","0","0","0","0","0","0","0","0","0","7","0","","02","5","2019","6","40.449619","-80.000957","","11","0","0","0","0","0","0","0","0","2","0","0","0","","","0","","1","","40 26:58.630","4","1","80 00:03.446","0","0","0","0","2301","0","0","0","N","0","0","0","1","02301","0","","2.0","","1","N","N","","0","","0","0","1","","2","N","","1","0","0","0","0","0","0","2","0","1","","","","N","","","","","","","","","",""
"2019115626","","0","0","0","0","0","0","0","0","0","7","0","","02","11","2019","3","40.385","-79.820278","","11","0","0","0","0","0","0","0","0","","0","0","0","","","1","N","0","","40 23:06.000","6","0","79 49:13.000","4","0","0","0","2111","0","0","0","N","0","0","0","2","02111","1","","5.0","1610.0","2","Y","N","N","0","","0","0","0","","0","Y","","1","1","0","0","0","0","0","2","1","1","","10","","N","","","","","","","","","",""
"2019116723","","1","0","0","0","0","0","0","0","0","4","0","","02","11","2019","5","40.556622","-80.106224","","11","0","0","0","0","0","1","0","0","","0","0","0","","","0","","2","","40 33:23.839","","0","80 06:22.407","0","0","0","0","2215","0","0","0","N","0","0","0","2","02215","0","","1.0","","1","N","N","Y","1","","0","0","0","","3","","","2","0","0","0","0","0","0","2","0","2","","","","N","","","","","","","","","",""
"2019111006","","2","0","0","0","0","0","0","0","0","1","0","","02","11","2019","6","40.45501","-79.710857","","11","0","0","0","0","0","0","0","1","","0","0","0","","","0","","2","","40 27:18.035","","0","79 42:39.085","0","0","0","0","2466","0","0","0","N","0","0","0","5","02466","0","","1.0","","1","N","N","","0","","0","0","1","","2","N","","3","0","1","0","0","0","0","2","0","3","","","","N","","","","","","","","","",""
"2019097981","","2","0","0","0","0","0","0","0","0","4","0","","02","9","2019","7","40.383454","-79.930777","","11","0","0","0","0","0","0","0","0","","0","0","0","","","2","","1","","40 23:00.435","","0","79 55:50.797","3","0","0","0","2301","0","0","0","N","0","0","0","3","02301","0","","1.0","","1","N","N","","0","","2","0","0","","2","N","","2","2","0","0","0","0","0","2","0","2","","","","N","","","","","","","","","",""
"2019097623","","3","0","0","0","0","0","0","0","0","1","0","","02","9","2019","7","40.543056","-80.061389","","11","0","0","0","0","0","0","0","1","","0","0","0","","","0","","0","","40 32:35.000","","0","80 03:41.000","0","0","0","0","2116","0","0","0","N","0","0","0","1","02116","0","","1.0","","1","N","N","","0","","0","0","0","","0","","","3","0","0","0","0","0","0","2","0","3","","","","N","","","","","","","","","",""
"2019072750","","1","0","0","0","0","0","0","0","0","2","0","","02","7","2019","5","40.593602","-79.963128","","11","0","0","0","0","1","0","0","0","2","0","0","0","","","1","","0","","40 35:36.968","6","0","79 57:47.260","4","0","0","0","2207","0","0","0","N","0","0","0","2","02207","1","","1.0","","1","N","N","","0","","0","0","1","","0","Y","","2","1","0","0","0","0","0","2","0","2","","","","N","","","","","","","","","",""
"2019054798","","1","0","0","0","0","0","0","0","0","4","0","","02","5","2019","5","40.44981","-79.935042","","11","0","0","0","0","0","0","0","0","","0","0","0","","","0","","2","","40 26:59.316","","0","79 56:06.151","0","0","0","0","2301","0","0","0","N","0","0","0","3","02301","0","","1.0","","1","N","N","","0","","0","0","1","","3","","","2","0","0","0","0","0","0","2","0","2","","","","N","","","","","","","","","",""
"2019120032","","2","0","0","0","0","0","0","0","0","4","0","","02","11","2019","7","40.427017","-79.929528","","11","0","0","0","0","0","0","0","0","","0","0","0","","","0","N","0","","40 25:37.260","7","0","79 55:46.302","0","0","0","0","2301","0","0","0","N","0","0","0","1","02301","0","","1.0","330.0","1","N","N","N","0","","0","0","0","","0","N","","2","0","0","0","0","0","0","2","0","2","","","","N","","","","","","","","","",""
"2019108508","","0","0","0","0","0","0","0","0","0","7","0","","02","10","2019","7","40.470496","-79.827752","","11","0","0","0","0","0","0","0","0","","0","0","0","","","0","","0","","40 28:13.785","","0","79 49:39.908","0","0","0","0","2113","0","0","0","N","0","0","0","1","02113","0","","5.0","","9","N","N","","0","","0","0","1","","0","","","1","0","0","0","0","0","0","2","0","1","","","","N","","","","","","","","","",""
"2019117036","","0","0","0","0","0","0","0","0","0","4","0","","02","11","2019","6","40.391592","-80.017076","","11","0","0","0","0","0","1","0","0","","0","0","0","","","0","N","1","","40 23:29.731","","0","80 01:01.473","0","0","0","0","2301","0","0","0","N","0","0","0","2","02301","0","","1.0","","1","N","N","N","0","","0","0","2","","0","","","2","0","1","0","0","0","0","2","0","2","","03","","N","","","","","","","","","",""
"2019071333","","2","0","0","0","0","0","0","0","0","2","0","","02","7","2019","2","40.430614","-80.061988","","11","0","0","0","0","0","0","0","1","","0","0","0","","","0","","2","","40 25:50.212","","0","80 03:43.158","0","0","0","0","2421","0","0","0","N","0","0","0","2","02421","0","","1.0","","1","N","N","","0","","0","0","0","","3","N","","2","0","0","0","0","0","0","2","0","2","","","","N","","","","","","","","","",""
"2019111979","","1","0","1","0","0","0","0","0","0","4","0","","02","10","2019","1","40.660668","-79.856755","","11","0","0","0","0","0","0","0","0","2","0","0","0","","","1","N","0","","40 39:38.405","6","0","79 51:24.319","2","0","0","0","2220","0","0","0","N","0","0","0","2","02220","0","","1.0","","1","N","N","N","0","","0","1","1","","0","Y","","2","1","0","0","0","0","0","1","0","2","","","","N","","","","","","","","","",""
"2019120064","","0","0","0","0","0","0","0","0","0","8","0","","02","11","2019","6","40.641846","-80.064897","","11","0","0","0","0","0","0","0","0","","0","0","0","","","1","N","0","","40 38:30.647","","0","80 03:53.628","8","0","0","0","2216","1","0","0","N","1","0","0","2","02505","0","","1.0","","9","N","N","N","0","","0","0","1","","0","N","","2","1","0","0","0","1","0","2","0","1","","07","","N","","","","","","","","","",""
"2019054435","","0","0","0","0","0","0","0","0","0","4","0","","02","5","2019","4","40.466445","-80.060491","","11","0","0","0","0","0","0","0","0","1","0","0","0","","","0","","2","","40 27:59.203","2","0","80 03:37.767","0","0","0","0","2444","0","0","0","N","0","0","0","2","02444","0","","1.0","","1","N","N","","1","","0","0","1","","3","N","","2","0","0","0","0","0","0","2","0","2","","","","N","","","","","","","","","",""
"2019055954","","2","0","0","0","0","0","0","0","0","4","0","","02","6","2019","7","40.442694","-79.982083","","11","0","0","0","0","0","1","0","0","","0","0","0","","","1","","0","","40 26:33.700","","0","79 58:55.500","4","0","0","0","2301","0","0","0","N","0","0","0","1","02301","1","","1.0","","1","N","N","","0","","0","0","0","","0","","","2","1","0","0","0","0","0","2","0","2","","","","N","","","","","","","","","",""
"2019122974","","1","0","0","0","0","0","0","0","0","7","0","","02","11","2019","4","40.524603","-80.035306","","11","0","0","0","1","0","0","0","0","","0","0","0","","","1","N","0","","40 31:28.572","1","0","80 02:07.102","3","0","0","0","2474","0","0","0","N","0","0","0","2","02474","0","","5.0","2349.0","1","N","N","N","0","","1","0","0","","0","N","","1","1","0","0","0","0","0","2","0","1","","03","","N","","","","","","","","","",""
"2019067167","","1","0","0","0","0","0","0","0","0","4","0","","02","7","2019","4","40.451053","-80.184784","","11","0","0","0","0","0","1","0","0","","0","0","0","","","1","","2","","40 27:03.790","","0","80 11:05.221","3","0","0","0","2214","0","0","0","N","0","0","0","3","02214","0","","1.0","","1","N","N","","1","","1","0","0","","3","N","","2","1","0","0","0","0","0","2","0","2","","","","N","","","","","","","","","",""
"2019122652","","1","0","0","0","0","0","0","0","0","1","0","","02","11","2019","3","40.34538","-80.114415","","11","0","0","0","0","0","0","0","0","","0","0","0","","","0","Y","0","","40 20:43.367","","0","80 06:51.895","0","0","0","0","2119","0","0","0","N","0","0","0","2","02119","0","","1.0","","1","N","N","N","0","","0","0","1","","0","","","2","0","0","0","0","0","0","2","0","2","","03","","N","","","","","","","","","",""
"2019116057","","2","0","0","0","0","0","0","0","0","1","0","","02","11","2019","4","40.461057","-79.866331","","11","0","0","0","0","0","0","0","0","","0","0","0","","","1","","1","","40 27:39.806","","0","79 51:58.790","4","0","0","0","2113","0","0","0","N","0","0","0","2","02113","1","","1.0","","1","N","N","N","0","","0","0","0","","2","","","2","1","0","0","0","0","0","2","0","2","","","","N","","","","","","","","","",""
"2019059897","","2","0","0","0","0","0","0","0","0","4","0","","02","6","2019","4","40.293269","-80.031459","","11","0","1","0","0","1","0","0","0","","0","0","0","","","0","","0","","40 17:35.767","","7","80 01:53.253","0","0","0","0","2407","0","0","0","N","0","0","0","2","02407","0","","1.0","","1","N","N","","0","","0","0","0","","0","","","2","0","0","0","0","0","0","2","0","2","","","","N","","","","","","","","","",""
"2019120812","","1","0","0","0","0","0","0","0","0","2","0","","02","11","2019","2","40.438942","-79.973038","","11","0","0","0","0","0","1","0","0","","0","0","0","","","0","N","0","","40 26:20.191","2","0","79 58:22.935","0","0","0","0","2301","0","0","0","N","0","0","0","3","02301","0","","1.0","1015.0","1","N","N","N","0","","0","0","0","","0","N","","2","0","0","0","0","0","0","2","1","2","","03","","N","","","","","","","","","",""
"2019121235","","1","0","0","0","0","0","0","0","0","7","0","","02","11","2019","3","40.640451","-79.849919","","11","0","0","0","0","0","0","0","1","","0","0","0","","","1","N","0","","40 38:25.625","2","0","79 50:59.710","3","0","0","0","2220","0","0","0","N","0","0","0","1","02220","0","","4.0","1155.0","1","N","N","N","0","","1","0","0","","0","N","","1","1","0","0","0","0","0","2","0","1","","03","","N","","","","","","","","","",""
"2019118788","","2","0","0","0","0","0","0","0","0","4","0","","02","11","2019","3","40.432154","-80.003944","","11","0","0","0","0","0","1","0","0","","0","0","0","","","1","N","1","","40 25:55.755","","0","80 00:14.200","3","0","0","0","2301","0","0","0","N","0","0","0","3","02301","0","","1.0","","1","N","N","N","0","","1","0","0","","2","","","2","1","0","0","0","0","0","2","0","2","","98","","N","","","","","","","","","",""
"2019114625","","1","0","0","0","0","0","0","0","0","1","0","","02","11","2019","1","40.438041","-79.912656","","11","0","0","0","0","0","0","0","0","","0","0","0","","","0","N","0","","40 26:16.947","","0","79 54:45.562","0","0","0","0","2301","0","0","0","N","0","0","0","3","02301","0","","1.0","","1","N","N","N","0","","0","0","1","","0","","","2","0","0","0","0","0","0","2","0","2","","04","","N","","","","","","","","","",""
"2019055154","","0","0","0","0","0","0","0","0","0","4","0","","02","5","2019","5","40.411021","-79.955515","","11","1","0","0","0","0","0","0","0","1","0","0","0","","","0","","2","","40 24:39.676","1","0","79 57:19.854","0","0","0","0","2301","0","0","0","N","0","0","0","5","02301","0","","1.0","","1","N","N","","0","","0","0","1","","0","N","","2","0","0","0","0","0","0","2","1","2","","","","N","","","","","","","","","",""
"2019115633","","1","0","0","0","0","0","0","0","0","4","0","","02","11","2019","3","40.442631","-79.999134","","11","0","0","0","0","0","0","0","0","","0","0","0","","","0","","3","","40 26:33.471","","0","79 59:56.881","0","0","0","0","2301","0","0","0","N","0","0","0","2","02301","0","","1.0","","9","N","N","N","0","","0","0","1","","2","","","2","0","0","0","0","0","0","2","0","2","","","","N","","","","","","","","","",""
"2019117224","","1","0","0","0","0","0","0","0","0","1","0","","02","11","2019","6","40.463733","-79.88853","","11","0","0","0","0","0","0","0","0","","0","0","0","","","1","N","0","","40 27:49.438","5","0","79 53:18.709","8","0","0","0","2113","0","0","0","N","0","0","0","1","02113","0","","4.0","210.0","1","N","N","N","1","","0","0","0","","0","Y","","2","1","1","0","0","1","0","2","0","2","","","","N","","","","","","","","","",""
"2019130896","","2","0","0","0","0","0","0","0","0","4","0","","02","12","2019","4","40.527753","-80.162625","","11","0","0","0","0","0","1","0","0","","0","0","0","","","0","N","0","","40 31:39.909","5","0","80 09:45.450","0","0","0","0","2452","0","0","0","N","0","0","0","2","02458","0","","1.0","1430.0","2","N","N","N","0","","0","0","0","","0","Y","","2","0","0","0","0","0","0","2","0","2","","10","","N","","","","","","","","","",""
"2019115961","","1","0","0","0","0","0","0","0","0","1","0","","02","11","2019","4","40.354097","-79.914378","","11","0","0","0","0","0","0","0","0","","0","0","0","","","1","Y","0","","40 21:14.750","","0","79 54:51.761","8","0","0","0","2473","0","0","0","N","0","0","0","2","02473","0","","1.0","","1","N","N","N","0","","0","0","1","","2","","","2","1","0","0","0","1","1","2","0","2","","03","","N","","","","","","","","","",""
"2019095439","","2","0","0","0","0","0","0","0","0","2","0","","02","9","2019","2","40.486524","-79.837318","","11","0","0","0","0","0","1","0","1","1","0","0","0","","","0","","1","","40 29:11.486","2","0","79 50:14.344","0","0","0","0","2113","0","0","0","N","0","0","0","2","02113","0","","1.0","","9","N","N","","0","","0","0","0","","2","Y","","2","0","0","0","0","0","0","2","0","2","","","","N","","","","","","","","","",""
"2019116855","","1","0","0","0","0","0","0","0","0","1","0","","02","11","2019","6","40.439997","-80.084005","","11","0","0","0","0","0","1","0","0","","0","0","0","","","1","","3","","40 26:23.988","","0","80 05:02.418","8","0","0","0","2115","0","0","0","N","0","0","0","3","02115","0","","1.0","","1","N","N","N","0","","0","0","1","","3","","","2","1","0","0","0","1","0","2","0","2","","03","","N","","","","","","","","","",""
"2019111122","","1","0","0","0","0","0","0","0","0","7","0","","02","11","2019","7","40.507095","-79.799798","","11","0","0","0","0","0","0","0","0","","0","0","0","","","0","N","0","","40 30:25.542","","0","79 47:59.271","0","0","0","0","2113","0","0","0","N","0","0","0","1","02113","0","","5.0","","1","N","N","N","0","","0","0","0","","0","","","1","0","0","0","0","0","0","2","0","1","","","","N","","","","","","","","","",""
"2019104708","","2","0","0","0","0","0","0","0","0","4","0","","02","10","2019","5","40.554975","-79.971146","","11","0","0","0","0","0","1","0","0","","0","0","0","","","0","","3","","40 33:17.909","","0","79 58:16.126","0","0","0","0","2207","0","0","0","N","0","0","0","2","02207","0","","1.0","","1","N","N","","0","","0","0","0","","3","","","2","0","0","0","0","0","0","2","0","2","","","","N","","","","","","","","","",""
"2019056498","","0","0","0","0","0","0","0","0","0","7","0","","02","6","2019","3","40.489306","-79.880222","","11","1","0","0","0","0","0","0","0","","0","0","0","","","0","","0","","40 29:21.500","","0","79 52:48.800","9","0","0","0","2112","0","0","0","N","0","0","0","1","02112","0","","5.0","","1","N","N","","1","","0","0","0","","0","","","1","0","0","0","0","0","1","2","0","1","","","","N","","","","","","","","","",""
"2019055404","","2","0","0","0","0","0","0","0","0","1","0","","02","5","2019","6","40.435028","-79.945028","","11","0","0","0","0","0","0","0","0","1","0","0","0","","","1","","0","","40 26:06.100","3","0","79 56:42.100","4","0","0","0","2301","0","0","0","N","0","0","0","3","02301","1","","1.0","","1","N","N","","0","","0","0","0","","3","N","","2","1","0","0","0","0","0","2","0","2","","","","N","","","","","","","","","",""
"2019093561","","2","0","0","0","0","0","0","0","0","4","0","","02","9","2019","4","40.474886","-80.029723","","11","0","0","0","0","0","0","0","1","","0","0","0","","","0","N","0","","40 28:29.588","","0","80 01:47.004","0","0","0","0","2301","0","0","0","N","0","0","0","2","02301","0","","1.0","","1","N","N","","0","","0","0","1","","0","N","","3","0","0","0","0","0","0","2","0","3","","","","N","","","","","","","","","",""
"2019109607","","2","0","0","0","0","0","0","0","0","4","0","","02","10","2019","6","40.37173","-80.082622","","11","0","0","0","0","0","0","1","1","1","0","0","0","","","1","","2","","40 22:18.228","2","0","80 04:57.439","4","0","0","0","2117","0","0","0","N","0","0","0","2","02117","1","","1.0","","1","N","N","","0","","0","0","0","","2","N","","2","1","0","0","0","0","0","2","0","2","","","","N","","","","","","","","","",""
"2019117548","","2","0","0","0","0","0","0","0","0","1","0","","02","11","2019","6","40.352638","-79.850104","","11","0","0","0","0","0","1","0","0","","0","0","0","","","1","N","0","","40 21:09.495","","0","79 51:00.375","4","0","0","0","2304","0","0","0","N","0","0","0","2","02304","1","","1.0","","1","N","N","N","0","","0","0","0","","0","N","","2","1","1","0","0","0","0","2","0","2","","03","","N","","","","","","","","","",""
"2019099419","","2","0","0","0","0","0","0","0","0","4","0","","02","10","2019","5","40.540923","-79.81934","","11","0","0","0","0","0","1","0","1","","0","0","0","","","0","","0","","40 32:27.324","","7","79 49:09.625","0","0","0","0","2208","0","0","0","N","0","0","0","2","02208","0","","1.0","","1","N","N","","0","","0","0","0","","3","","","2","0","0","0","0","0","0","2","0","2","","","","N","","","","","","","","","",""
"2019098958","","1","0","0","0","0","0","0","0","0","4","0","","02","10","2019","3","40.361867","-80.064376","","11","0","0","0","0","0","0","0","0","1","0","0","0","","","0","","0","","40 21:42.721","6","7","80 03:51.753","0","0","0","0","2109","0","0","0","N","0","0","0","2","02109","0","","1.0","","1","N","N","","1","","0","0","0","","0","N","","2","0","0","0","0","0","0","2","0","2","","","","N","","","","","","","","","",""
"2019119319","","1","0","0","0","0","0","0","0","0","1","0","","02","11","2019","5","40.33666","-80.009471","","11","0","0","0","0","0","0","0","0","","0","0","0","","","0","N","0","","40 20:11.975","","0","80 00:34.094","0","0","0","0","2466","0","0","0","N","0","0","0","1","02466","0","","1.0","","1","N","N","N","1","","0","0","0","","0","","","2","0","0","0","0","0","0","2","0","2","","98","","N","","","","","","","","","",""
"2019103565","","1","0","0","0","0","0","0","0","0","6","0","","02","10","2019","3","40.454154","-79.944436","","11","0","0","0","0","0","1","0","0","","0","0","0","","","1","","1","","40 27:14.955","","0","79 56:39.968","3","0","0","0","2301","0","0","0","N","0","0","0","2","02301","0","","1.0","","1","N","N","","0","","1","0","0","","2","N","","2","1","0","0","0","0","0","2","1","2","","","","N","","","","","","","","","",""
"2019057020","","2","0","0","0","0","0","0","0","0","4","0","","02","5","2019","5","40.346639","-80.04875","","11","0","0","0","0","0","0","0","2","1","0","0","0","","","3","","0","","40 20:47.900","1","7","80 02:55.500","3","0","0","0","2407","0","0","0","N","0","0","0","3","02407","1","","1.0","","1","N","N","","0","","2","0","0","","3","N","","2","3","0","0","0","0","0","2","0","2","","","","N","","","","","","","","","",""
"2019116931","","1","0","0","0","0","0","0","0","0","4","0","","02","11","2019","4","40.436317","-79.757389","","11","0","0","0","0","0","0","0","0","","0","0","0","","","0","N","0","","40 26:10.742","","6","79 45:26.602","0","0","0","0","2446","0","0","0","N","0","0","0","2","02446","0","","1.0","","1","N","N","N","0","","0","0","1","","0","","","2","0","0","0","0","0","0","2","0","2","","03","","N","","","","","","","","","",""
"2019118797","","2","0","0","0","0","0","0","0","0","4","0","","02","11","2019","1","40.431563","-80.062101","","11","0","0","0","0","0","0","0","0","","0","0","0","","","0","N","0","","40 25:53.627","","0","80 03:43.565","0","0","0","0","2421","0","0","0","N","0","0","0","1","02421","0","","1.0","","1","N","N","N","0","","0","0","0","","0","","","2","0","0","0","0","0","0","2","0","2","","","","N","","","","","","","","","",""
"2019113098","","0","0","0","0","0","0","0","0","0","7","0","","02","11","2019","4","40.373238","-79.979803","","11","0","0","0","0","0","0","0","0","2","0","0","0","","","0","","0","","40 22:23.656","5","0","79 58:47.290","0","0","0","0","2413","0","0","0","N","0","0","0","1","02413","0","","5.0","","1","N","N","","0","","0","0","1","","0","Y","","1","0","0","0","0","0","0","2","0","1","","","","N","","","","","","","","","",""
"2019108838","","2","0","0","0","0","0","0","0","0","1","0","","02","10","2019","2","40.423955","-80.029539","","11","0","0","0","0","0","0","0","0","","0","0","0","","","0","","0","","40 25:26.239","","0","80 01:46.341","0","0","0","0","2301","0","0","0","N","0","0","0","2","02301","0","","1.0","","9","N","N","","0","","0","0","0","","0","N","","2","0","0","0","0","0","0","2","0","2","","05","","N","","","","","","","","","",""
"2019102749","","1","0","0","0","0","0","0","0","0","7","0","","02","10","2019","4","40.456769","-79.744045","","11","0","0","0","0","0","0","0","0","1","0","0","0","","","1","","0","","40 27:24.370","6","0","79 44:38.563","8","0","0","0","2466","0","0","0","N","0","0","0","1","02466","0","","2.0","","1","N","N","","0","","0","0","0","","0","N","","1","1","0","0","0","1","0","2","0","1","","","","N","","","","","","","","","",""
"2019133937","","0","0","0","0","0","0","0","0","0","1","0","","02","12","2019","4","40.318309","-80.073173","","11","0","0","0","0","0","1","0","0","","0","0","0","","","0","Y","0","","40 19:05.913","","0","80 04:23.421","0","0","0","0","2123","0","0","0","N","0","0","0","3","02123","0","","1.0","","1","N","N","N","0","","0","0","2","","2","","","2","0","0","0","0","0","0","2","0","2","","","","N","","","","","","","","","",""
"2019055388","","1","0","0","0","0","0","0","0","0","4","0","","02","5","2019","6","40.439997","-80.017639","","11","0","0","0","0","0","0","0","0","2","0","0","0","","","1","","0","","40 26:23.990","4","0","80 01:03.499","4","0","0","0","2301","0","0","0","N","0","0","0","2","02301","1","","1.0","","1","N","N","","0","","0","0","1","","0","N","","2","1","0","0","0","0","0","2","0","2","","","","N","","","","","","","","","",""
"2019059800","","0","0","0","0","0","0","0","0","0","7","0","","02","5","2019","6","40.567159","-79.862812","","11","0","0","0","0","0","0","0","0","","0","0","0","","","1","","0","","40 34:01.774","","7","79 51:46.124","3","0","0","0","2209","0","0","0","N","0","0","0","1","02209","0","","4.0","","1","N","N","","0","","1","0","1","","0","","","1","1","0","0","0","0","0","2","0","1","","","","N","","","","","","","","","",""
"2019056944","","1","0","0","0","0","0","0","0","0","1","0","","02","5","2019","6","40.617032","-79.945907","","11","0","0","0","0","0","0","0","0","","0","0","0","","","0","","2","","40 37:01.315","","0","79 56:45.264","0","0","0","0","2217","0","0","0","N","0","0","0","2","02505","0","","1.0","","1","N","N","","0","","0","0","1","","0","","","2","0","0","0","0","0","0","2","0","2","","","","N","","","","","","","","","",""
"2019110893","","2","0","0","0","0","0","0","0","0","1","0","","02","11","2019","6","40.481604","-79.874772","","11","0","0","0","0","0","1","1","0","","0","0","0","","","1","","0","","40 28:53.776","","0","79 52:29.179","8","0","0","0","2113","0","0","0","N","0","0","0","3","02113","0","","1.0","","1","N","N","N","1","","0","0","0","","0","","","3","1","0","0","0","1","0","2","0","3","","","","N","","","","","","","","","",""
"2019114756","","1","0","0","0","0","0","0","0","0","8","0","","02","11","2019","1","40.339056","-79.949908","","11","0","0","0","0","0","0","0","1","","0","0","0","","","1","N","0","","40 20:20.600","","7","79 56:59.670","3","0","0","0","2473","1","0","0","N","1","0","0","2","02473","0","","6.0","","1","N","N","N","0","","1","0","0","","0","","","2","1","0","0","0","0","0","2","0","1","","03","","N","","","","","","","","","",""
"2019105469","","0","0","0","0","0","0","0","0","0","7","0","","02","10","2019","6","40.473751","-79.712088","","11","0","0","0","0","0","0","0","0","1","0","0","0","","","1","","0","","40 28:25.505","3","0","79 42:43.518","8","0","0","0","2466","0","0","0","N","0","0","0","5","02466","0","","4.0","","1","N","N","","0","","0","0","1","","0","N","","1","1","1","0","0","1","0","2","0","1","","","","N","","","","","","","","","",""
"2019055195","","1","0","0","0","0","0","0","0","0","1","0","","02","5","2019","5","40.568548","-79.954185","","11","0","0","0","0","0","0","0","0","2","0","0","0","","","0","","0","","40 34:06.773","1","0","79 57:15.066","0","0","0","0","2207","0","0","0","N","0","0","0","2","02207","0","","1.0","","9","N","N","","0","","0","0","1","","0","N","","2","0","0","0","0","0","0","2","0","2","","","","N","","","","","","","","","",""
"2019055979","","0","0","0","0","0","0","0","0","0","7","0","","02","6","2019","1","40.427806","-79.906528","","11","0","1","0","0","0","0","0","0","1","0","0","0","","","0","","0","","40 25:40.100","4","0","79 54:23.500","0","0","0","0","2301","0","0","0","Y","0","0","0","2","02301","0","","4.0","","1","N","N","","0","","0","0","1","","0","N","","1","0","0","0","0","0","0","2","0","1","","","","N","","","","","","","","","",""
"2019064813","","0","0","0","0","0","0","0","0","0","1","0","","02","6","2019","7","40.405524","-80.107054","","11","0","0","0","0","0","1","0","0","","0","0","0","","","0","","0","","40 24:19.888","","0","80 06:25.396","0","0","0","0","2102","0","0","0","N","0","0","0","4","68B03","0","","1.0","","9","N","N","","0","","0","0","1","","0","","","2","0","0","0","0","0","0","2","0","2","","","","N","","","","","","","","","",""
"2019055051","","1","0","0","0","0","0","0","0","0","8","0","","02","5","2019","5","40.438868","-79.761978","","11","0","0","0","0","0","1","0","0","1","0","0","0","","","1","","0","","40 26:19.926","3","0","79 45:43.122","8","0","0","0","2446","1","0","0","N","1","0","0","3","02446","0","","1.0","","1","N","N","","0","","0","0","1","","2","N","","3","1","0","0","0","1","0","2","0","2","","","","N","","","","","","","","","",""