"CRN","ARRIVAL_TM","AUTOMOBILE_COUNT","BELTED_DEATH_COUNT","BELTED_SUSP_SERIOUS_INJ_COUNT","BICYCLE_COUNT","BICYCLE_DEATH_COUNT","BICYCLE_SUSP_SERIOUS_INJ_COUNT","BUS_COUNT","CHLDPAS_DEATH_COUNT","CHLDPAS_SUSP_SERIOUS_INJ_COUNT","COLLISION_TYPE","COMM_VEH_COUNT","CONS_ZONE_SPD_LIM","COUNTY","CRASH_MONTH","CRASH_YEAR","DAY_OF_WEEK","DEC_LATITUDE","DEC_LONGITUDE","DISPATCH_TM","DISTRICT","DRIVER_COUNT_16YR","DRIVER_COUNT_17YR","DRIVER_COUNT_18YR","DRIVER_COUNT_19YR","DRIVER_COUNT_20YR","DRIVER_COUNT_50_64YR","DRIVER_COUNT_65_74YR","DRIVER_COUNT_75PLUS","EST_HRS_CLOSED","FATAL_COUNT","HEAVY_TRUCK_COUNT","HORSE_BUGGY_COUNT","HOUR_OF_DAY","ILLUMINATION","INJURY_COUNT","INTERSECTION_RELATED","INTERSECT_TYPE","LANE_CLOSED","LATITUDE","LN_CLOSE_DIR","LOCATION_TYPE","LONGITUDE","MAX_SEVERITY_LEVEL","MCYCLE_DEATH_COUNT","MCYCLE_SUSP_SERIOUS_INJ_COUNT","MOTORCYCLE_COUNT","MUNICIPALITY","NONMOTR_COUNT","NONMOTR_DEATH_COUNT","NONMOTR_SUSP_SERIOUS_INJ_COUNT","NTFY_HIWY_MAINT","PED_COUNT","PED_DEATH_COUNT","PED_SUSP_SERIOUS_INJ_COUNT","PERSON_COUNT","POLICE_AGCY","POSSIBLE_INJ_COUNT","RDWY_SURF_TYPE_CD","RELATION_TO_ROAD","ROADWAY_CLEARED","ROAD_CONDITION","SCH_BUS_IND","SCH_ZONE_IND","SECONDARY_CRASH","SMALL_TRUCK_COUNT","SPEC_JURIS_CD","SUSP_MINOR_INJ_COUNT","SUSP_SERIOUS_INJ_COUNT","SUV_COUNT","TCD_FUNC_CD","TCD_TYPE","TFC_DETOUR_IND","TIME_OF_DAY","TOTAL_UNITS","TOT_INJ_COUNT","UNBELTED_OCC_COUNT","UNB_DEATH_COUNT","UNB_SUSP_SERIOUS_INJ_COUNT","UNK_INJ_DEG_COUNT","UNK_INJ_PER_COUNT","URBAN_RURAL","VAN_COUNT","VEHICLE_COUNT","WEATHER1","WEATHER2","WORKERS_PRES","WORK_ZONE_IND","WORK_ZONE_LOC","WORK_ZONE_TYPE","WZ_CLOSE_DETOUR","WZ_FLAGGER","WZ_LAW_OFFCR_IND","WZ_LN_CLOSURE","WZ_MOVING","WZ_OTHER","WZ_SHLDER_MDN","WZ_WORKERS_INJ_KILLED"
"2019061614","","1","0","0","0","0","0","0","0","0","4","0","","02","5","2019","6","40.534788","-79.990406","","11","0","0","0","0","0","0","0","0","1","0","0","0","","","0","","2","","40 32:05.236","1","0","79 59:25.461","0","0","0","0","2116","0","0","0","N","0","0","0","3","02116","0","","1.0","","1","N","N","","0","","0","0","1","","3","N","","2","0","0","0","0","0","0","2","0","2","","","","N","","","","","","","","","",""
"2019089317","","2","0","0","0","0","0","0","0","0","4","0","","02","9","2019","5","40.454223","-79.886828","","11","0","0","0","0","0","1","0","0","","0","0","0","","","1","","1","","40 27:15.201","","0","79 53:12.580","3","0","0","0","2301","0","0","0","N","0","0","0","2","02301","0","","1.0","","1","N","N","","0","","1","0","0","","3","","","2","1","0","0","0","0","0","2","0","2","","","","N","","","","","","","","","",""
"2019118652","","1","0","0","0","0","0","0","0","0","1","0","","02","11","2019","6","40.451279","-80.137184","","11","0","0","1","0","0","1","0","0","","0","0","0","","","1","N","0","","40 27:04.603","","0","80 08:13.863","3","0","0","0","2115","0","0","0","N","0","0","0","2","02115","0","","1.0","","1","N","N","N","1","","1","0","0","","0","N","","2","1","0","0","0","0","0","2","0","2","","","","N","","","","","","","","","",""
"2019089315","","1","0","0","0","0","0","0","0","0","2","0","","02","9","2019","4","40.522804","-80.069679","","11","0","0","0","0","0","0","0","1","","0","0","0","","","2","","2","","40 31:22.095","","0","80 04:10.844","8","0","0","0","2215","0","0","0","N","0","0","0","4","02215","0","","1.0","","1","N","N","","0","","0","0","1","","0","N","","2","2","0","0","0","2","0","2","0","2","","","","N","","","","","","","","","",""
"2019088196","","1","0","0","0","0","0","0","0","0","1","0","","02","8","2019","3","40.621812","-80.054205","","11","0","0","0","0","0","0","2","0","","0","0","0","","","0","","1","","40 37:18.523","","0","80 03:15.137","0","0","0","0","2216","0","0","0","N","0","0","0","2","02505","0","","1.0","","1","N","N","","0","","0","0","1","","2","","","2","0","0","0","0","0","0","1","0","2","","","","N","","","","","","","","","",""
"2019114120","","1","0","0","0","0","0","0","0","0","5","0","","02","11","2019","3","40.39783","-79.988376","","11","0","0","0","0","0","0","0","0","","0","0","0","","","0","N","0","","40 23:52.188","1","0","79 59:18.153","0","0","0","0","2301","0","0","0","N","0","0","0","1","02301","0","","1.0","1840.0","1","N","N","N","0","","0","0","1","","0","N","","2","0","0","0","0","0","0","2","0","2","","03","","N","","","","","","","","","",""
"2019056303","","1","0","0","0","0","0","0","0","0","4","0","","02","6","2019","2","40.459081","-79.927897","","11","0","0","0","0","0","1","0","0","2","0","0","0","","","2","","0","","40 27:32.690","3","7","79 55:40.429","3","0","0","0","2301","0","0","0","N","0","0","0","3","02301","0","","1.0","","1","N","N","","1","","2","0","0","","0","N","","2","2","0","0","0","0","0","2","0","2","","","","N","","","","","","","","","",""
"2019058146","","1","0","0","0","0","0","0","0","0","1","0","","02","6","2019","4","40.462861","-79.951306","","11","0","0","0","0","0","0","0","0","1","0","0","0","","","2","","0","","40 27:46.300","2","0","79 57:04.700","3","0","0","0","2301","0","0","0","N","0","0","0","7","02301","0","","1.0","","1","Y","N","","0","","2","0","0","","0","N","","2","2","0","0","0","0","0","2","1","2","","","","N","","","","","","","","","",""
"2019057807","","1","0","0","0","0","0","0","0","0","7","0","","02","6","2019","7","40.418697","-80.066424","","11","0","0","0","0","0","0","0","0","","0","0","0","","","1","","0","","40 25:07.309","","0","80 03:59.126","3","0","0","0","2301","0","0","0","N","0","0","0","1","02301","0","","5.0","","1","N","N","","0","","1","0","0","","0","","","1","1","0","0","0","0","0","2","0","1","","","","N","","","","","","","","","",""
"2019111247","","2","0","0","0","0","0","0","0","0","1","0","","02","11","2019","7","40.380928","-79.814622","","11","0","0","0","0","0","0","0","0","1","0","0","0","","","1","","3","","40 22:51.342","3","0","79 48:52.638","3","0","0","0","2424","0","0","0","N","0","0","0","3","02424","0","","1.0","1255.0","1","N","N","N","0","","1","0","0","","0","N","","2","1","1","0","0","0","0","2","0","2","","","","N","","","","","","","","","",""
"2019123401","","2","0","0","0","0","0","0","0","0","1","0","","02","11","2019","1","40.458551","-79.757801","","11","0","0","0","0","0","0","0","1","","0","0","0","","","0","N","2","","40 27:30.783","","0","79 45:28.083","0","0","0","0","2446","0","0","0","N","0","0","0","2","02446","0","","1.0","","1","N","N","N","0","","0","0","0","","0","N","","2","0","0","0","0","0","0","2","0","2","","","","N","","","","","","","","","",""
"2019056276","","1","0","0","0","0","0","0","0","0","4","0","","02","6","2019","1","40.342952","-79.837702","","11","0","0","0","0","0","0","2","0","1","0","0","0","","","0","","1","","40 20:34.627","7","0","79 50:15.727","0","0","0","0","2304","0","0","0","N","0","0","0","3","02304","0","","1.0","","1","N","N","","0","","0","0","1","","3","Y","","2","0","1","0","0","0","0","2","0","2","","","","N","","","","","","","","","",""
"2019113565","","3","0","0","0","0","0","0","0","0","6","0","","02","11","2019","5","40.552115","-80.023328","","11","0","0","0","0","0","0","0","0","","0","0","0","","","2","","0","","40 33:07.614","","7","80 01:23.980","4","0","0","0","2116","0","0","0","N","0","0","0","4","02116","2","","1.0","","9","N","N","N","0","","0","0","0","","0","N","","3","2","0","0","0","0","0","2","0","3","","","","N","","","","","","","","","",""
"2019054289","","1","0","0","0","0","0","0","0","0","7","0","","02","5","2019","5","","","","11","0","0","0","0","0","0","0","0","2","0","0","0","","","1","","0","","","3","0","","8","0","0","0","2203","0","0","0","Y","0","0","0","1","68B03","0","","3.0","","1","N","N","","0","","0","0","0","","0","N","","1","1","0","0","0","1","0","1","0","1","","","","N","","","","","","","","","",""
"2019110224","","1","0","0","0","0","0","0","0","0","4","0","","02","10","2019","3","40.481715","-80.128797","","11","0","0","0","0","0","1","0","0","2","0","0","0","","","2","","2","","40 28:54.174","6","0","80 07:43.669","3","0","0","0","2115","0","0","0","N","0","0","0","2","02115","0","","1.0","2320.0","1","N","N","N","0","","2","0","1","","0","N","","2","2","0","0","0","0","0","2","0","2","","","","N","","","","","","","","","",""
"2019117264","","3","0","0","0","0","0","0","0","0","1","0","","02","11","2019","7","40.361561","-79.827442","","11","0","0","0","0","0","0","1","0","","0","0","0","","","1","N","2","","40 21:41.620","1","0","79 49:38.791","3","0","0","0","2111","0","0","0","N","0","0","0","3","02111","0","","1.0","1645.0","1","N","N","N","0","","1","0","0","","0","Y","","3","1","0","0","0","0","0","2","0","3","","03","","N","","","","","","","","","",""
"2019112314","","2","0","0","0","0","0","0","0","0","1","0","","02","11","2019","3","40.40607","-80.03622","","11","0","0","0","0","0","0","0","0","","0","0","0","","","1","","0","","40 24:21.851","","0","80 02:10.392","8","0","0","0","2301","0","0","0","N","0","0","0","3","02301","0","","1.0","","9","N","N","","0","","0","0","0","","0","N","","3","1","0","0","0","1","0","2","0","2","","","","N","","","","","","","","","",""
"2019112951","","1","0","0","0","0","0","0","0","0","1","0","","02","11","2019","3","40.336454","-79.807088","","11","0","0","0","1","0","1","1","0","","0","0","0","","","1","","0","","40 20:11.235","","0","79 48:25.515","4","0","0","0","2477","0","0","0","N","0","0","0","3","02477","1","","1.0","","1","N","N","","0","","0","0","2","","0","","","3","1","0","0","0","0","0","2","0","3","","","","N","","","","","","","","","",""
"2019120229","","1","0","0","0","0","0","0","0","0","8","0","","02","11","2019","7","40.438689","-79.997271","","11","0","0","0","0","0","0","0","0","","0","0","0","","","1","","1","","40 26:19.280","2","0","79 59:50.177","4","0","0","0","2301","1","0","0","N","1","0","0","2","02301","1","","1.0","1745.0","9","N","N","N","0","","0","0","0","","2","N","","2","1","0","0","0","0","0","2","0","1","","07","","N","","","","","","","","","",""
"2019072150","","0","0","0","0","0","0","0","0","0","7","0","","02","7","2019","5","40.439863","-79.899381","","11","0","0","0","0","0","0","1","0","","0","0","0","","","0","","0","","40 26:23.508","","0","79 53:57.771","0","0","0","0","2301","0","0","0","N","0","0","0","1","02301","0","","5.0","","1","N","N","","0","","0","0","1","","0","N","","1","0","1","0","0","0","0","2","0","1","","","","N","","","","","","","","","",""
"2019094597","","1","0","0","0","0","0","0","0","0","1","0","","02","9","2019","6","40.439166","-80.212533","","11","0","0","0","0","0","1","0","0","2","0","0","0","","","0","","0","","40 26:20.998","4","0","80 12:45.118","0","0","0","0","2214","0","0","0","N","0","0","0","5","02214","0","","1.0","","1","N","N","","0","","0","0","2","","0","N","","3","0","0","0","0","0","0","2","0","3","","","","N","","","","","","","","","",""
"2019126518","","3","0","0","0","0","0","0","0","0","1","0","","02","12","2019","1","40.43514","-80.018467","","11","0","0","1","0","0","1","0","0","","0","0","0","","","0","N","0","","40 26:06.503","4","4","80 01:06.481","0","0","0","0","2301","0","0","0","N","0","0","0","4","68B03","0","","1.0","1823.0","9","N","N","N","0","","0","0","0","","0","N","","3","0","0","0","0","0","0","2","0","3","","03","","N","","","","","","","","","",""
"2019101991","","0","0","0","0","0","0","0","0","0","7","0","","02","10","2019","3","40.460063","-79.863094","","11","0","0","0","1","0","0","0","0","","0","0","0","","","0","","2","","40 27:36.226","","0","79 51:47.138","0","0","0","0","2113","0","0","0","N","0","0","0","1","02301","0","","5.0","","1","N","N","","0","","0","0","1","","0","N","","1","0","1","0","0","0","0","2","0","1","","","","N","","","","","","","","","",""
"2019105356","","1","0","0","0","0","0","0","0","0","7","0","","02","10","2019","7","40.425838","-79.861572","","11","0","0","0","0","0","0","0","0","","0","0","0","","","0","","2","","40 25:33.016","","0","79 51:41.660","0","0","0","0","2431","0","0","0","Y","0","0","0","1","02431","0","","5.0","","1","N","N","","0","","0","0","0","","0","N","","1","0","1","0","0","0","0","2","0","1","","","","N","","","","","","","","","",""
"2019111385","","1","0","0","0","0","0","0","0","0","4","0","","02","10","2019","6","40.240878","-79.86012","","11","0","0","0","0","0","1","0","0","2","0","0","0","","","0","","1","","40 14:27.160","7","0","79 51:36.431","0","0","0","0","2105","0","0","0","N","0","0","0","3","02105","0","","1.0","","1","N","N","","0","","0","0","1","","3","Y","","2","0","0","0","0","0","0","1","0","2","","","","N","","","","","","","","","",""
"2019115949","","1","0","0","0","0","0","0","0","0","7","0","","02","11","2019","3","40.674623","-80.105807","","11","0","0","0","0","0","0","0","0","","0","0","0","","","0","N","0","","40 40:28.643","","0","80 06:20.906","0","0","0","0","2212","0","0","0","N","0","0","0","2","02505","0","","4.0","","2","N","N","N","0","","0","0","0","","0","","","1","0","0","0","0","0","0","2","0","1","","","","N","","","","","","","","","",""
"2019117092","","0","0","0","0","0","0","0","0","0","4","0","","02","11","2019","5","40.331809","-79.98595","","11","0","0","0","0","0","0","1","0","","0","0","0","","","1","N","0","","40 19:54.512","","0","79 59:09.420","3","0","0","0","2219","0","0","0","N","0","0","0","3","02219","0","","1.0","","1","N","N","N","0","","1","0","2","","0","","","2","1","0","0","0","0","0","2","0","2","","03","","N","","","","","","","","","",""
"2019094736","","2","0","0","0","0","0","0","0","0","1","0","","02","9","2019","6","40.493118","-79.911484","","11","0","0","1","0","0","0","0","0","2","0","0","0","","","1","","7","","40 29:35.226","3","0","79 54:41.341","4","0","0","0","2112","0","0","0","N","0","0","0","4","02112","1","","1.0","","1","N","N","","0","","0","0","0","","3","N","","2","1","0","0","0","0","1","2","0","2","","","","N","","","","","","","","","",""
"2019055053","","1","0","0","0","0","0","0","0","0","4","0","25","02","5","2019","5","40.551652","-80.10218","","11","0","1","0","0","0","0","0","0","2","0","0","0","","","2","","1","","40 33:05.948","7","0","80 06:07.847","3","0","0","0","2215","0","0","0","N","0","0","0","4","02215","0","","1.0","","9","N","N","","0","","2","0","1","","2","N","","2","2","1","0","0","0","0","2","0","2","","","N","Y","4","1","","","N","","","","Y","N"
"2019117127","","2","0","0","0","0","0","0","0","0","1","0","","02","11","2019","6","40.508417","-80.004739","","11","0","0","0","0","1","0","0","0","","0","0","0","","","0","N","0","","40 30:30.302","","0","80 00:17.060","0","0","0","0","2116","0","0","0","N","0","0","0","3","02116","0","","1.0","","1","N","N","N","0","","0","0","0","","0","","","2","0","0","0","0","0","0","2","0","2","","03","","N","","","","","","","","","",""
"2019120067","","1","0","0","0","0","0","0","0","0","4","0","","02","11","2019","1","40.438144","-79.766231","","11","0","0","0","0","0","1","0","0","","0","0","0","","","0","N","0","","40 26:17.318","7","7","79 45:58.432","0","0","0","0","2446","0","0","0","N","0","0","0","2","02446","0","","1.0","1400.0","1","N","N","N","0","","0","0","1","","0","Y","","2","0","0","0","0","0","0","2","0","2","","","","N","","","","","","","","","",""
"2019124929","","1","0","0","0","0","0","0","0","0","7","0","","02","11","2019","6","40.520563","-80.274374","","11","0","0","0","0","0","0","0","0","","0","0","0","","","1","N","0","","40 31:14.025","6","0","80 16:27.746","8","0","0","0","2203","0","0","0","Y","0","0","0","1","68B03","0","","2.0","230.0","1","N","N","N","0","","0","0","0","","0","N","","1","1","0","0","0","1","0","2","0","1","","03","","N","","","","","","","","","",""
"2019117366","","1","0","0","0","0","0","0","0","0","7","0","","02","11","2019","7","40.395784","-79.999957","","11","0","0","0","0","0","1","0","0","","0","0","0","","","0","","1","","40 23:44.822","","0","79 59:59.846","0","0","0","0","2301","0","0","0","N","0","0","0","1","02301","0","","2.0","","1","N","N","N","0","","0","0","0","","0","","","1","0","0","0","0","0","0","2","0","1","","","","N","","","","","","","","","",""
"2019102240","","2","0","0","0","0","0","0","0","0","4","0","","02","10","2019","5","40.463331","-79.954231","","11","0","0","0","0","0","0","0","0","1","0","0","0","","","0","","1","","40 27:47.990","1","0","79 57:15.231","0","0","0","0","2301","0","0","0","N","0","0","0","2","02301","0","","1.0","","1","N","N","","0","","0","0","0","","0","N","","2","0","0","0","0","0","0","2","0","2","","","","N","","","","","","","","","",""
"2019112052","","1","0","0","0","0","0","0","0","0","99","0","","02","11","2019","2","40.43713","-79.828057","","11","0","0","0","0","0","0","0","0","","0","0","0","","","0","","0","","40 26:13.669","","0","79 49:41.006","0","0","0","0","2419","0","0","0","N","0","0","0","1","02419","0","","1.0","","1","N","N","","0","","0","0","0","","0","N","","1","0","0","0","0","0","0","2","0","1","","","","N","","","","","","","","","",""
"2019101747","","0","0","0","0","0","0","0","0","0","4","0","","02","10","2019","4","40.440425","-79.991598","","11","0","0","0","0","0","1","0","0","1","0","0","0","","","1","","1","","40 26:25.530","3","0","79 59:29.751","3","0","0","0","2301","0","0","0","N","0","0","0","3","02301","0","","1.0","","1","N","N","","0","","1","0","2","","2","N","","2","1","0","0","0","0","0","2","0","2","","","","N","","","","","","","","","",""
"2019099183","","1","0","0","0","0","0","0","0","0","1","0","","02","10","2019","4","40.429547","-79.998972","","11","0","0","0","0","0","0","0","0","1","0","0","0","","","0","","0","","40 25:46.370","1","3","79 59:56.300","0","0","0","0","2301","0","0","0","N","0","0","0","2","02301","0","","1.0","","1","N","N","","0","","0","0","1","","0","N","","2","0","0","0","0","0","0","2","0","2","","","","N","","","","","","","","","",""
"2019100453","","0","0","0","0","0","0","0","0","0","2","0","","02","10","2019","1","40.424706","-79.989219","","11","0","0","0","0","0","0","0","0","2","0","0","0","","","0","N","0","","40 25:28.940","7","0","79 59:21.190","0","0","0","0","2301","0","0","0","N","0","0","0","3","02301","0","","1.0","1855.0","9","N","N","N","0","","0","0","2","","0","N","","2","0","0","0","0","0","0","2","0","2","","","","N","","","","","","","","","",""
"2019135122","","1","0","0","0","0","0","0","0","0","7","0","","02","12","2019","1","40.440396","-79.832074","","11","0","0","1","0","0","0","0","0","","0","0","0","","","1","N","0","","40 26:25.427","3","0","79 49:55.467","3","0","0","0","2419","0","0","0","N","0","0","0","1","68B03","0","","2.0","1550.0","9","N","N","N","0","","1","0","0","","0","N","","1","1","1","0","0","0","0","2","0","1","","","","N","","","","","","","","","",""
"2019126080","","1","0","0","0","0","0","0","0","0","8","0","","02","11","2019","4","40.348014","-80.049824","","11","0","0","0","0","0","0","0","0","","0","0","0","","","1","","0","","40 20:52.850","","0","80 02:59.367","4","0","0","0","2407","1","0","0","N","1","0","0","2","02407","1","","1.0","","1","N","N","","0","","0","0","0","","7","","","2","1","0","0","0","0","0","2","0","1","","","","N","","","","","","","","","",""
"2019101496","","2","0","0","0","0","0","0","0","0","4","0","","02","10","2019","3","40.422192","-79.885586","","11","0","0","0","0","0","0","1","0","","0","0","0","","","0","","0","","40 25:19.890","","7","79 53:08.110","0","0","0","0","2463","0","0","0","N","0","0","0","2","02463","0","","1.0","","1","N","N","","0","","0","0","0","","0","N","","2","0","0","0","0","0","0","2","0","2","","","","N","","","","","","","","","",""
"2019114765","","1","0","0","0","0","0","0","0","0","4","0","","02","11","2019","4","40.451451","-79.90819","","11","0","0","0","0","0","2","0","0","","0","0","0","","","2","","1","","40 27:05.223","1","0","79 54:29.484","8","0","0","0","2301","0","0","0","N","0","0","0","2","02301","0","","1.0","1410.0","1","N","N","N","0","","0","0","1","","2","N","","2","2","0","0","0","2","0","2","0","2","","","","N","","","","","","","","","",""
"2019102377","","0","0","0","0","0","0","0","0","0","1","0","","02","10","2019","7","40.386796","-79.827412","","11","0","0","0","0","0","1","0","0","3","0","0","0","","","3","","2","","40 23:12.465","6","0","79 49:38.683","3","0","0","0","2111","0","0","0","N","0","0","0","6","02111","0","","1.0","","1","N","N","","0","","2","0","2","","0","N","","3","3","0","0","0","1","0","2","1","3","","","","N","","","","","","","","","",""
"2019110694","","2","0","0","0","0","0","0","0","0","4","0","","02","10","2019","5","40.328936","-79.938019","","11","0","0","0","0","0","2","0","0","2","0","0","0","","","0","","0","","40 19:44.168","3","7","79 56:16.867","0","0","0","0","2440","0","0","0","N","0","0","0","2","02440","0","","1.0","916.0","9","N","N","N","0","","0","0","0","","3","N","","2","0","0","0","0","0","0","2","0","2","","","","N","","","","","","","","","",""
"2019099429","","2","0","0","0","0","0","0","0","0","5","0","","02","10","2019","5","40.482918","-79.851696","","11","0","0","0","0","0","0","0","0","","0","0","0","","","2","","0","","40 28:58.505","","7","79 51:06.107","8","0","0","0","2113","0","0","0","N","0","0","0","4","02113","0","","1.0","","1","N","N","","0","","0","0","0","","0","N","","2","2","0","0","0","2","0","2","0","2","","","","N","","","","","","","","","",""
"2019122806","","2","0","0","0","0","0","0","0","0","1","0","","02","11","2019","3","40.468035","-80.201433","","11","0","0","0","0","0","0","0","1","","0","0","0","","","0","N","0","","40 28:04.927","","0","80 12:05.160","0","0","0","0","2213","0","0","0","N","0","0","0","3","68B03","0","","1.0","","1","N","N","N","0","","0","0","0","","0","","","2","0","0","0","0","0","0","2","0","2","","","","N","","","","","","","","","",""
"2019100601","","1","0","0","0","0","0","0","0","0","1","0","","02","10","2019","6","40.443219","-80.028699","","11","0","0","0","0","0","1","0","0","2","0","0","0","","","1","","2","","40 26:35.588","1","1","80 01:43.318","3","0","0","0","2301","0","0","0","N","0","0","0","2","02301","0","","1.0","","1","N","N","","0","","1","0","1","","2","N","","2","1","0","0","0","0","0","2","0","2","","","","N","","","","","","","","","",""
"2019103611","","3","0","0","0","0","0","0","0","0","1","0","","02","10","2019","7","40.429247","-79.999266","","11","0","0","0","0","0","0","0","0","","0","0","0","","","1","","1","","40 25:45.290","","3","79 59:57.359","8","0","0","0","2301","0","0","0","N","0","0","0","3","02301","0","","1.0","","1","N","N","","0","","0","0","0","","2","","","3","1","0","0","0","1","0","2","0","3","","","","N","","","","","","","","","",""
"2019104903","","1","0","0","0","0","0","0","0","0","4","0","","02","10","2019","4","40.527601","-79.950719","","11","0","0","0","0","0","1","0","0","","0","0","0","","","1","","0","","40 31:39.363","","0","79 57:02.590","3","0","0","0","2118","0","0","0","N","0","0","0","2","02118","0","","1.0","","1","N","N","","1","","1","0","0","","0","N","","2","1","0","0","0","0","0","2","0","2","","","","N","","","","","","","","","",""
"2019111718","","1","0","0","0","0","0","0","0","0","7","0","","02","11","2019","2","40.576608","-80.0231","","11","0","0","0","0","0","0","0","0","","0","0","0","","","0","Y","0","","40 34:35.790","","0","80 01:23.160","0","0","0","0","2108","0","0","0","N","0","0","0","1","02108","0","","5.0","","1","N","N","N","0","","0","0","0","","0","","","1","0","0","0","0","0","0","2","0","1","","","","N","","","","","","","","","",""
"2019112774","","0","0","0","0","0","0","0","0","0","7","0","","02","11","2019","2","40.485471","-80.009116","","11","0","0","0","0","0","0","0","0","","0","0","0","","","1","","0","","40 29:07.697","","2","80 00:32.817","3","0","0","0","2301","0","0","0","N","0","0","0","1","02301","0","","5.0","","1","N","N","N","0","","1","0","1","","0","N","","1","1","0","0","0","0","0","2","0","1","","","","N","","","","","","","","","",""
"2019109848","","3","0","0","0","0","0","0","0","0","1","0","","02","10","2019","4","40.489272","-79.91197","","11","0","0","0","0","0","2","0","0","1","0","0","0","","","1","","0","","40 29:21.379","4","3","79 54:43.093","3","0","0","0","2301","0","0","0","N","0","0","0","4","02301","0","","1.0","","1","N","N","","0","","1","0","1","","0","N","","4","1","0","0","0","0","2","2","0","4","","","","N","","","","","","","","","",""
"2019135160","","2","0","0","0","0","0","0","0","0","1","0","","02","12","2019","5","40.525387","-80.069505","","11","0","0","0","0","1","0","0","1","","0","0","0","","","1","N","3","","40 31:31.393","","2","80 04:10.219","8","0","0","0","2215","0","0","0","N","0","0","0","2","68B03","0","","1.0","","1","N","N","N","0","","0","0","0","","4","","","2","1","0","0","0","1","0","2","0","2","","","","N","","","","","","","","","",""
"2019110805","","1","0","0","0","0","0","0","0","0","1","0","","02","10","2019","7","40.426141","-79.895884","","11","0","0","0","0","0","0","0","0","1","0","0","0","","","0","","0","","40 25:34.109","4","0","79 53:45.183","0","0","0","0","2301","0","0","0","N","0","0","0","3","68B03","0","","1.0","","1","N","N","","0","","0","0","2","","0","N","","3","0","0","0","0","0","0","2","0","3","","","","N","","","","","","","","","",""
"2019103846","","1","0","0","0","0","0","0","0","0","4","0","25","02","10","2019","2","40.499461","-80.208553","","11","0","0","0","1","0","0","0","0","1","0","0","0","","","0","","7","","40 29:58.059","5","2","80 12:30.790","0","0","0","0","2213","0","0","0","N","0","0","0","3","02213","0","","1.0","","1","N","N","","0","","0","0","1","","0","N","","2","0","0","0","0","0","0","2","0","2","","","U","Y","4","1","N","N","N","N","N","N","Y",""
"2019099244","","1","0","0","0","0","0","0","0","0","7","0","","02","10","2019","5","40.613575","-80.125969","","11","0","0","0","0","0","0","0","0","1","0","0","0","","","1","","0","","40 36:48.870","4","0","80 07:33.490","3","0","0","0","2481","0","0","0","Y","0","0","0","1","02481","0","","5.0","","9","N","N","","0","","1","0","0","","0","N","","1","1","0","0","0","0","0","1","0","1","","","","N","","","","","","","","","",""
"2019111680","","2","0","0","0","0","0","0","0","0","4","0","","02","11","2019","7","40.387641","-80.090992","","11","0","0","0","0","1","1","0","0","","0","0","0","","","0","","1","","40 23:15.509","","0","80 05:27.572","0","0","0","0","2437","0","0","0","N","0","0","0","2","02437","0","","1.0","","1","N","N","","0","","0","0","0","","2","N","","2","0","0","0","0","0","0","2","0","2","","","","N","","","","","","","","","",""
"2019115210","","1","0","0","0","0","0","0","0","0","7","0","","02","11","2019","3","40.451858","-80.200019","","11","0","0","0","0","0","0","0","0","","0","0","0","","","1","N","0","","40 27:06.690","3","0","80 12:00.070","3","0","0","0","2203","0","0","0","N","0","0","0","1","02203","0","","4.0","1308.0","1","N","N","N","0","","1","0","0","","0","N","","1","1","1","0","0","0","0","2","0","1","","03","","N","","","","","","","","","",""
"2019103777","","0","0","0","0","0","0","0","0","0","1","0","45","02","10","2019","6","40.321322","-80.145517","","11","0","0","0","0","0","0","0","0","1","0","0","0","","","0","","0","","40 19:16.758","1","0","80 08:43.860","0","0","0","0","2119","0","0","0","N","0","0","0","2","68B01","0","","1.0","","1","N","N","","0","","0","0","2","","0","N","","2","0","0","0","0","0","0","2","0","2","","","Y","Y","4","1","N","N","N","N","N","N","Y",""
"2019114422","","1","0","0","0","0","0","0","0","0","5","0","","02","11","2019","7","40.395898","-79.841407","","11","0","0","0","0","0","0","0","0","","0","0","0","","","0","","0","","40 23:45.232","","0","79 50:29.065","9","0","0","0","2425","0","0","0","N","0","0","0","1","68B03","0","","4.0","","1","N","N","","0","","0","0","2","","0","","","3","0","0","0","0","0","1","2","0","3","","","","N","","","","","","","","","",""
"2019103618","","2","0","0","0","0","0","0","0","0","2","0","","02","10","2019","5","40.478781","-79.967343","","11","0","1","0","0","0","0","0","0","2","0","0","0","","","1","","6","","40 28:43.613","7","2","79 58:02.434","3","0","0","0","2118","0","0","0","N","0","0","0","2","02118","0","","1.0","","1","N","N","","0","","1","0","0","","3","Y","","2","1","0","0","0","0","0","2","0","2","","","","N","","","","","","","","","",""
"2019110349","","2","0","0","0","0","0","0","0","0","2","0","","02","10","2019","5","40.584418","-79.950808","","11","0","0","0","0","0","0","0","0","","0","0","0","","","0","","2","","40 35:03.904","","0","79 57:02.907","0","0","0","0","2207","0","0","0","N","0","0","0","2","02207","0","","1.0","","9","N","N","","0","","0","0","0","","2","N","","2","0","0","0","0","0","0","2","0","2","","","","N","","","","","","","","","",""