"CRN","ARRIVAL_TM","AUTOMOBILE_COUNT","BELTED_DEATH_COUNT","BELTED_SUSP_SERIOUS_INJ_COUNT","BICYCLE_COUNT","BICYCLE_DEATH_COUNT","BICYCLE_SUSP_SERIOUS_INJ_COUNT","BUS_COUNT","CHLDPAS_DEATH_COUNT","CHLDPAS_SUSP_SERIOUS_INJ_COUNT","COLLISION_TYPE","COMM_VEH_COUNT","CONS_ZONE_SPD_LIM","COUNTY","CRASH_MONTH","CRASH_YEAR","DAY_OF_WEEK","DEC_LATITUDE","DEC_LONGITUDE","DISPATCH_TM","DISTRICT","DRIVER_COUNT_16YR","DRIVER_COUNT_17YR","DRIVER_COUNT_18YR","DRIVER_COUNT_19YR","DRIVER_COUNT_20YR","DRIVER_COUNT_50_64YR","DRIVER_COUNT_65_74YR","DRIVER_COUNT_75PLUS","EST_HRS_CLOSED","FATAL_COUNT","HEAVY_TRUCK_COUNT","HORSE_BUGGY_COUNT","HOUR_OF_DAY","ILLUMINATION","INJURY_COUNT","INTERSECTION_RELATED","INTERSECT_TYPE","LANE_CLOSED","LATITUDE","LN_CLOSE_DIR","LOCATION_TYPE","LONGITUDE","MAX_SEVERITY_LEVEL","MCYCLE_DEATH_COUNT","MCYCLE_SUSP_SERIOUS_INJ_COUNT","MOTORCYCLE_COUNT","MUNICIPALITY","NONMOTR_COUNT","NONMOTR_DEATH_COUNT","NONMOTR_SUSP_SERIOUS_INJ_COUNT","NTFY_HIWY_MAINT","PED_COUNT","PED_DEATH_COUNT","PED_SUSP_SERIOUS_INJ_COUNT","PERSON_COUNT","POLICE_AGCY","POSSIBLE_INJ_COUNT","RDWY_SURF_TYPE_CD","RELATION_TO_ROAD","ROADWAY_CLEARED","ROAD_CONDITION","SCH_BUS_IND","SCH_ZONE_IND","SECONDARY_CRASH","SMALL_TRUCK_COUNT","SPEC_JURIS_CD","SUSP_MINOR_INJ_COUNT","SUSP_SERIOUS_INJ_COUNT","SUV_COUNT","TCD_FUNC_CD","TCD_TYPE","TFC_DETOUR_IND","TIME_OF_DAY","TOTAL_UNITS","TOT_INJ_COUNT","UNBELTED_OCC_COUNT","UNB_DEATH_COUNT","UNB_SUSP_SERIOUS_INJ_COUNT","UNK_INJ_DEG_COUNT","UNK_INJ_PER_COUNT","URBAN_RURAL","VAN_COUNT","VEHICLE_COUNT","WEATHER1","WEATHER2","WORKERS_PRES","WORK_ZONE_IND","WORK_ZONE_LOC","WORK_ZONE_TYPE","WZ_CLOSE_DETOUR","WZ_FLAGGER","WZ_LAW_OFFCR_IND","WZ_LN_CLOSURE","WZ_MOVING","WZ_OTHER","WZ_SHLDER_MDN","WZ_WORKERS_INJ_KILLED"
"2019099404","","6","0","0","0","0","0","0","0","0","1","0","","02","10","2019","5","40.577157","-80.026444","","11","1","3","2","0","0","0","0","0","2","0","0","0","","","0","","0","","40 34:37.766","2","0","80 01:35.200","0","0","0","0","2108","0","0","0","N","0","0","0","6","02108","0","","1.0","","1","N","N","","0","","0","0","0","","2","N","","6","0","0","0","0","0","0","2","0","6","","","","N","","","","","","","","","",""
"2019098772","","0","0","0","0","0","0","0","0","0","99","0","","02","9","2019","2","40.577113","-79.865223","","11","0","0","0","0","0","0","0","0","","0","0","0","","","0","","0","","40 34:37.605","","0","79 51:54.804","0","0","0","0","2209","0","0","0","N","0","0","0","1","02209","0","","1.0","","1","N","N","","0","","0","0","1","","0","","","1","0","0","0","0","0","0","1","0","1","","","","N","","","","","","","","","",""
"2019133408","","1","0","0","0","0","0","0","0","0","8","0","","02","12","2019","7","40.461459","-79.924855","","11","0","0","0","0","0","1","0","0","","0","0","0","","","1","","1","","40 27:41.252","","0","79 55:29.477","8","0","0","0","2301","1","0","0","N","1","0","0","2","02301","0","","1.0","","1","N","N","N","0","","0","0","0","","0","","","2","1","0","0","0","1","0","2","0","1","","03","","N","","","","","","","","","",""
"2019124017","","1","0","0","0","0","0","0","0","0","7","0","","02","11","2019","6","40.651923","-79.744681","","11","0","0","0","0","0","0","0","0","","0","0","0","","","0","N","0","","40 39:06.921","","0","79 44:40.850","0","0","0","0","2202","0","0","0","N","0","0","0","1","68D02","0","","4.0","","1","N","N","N","0","","0","0","0","","0","","","1","0","0","0","0","0","0","1","0","1","","03","","N","","","","","","","","","",""
"2019103599","","2","0","0","0","0","0","0","0","0","1","0","","02","10","2019","4","40.5034","-80.025118","","11","0","0","0","0","0","0","0","0","2","0","0","0","","","3","","1","","40 30:12.241","1","0","80 01:30.426","8","0","0","0","2116","0","0","0","N","0","0","0","4","02116","0","","1.0","","1","N","N","","1","","0","0","0","","2","Y","","3","3","0","0","0","3","0","2","0","3","","","","N","","","","","","","","","",""
"2019100762","","2","0","0","0","0","0","0","0","0","1","0","","02","10","2019","2","40.385817","-79.978928","","11","0","0","0","0","0","0","0","0","1","0","0","0","","","1","","0","","40 23:08.942","7","0","79 58:44.141","3","0","0","0","2301","0","0","0","N","0","0","0","2","02301","0","","1.0","","9","N","N","","0","","1","0","0","","0","N","","2","1","0","0","0","0","0","2","0","2","","","","N","","","","","","","","","",""
"2019100536","","2","0","0","0","0","0","0","0","0","4","0","","02","10","2019","1","40.460232","-79.842633","","11","0","0","0","0","0","0","0","0","","0","0","0","","","0","","5","","40 27:36.835","","0","79 50:33.477","0","0","0","0","2113","0","0","0","N","0","0","0","4","02113","0","","1.0","","9","N","N","","0","","0","0","0","","2","","","2","0","0","0","0","0","0","2","0","2","","","","N","","","","","","","","","",""
"2019102578","","2","0","0","0","0","0","0","0","0","4","0","","02","10","2019","6","40.424935","-79.91995","","11","0","0","0","0","0","0","0","0","1","0","0","0","","","1","","1","","40 25:29.765","2","0","79 55:11.820","4","0","0","0","2301","0","0","0","N","0","0","0","2","02301","1","","1.0","","1","N","N","","0","","0","0","0","","3","N","","2","1","0","0","0","0","0","2","0","2","","","","N","","","","","","","","","",""
"2019117809","","1","0","0","0","0","0","0","0","0","4","0","","02","11","2019","2","40.572128","-80.023504","","11","0","1","0","0","0","0","0","0","2","0","0","0","","","0","","1","","40 34:19.660","2","0","80 01:24.616","0","0","0","0","2108","0","0","0","N","0","0","0","3","02108","0","","1.0","","1","N","N","","0","","0","0","1","","2","N","","2","0","0","0","0","0","0","2","0","2","","","","N","","","","","","","","","",""
"2019099000","","1","0","0","0","0","0","0","0","0","7","0","","02","10","2019","4","40.425803","-80.019929","","11","0","0","0","0","0","0","0","0","1","0","0","0","","","0","","1","","40 25:32.890","3","0","80 01:11.744","0","0","0","0","2301","0","0","0","N","0","0","0","1","02301","0","","4.0","","1","N","N","","0","","0","0","0","","2","N","","1","0","1","0","0","0","0","2","0","1","","","","N","","","","","","","","","",""
"2019112055","","2","0","0","0","0","0","0","0","0","1","0","","02","10","2019","5","40.338681","-80.142971","","11","0","0","0","0","0","1","0","0","2","0","0","0","","","0","","2","","40 20:19.251","2","0","80 08:34.695","0","0","0","0","2119","0","0","0","N","0","0","0","2","02119","0","","1.0","","9","N","N","","0","","0","0","0","","3","N","","2","0","0","0","0","0","0","2","0","2","","","","N","","","","","","","","","",""
"2019104582","","4","0","0","0","0","0","0","0","0","2","0","","02","10","2019","7","40.480918","-79.975017","","11","0","0","0","0","0","1","0","0","","0","0","0","","","1","","1","","40 28:51.304","","0","79 58:30.061","8","0","0","0","2445","0","0","0","N","0","0","0","1","02445","0","","1.0","","1","N","N","","0","","0","0","0","","0","N","","4","1","0","0","0","1","0","2","0","4","","","","N","","","","","","","","","",""
"2019101912","","2","0","0","0","0","0","0","0","0","1","0","","02","10","2019","4","40.456019","-79.991542","","11","0","0","0","0","0","0","0","0","1","0","0","0","","","0","","6","","40 27:21.667","1","0","79 59:29.550","0","0","0","0","2301","0","0","0","N","0","0","0","2","02301","0","","1.0","","1","N","N","","0","","0","0","0","","0","Y","","2","0","0","0","0","0","0","2","0","2","","","","N","","","","","","","","","",""
"2019123612","","0","0","0","0","0","0","0","0","0","4","0","","02","12","2019","2","40.384889","-79.913296","","11","0","0","0","0","0","0","0","1","","0","0","0","","","1","N","2","","40 23:05.600","","0","79 54:47.865","4","0","0","0","2448","0","0","0","N","0","0","0","2","02448","1","","1.0","","9","N","N","N","0","","0","0","2","","0","","","2","1","0","0","0","0","0","2","0","2","","","","N","","","","","","","","","",""
"2019113360","","4","0","0","0","0","0","0","0","0","1","0","","02","11","2019","5","40.487668","-79.853383","","11","0","0","0","0","0","1","0","0","","0","0","0","","","0","N","0","","40 29:15.604","3","0","79 51:12.180","0","0","0","0","2113","0","0","0","N","0","0","0","4","02113","0","","1.0","1620.0","9","N","N","Y","0","","0","0","0","","0","N","","4","0","0","0","0","0","0","2","0","4","","07","","N","","","","","","","","","",""
"2019100291","","2","0","0","0","0","0","0","0","0","1","0","","02","10","2019","1","40.45724","-79.997836","","11","0","0","0","0","0","0","0","1","","0","0","0","","","2","","1","","40 27:26.063","","0","79 59:52.209","3","0","0","0","2301","0","0","0","N","0","0","0","5","02301","0","","1.0","","9","N","N","","0","","2","0","1","","2","","","3","2","0","0","0","0","0","2","0","3","","","","N","","","","","","","","","",""
"2019106362","","1","0","0","1","0","0","0","0","0","8","0","","02","10","2019","3","40.492518","-79.938593","","11","0","0","0","0","0","1","0","0","1","0","0","0","","","1","","6","","40 29:33.065","2","8","79 56:18.935","4","0","0","0","2430","1","0","0","N","0","0","0","2","02461","1","","1.0","","1","N","N","","0","","0","0","0","","0","N","","2","1","0","0","0","0","0","2","0","1","","","","N","","","","","","","","","",""
"2019114415","","0","0","0","0","0","0","0","0","0","7","0","","02","10","2019","5","40.506266","-80.281311","","11","0","0","0","0","0","0","0","0","2","0","0","0","","","0","","0","","40 30:22.558","6","0","80 16:52.720","0","0","0","0","2203","0","0","0","N","0","0","0","1","68B03","0","","4.0","","9","N","N","","0","","0","0","1","","0","N","","1","0","0","0","0","0","0","1","0","1","","05","","N","","","","","","","","","",""
"2019121680","","1","0","0","0","0","0","0","0","0","7","0","","02","11","2019","7","40.428788","-79.930495","","11","0","0","0","0","0","0","0","0","","0","0","0","","","0","","0","","40 25:43.636","","2","79 55:49.782","0","0","0","0","2301","0","0","0","Y","0","0","0","1","68B03","0","","7.0","","1","N","N","N","0","","0","0","0","","0","","","1","0","0","0","0","0","0","2","0","1","","03","","N","","","","","","","","","",""
"2019099940","","2","0","0","0","0","0","0","0","0","0","0","","02","9","2019","1","40.344479","-79.884049","","11","0","0","0","0","0","0","0","0","","0","0","0","","","1","","3","","40 20:40.126","","8","79 53:02.577","8","0","0","0","2304","0","0","0","N","0","0","0","5","02433","0","","7.0","","1","N","N","","0","","0","0","0","","0","N","","2","1","0","0","0","1","0","2","0","2","","","","N","","","","","","","","","",""
"2019122883","","1","0","0","0","0","0","0","0","0","6","0","","02","11","2019","7","40.421753","-80.000678","","11","0","0","0","0","0","0","0","0","","0","0","0","","","2","","1","","40 25:18.310","","0","80 00:02.440","3","0","0","0","2301","0","0","0","N","0","0","0","5","02301","0","","1.0","","1","N","N","N","0","","2","0","1","","3","","","2","2","4","0","0","0","0","2","0","2","","","","N","","","","","","","","","",""
"2019100208","","3","0","0","0","0","0","0","0","0","1","0","","02","10","2019","1","40.478908","-80.043019","","11","0","0","0","0","0","0","0","0","2","0","0","0","","","2","","1","","40 28:44.067","1","0","80 02:34.868","4","0","0","0","2301","0","0","0","N","0","0","0","5","02301","1","","1.0","","1","N","N","","0","","0","0","0","","0","N","","3","2","3","0","0","1","0","2","0","3","","","","N","","","","","","","","","",""
"2019102564","","2","0","0","0","0","0","0","0","0","4","0","","02","10","2019","6","40.42938","-79.988619","","11","0","0","0","0","1","0","1","0","","0","0","0","","","0","","2","","40 25:45.769","","0","79 59:19.027","0","0","0","0","2301","0","0","0","N","0","0","0","3","02301","0","","1.0","","1","N","N","","0","","0","0","0","","2","N","","2","0","0","0","0","0","0","2","0","2","","","","N","","","","","","","","","",""
"2019100232","","1","0","0","0","0","0","0","0","0","1","0","","02","10","2019","7","40.614871","-80.096984","","11","0","0","0","0","0","0","0","0","","0","0","0","","","0","","1","","40 36:53.534","","2","80 05:49.142","0","0","0","0","2481","0","0","0","N","0","0","0","5","02481","0","","1.0","","1","N","N","","0","","0","0","1","","2","N","","2","0","0","0","0","0","0","2","0","2","","","","N","","","","","","","","","",""
"2019098729","","2","0","0","0","0","0","0","0","0","4","0","","02","10","2019","3","40.463288","-79.865698","","11","0","0","0","0","0","0","0","0","","0","0","0","","","0","","2","","40 27:47.836","","0","79 51:56.512","0","0","0","0","2113","0","0","0","N","0","0","0","3","02113","0","","1.0","","1","N","N","","0","","0","0","0","","0","N","","2","0","0","0","0","0","0","2","0","2","","","","N","","","","","","","","","",""
"2019102332","","2","0","0","0","0","0","0","0","0","1","0","","02","10","2019","5","40.428487","-79.955771","","11","0","0","1","0","0","0","0","0","","0","0","0","","","0","","0","","40 25:42.553","","0","79 57:20.775","0","0","0","0","2301","0","0","0","N","0","0","0","2","02301","0","","1.0","","1","N","N","","0","","0","0","0","","0","","","2","0","1","0","0","0","0","2","0","2","","","","N","","","","","","","","","",""
"2019112045","","1","0","0","0","0","0","0","0","0","1","0","35","02","11","2019","2","40.326258","-80.078299","","11","0","0","0","0","0","0","0","1","","0","0","0","","","1","","0","","40 19:34.530","","0","80 04:41.877","3","0","0","0","2123","0","0","0","N","0","0","0","2","02123","0","","1.0","","1","N","N","","1","","1","0","0","","0","N","","2","1","0","0","0","0","0","2","0","2","","","Y","Y","3","1","","","N","Y","","","","N"
"2019110379","","0","0","0","0","0","0","0","0","0","7","0","","02","10","2019","5","40.545608","-79.835849","","11","0","0","0","0","0","1","0","0","","0","0","0","","","0","","0","","40 32:44.189","","0","79 50:09.056","0","0","0","0","2208","0","0","0","N","0","0","0","1","02208","0","","2.0","","9","N","N","","0","","0","0","0","","0","N","","1","0","0","0","0","0","0","2","1","1","","","","N","","","","","","","","","",""
"2019103172","","1","0","0","0","0","0","0","0","0","7","0","","02","10","2019","6","40.462128","-80.008144","","11","0","0","0","0","0","0","0","0","","0","0","0","","","0","","0","","40 27:43.660","","0","80 00:29.320","0","0","0","0","2301","0","0","0","N","0","0","0","1","02301","0","","4.0","","1","N","N","","0","","0","0","0","","0","N","","1","0","0","0","0","0","0","2","0","1","","","","N","","","","","","","","","",""
"2019100782","","0","0","0","0","0","0","0","0","0","7","0","","02","10","2019","1","40.432283","-80.153503","","11","0","0","0","0","0","0","0","0","5","0","0","0","","","0","","0","","40 25:56.220","2","0","80 09:12.610","0","0","0","0","2102","0","0","0","N","0","0","0","2","02501","0","","5.0","","9","N","N","","0","","0","0","1","","0","Y","","1","0","1","0","0","0","0","1","0","1","","","","N","","","","","","","","","",""
"2019098955","","1","0","0","0","0","0","0","0","0","1","1","","02","10","2019","4","40.439292","-80.074717","","11","0","0","0","0","0","0","0","0","1","0","1","0","","","0","","0","","40 26:21.451","3","0","80 04:28.980","0","0","0","0","2421","0","0","0","N","0","0","0","2","02421","0","","1.0","","1","N","N","","0","","0","0","0","","0","N","","2","0","0","0","0","0","0","2","0","2","","","","N","","","","","","","","","",""
"2019102969","","2","0","0","0","0","0","0","0","0","4","0","","02","10","2019","7","40.496131","-79.976872","","11","0","0","0","0","0","1","1","0","","0","0","0","","","0","","1","","40 29:46.072","","0","79 58:36.740","0","0","0","0","2118","0","0","0","N","0","0","0","2","02118","0","","1.0","","1","N","N","","0","","0","0","0","","0","N","","2","0","0","0","0","0","0","2","0","2","","","","N","","","","","","","","","",""
"2019102326","","2","0","0","0","0","0","0","0","0","1","0","","02","10","2019","6","40.429247","-79.999266","","11","0","0","0","0","0","1","0","0","","0","0","0","","","0","","2","","40 25:45.290","","3","79 59:57.359","0","0","0","0","2301","0","0","0","N","0","0","0","2","02301","0","","1.0","","1","N","N","","0","","0","0","0","","2","","","2","0","0","0","0","0","0","2","0","2","","","","N","","","","","","","","","",""
"2019134335","","1","0","0","0","0","0","0","0","0","7","0","","02","12","2019","5","40.524465","-79.988444","","11","0","0","0","0","0","0","0","0","","0","0","0","","","1","N","0","","40 31:28.075","5","0","79 59:18.398","3","0","0","0","2116","0","0","0","N","0","0","0","1","02116","0","","5.0","1030.0","9","N","N","N","0","","1","0","0","","0","N","","1","1","0","0","0","0","0","2","0","1","","04","","N","","","","","","","","","",""
"2019114352","","1","0","0","0","0","0","0","0","0","1","0","","02","11","2019","6","40.4993","-80.012816","","11","0","0","0","0","0","0","0","1","","0","0","0","","","0","","3","","40 29:57.479","","0","80 00:46.138","0","0","0","0","2116","0","0","0","N","0","0","0","3","02116","0","","1.0","","1","","","N","0","","0","0","1","","3","N","","2","0","0","0","0","0","0","2","0","2","","03","","N","","","","","","","","","",""
"2019098715","","2","0","0","0","0","0","0","0","0","4","0","","02","10","2019","3","40.437628","-79.770064","","11","0","0","0","0","0","0","0","0","","0","0","0","","","0","","0","","40 26:15.460","","7","79 46:12.230","0","0","0","0","2446","0","0","0","N","0","0","0","2","02446","0","","1.0","","1","N","N","","0","","0","0","0","","3","N","","2","0","0","0","0","0","0","2","0","2","","","","N","","","","","","","","","",""
"2019103419","","1","0","0","0","0","0","0","0","0","1","0","","02","10","2019","4","40.275576","-79.892856","","11","0","0","0","0","0","3","0","0","3","0","0","0","","","0","","6","","40 16:32.073","1","2","79 53:34.280","0","0","0","0","2471","0","0","0","N","0","0","0","3","02440","0","","1.0","","1","N","N","","1","","0","0","1","","3","Y","","3","0","0","0","0","0","0","2","0","3","","","","N","","","","","","","","","",""
"2019100814","","1","0","0","0","0","0","0","0","0","0","0","","02","10","2019","5","40.495837","-80.183956","","11","0","0","0","0","0","1","0","0","1","0","0","0","","","0","","0","","40 29:45.013","4","0","80 11:02.241","0","0","0","0","2213","0","0","0","N","0","0","0","1","02213","0","","1.0","","9","N","N","","0","","0","0","0","","0","N","","1","0","0","0","0","0","0","2","0","1","","","","N","","","","","","","","","",""
"2019109937","","2","0","0","0","0","0","0","0","0","1","0","","02","10","2019","1","40.429016","-79.940375","","11","0","0","0","1","0","0","1","0","","0","0","0","","","0","","0","","40 25:44.458","","0","79 56:25.351","0","0","0","0","2301","0","0","0","N","0","0","0","6","68B03","0","","1.0","","1","N","N","","0","","0","0","1","","0","","","3","0","0","0","0","0","0","2","0","3","","","","N","","","","","","","","","",""
"2019098488","","1","0","0","0","0","0","0","0","0","5","0","","02","10","2019","3","40.451597","-80.018383","","11","0","0","0","0","0","0","1","0","","0","0","0","","","0","","0","","40 27:05.750","","0","80 01:06.180","0","0","0","0","2301","0","0","0","N","0","0","0","2","02301","0","","1.0","","1","N","N","","0","","0","0","1","","0","N","","2","0","1","0","0","0","0","2","0","2","","","","N","","","","","","","","","",""
"2019111389","","1","0","0","0","0","0","0","0","0","7","0","","02","10","2019","2","40.371105","-79.828527","","11","0","0","0","0","0","0","0","0","2","0","0","0","","","0","N","0","","40 22:15.977","5","0","79 49:42.697","0","0","0","0","2111","0","0","0","N","0","0","0","1","02111","0","","5.0","","9","N","N","N","0","","0","0","0","","0","Y","","1","0","0","0","0","0","0","2","0","1","","","","N","","","","","","","","","",""
"2019110232","","1","0","0","0","0","0","0","0","0","4","0","","02","10","2019","4","40.632234","-80.058505","","11","0","0","0","0","0","0","0","0","2","0","0","0","","","0","","0","","40 37:56.044","1","0","80 03:30.617","0","0","0","0","2216","0","0","0","N","0","0","0","2","02505","0","","1.0","","1","N","N","","0","","0","0","1","","0","N","","2","0","0","0","0","0","0","2","0","2","","","","N","","","","","","","","","",""
"2019100193","","0","0","0","0","0","0","0","0","0","1","0","","02","10","2019","3","40.343592","-79.970298","","11","0","0","0","0","0","1","0","0","1","0","0","0","","","0","","0","","40 20:36.931","1","0","79 58:13.071","0","0","0","0","2403","0","0","0","N","0","0","0","2","02403","0","","1.0","","1","N","N","","1","","0","0","1","","0","N","","2","0","0","0","0","0","0","2","0","2","","","","N","","","","","","","","","",""
"2019114122","","1","0","0","0","0","0","0","0","0","8","0","","02","10","2019","6","40.479805","-79.954811","","11","0","0","0","0","0","0","1","0","","0","0","0","","","1","N","0","","40 28:47.299","","0","79 57:17.320","3","0","0","0","2301","1","0","0","N","1","0","0","2","02301","0","","1.0","","1","N","N","N","0","","1","0","0","","0","","","2","1","0","0","0","0","0","2","0","1","","03","","N","","","","","","","","","",""
"2019122136","","1","0","0","0","0","0","0","0","0","1","0","","02","11","2019","2","40.522136","-80.066469","","11","0","0","0","0","0","0","1","0","1","0","0","0","","","0","","0","","40 31:19.688","1","0","80 03:59.289","0","0","0","0","2215","0","0","0","N","0","0","0","3","68B03","0","","1.0","","1","N","N","","1","","0","0","0","","0","N","","2","0","0","0","0","0","0","2","0","2","","","","N","","","","","","","","","",""
"2019100680","","2","0","0","0","0","0","0","0","0","1","0","","02","10","2019","6","40.530576","-80.009915","","11","0","0","0","0","0","0","0","0","1","0","0","0","","","1","","1","","40 31:50.073","2","0","80 00:35.695","3","0","0","0","2116","0","0","0","N","0","0","0","4","02116","0","","1.0","","1","N","N","","0","","1","0","1","","2","N","","3","1","0","0","0","0","0","2","0","3","","","","N","","","","","","","","","",""
"2019101158","","2","0","0","0","0","0","0","0","0","2","0","","02","10","2019","3","40.465458","-79.825048","","11","0","0","0","0","0","0","0","0","","0","0","0","","","0","","2","","40 27:55.648","","0","79 49:30.173","0","0","0","0","2113","0","0","0","N","0","0","0","5","02113","0","","1.0","","1","N","N","","0","","0","0","0","","3","","","2","0","0","0","0","0","0","2","0","2","","","","N","","","","","","","","","",""
"2019124535","","1","0","0","0","0","0","0","0","0","4","1","","02","12","2019","4","40.426936","-79.980739","","11","0","0","0","0","0","1","0","0","","0","1","0","","","1","N","1","","40 25:36.971","","0","79 58:50.661","8","0","0","0","2301","0","0","0","N","0","0","0","4","02301","0","","1.0","","9","N","N","N","0","","0","0","0","","2","","","2","1","0","0","0","1","0","2","0","2","","","","N","","","","","","","","","",""
"2019112218","","1","0","0","0","0","0","0","0","0","4","0","","02","11","2019","2","40.650984","-79.934234","","11","0","0","0","0","0","0","0","0","","0","0","0","","","2","","1","","40 39:03.544","","0","79 56:03.242","3","0","0","0","2217","0","0","0","N","0","0","0","4","02505","0","","1.0","","1","N","N","","0","","1","0","1","","3","","","2","2","0","0","0","1","0","2","0","2","","","","N","","","","","","","","","",""
"2019135112","","2","0","0","0","0","0","0","0","0","1","0","","02","11","2019","3","40.507039","-80.037744","","11","0","0","0","0","0","1","0","0","","0","0","0","","","1","N","0","","40 30:25.341","2","0","80 02:15.879","4","0","0","0","2116","0","0","0","N","0","0","0","3","68B03","1","","1.0","30.0","1","N","N","N","0","","0","0","0","","0","N","","3","1","0","0","0","0","0","2","1","3","","","","N","","","","","","","","","",""
"2019101163","","0","0","0","0","0","0","0","0","0","1","0","","02","10","2019","2","40.514174","-79.951814","","11","0","0","0","0","0","2","0","0","","0","0","0","","","0","","0","","40 30:51.028","","0","79 57:06.531","0","0","0","0","2118","0","0","0","N","0","0","0","3","02118","0","","1.0","","9","N","N","","1","","0","0","1","","0","N","","3","0","0","0","0","0","0","2","1","3","","","","N","","","","","","","","","",""
"2019100210","","0","0","0","0","0","0","0","0","0","7","0","","02","10","2019","1","40.452033","-79.981228","","11","0","0","0","0","0","1","0","0","2","0","0","0","","","1","","0","","40 27:07.320","2","0","79 58:52.420","3","0","0","0","2301","0","0","0","N","0","0","0","1","02301","0","","5.0","","1","N","N","","0","","1","0","1","","0","Y","","1","1","0","0","0","0","0","2","0","1","","","","N","","","","","","","","","",""
"2019133931","","1","0","0","0","0","0","0","0","0","7","0","","02","12","2019","2","40.433417","-80.031007","","11","0","0","0","0","0","0","0","0","","0","0","0","","","1","Y","0","","40 26:00.301","","0","80 01:51.625","3","0","0","0","2301","0","0","0","N","0","0","0","1","02301","0","","4.0","","1","N","N","N","0","","1","0","0","","0","","","1","1","0","0","0","0","0","2","0","1","","03","","N","","","","","","","","","",""
"2019113605","","1","0","0","0","0","0","0","0","0","4","0","","02","11","2019","6","40.448239","-79.986874","","11","0","0","0","0","0","0","0","0","","0","0","0","","","1","","2","","40 26:53.660","2","0","79 59:12.746","8","0","0","0","2301","0","0","0","N","0","0","0","2","02301","0","","1.0","1017.0","1","N","N","N","1","","0","0","0","","2","N","","2","1","0","0","0","1","1","2","0","2","","03","","N","","","","","","","","","",""
"2019099196","","1","0","0","0","0","0","0","0","0","7","0","","02","10","2019","5","40.436425","-79.99479","","11","0","0","0","0","0","0","0","0","1","0","0","0","","","0","","0","","40 26:11.129","1","2","79 59:41.245","0","0","0","0","2301","0","0","0","N","0","0","0","1","02301","0","","1.0","","9","N","N","","0","","0","0","0","","0","N","","1","0","0","0","0","0","0","2","0","1","","","","N","","","","","","","","","",""
"2019098220","","0","0","0","0","0","0","0","0","0","7","0","","02","10","2019","3","40.448638","-79.965283","","11","0","0","0","0","0","0","0","0","2","0","0","0","","","0","","2","","40 26:55.097","1","0","79 57:55.019","0","0","0","0","2301","0","0","0","N","0","0","0","1","02301","0","","5.0","","1","N","N","","0","","0","0","1","","0","N","","1","0","1","0","0","0","0","2","0","1","","","","N","","","","","","","","","",""
"2019109525","","0","0","0","0","0","0","0","0","0","7","0","","02","10","2019","5","40.526469","-80.208889","","11","0","0","0","0","0","0","0","0","","0","0","0","","","0","","0","","40 31:35.289","","0","80 12:32.001","0","0","0","0","2213","0","0","0","N","0","0","0","1","02213","0","","2.0","","1","N","N","N","1","","0","0","0","","0","","","1","0","0","0","0","0","0","2","0","1","","","","N","","","","","","","","","",""
"2019111431","","2","0","0","0","0","0","0","0","0","4","0","","02","11","2019","1","40.649074","-80.096934","","11","0","0","0","0","0","1","0","0","1","0","0","0","","","2","","1","","40 38:56.666","7","2","80 05:48.961","8","0","0","0","2212","0","0","0","N","0","0","0","2","02505","0","","1.0","","1","N","N","","0","","0","0","0","","2","N","","2","2","0","0","0","2","0","2","0","2","","","","N","","","","","","","","","",""
"2019110364","","0","0","0","0","0","0","0","0","0","6","0","","02","10","2019","5","40.427515","-79.720963","","11","0","0","0","0","0","2","0","0","1","0","0","0","","","3","","0","","40 25:39.055","3","0","79 43:15.468","4","0","0","0","2446","0","0","0","N","0","0","0","3","02446","3","","1.0","","1","N","N","","0","","0","0","2","","2","N","","2","3","0","0","0","0","0","2","0","2","","","","N","","","","","","","","","",""
"2019099133","","2","0","0","0","0","0","0","0","0","1","0","","02","10","2019","4","40.458317","-79.933823","","11","0","0","0","0","1","0","0","0","","0","0","0","","","0","","1","","40 27:29.942","","0","79 56:01.763","0","0","0","0","2301","0","0","0","N","0","0","0","2","02301","0","","1.0","","9","N","N","","0","","0","0","0","","0","","","2","0","0","0","0","0","0","2","0","2","","","","N","","","","","","","","","",""
"2019105386","","2","0","0","0","0","0","0","0","0","4","0","","02","10","2019","7","40.417286","-79.848536","","11","0","0","0","0","0","1","0","0","","0","0","0","","","0","","5","","40 25:02.230","","0","79 50:54.729","0","0","0","0","2431","0","0","0","N","0","0","0","4","02431","0","","1.0","","1","N","N","","0","","0","0","0","","2","N","","2","0","0","0","0","0","0","2","0","2","","","","N","","","","","","","","","",""
"2019134098","","2","0","0","0","0","0","0","0","0","4","0","","02","12","2019","6","40.421255","-79.995644","","11","0","0","0","0","0","1","0","0","","0","0","0","","","0","N","0","","40 25:16.518","","7","79 59:44.318","0","0","0","0","2301","0","0","0","N","0","0","0","2","02301","0","","1.0","","1","N","N","N","0","","0","0","0","","0","","","2","0","0","0","0","0","0","2","0","2","","03","","N","","","","","","","","","",""
"2019128069","","1","0","0","0","0","0","0","0","0","7","0","","02","12","2019","2","40.492484","-79.93836","","11","0","0","0","0","0","0","0","0","","0","0","0","","","0","","7","","40 29:32.941","1","8","79 56:18.097","0","0","0","0","2430","0","0","0","Y","0","0","0","1","02461","0","","3.0","127.0","1","N","N","N","0","","0","0","0","","0","Y","","1","0","0","0","0","0","0","2","0","1","","","","N","","","","","","","","","",""