"CRN","ARRIVAL_TM","AUTOMOBILE_COUNT","BELTED_DEATH_COUNT","BELTED_SUSP_SERIOUS_INJ_COUNT","BICYCLE_COUNT","BICYCLE_DEATH_COUNT","BICYCLE_SUSP_SERIOUS_INJ_COUNT","BUS_COUNT","CHLDPAS_DEATH_COUNT","CHLDPAS_SUSP_SERIOUS_INJ_COUNT","COLLISION_TYPE","COMM_VEH_COUNT","CONS_ZONE_SPD_LIM","COUNTY","CRASH_MONTH","CRASH_YEAR","DAY_OF_WEEK","DEC_LATITUDE","DEC_LONGITUDE","DISPATCH_TM","DISTRICT","DRIVER_COUNT_16YR","DRIVER_COUNT_17YR","DRIVER_COUNT_18YR","DRIVER_COUNT_19YR","DRIVER_COUNT_20YR","DRIVER_COUNT_50_64YR","DRIVER_COUNT_65_74YR","DRIVER_COUNT_75PLUS","EST_HRS_CLOSED","FATAL_COUNT","HEAVY_TRUCK_COUNT","HORSE_BUGGY_COUNT","HOUR_OF_DAY","ILLUMINATION","INJURY_COUNT","INTERSECTION_RELATED","INTERSECT_TYPE","LANE_CLOSED","LATITUDE","LN_CLOSE_DIR","LOCATION_TYPE","LONGITUDE","MAX_SEVERITY_LEVEL","MCYCLE_DEATH_COUNT","MCYCLE_SUSP_SERIOUS_INJ_COUNT","MOTORCYCLE_COUNT","MUNICIPALITY","NONMOTR_COUNT","NONMOTR_DEATH_COUNT","NONMOTR_SUSP_SERIOUS_INJ_COUNT","NTFY_HIWY_MAINT","PED_COUNT","PED_DEATH_COUNT","PED_SUSP_SERIOUS_INJ_COUNT","PERSON_COUNT","POLICE_AGCY","POSSIBLE_INJ_COUNT","RDWY_SURF_TYPE_CD","RELATION_TO_ROAD","ROADWAY_CLEARED","ROAD_CONDITION","SCH_BUS_IND","SCH_ZONE_IND","SECONDARY_CRASH","SMALL_TRUCK_COUNT","SPEC_JURIS_CD","SUSP_MINOR_INJ_COUNT","SUSP_SERIOUS_INJ_COUNT","SUV_COUNT","TCD_FUNC_CD","TCD_TYPE","TFC_DETOUR_IND","TIME_OF_DAY","TOTAL_UNITS","TOT_INJ_COUNT","UNBELTED_OCC_COUNT","UNB_DEATH_COUNT","UNB_SUSP_SERIOUS_INJ_COUNT","UNK_INJ_DEG_COUNT","UNK_INJ_PER_COUNT","URBAN_RURAL","VAN_COUNT","VEHICLE_COUNT","WEATHER1","WEATHER2","WORKERS_PRES","WORK_ZONE_IND","WORK_ZONE_LOC","WORK_ZONE_TYPE","WZ_CLOSE_DETOUR","WZ_FLAGGER","WZ_LAW_OFFCR_IND","WZ_LN_CLOSURE","WZ_MOVING","WZ_OTHER","WZ_SHLDER_MDN","WZ_WORKERS_INJ_KILLED"
"2019101031","","3","0","0","0","0","0","0","0","0","4","0","","02","10","2019","6","40.441955","-79.962817","","11","0","0","0","0","0","1","0","0","","0","0","0","","","0","","1","","40 26:31.038","","0","79 57:46.141","0","0","0","0","2301","0","0","0","N","0","0","0","3","02506","0","","1.0","","1","N","N","","0","","0","0","0","","1","","","3","0","0","0","0","0","0","2","0","3","","","","N","","","","","","","","","",""
"2019129809","","1","0","0","0","0","0","0","0","0","1","0","","02","11","2019","2","40.448829","-80.110992","","11","0","0","0","0","0","1","0","0","1","0","0","0","","","2","","0","","40 26:55.785","2","0","80 06:39.572","8","0","0","0","2115","0","0","0","N","0","0","0","3","68B03","0","","1.0","","1","N","N","","2","","0","0","0","","0","N","","4","2","0","0","0","2","1","2","0","3","","","","N","","","","","","","","","",""
"2019129931","","1","0","0","0","0","0","0","0","0","7","0","","02","12","2019","1","40.450993","-80.187064","","11","0","0","0","0","0","0","0","0","","0","0","0","","","0","","2","","40 27:03.574","","0","80 11:13.430","0","0","0","0","2214","0","0","0","N","0","0","0","1","02214","0","","5.0","","1","N","N","N","0","","0","0","0","","3","","","1","0","0","0","0","0","0","2","0","1","","","","N","","","","","","","","","",""
"2019120102","","2","0","0","0","0","0","0","0","0","4","0","","02","11","2019","7","40.397496","-80.106139","","11","0","0","0","0","0","0","0","1","","0","0","0","","","2","","6","","40 23:50.986","","2","80 06:22.099","3","0","0","0","2102","0","0","0","N","0","0","0","3","02102","0","","1.0","","1","N","N","N","0","","2","0","0","","3","N","","2","2","0","0","0","0","0","2","0","2","","03","","N","","","","","","","","","",""
"2019112492","","0","0","0","0","0","0","0","0","0","4","0","","02","11","2019","2","40.538088","-79.794697","","11","0","0","1","0","0","0","0","0","","0","0","0","","","1","","9","","40 32:17.117","","0","79 47:40.909","3","0","0","0","2418","0","0","0","N","0","0","0","1","02514","0","","1.0","","1","N","N","","1","","1","0","0","","0","N","","2","1","1","0","0","0","0","2","0","1","","","","N","","","","","","","","","",""
"2019113457","","1","0","0","0","0","0","0","0","0","1","0","","02","11","2019","6","40.408761","-79.907474","","11","0","0","0","0","0","1","1","0","","0","0","0","","","1","","1","","40 24:31.538","","0","79 54:26.905","8","0","0","0","2448","0","0","0","N","0","0","0","2","02438","0","","1.0","","1","N","N","N","1","","0","0","0","","2","","","2","1","0","0","0","1","0","2","0","2","","03","","N","","","","","","","","","",""
"2019109213","","1","0","0","0","0","0","0","0","0","7","0","","02","10","2019","2","40.406686","-79.778028","","11","0","0","0","0","0","0","0","0","","0","0","0","","","0","","0","","40 24:24.070","","0","79 46:40.900","9","0","0","0","2453","0","0","0","N","0","0","0","2","02453","0","","4.0","","1","N","N","","0","","0","0","0","","3","N","","1","0","2","0","0","0","1","2","0","1","","","","N","","","","","","","","","",""
"2019129182","","1","0","0","0","0","0","0","0","0","7","0","","02","12","2019","1","40.415639","-79.972306","","11","0","0","0","0","0","0","0","0","","0","0","0","","","0","N","0","","40 24:56.300","3","0","79 58:20.300","9","0","0","0","2301","0","0","0","N","0","0","0","1","02301","0","","4.0","500.0","1","N","N","N","0","","0","0","0","","0","N","","1","0","0","0","0","0","1","2","0","1","","","","N","","","","","","","","","",""
"2019115644","","0","0","0","0","0","0","0","0","0","7","0","","02","11","2019","3","40.511448","-79.903823","","11","0","0","0","0","0","0","1","0","","0","0","0","","","0","N","0","","40 30:41.212","","0","79 54:13.763","0","0","0","0","2432","0","0","0","N","0","0","0","1","02432","0","","5.0","","2","N","N","N","0","","0","0","1","","0","","","1","0","0","0","0","0","0","2","0","1","","08","","N","","","","","","","","","",""
"2019111519","","0","0","0","0","0","0","0","0","0","98","0","","02","11","2019","1","40.457297","-79.988604","","11","0","0","0","0","0","0","0","0","1","0","0","0","","","0","N","0","","40 27:26.269","2","0","79 59:18.976","0","0","0","0","2301","0","0","0","N","0","0","0","1","02301","0","","1.0","1350.0","1","N","N","N","1","","0","0","0","","0","N","","1","0","0","0","0","0","0","2","0","1","","03","","N","","","","","","","","","",""
"2019115702","","1","0","0","0","0","0","0","0","0","7","0","","02","11","2019","4","40.468139","-79.931264","","11","0","0","0","0","0","0","0","0","","0","0","0","","","0","","0","","40 28:05.300","","0","79 55:52.550","0","0","0","0","2301","0","0","0","N","0","0","0","1","02301","0","","5.0","","2","N","N","N","0","","0","0","0","","0","","","1","0","0","0","0","0","0","2","0","1","","98","","N","","","","","","","","","",""
"2019112994","","2","0","0","0","0","0","0","0","0","4","0","","02","11","2019","7","40.44679","-80.017475","","11","0","0","0","0","0","0","0","0","","0","0","0","","","0","","2","","40 26:48.443","","0","80 01:02.910","0","0","0","0","2301","0","0","0","N","0","0","0","2","02301","0","","1.0","","1","N","N","N","0","","0","0","0","","2","","","2","0","0","0","0","0","0","2","0","2","","03","","N","","","","","","","","","",""
"2019128128","","2","0","0","0","0","0","0","0","0","4","0","","02","12","2019","5","40.427716","-79.986363","","11","0","0","0","0","0","1","0","0","","0","0","0","","","0","","1","","40 25:39.776","","0","79 59:10.908","0","0","0","0","2301","0","0","0","N","0","0","0","4","02301","0","","1.0","","1","N","N","N","0","","0","0","0","","2","","","2","0","1","0","0","0","0","2","0","2","","","","N","","","","","","","","","",""
"2019116203","","1","0","0","1","0","0","0","0","0","8","0","","02","10","2019","5","40.338256","-79.998078","","11","0","0","0","0","0","0","0","0","","0","0","0","","","1","N","0","","40 20:17.722","","0","79 59:53.080","3","0","0","0","2403","1","0","0","N","0","0","0","2","02403","0","","1.0","","9","N","N","N","0","","1","0","0","","0","","","2","1","0","0","0","0","0","2","0","1","","03","","N","","","","","","","","","",""
"2019120545","","1","0","0","0","0","0","0","0","0","8","0","","02","11","2019","7","40.362246","-80.046618","","11","0","0","0","0","0","0","0","0","","0","0","0","","","2","","2","","40 21:44.087","","0","80 02:47.825","3","0","0","0","2109","2","0","0","N","2","0","0","3","02109","0","","1.0","","1","N","N","","0","","2","0","0","","3","","","3","2","0","0","0","0","0","2","0","1","","","","N","","","","","","","","","",""
"2019116608","","2","0","0","0","0","0","0","0","0","1","0","","02","11","2019","5","40.338866","-80.065977","","11","0","0","0","0","0","0","1","0","","0","0","0","","","2","N","1","","40 20:19.919","2","0","80 03:57.518","4","0","0","0","2123","0","0","0","N","0","0","0","5","02123","2","","1.0","2010.0","1","N","N","N","0","","0","0","0","","2","N","","3","2","0","0","0","0","0","2","1","3","","","","N","","","","","","","","","",""
"2019120415","","1","0","0","0","0","0","0","0","0","4","0","","02","11","2019","6","40.581605","-79.921753","","11","0","0","0","0","0","0","0","0","","0","0","0","","","0","","1","","40 34:53.777","","0","79 55:18.311","0","0","0","0","2207","0","0","0","N","0","0","0","2","02207","0","","1.0","","9","N","N","N","1","","0","0","0","","3","","","2","0","0","0","0","0","0","1","0","2","","98","","N","","","","","","","","","",""
"2019115218","","2","0","0","0","0","0","0","0","0","5","0","","02","11","2019","3","40.440582","-79.993073","","11","0","0","0","0","0","0","0","0","","0","0","0","","","0","","6","","40 26:26.096","2","2","79 59:35.063","0","0","0","0","2301","0","0","0","N","0","0","0","2","02301","0","","7.0","915.0","9","N","N","N","0","","0","0","0","","0","N","","2","0","0","0","0","0","0","2","0","2","","10","","N","","","","","","","","","",""
"2019125870","","2","0","0","0","0","0","0","0","0","6","0","","02","12","2019","7","40.517028","-79.787611","","11","0","0","0","0","0","0","1","0","","0","0","0","","","0","Y","0","","40 31:01.300","","0","79 47:15.400","0","0","0","0","2466","0","0","0","N","0","0","0","2","02466","0","","1.0","","1","N","N","N","0","","0","0","0","","0","","","2","0","0","0","0","0","0","2","0","2","","","","N","","","","","","","","","",""
"2019134987","","1","0","0","0","0","0","0","0","0","5","0","","02","12","2019","2","40.394627","-79.986551","","11","0","0","0","0","0","0","0","0","","0","0","0","","","0","","2","","40 23:40.657","","0","79 59:11.583","0","0","0","0","2301","0","0","0","N","0","0","0","1","02301","0","","1.0","","1","N","N","N","0","","0","0","1","","0","","","2","0","0","0","0","0","0","2","0","2","","","","N","","","","","","","","","",""
"2019120671","","1","0","0","0","0","0","0","0","0","5","0","","02","11","2019","1","40.403871","-79.990172","","11","0","0","0","0","0","0","0","0","","0","0","0","","","1","N","2","","40 24:13.935","","0","79 59:24.619","8","0","0","0","2301","0","0","0","N","0","0","0","2","02301","0","","1.0","","1","N","N","N","0","","0","0","2","","2","","","3","1","0","0","0","1","0","2","0","3","","03","","N","","","","","","","","","",""
"2019110714","","0","0","0","0","0","0","0","0","0","7","0","","02","10","2019","5","40.316089","-80.000803","","11","0","0","1","0","0","0","0","0","1","0","0","0","","","1","","0","","40 18:57.920","4","0","80 00:02.890","3","0","0","0","2219","0","0","0","N","0","0","0","1","02501","0","","2.0","","9","N","N","","1","","1","0","0","","0","N","","1","1","0","0","0","0","0","2","0","1","","","","N","","","","","","","","","",""
"2019124173","","1","0","0","0","0","0","0","0","0","4","0","","02","12","2019","3","40.443946","-80.055368","","11","0","0","0","0","0","1","0","0","","0","0","0","","","1","","3","","40 26:38.205","6","0","80 03:19.324","8","0","0","0","2301","0","0","0","N","0","0","0","5","02301","0","","1.0","1900.0","1","N","N","N","1","","0","0","0","","3","Y","","2","1","0","0","0","1","0","2","0","2","","04","","N","","","","","","","","","",""
"2019112982","","3","0","0","0","0","0","0","0","0","2","0","","02","11","2019","2","40.307631","-79.893553","","11","0","0","0","0","0","0","0","0","","0","0","0","","","0","","0","","40 18:27.470","","0","79 53:36.790","0","0","0","0","2302","0","0","0","N","0","0","0","1","02302","0","","1.0","","1","N","N","","0","","0","0","0","","0","N","","3","0","1","0","0","0","0","2","0","3","","","","N","","","","","","","","","",""
"2019126793","","0","0","0","0","0","0","0","0","0","98","0","","02","11","2019","2","40.665234","-79.717177","","11","0","0","0","0","0","0","0","0","","0","0","0","","","0","N","0","","40 39:54.844","","0","79 43:01.838","0","0","0","0","2106","0","0","0","N","0","0","0","1","68D02","0","","1.0","","1","N","N","N","0","","0","0","1","","0","","","1","0","0","0","0","0","0","2","0","1","","03","","N","","","","","","","","","",""
"2019111604","","1","0","0","0","0","0","0","0","0","4","0","","02","11","2019","1","40.40079","-80.031792","","11","0","0","0","0","0","1","0","0","","0","0","0","","","0","","1","","40 24:02.844","","0","80 01:54.451","0","0","0","0","2422","0","0","0","N","0","0","0","2","02301","0","","1.0","","1","N","N","N","0","","0","0","1","","3","N","","2","0","0","0","0","0","0","2","0","2","","","","N","","","","","","","","","",""
"2019120938","","2","0","0","0","0","0","0","0","0","1","0","","02","11","2019","1","40.474531","-79.714534","","11","0","0","0","0","0","0","0","0","","0","0","0","","","0","N","0","","40 28:28.311","6","0","79 42:52.322","0","0","0","0","2466","0","0","0","N","0","0","0","1","02466","0","","1.0","2000.0","1","N","N","N","1","","0","0","1","","0","N","","4","0","0","0","0","0","0","2","0","4","","","","N","","","","","","","","","",""
"2019124821","","2","0","0","0","0","0","0","0","0","1","0","","02","12","2019","3","40.624345","-80.053879","","11","0","0","0","0","0","0","0","0","","0","0","0","","","0","","2","","40 37:27.641","","0","80 03:13.964","0","0","0","0","2216","0","0","0","N","0","0","0","2","02505","0","","1.0","","1","N","N","N","0","","0","0","0","","3","","","2","0","1","0","0","0","0","2","0","2","","03","","N","","","","","","","","","",""
"2019109521","","2","0","0","0","0","0","0","0","0","1","0","","02","10","2019","3","40.48844","-80.010106","","11","0","0","0","0","0","1","0","0","","0","0","0","","","0","","2","","40 29:18.384","","0","80 00:36.382","0","0","0","0","2301","0","0","0","N","0","0","0","4","02301","0","","1.0","","1","N","N","","0","","0","0","0","","2","N","","2","0","0","0","0","0","0","2","0","2","","","","N","","","","","","","","","",""
"2019110359","","1","0","0","0","0","0","0","0","0","4","0","","02","10","2019","5","40.438045","-79.927695","","11","0","0","0","0","0","1","0","0","","0","0","0","","","0","","1","","40 26:16.961","","0","79 55:39.702","0","0","0","0","2301","0","0","0","N","0","0","0","3","02301","0","","1.0","","9","N","N","N","0","","0","0","0","","2","N","","2","0","0","0","0","0","0","2","1","2","","","","N","","","","","","","","","",""
"2019123854","","2","0","0","0","0","0","0","0","0","4","0","","02","12","2019","2","40.45647","-79.896678","","11","0","0","0","0","0","1","0","0","","0","0","0","","","2","N","1","","40 27:23.293","","0","79 53:48.042","8","0","0","0","2301","0","0","0","N","0","0","0","5","02301","0","","1.0","","1","N","N","N","0","","0","0","0","","2","","","2","2","0","0","0","2","0","2","0","2","","","","N","","","","","","","","","",""
"2019112329","","1","0","0","0","0","0","0","0","0","7","0","","02","11","2019","3","40.547695","-79.834567","","11","0","0","0","0","0","0","0","0","1","0","0","0","","","1","","0","","40 32:51.703","3","0","79 50:04.440","3","0","0","0","2208","0","0","0","N","0","0","0","1","02208","0","","5.0","","9","N","N","","0","","1","0","0","","0","N","","1","1","0","0","0","0","0","2","0","1","","","","N","","","","","","","","","",""
"2019112316","","1","0","0","0","0","0","0","0","0","7","0","","02","11","2019","3","40.436371","-79.99479","","11","0","0","0","0","0","2","0","0","","0","0","0","","","0","","0","","40 26:10.935","","2","79 59:41.243","0","0","0","0","2301","0","0","0","N","0","0","0","2","02301","0","","2.0","","9","N","N","","0","","0","0","1","","0","N","","2","0","0","0","0","0","0","2","0","2","","","","N","","","","","","","","","",""
"2019111998","","3","0","0","0","0","0","0","0","0","1","0","","02","10","2019","2","40.34628","-79.973468","","11","0","0","0","0","0","0","1","0","2","0","0","0","","","2","","1","","40 20:46.607","2","0","79 58:24.486","3","0","0","0","2476","0","0","0","N","0","0","0","4","02476","0","","1.0","","1","N","N","","0","","2","0","0","","2","N","","3","2","0","0","0","0","0","2","0","3","","","","N","","","","","","","","","",""
"2019102302","","0","0","0","0","0","0","0","0","0","4","0","","02","10","2019","3","40.382606","-79.810394","","11","0","0","0","0","0","0","1","0","2","0","0","0","","","1","","1","","40 22:57.381","1","0","79 48:37.418","8","0","0","0","2424","0","0","0","N","0","0","0","2","02424","0","","1.0","","8","N","N","","1","","0","0","1","","9","Y","","2","1","0","0","0","1","0","2","0","2","","","","N","","","","","","","","","",""
"2019131970","","0","0","0","0","0","0","0","0","0","7","0","","02","12","2019","6","40.62323","-79.923482","","11","0","0","0","1","0","0","0","0","","0","0","0","","","0","","0","","40 37:23.627","1","0","79 55:24.534","0","0","0","0","2217","0","0","0","N","0","0","0","1","02505","0","","5.0","1230.0","9","N","N","","0","","0","0","1","","2","Y","","1","0","0","0","0","0","0","2","0","1","","","","N","","","","","","","","","",""
"2019135185","","2","0","0","0","0","0","0","0","0","1","0","","02","12","2019","3","40.451703","-80.110907","","11","0","0","0","0","0","0","0","0","","0","0","0","","","0","N","0","","40 27:06.129","","0","80 06:39.264","0","0","0","0","2115","0","0","0","N","0","0","0","2","68B03","0","","1.0","","1","N","N","N","0","","0","0","0","","0","","","2","0","0","0","0","0","0","2","0","2","","03","","N","","","","","","","","","",""
"2019115209","","0","0","0","0","0","0","0","0","0","4","0","","02","11","2019","3","40.491481","-79.86589","","11","0","0","0","0","0","0","0","0","","0","0","0","","","0","N","2","","40 29:29.330","","0","79 51:57.203","0","0","0","0","2112","0","0","0","N","0","0","0","2","02112","0","","1.0","","9","N","N","N","0","","0","0","2","","2","","","2","0","0","0","0","0","0","2","0","2","","10","","N","","","","","","","","","",""
"2019127455","","2","0","0","0","0","0","0","0","0","4","0","","02","12","2019","3","40.437088","-80.002707","","11","0","0","0","0","0","1","0","0","","0","0","0","","","0","N","1","","40 26:13.515","","0","80 00:09.744","0","0","0","0","2301","0","0","0","N","0","0","0","5","02301","0","","1.0","","1","N","N","N","0","","0","0","0","","2","","","2","0","0","0","0","0","0","2","0","2","","03","","N","","","","","","","","","",""
"2019123801","","1","0","0","0","0","0","0","0","0","7","0","","02","12","2019","3","40.441715","-80.032603","","11","0","0","0","0","0","0","0","0","","0","0","0","","","0","N","0","","40 26:30.174","1","0","80 01:57.371","0","0","0","0","2301","0","0","0","N","0","0","0","1","02301","0","","5.0","137.0","9","N","N","Y","0","","0","0","0","","0","N","","1","0","0","0","0","0","0","2","0","1","","","","N","","","","","","","","","",""
"2019121696","","1","0","0","0","0","0","0","0","0","4","0","","02","11","2019","1","40.428571","-79.936204","","11","0","0","0","0","0","1","0","0","","0","0","0","","","0","N","0","","40 25:42.857","4","0","79 56:10.333","0","0","0","0","2301","0","0","0","Y","0","0","0","2","68B03","0","","1.0","1737.0","1","N","N","N","0","","0","0","1","","0","N","","2","0","0","0","0","0","0","2","0","2","","03","","N","","","","","","","","","",""
"2019127570","","0","0","0","0","0","0","0","0","0","1","0","","02","12","2019","1","40.50226","-80.135627","","11","0","1","0","0","0","1","0","0","","0","0","0","","","1","N","6","","40 30:08.136","","2","80 08:08.257","4","0","0","0","2115","0","0","0","N","0","0","0","2","68B03","1","","1.0","","9","N","N","N","0","","0","0","2","","4","","","2","1","0","0","0","0","0","2","0","2","","","","N","","","","","","","","","",""
"2019123392","","2","0","0","0","0","0","0","0","0","1","0","","02","12","2019","2","40.40148","-80.067616","","11","0","0","0","0","0","1","0","1","","0","0","0","","","1","N","0","","40 24:05.327","3","0","80 04:03.419","3","0","0","0","2415","0","0","0","N","0","0","0","2","02415","0","","1.0","757.0","1","N","N","N","0","","1","0","0","","0","N","","2","1","0","0","0","0","0","2","0","2","","03","","N","","","","","","","","","",""
"2019117075","","1","0","0","0","0","0","0","0","0","7","0","","02","11","2019","7","40.354844","-79.879091","","11","0","0","0","0","0","0","0","0","","0","0","0","","","0","N","0","","40 21:17.439","","0","79 52:44.728","0","0","0","0","2423","0","0","0","N","0","0","0","1","02304","0","","2.0","","1","N","N","N","0","","0","0","0","","0","","","2","0","0","0","0","0","0","2","0","1","","03","","N","","","","","","","","","",""
"2019113895","","0","0","0","0","0","0","0","0","0","0","0","","02","11","2019","6","40.647461","-80.104022","","11","0","0","0","0","0","0","1","0","","0","0","0","","","0","N","0","","40 38:50.858","3","0","80 06:14.480","0","0","0","0","2212","0","0","0","N","0","0","0","1","02505","0","","1.0","644.0","2","N","N","N","0","","0","0","1","","0","N","","1","0","0","0","0","0","0","2","0","1","","10","","N","","","","","","","","","",""
"2019101145","","1","0","0","0","0","0","0","0","0","4","0","","02","10","2019","3","40.344438","-79.88422","","11","0","0","0","0","0","1","0","0","","0","0","0","","","0","","3","","40 20:39.978","","3","79 53:03.191","0","0","0","0","2433","0","0","0","N","0","0","0","2","02304","0","","1.0","","1","N","N","","1","","0","0","0","","0","N","","2","0","0","0","0","0","0","2","0","2","","","","N","","","","","","","","","",""
"2019110329","","2","0","0","0","0","0","0","0","0","1","0","","02","10","2019","5","40.472781","-79.968571","","11","0","0","0","0","0","0","0","0","2","0","0","0","","","0","","0","","40 28:22.011","1","3","79 58:06.854","0","0","0","0","2301","0","0","0","N","0","0","0","3","02301","0","","1.0","","9","N","N","","0","","0","0","1","","8","N","","3","0","0","0","0","0","0","2","0","3","","","","N","","","","","","","","","",""
"2019120369","","1","0","0","0","0","0","0","0","0","1","0","","02","11","2019","4","40.523869","-80.035038","","11","0","0","0","0","0","0","0","0","","0","0","0","","","0","N","2","","40 31:25.928","2","0","80 02:06.135","0","0","0","0","2474","0","0","0","N","0","0","0","2","02474","0","","1.0","2000.0","1","N","N","N","0","","0","0","1","","0","N","","2","0","0","0","0","0","0","2","0","2","","98","","N","","","","","","","","","",""
"2019127324","","1","0","0","0","0","0","0","0","0","4","0","","02","12","2019","3","40.371781","-79.843746","","11","0","0","0","0","0","1","0","0","","0","0","0","","","0","","2","","40 22:18.411","2","0","79 50:37.486","0","0","0","0","2303","0","0","0","N","0","0","0","2","02303","0","","1.0","1730.0","1","","","N","1","","0","0","0","","2","N","","2","0","0","0","0","0","0","2","0","2","","03","","N","","","","","","","","","",""
"2019132907","","1","0","0","0","0","0","0","0","0","8","0","","02","12","2019","2","40.414407","-79.98806","","11","0","0","0","0","0","0","0","0","","0","0","0","","","1","N","1","","40 24:51.865","","0","79 59:17.015","3","0","0","0","2301","1","0","0","N","1","0","0","2","02301","0","","1.0","","1","N","N","N","0","","1","0","0","","2","","","2","1","0","0","0","0","0","2","0","1","","","","N","","","","","","","","","",""
"2019130869","","1","0","0","0","0","0","0","0","0","8","0","","02","12","2019","4","40.621853","-80.05428","","11","0","0","0","0","0","0","0","0","","0","0","0","","","1","","1","","40 37:18.669","2","0","80 03:15.408","8","0","0","0","2216","1","0","0","N","1","0","0","2","02505","0","","1.0","1212.0","1","N","N","N","0","","0","0","0","","2","N","","2","1","0","0","0","1","0","1","0","1","","","","N","","","","","","","","","",""
"2019121992","","1","0","0","0","0","0","0","0","0","1","0","","02","11","2019","5","40.438946","-79.759126","","11","0","0","0","0","0","0","0","0","","0","0","0","","","1","N","0","","40 26:20.205","4","0","79 45:32.852","8","0","0","0","2446","0","0","0","N","0","0","0","2","02446","0","","1.0","1300.0","1","N","N","N","0","","0","0","1","","0","Y","","2","1","0","0","0","1","0","2","0","2","","03","","N","","","","","","","","","",""
"2019118036","","2","0","0","0","0","0","0","0","0","1","0","","02","10","2019","5","40.434341","-79.996102","","11","0","0","0","0","0","0","0","0","2","0","0","0","","","1","","6","","40 26:03.626","3","2","79 59:45.966","3","0","0","0","2301","0","0","0","N","0","0","0","2","68B03","0","","1.0","","1","N","N","","0","","1","0","0","","0","N","","2","1","0","0","0","0","0","2","0","2","","","","N","","","","","","","","","",""
"2019113878","","2","0","0","0","0","0","0","0","0","4","0","","02","11","2019","6","40.360485","-79.90769","","11","0","0","0","0","0","1","0","0","","0","0","0","","","2","N","2","","40 21:37.746","1","0","79 54:27.685","8","0","0","0","2473","0","0","0","N","0","0","0","3","02473","0","","1.0","1700.0","1","N","N","N","0","","0","0","0","","2","N","","2","2","0","0","0","2","0","2","0","2","","03","","N","","","","","","","","","",""
"2019126309","","1","0","0","0","0","0","0","0","0","4","0","","02","12","2019","2","40.369306","-79.830556","","11","0","0","0","0","0","0","0","0","","0","0","0","","","0","N","0","","40 22:09.500","2","7","79 49:50.000","0","0","0","0","2111","0","0","0","N","0","0","0","4","02111","0","","1.0","2024.0","1","N","N","N","0","","0","0","1","","0","N","","2","0","0","0","0","0","0","2","0","2","","03","","N","","","","","","","","","",""
"2019115475","","1","0","0","0","0","0","0","0","0","2","0","","02","11","2019","6","40.453464","-80.061747","","11","0","0","0","0","0","0","0","0","","0","0","0","","","0","N","0","","40 27:12.470","","0","80 03:42.290","0","0","0","0","2301","0","0","0","N","0","0","0","1","02301","0","","2.0","","1","N","N","N","0","","0","0","1","","0","","","2","0","0","0","0","0","0","2","0","2","","03","","N","","","","","","","","","",""
"2019125089","","2","0","0","0","0","0","0","0","0","4","0","","02","12","2019","5","40.447435","-79.942465","","11","0","0","0","0","0","1","0","0","","0","0","0","","","1","","1","","40 26:50.767","","0","79 56:32.873","3","0","0","0","2301","0","0","0","N","0","0","0","2","02301","0","","1.0","","98","N","N","N","0","","1","0","0","","2","","","2","1","0","0","0","0","0","2","0","2","","03","","N","","","","","","","","","",""
"2019119619","","1","0","0","0","0","0","0","0","0","4","0","","02","11","2019","5","40.448557","-80.062856","","11","0","0","0","0","0","0","0","0","","0","0","0","","","1","N","1","","40 26:54.805","4","0","80 03:46.282","3","0","0","0","2301","0","0","0","N","0","0","0","2","02301","0","","1.0","1926.0","1","N","N","Y","0","","1","0","1","","3","Y","","2","1","0","0","0","0","1","2","0","2","","03","","N","","","","","","","","","",""
"2019134568","","1","0","0","0","0","0","0","0","0","8","0","","02","12","2019","2","","","","11","0","0","0","0","0","0","0","0","","0","0","0","","","1","","0","","40 20:19.1","","7","80 01:27.3","4","0","0","0","2407","1","0","0","N","1","0","0","2","02407","1","","1.0","","9","N","N","","0","","0","0","0","","0","","","2","1","0","0","0","0","0","1","0","1","","","","N","","","","","","","","","",""
"2019101597","","0","0","0","0","0","0","0","0","0","4","0","","02","10","2019","4","40.451143","-79.868211","","11","0","0","0","0","0","1","0","0","1","0","0","0","","","2","","2","","40 27:04.114","5","0","79 52:05.558","8","0","0","0","2301","0","0","0","N","0","0","0","3","02301","0","","1.0","","1","N","N","","0","","0","0","2","","3","Y","","2","2","0","0","0","2","0","2","0","2","","","","N","","","","","","","","","",""
"2019100583","","0","0","0","0","0","0","0","0","0","0","0","","02","10","2019","2","40.435949","-79.979727","","11","0","0","0","0","0","0","0","0","1","0","0","0","","","0","","0","","40 26:09.415","3","0","79 58:47.017","0","0","0","0","2301","0","0","0","N","0","0","0","1","02301","0","","1.0","","9","N","N","","0","","0","0","1","","0","N","","1","0","0","0","0","0","0","2","0","1","","","","N","","","","","","","","","",""
"2019124444","","0","0","0","0","0","0","0","0","0","7","0","","02","11","2019","6","40.438965","-79.973021","","11","0","0","0","0","0","0","0","0","","0","0","0","","","0","N","0","","40 26:20.273","","0","79 58:22.876","0","0","0","0","2301","0","0","0","N","0","0","0","1","02301","0","","4.0","","1","N","N","N","0","","0","0","0","","0","","","1","0","0","0","0","0","0","2","1","1","","03","","N","","","","","","","","","",""