"CRN","ARRIVAL_TM","AUTOMOBILE_COUNT","BELTED_DEATH_COUNT","BELTED_SUSP_SERIOUS_INJ_COUNT","BICYCLE_COUNT","BICYCLE_DEATH_COUNT","BICYCLE_SUSP_SERIOUS_INJ_COUNT","BUS_COUNT","CHLDPAS_DEATH_COUNT","CHLDPAS_SUSP_SERIOUS_INJ_COUNT","COLLISION_TYPE","COMM_VEH_COUNT","CONS_ZONE_SPD_LIM","COUNTY","CRASH_MONTH","CRASH_YEAR","DAY_OF_WEEK","DEC_LATITUDE","DEC_LONGITUDE","DISPATCH_TM","DISTRICT","DRIVER_COUNT_16YR","DRIVER_COUNT_17YR","DRIVER_COUNT_18YR","DRIVER_COUNT_19YR","DRIVER_COUNT_20YR","DRIVER_COUNT_50_64YR","DRIVER_COUNT_65_74YR","DRIVER_COUNT_75PLUS","EST_HRS_CLOSED","FATAL_COUNT","HEAVY_TRUCK_COUNT","HORSE_BUGGY_COUNT","HOUR_OF_DAY","ILLUMINATION","INJURY_COUNT","INTERSECTION_RELATED","INTERSECT_TYPE","LANE_CLOSED","LATITUDE","LN_CLOSE_DIR","LOCATION_TYPE","LONGITUDE","MAX_SEVERITY_LEVEL","MCYCLE_DEATH_COUNT","MCYCLE_SUSP_SERIOUS_INJ_COUNT","MOTORCYCLE_COUNT","MUNICIPALITY","NONMOTR_COUNT","NONMOTR_DEATH_COUNT","NONMOTR_SUSP_SERIOUS_INJ_COUNT","NTFY_HIWY_MAINT","PED_COUNT","PED_DEATH_COUNT","PED_SUSP_SERIOUS_INJ_COUNT","PERSON_COUNT","POLICE_AGCY","POSSIBLE_INJ_COUNT","RDWY_SURF_TYPE_CD","RELATION_TO_ROAD","ROADWAY_CLEARED","ROAD_CONDITION","SCH_BUS_IND","SCH_ZONE_IND","SECONDARY_CRASH","SMALL_TRUCK_COUNT","SPEC_JURIS_CD","SUSP_MINOR_INJ_COUNT","SUSP_SERIOUS_INJ_COUNT","SUV_COUNT","TCD_FUNC_CD","TCD_TYPE","TFC_DETOUR_IND","TIME_OF_DAY","TOTAL_UNITS","TOT_INJ_COUNT","UNBELTED_OCC_COUNT","UNB_DEATH_COUNT","UNB_SUSP_SERIOUS_INJ_COUNT","UNK_INJ_DEG_COUNT","UNK_INJ_PER_COUNT","URBAN_RURAL","VAN_COUNT","VEHICLE_COUNT","WEATHER1","WEATHER2","WORKERS_PRES","WORK_ZONE_IND","WORK_ZONE_LOC","WORK_ZONE_TYPE","WZ_CLOSE_DETOUR","WZ_FLAGGER","WZ_LAW_OFFCR_IND","WZ_LN_CLOSURE","WZ_MOVING","WZ_OTHER","WZ_SHLDER_MDN","WZ_WORKERS_INJ_KILLED"
"2019112509","","4","0","0","0","0","0","0","0","0","1","0","","02","11","2019","3","40.421086","-80.00485","","11","0","0","0","1","0","0","0","0","","0","0","0","","","1","","0","","40 25:15.908","","4","80 00:17.460","8","0","0","0","2301","0","0","0","N","0","0","0","4","02301","0","","1.0","","1","N","N","","0","","0","0","0","","0","N","","4","1","0","0","0","1","0","2","0","4","","","","N","","","","","","","","","",""
"2019128796","","1","0","0","0","0","0","0","0","0","1","0","","02","12","2019","7","40.34736","-79.952867","","11","0","0","0","0","0","0","0","0","","0","0","0","","","0","Y","0","","40 20:50.495","3","0","79 57:10.322","0","0","0","0","2473","0","0","0","N","0","0","0","5","02473","0","","1.0","2100.0","9","N","N","N","0","","0","0","1","","0","N","","2","0","0","0","0","0","0","2","0","2","","98","","N","","","","","","","","","",""
"2019110191","","2","0","0","0","0","0","0","0","0","4","0","","02","10","2019","4","40.452797","-80.03924","","11","0","0","0","0","0","1","0","0","","0","0","0","","","3","","2","","40 27:10.070","","4","80 02:21.263","8","0","0","0","2301","0","0","0","N","0","0","0","4","02301","0","","1.0","","9","N","N","","2","","0","0","0","","2","","","4","3","1","0","0","3","0","2","0","4","","","","N","","","","","","","","","",""
"2019110019","","4","0","0","0","0","0","0","0","0","1","0","","02","10","2019","2","40.366657","-80.014446","","11","0","0","0","0","0","2","2","0","","0","0","0","","","0","","1","","40 21:59.965","","0","80 00:52.006","0","0","0","0","2416","0","0","0","N","0","0","0","4","02416","0","","1.0","","1","N","N","","0","","0","0","0","","2","","","4","0","0","0","0","0","0","2","0","4","","","","N","","","","","","","","","",""
"2019129285","","0","0","0","0","0","0","0","0","0","4","0","","02","12","2019","2","40.417406","-80.000415","","11","0","0","0","0","0","0","0","0","","0","0","0","","","1","","1","","40 25:02.662","","0","80 00:01.493","3","0","0","0","2301","0","0","0","N","0","0","0","2","02301","0","","1.0","","9","Y","N","N","0","","1","0","1","","3","","","2","1","0","0","0","0","0","2","1","2","","","","N","","","","","","","","","",""
"2019099958","","2","0","0","0","0","0","0","0","0","4","0","","02","9","2019","1","40.344242","-79.883756","","11","0","0","0","0","0","0","0","0","","0","0","0","","","1","","0","","40 20:39.270","","8","79 53:01.520","8","0","0","0","2304","0","0","0","N","0","0","0","2","02433","0","","1.0","","1","N","N","","0","","0","0","0","","0","N","","2","1","1","0","0","1","0","2","0","2","","","","N","","","","","","","","","",""
"2019115409","","3","0","0","0","0","0","0","0","0","1","0","","02","11","2019","3","40.432173","-79.997147","","11","0","0","0","0","0","0","0","0","","0","0","0","","","0","N","0","","40 25:55.824","1","3","79 59:49.730","0","0","0","0","2301","0","0","0","N","0","0","0","3","02301","0","","1.0","1930.0","1","N","N","N","0","","0","0","0","","0","N","","3","0","0","0","0","0","0","2","0","3","","03","","N","","","","","","","","","",""
"2019130538","","7","0","0","0","0","0","0","0","0","2","0","","02","12","2019","2","40.454085","-79.950874","","11","0","0","0","0","0","1","0","0","","0","0","0","","","1","N","0","","40 27:14.707","6","0","79 57:03.145","8","0","0","0","2301","0","0","0","N","0","0","0","7","02301","0","","1.0","830.0","2","N","N","N","0","","0","0","0","","0","Y","","7","1","0","0","0","1","0","2","0","7","","06","","N","","","","","","","","","",""
"2019114276","","1","0","0","0","0","0","0","0","0","4","0","","02","11","2019","6","40.495678","-79.856464","","11","0","0","0","0","0","0","0","0","","0","0","0","","","0","N","2","","40 29:44.440","","0","79 51:23.270","9","0","0","0","2408","0","0","0","N","0","0","0","3","02408","0","","2.0","","1","N","N","N","0","","0","0","0","","3","","","2","0","0","0","0","0","3","2","0","2","","","","N","","","","","","","","","",""
"2019128988","","3","0","0","0","0","0","0","0","0","5","0","","02","12","2019","5","40.473","-79.925611","","11","0","0","0","0","0","0","0","0","","0","0","0","","","1","N","0","","40 28:22.800","5","0","79 55:32.200","3","0","0","0","2301","0","0","0","N","0","0","0","2","02301","0","","6.0","2217.0","1","N","N","N","0","","1","0","0","","0","Y","","3","1","0","0","0","0","0","2","0","3","","03","","N","","","","","","","","","",""
"2019127967","","1","0","0","0","0","0","0","0","0","1","0","","02","12","2019","5","40.475836","-79.970259","","11","0","0","0","0","0","1","0","0","","0","0","0","","","0","","0","","40 28:33.009","","0","79 58:12.933","0","0","0","0","2445","0","0","0","N","0","0","0","2","02445","0","","1.0","","1","N","N","N","0","","0","0","1","","0","","","2","0","0","0","0","0","0","2","0","2","","03","","N","","","","","","","","","",""
"2019111568","","0","0","0","0","0","0","0","0","0","4","0","","02","10","2019","2","40.352172","-80.05046","","11","0","0","0","0","0","1","0","0","2","0","0","0","","","1","","1","","40 21:07.820","2","0","80 03:01.656","4","0","0","0","2109","0","0","0","N","0","0","0","4","02109","1","","1.0","","1","N","N","","1","","0","0","2","","2","N","","3","1","0","0","0","0","0","2","0","3","","","","N","","","","","","","","","",""
"2019130322","","1","0","0","0","0","0","0","0","0","4","0","","02","12","2019","3","40.539589","-79.840374","","11","0","0","0","0","0","1","0","0","","0","0","0","","","1","","2","","40 32:22.522","","2","79 50:25.347","3","0","0","0","2208","0","0","0","N","0","0","0","2","02208","0","","1.0","","1","N","N","N","0","","1","0","1","","0","","","2","1","0","0","0","0","0","2","0","2","","","","N","","","","","","","","","",""
"2019113532","","1","0","0","0","0","0","0","0","0","7","0","","02","11","2019","1","40.474117","-80.093594","","11","0","0","0","0","0","0","0","0","","0","0","0","","","1","N","0","","40 28:26.820","","0","80 05:36.940","3","0","0","0","2126","0","0","0","N","0","0","0","1","02126","0","","5.0","","1","N","N","N","0","","1","0","0","","0","","","1","1","0","0","0","0","0","2","0","1","","03","","N","","","","","","","","","",""
"2019129794","","0","0","0","0","0","0","0","0","0","1","0","","02","12","2019","3","40.532202","-80.175436","","11","0","0","0","0","0","1","0","0","","0","0","0","","","0","","1","","40 31:55.927","3","0","80 10:31.570","0","0","0","0","2452","0","0","0","N","0","0","0","3","02458","0","","1.0","1300.0","1","N","N","N","0","","0","0","1","","0","N","","4","0","0","0","0","0","0","2","2","3","","04","","N","","","","","","","","","",""
"2019119333","","2","0","0","0","0","0","0","0","0","4","0","","02","11","2019","2","40.31743","-80.046487","","11","0","0","0","0","0","0","0","0","1","0","0","0","","","0","","2","","40 19:02.748","1","7","80 02:47.353","0","0","0","0","2407","0","0","0","N","0","0","0","2","02407","0","","1.0","","1","N","N","","0","","0","0","0","","3","N","","2","0","0","0","0","0","0","2","0","2","","","","N","","","","","","","","","",""
"2019123817","","1","0","0","0","0","0","0","0","0","2","0","","02","12","2019","1","40.516444","-79.838111","","11","0","0","0","0","0","0","0","0","","0","0","0","","","0","N","0","","40 30:59.200","","0","79 50:17.200","0","0","0","0","2451","0","0","0","N","0","0","0","1","02451","0","","1.0","","9","N","N","N","0","","0","0","0","","0","","","2","0","0","0","0","0","0","2","0","2","","","","N","","","","","","","","","",""
"2019113602","","0","0","0","0","0","0","0","0","0","7","0","","02","11","2019","2","40.410956","-79.918847","","11","0","0","0","0","0","2","0","0","","0","0","0","","","1","N","0","","40 24:39.440","","3","79 55:07.850","3","0","0","0","2301","0","0","0","N","0","0","0","2","02301","0","","1.0","","1","N","N","N","0","","1","0","2","","0","N","","2","1","0","0","0","0","0","2","0","2","","","","N","","","","","","","","","",""
"2019107775","","3","0","0","0","0","0","0","0","0","1","0","","02","10","2019","7","40.405984","-79.912275","","11","0","0","0","0","0","0","0","0","2","0","0","0","","","1","","1","","40 24:21.541","2","3","79 54:44.191","8","0","0","0","2438","0","0","0","N","0","0","0","5","02438","0","","1.0","","1","N","N","","0","","0","0","0","","2","N","","3","1","0","0","0","1","1","2","0","3","","","","N","","","","","","","","","",""
"2019108528","","1","0","0","0","0","0","0","0","0","4","0","","02","10","2019","6","40.443885","-79.768655","","11","0","0","0","0","0","1","0","0","","0","0","0","","","0","","2","","40 26:37.986","","0","79 46:07.158","0","0","0","0","2446","0","0","0","N","0","0","0","2","02446","0","","1.0","","1","N","N","","1","","0","0","0","","0","N","","2","0","0","0","0","0","0","2","0","2","","","","N","","","","","","","","","",""
"2019122183","","1","0","0","0","0","0","0","0","0","4","0","","02","11","2019","4","40.457247","-79.997852","","11","0","0","0","0","0","1","0","0","","0","0","0","","","0","","1","","40 27:26.090","","0","79 59:52.267","0","0","0","0","2301","0","0","0","N","0","0","0","3","02301","0","","1.0","","1","N","N","N","0","","0","0","1","","2","","","2","0","0","0","0","0","0","2","0","2","","","","N","","","","","","","","","",""
"2019110476","","0","0","0","0","0","0","0","0","0","8","0","","02","10","2019","5","40.440083","-80.000839","","11","0","0","0","0","0","1","0","0","","0","0","0","","","1","","1","","40 26:24.299","","0","80 00:03.021","3","0","0","0","2301","1","0","0","N","1","0","0","2","02301","0","","1.0","","9","N","N","","0","","1","0","1","","2","N","","2","1","0","0","0","0","0","2","0","1","","","","N","","","","","","","","","",""
"2019118530","","1","0","0","0","0","0","0","0","0","7","0","","02","11","2019","3","40.392558","-79.893989","","11","0","0","0","0","0","0","0","0","","0","0","0","","","1","N","0","","40 23:33.210","7","0","79 53:38.360","8","0","0","0","2448","0","0","0","N","0","0","0","1","02448","0","","5.0","1509.0","1","N","N","N","0","","0","0","0","","0","Y","","1","1","0","0","0","1","0","2","0","1","","03","","N","","","","","","","","","",""
"2019117132","","1","0","0","0","0","0","0","0","0","4","0","","02","11","2019","4","40.449779","-79.844244","","11","0","0","0","0","0","0","1","0","","0","0","0","","","0","Y","0","","40 26:59.204","","0","79 50:39.279","0","0","0","0","2419","0","0","0","N","0","0","0","1","02419","0","","2.0","","1","N","N","N","0","","0","0","1","","0","","","2","0","0","0","0","0","0","2","0","2","","","","N","","","","","","","","","",""
"2019110203","","1","0","0","0","0","0","0","0","0","1","0","","02","10","2019","4","40.435749","-79.786532","","11","0","0","0","0","0","0","1","0","","0","0","0","","","0","","0","","40 26:08.697","","0","79 47:11.516","0","0","0","0","2446","0","0","0","N","0","0","0","2","02446","0","","1.0","","9","N","N","","0","","0","0","1","","2","N","","2","0","1","0","0","0","0","2","0","2","","","","N","","","","","","","","","",""
"2019118789","","1","0","0","0","0","0","0","0","0","7","0","","02","11","2019","3","40.464214","-80.141758","","11","0","0","0","0","0","0","0","0","","0","0","0","","","0","N","0","","40 27:51.170","","0","80 08:30.330","0","0","0","0","2115","0","0","0","N","0","0","0","1","02115","0","","5.0","","1","N","N","N","0","","0","0","0","","0","","","1","0","0","0","0","0","0","2","0","1","","","","N","","","","","","","","","",""
"2019097907","","2","0","0","0","0","0","0","0","0","1","0","","02","9","2019","2","40.454467","-79.994357","","11","0","0","0","0","0","1","0","0","","0","0","0","","","1","","6","","40 27:16.080","","2","79 59:39.685","8","0","0","0","2301","0","0","0","N","0","0","0","2","02301","0","","1.0","","9","N","N","","0","","0","0","0","","0","N","","2","1","0","0","0","1","0","2","0","2","","","","N","","","","","","","","","",""
"2019127908","","2","0","0","0","0","0","0","0","0","4","0","","02","10","2019","4","40.542419","-80.012111","","11","0","0","0","0","0","1","0","0","","0","0","0","","","1","N","0","","40 32:32.710","3","7","80 00:43.600","3","0","0","0","2116","0","0","0","N","0","0","0","4","02116","0","","1.0","2036.0","9","N","N","N","0","","1","0","0","","0","N","","2","1","0","0","0","0","0","2","0","2","","","","N","","","","","","","","","",""
"2019117544","","1","0","0","0","0","0","0","0","0","7","0","","02","11","2019","5","40.446478","-80.1363","","11","0","0","0","0","0","1","0","0","","0","0","0","","","1","Y","0","","40 26:47.320","","0","80 08:10.680","8","0","0","0","2115","0","0","0","N","0","0","0","1","02115","0","","5.0","","1","N","N","N","0","","0","0","0","","0","N","","1","1","1","0","0","1","0","2","0","1","","","","N","","","","","","","","","",""
"2019130280","","1","0","0","0","0","0","0","0","0","7","0","","02","12","2019","2","40.466639","-79.97831","","11","0","0","0","0","0","0","0","0","","0","0","0","","","0","N","0","","40 27:59.899","2","0","79 58:41.916","0","0","0","0","2301","0","0","0","Y","0","0","0","1","02301","0","","2.0","7.0","1","N","N","N","0","","0","0","0","","0","N","","1","0","0","0","0","0","0","2","0","1","","03","","N","","","","","","","","","",""
"2019130619","","1","0","0","0","0","0","0","0","0","1","0","","02","12","2019","4","40.457738","-79.935748","","11","0","0","0","0","0","0","0","0","","0","0","0","","","1","N","2","","40 27:27.856","3","0","79 56:08.692","3","0","0","0","2301","0","0","0","N","0","0","0","4","02301","0","","1.0","1745.0","2","N","N","Y","0","","1","0","2","","0","N","","3","1","0","0","0","0","0","2","0","3","","","","N","","","","","","","","","",""
"2019099469","","0","0","0","0","0","0","0","0","0","1","0","","02","9","2019","1","40.518419","-79.99283","","11","0","0","0","0","0","0","0","0","","0","0","0","","","0","","2","","40 31:06.308","","0","79 59:34.189","0","0","0","0","2116","0","0","0","N","0","0","0","3","02116","0","","1.0","","1","N","N","","0","","0","0","2","","0","N","","2","0","3","0","0","0","0","2","0","2","","","","N","","","","","","","","","",""
"2019110750","","1","0","0","0","0","0","0","0","0","4","0","","02","10","2019","5","40.36813","-80.028098","","11","0","0","0","0","0","2","0","0","","0","0","0","","","0","N","0","","40 22:05.268","","7","80 01:41.152","0","0","0","0","2109","0","0","0","N","0","0","0","4","02503","0","","1.0","","9","N","N","","1","","0","0","0","","0","N","","2","0","0","0","0","0","0","2","0","2","","","","N","","","","","","","","","",""
"2019119697","","2","0","0","0","0","0","0","0","0","4","0","","02","11","2019","6","40.472964","-80.072688","","11","0","0","0","0","0","0","0","0","","0","0","0","","","1","N","1","","40 28:22.669","","99","80 04:21.677","8","0","0","0","2122","0","0","0","N","0","0","0","4","02122","0","","1.0","","9","N","N","N","0","","0","0","0","","3","N","","2","1","0","0","0","1","0","2","0","2","","04","","N","","","","","","","","","",""
"2019129784","","0","0","0","0","0","0","0","0","0","7","0","","02","12","2019","3","40.400722","-80.005139","","11","0","0","0","0","0","0","0","0","","0","0","0","","","1","N","0","","40 24:02.600","","0","80 00:18.500","8","0","0","0","2301","0","0","0","N","0","0","0","1","02301","0","","5.0","","9","N","N","N","0","","0","0","1","","0","","","1","1","1","0","0","1","0","2","0","1","","03","","N","","","","","","","","","",""
"2019128323","","1","0","0","0","0","0","0","0","0","1","0","","02","12","2019","6","40.342836","-79.891716","","11","0","0","0","0","0","0","0","0","","0","0","0","","","0","Y","0","","40 20:34.210","1","0","79 53:30.176","0","0","0","0","2423","0","0","0","N","0","0","0","3","02304","0","","1.0","1657.0","9","N","N","Y","0","","0","0","2","","0","N","","3","0","0","0","0","0","0","2","0","3","","05","","N","","","","","","","","","",""
"2019102813","","1","0","0","0","0","0","0","0","0","7","0","","02","10","2019","6","40.494268","-79.943032","","11","0","0","0","1","0","0","0","0","1","0","0","0","","","1","","6","","40 29:39.365","2","0","79 56:34.916","8","0","0","0","2430","0","0","0","N","0","0","0","2","02430","0","","2.0","","1","N","N","","0","","0","0","0","","0","N","","1","1","0","0","0","1","0","2","0","1","","","","N","","","","","","","","","",""
"2019120123","","1","0","0","0","0","0","0","0","0","7","0","","02","11","2019","7","40.475133","-80.09925","","11","0","0","0","0","0","0","1","0","","0","0","0","","","1","N","0","","40 28:30.480","","0","80 05:57.300","8","0","0","0","2126","0","0","0","N","0","0","0","1","02126","0","","5.0","","1","N","N","N","0","","0","0","0","","0","","","1","1","0","0","0","1","0","2","0","1","","","","N","","","","","","","","","",""
"2019111537","","2","0","0","0","0","0","0","0","0","1","0","","02","11","2019","1","40.423308","-79.87095","","11","0","0","0","0","0","0","0","0","","0","0","0","","","0","","0","","40 25:23.910","","0","79 52:15.420","0","0","0","0","2463","0","0","0","N","0","0","0","1","02463","0","","2.0","","1","N","N","","0","","0","0","0","","0","N","","2","0","0","0","0","0","0","2","0","2","","","","N","","","","","","","","","",""
"2019114223","","0","0","0","0","0","0","0","0","0","98","0","","02","11","2019","7","40.474755","-80.282622","","11","0","0","0","0","0","0","0","1","","0","0","0","","","0","","0","","40 28:29.117","","0","80 16:57.440","0","0","0","0","2203","0","0","0","N","0","0","0","2","02203","0","","1.0","","1","N","N","N","0","","0","0","1","","0","","","1","0","0","0","0","0","0","1","0","1","","","","N","","","","","","","","","",""
"2019113909","","0","0","0","0","0","0","0","0","0","7","0","","02","11","2019","6","40.454619","-79.953766","","11","0","0","0","0","0","0","1","0","","0","0","0","","","0","N","0","","40 27:16.628","","0","79 57:13.556","0","0","0","0","2301","0","0","0","N","0","0","0","1","02301","0","","4.0","","1","N","N","N","0","","0","0","1","","0","N","","1","0","0","0","0","0","0","2","0","1","","03","","N","","","","","","","","","",""
"2019127894","","1","0","0","0","0","0","0","0","0","4","0","","02","12","2019","5","40.464158","-79.94126","","11","0","0","0","0","0","0","0","0","","0","0","0","","","0","","1","","40 27:50.968","","0","79 56:28.536","0","0","0","0","2301","0","0","0","N","0","0","0","2","02301","0","","1.0","","1","N","N","N","1","","0","0","0","","3","","","2","0","0","0","0","0","0","2","0","2","","","","N","","","","","","","","","",""
"2019115433","","2","0","0","0","0","0","0","0","0","6","0","","02","11","2019","3","40.416437","-79.976844","","11","0","0","0","0","0","1","0","0","","0","0","0","","","0","N","2","","40 24:59.172","2","0","79 58:36.640","0","0","0","0","2301","0","0","0","N","0","0","0","2","02301","0","","1.0","0.0","2","N","N","N","0","","0","0","0","","0","N","","2","0","0","0","0","0","0","2","0","2","","98","","N","","","","","","","","","",""
"2019129673","","1","0","0","0","0","0","0","0","0","4","0","","02","12","2019","2","40.429364","-79.999101","","11","0","0","0","0","0","0","0","0","","0","0","0","","","0","N","1","","40 25:45.712","3","0","79 59:56.762","0","0","0","0","2301","0","0","0","N","0","0","0","2","02301","0","","2.0","406.0","7","N","N","N","0","","0","0","0","","0","N","","1","0","0","0","0","0","0","2","0","1","","","","N","","","","","","","","","",""
"2019130548","","2","0","0","0","0","0","0","0","0","2","0","","02","12","2019","4","40.377056","-79.904944","","11","0","0","0","0","0","0","0","0","","0","0","0","","","1","N","0","","40 22:37.400","","0","79 54:17.800","4","0","0","0","2448","0","0","0","N","0","0","0","3","02448","1","","1.0","","2","N","N","N","0","","0","0","0","","0","","","2","1","0","0","0","0","0","2","0","2","","02","","N","","","","","","","","","",""
"2019135157","","1","0","0","0","0","0","0","0","0","1","0","","02","12","2019","3","40.447394","-80.165786","","11","0","0","0","0","0","1","0","0","","0","0","0","","","2","","6","","40 26:50.617","4","2","80 09:56.828","3","0","0","0","2115","0","0","0","N","0","0","0","3","68B03","0","","1.0","0.0","1","N","N","N","0","","2","0","1","","4","Y","","2","2","0","0","0","0","0","2","0","2","","","","N","","","","","","","","","",""
"2019131874","","0","0","0","0","0","0","0","0","0","7","0","","02","12","2019","6","40.34889","-79.939012","","11","0","0","0","0","0","0","0","1","","0","0","0","","","1","N","2","","40 20:56.003","4","0","79 56:20.443","3","0","0","0","2473","0","0","0","N","0","0","0","1","02473","0","","2.0","940.0","2","N","N","N","0","","1","0","1","","2","N","","1","1","0","0","0","0","0","2","0","1","","03","","N","","","","","","","","","",""
"2019110735","","2","0","0","0","0","0","0","0","0","4","0","","02","10","2019","5","40.451805","-79.943347","","11","0","0","0","0","0","0","0","0","","0","0","0","","","0","","1","","40 27:06.498","","0","79 56:36.050","0","0","0","0","2301","0","0","0","N","0","0","0","3","02301","0","","1.0","","9","N","N","","0","","0","0","0","","3","N","","2","0","0","0","0","0","0","2","0","2","","","","N","","","","","","","","","",""
"2019115717","","1","0","0","0","0","0","0","0","0","8","0","","02","11","2019","4","40.437656","-79.985123","","11","0","0","0","0","0","0","0","0","","0","0","0","","","1","N","1","","40 26:15.560","3","0","79 59:06.443","8","0","0","0","2301","1","0","0","N","1","0","0","2","02301","0","","1.0","705.0","1","N","N","N","0","","0","0","0","","2","Y","","2","1","0","0","0","1","0","2","0","1","","","","N","","","","","","","","","",""
"2019117551","","2","0","0","0","0","0","0","0","0","4","0","","02","11","2019","6","40.352858","-79.847709","","11","0","0","0","0","0","0","0","0","","0","0","0","","","2","N","0","","40 21:10.290","","7","79 50:51.752","8","0","0","0","2304","0","0","0","N","0","0","0","4","02304","0","","1.0","","1","N","N","N","0","","0","0","0","","2","","","2","2","0","0","0","2","0","2","0","2","","03","","N","","","","","","","","","",""
"2019131736","","2","0","0","0","0","0","0","0","0","7","0","","02","12","2019","6","40.586929","-80.046767","","11","0","0","0","0","0","1","0","0","","0","0","0","","","1","N","0","","40 35:12.944","3","3","80 02:48.361","3","0","0","0","2108","0","0","0","N","0","0","0","5","02108","0","","2.0","1900.0","1","N","N","N","0","","1","0","0","","0","Y","","2","1","0","0","0","0","0","2","0","2","","","","N","","","","","","","","","",""
"2019132750","","1","0","0","0","0","0","0","0","0","1","0","","02","11","2019","5","40.589609","-80.098556","","11","0","0","0","0","0","0","0","0","","0","0","0","","","0","N","0","","40 35:22.591","2","0","80 05:54.803","0","0","0","0","2481","0","0","0","N","0","0","0","4","68B03","0","","1.0","2018.0","1","N","N","N","1","","0","0","1","","0","Y","","3","0","0","0","0","0","0","2","0","3","","","","N","","","","","","","","","",""
"2019130933","","1","0","0","0","0","0","0","0","0","7","0","","02","12","2019","1","40.435783","-80.099392","","11","0","0","0","0","0","1","0","0","","0","0","0","","","0","","0","","40 26:08.820","1","0","80 05:57.810","0","0","0","0","2115","0","0","0","N","0","0","0","1","02115","0","","5.0","245.0","9","N","N","N","0","","0","0","0","","4","N","","1","0","0","0","0","0","0","2","0","1","","","","N","","","","","","","","","",""
"2019125258","","1","0","0","0","0","0","0","0","0","4","0","","02","12","2019","6","40.424783","-79.92699","","11","0","0","0","0","0","2","0","0","","0","0","0","","","1","","2","","40 25:29.218","2","0","79 55:37.164","8","0","0","0","2301","0","0","0","N","0","0","0","2","02301","0","","1.0","730.0","1","N","N","N","1","","0","0","0","","3","N","","2","1","0","0","0","1","0","2","0","2","","03","","N","","","","","","","","","",""
"2019110743","","2","0","0","0","0","0","0","0","0","1","0","","02","10","2019","3","40.502364","-80.050814","","11","1","0","0","0","0","0","0","0","","0","0","0","","","1","N","0","","40 30:08.510","","0","80 03:02.930","8","0","0","0","2404","0","0","0","N","0","0","0","2","02404","0","","1.0","","1","N","N","N","0","","0","0","0","","0","N","","2","1","0","0","0","1","0","2","0","2","","","","N","","","","","","","","","",""
"2019117325","","1","0","0","0","0","0","0","0","0","4","0","","02","11","2019","3","40.392229","-79.838881","","11","0","0","0","0","0","1","0","0","3","0","0","0","","","6","","0","","40 23:32.026","4","3","79 50:19.970","4","0","0","0","2425","0","0","0","N","0","0","0","7","68B03","6","","1.0","","2","N","N","","1","","0","0","1","","0","Y","","3","6","0","0","0","0","0","2","0","3","","","","N","","","","","","","","","",""
"2019120029","","0","0","0","0","0","0","0","0","0","7","0","","02","11","2019","6","40.498956","-80.258503","","11","0","0","0","0","0","0","0","0","","0","0","0","","","0","N","0","","40 29:56.240","4","0","80 15:30.610","0","0","0","0","2203","0","0","0","N","0","0","0","1","02501","0","","2.0","117.0","1","N","N","N","0","","0","0","0","","0","N","","1","0","0","0","0","0","0","2","1","1","","","","N","","","","","","","","","",""
"2019117130","","0","0","0","0","0","0","0","0","0","8","0","","02","11","2019","7","40.345136","-79.943894","","11","0","0","0","0","0","0","1","0","","0","0","0","","","2","N","0","","40 20:42.490","","7","79 56:38.020","4","0","0","0","2473","2","0","0","N","2","0","0","3","02473","2","","6.0","","1","N","N","N","0","","0","0","1","","0","","","3","2","0","0","0","0","0","2","0","1","","98","","N","","","","","","","","","",""
"2019126225","","0","0","0","0","0","0","0","0","0","7","0","","02","12","2019","1","40.555527","-80.000028","","11","0","0","0","0","0","0","0","0","","0","0","0","","","0","","0","","40 33:19.898","","0","80 00:00.101","0","0","0","0","2108","0","0","0","N","0","0","0","1","02108","0","","5.0","","1","N","N","","0","","0","0","1","","0","","","1","0","0","0","0","0","0","2","0","1","","","","N","","","","","","","","","",""
"2019115493","","3","0","0","0","0","0","0","0","0","98","0","","02","11","2019","3","40.393029","-79.932072","","11","0","0","0","0","0","1","0","0","","0","0","0","","","1","N","0","","40 23:34.904","4","3","79 55:55.460","4","0","0","0","2301","0","0","0","N","0","0","0","3","02301","1","","1.0","1813.0","2","N","N","N","0","","0","0","0","","0","Y","","3","1","0","0","0","0","0","2","0","3","","","","N","","","","","","","","","",""
"2019120087","","2","0","0","0","0","0","0","0","0","4","0","","02","11","2019","7","40.474395","-80.014808","","11","0","0","0","0","0","0","0","0","","0","0","0","","","1","N","0","","40 28:27.823","","0","80 00:53.310","3","0","0","0","2301","0","0","0","N","0","0","0","1","02301","0","","4.0","","1","N","N","N","0","","1","0","0","","0","","","2","1","0","0","0","0","0","2","0","2","","03","","N","","","","","","","","","",""
"2019120582","","2","0","0","0","0","0","0","0","0","4","0","","02","11","2019","7","40.581435","-80.082984","","11","0","0","0","0","0","0","0","0","","0","0","0","","","0","","2","","40 34:53.165","","0","80 04:58.741","0","0","0","0","2481","0","0","0","N","0","0","0","3","02481","0","","1.0","","9","N","N","N","0","","0","0","0","","3","","","2","0","0","0","0","0","0","2","0","2","","","","N","","","","","","","","","",""