"CRN","ARRIVAL_TM","AUTOMOBILE_COUNT","BELTED_DEATH_COUNT","BELTED_SUSP_SERIOUS_INJ_COUNT","BICYCLE_COUNT","BICYCLE_DEATH_COUNT","BICYCLE_SUSP_SERIOUS_INJ_COUNT","BUS_COUNT","CHLDPAS_DEATH_COUNT","CHLDPAS_SUSP_SERIOUS_INJ_COUNT","COLLISION_TYPE","COMM_VEH_COUNT","CONS_ZONE_SPD_LIM","COUNTY","CRASH_MONTH","CRASH_YEAR","DAY_OF_WEEK","DEC_LATITUDE","DEC_LONGITUDE","DISPATCH_TM","DISTRICT","DRIVER_COUNT_16YR","DRIVER_COUNT_17YR","DRIVER_COUNT_18YR","DRIVER_COUNT_19YR","DRIVER_COUNT_20YR","DRIVER_COUNT_50_64YR","DRIVER_COUNT_65_74YR","DRIVER_COUNT_75PLUS","EST_HRS_CLOSED","FATAL_COUNT","HEAVY_TRUCK_COUNT","HORSE_BUGGY_COUNT","HOUR_OF_DAY","ILLUMINATION","INJURY_COUNT","INTERSECTION_RELATED","INTERSECT_TYPE","LANE_CLOSED","LATITUDE","LN_CLOSE_DIR","LOCATION_TYPE","LONGITUDE","MAX_SEVERITY_LEVEL","MCYCLE_DEATH_COUNT","MCYCLE_SUSP_SERIOUS_INJ_COUNT","MOTORCYCLE_COUNT","MUNICIPALITY","NONMOTR_COUNT","NONMOTR_DEATH_COUNT","NONMOTR_SUSP_SERIOUS_INJ_COUNT","NTFY_HIWY_MAINT","PED_COUNT","PED_DEATH_COUNT","PED_SUSP_SERIOUS_INJ_COUNT","PERSON_COUNT","POLICE_AGCY","POSSIBLE_INJ_COUNT","RDWY_SURF_TYPE_CD","RELATION_TO_ROAD","ROADWAY_CLEARED","ROAD_CONDITION","SCH_BUS_IND","SCH_ZONE_IND","SECONDARY_CRASH","SMALL_TRUCK_COUNT","SPEC_JURIS_CD","SUSP_MINOR_INJ_COUNT","SUSP_SERIOUS_INJ_COUNT","SUV_COUNT","TCD_FUNC_CD","TCD_TYPE","TFC_DETOUR_IND","TIME_OF_DAY","TOTAL_UNITS","TOT_INJ_COUNT","UNBELTED_OCC_COUNT","UNB_DEATH_COUNT","UNB_SUSP_SERIOUS_INJ_COUNT","UNK_INJ_DEG_COUNT","UNK_INJ_PER_COUNT","URBAN_RURAL","VAN_COUNT","VEHICLE_COUNT","WEATHER1","WEATHER2","WORKERS_PRES","WORK_ZONE_IND","WORK_ZONE_LOC","WORK_ZONE_TYPE","WZ_CLOSE_DETOUR","WZ_FLAGGER","WZ_LAW_OFFCR_IND","WZ_LN_CLOSURE","WZ_MOVING","WZ_OTHER","WZ_SHLDER_MDN","WZ_WORKERS_INJ_KILLED"
"2019123761","","2","0","0","0","0","0","0","0","0","1","0","","02","11","2019","4","40.40289","-80.020747","","11","0","0","1","0","0","0","0","0","","0","0","0","","","0","N","0","","40 24:10.403","","0","80 01:14.689","0","0","0","0","2301","0","0","0","N","0","0","0","2","02301","0","","1.0","","1","N","N","N","0","","0","0","0","","0","","","2","0","0","0","0","0","0","2","0","2","","03","","N","","","","","","","","","",""
"2019116676","","2","0","0","0","0","0","0","0","0","4","0","","02","11","2019","6","40.457508","-80.008335","","11","0","0","0","0","0","0","0","0","","0","0","0","","","1","","2","","40 27:27.027","","0","80 00:30.006","4","0","0","0","2301","0","0","0","N","0","0","0","5","02301","1","","1.0","","1","N","N","N","0","","0","0","0","","3","N","","2","1","0","0","0","0","0","2","0","2","","03","","N","","","","","","","","","",""
"2019121745","","2","0","0","0","0","0","0","0","0","4","0","","02","11","2019","6","40.362035","-80.011224","","11","0","0","0","0","0","1","0","0","1","0","0","0","","","0","","1","","40 21:43.327","3","0","80 00:40.407","0","0","0","0","2416","0","0","0","N","0","0","0","2","02416","0","","1.0","","1","N","N","","0","","0","0","0","","3","Y","","2","0","0","0","0","0","0","2","0","2","","","","N","","","","","","","","","",""
"2019117559","","1","0","0","0","0","0","0","0","0","1","0","","02","11","2019","6","40.361867","-80.064376","","11","0","0","0","0","0","1","0","0","2","0","0","0","","","1","","0","","40 21:42.721","4","0","80 03:51.753","4","0","0","0","2109","0","0","0","N","0","0","0","8","02109","1","","1.0","","1","N","N","","0","","0","0","2","","0","N","","3","1","0","0","0","0","0","2","0","3","","","","N","","","","","","","","","",""
"2019118831","","1","0","0","0","0","0","0","0","0","7","0","","02","11","2019","4","40.299309","-79.985373","","11","0","0","0","0","0","0","0","0","","0","0","0","","","0","N","0","","40 17:57.514","","0","79 59:07.342","0","0","0","0","2219","0","0","0","N","0","0","0","1","02219","0","","5.0","","1","N","N","N","0","","0","0","0","","0","","","1","0","0","0","0","0","0","2","0","1","","","","N","","","","","","","","","",""
"2019129014","","0","0","0","0","0","0","0","0","0","8","0","","02","12","2019","7","40.375529","-80.036453","","11","0","0","0","0","0","0","0","0","","0","0","0","","","1","","2","","40 22:31.905","","0","80 02:11.232","8","0","0","0","2109","1","0","0","N","1","0","0","2","02109","0","","1.0","","9","N","N","","0","","0","0","1","","0","","","2","1","0","0","0","1","0","2","0","1","","","","N","","","","","","","","","",""
"2019133367","","2","0","0","0","0","0","0","0","0","4","0","","02","12","2019","4","40.419779","-79.889083","","11","0","0","0","0","0","0","0","1","","0","0","0","","","0","N","2","","40 25:11.204","","99","79 53:20.698","0","0","0","0","2463","0","0","0","N","0","0","0","2","02463","0","","1.0","","1","N","N","N","0","","0","0","0","","0","","","2","0","1","0","0","0","0","2","0","2","","03","","N","","","","","","","","","",""
"2019119224","","2","0","0","0","0","0","0","0","0","5","0","","02","11","2019","4","40.456941","-79.898731","","11","0","0","0","0","0","1","0","0","","0","0","0","","","0","Y","0","","40 27:24.986","","0","79 53:55.431","9","0","0","0","2301","0","0","0","N","0","0","0","3","02301","0","","6.0","","1","N","N","N","0","","0","0","0","","0","N","","2","0","2","0","0","0","1","2","0","2","","","","N","","","","","","","","","",""
"2019120926","","1","0","0","0","0","0","0","0","0","7","0","","02","11","2019","7","40.352546","-79.918693","","11","0","0","0","0","0","0","0","0","","0","0","0","","","0","N","0","","40 21:09.164","","0","79 55:07.293","0","0","0","0","2473","0","0","0","N","0","0","0","2","02473","0","","2.0","","1","N","N","N","0","","0","0","0","","0","","","2","0","0","0","0","0","0","2","0","1","","03","","N","","","","","","","","","",""
"2019126621","","2","0","0","0","0","0","0","0","0","6","0","","02","12","2019","2","40.359074","-80.114479","","11","0","0","0","0","0","0","0","0","2","0","0","0","","","0","","0","","40 21:32.666","3","0","80 06:52.125","0","0","0","0","2414","0","0","0","N","0","0","0","1","02414","0","","1.0","","9","N","N","","0","","0","0","0","","0","N","","2","0","0","0","0","0","0","2","0","2","","","","N","","","","","","","","","",""
"2019119453","","1","0","0","0","0","0","0","0","0","1","0","","02","11","2019","5","40.37549","-79.846384","","11","0","0","0","0","0","0","0","0","","0","0","0","","","1","N","0","","40 22:31.763","","7","79 50:46.981","4","0","0","0","2303","0","0","0","N","0","0","0","2","02303","1","","2.0","","1","N","N","N","0","","0","0","0","","0","","","2","1","1","0","0","0","0","2","1","2","","03","","N","","","","","","","","","",""
"2019108912","","2","0","0","0","0","0","0","0","0","1","0","","02","10","2019","2","40.478908","-80.043019","","11","0","0","0","0","0","1","0","0","","0","0","0","","","1","","1","","40 28:44.067","","0","80 02:34.868","4","0","0","0","2301","0","0","0","N","0","0","0","2","02301","1","","1.0","","1","N","N","","0","","0","0","0","","2","","","2","1","0","0","0","0","0","2","0","2","","","","N","","","","","","","","","",""
"2019126072","","2","0","0","0","0","0","0","0","0","5","0","","02","12","2019","1","40.454636","-79.994781","","11","0","0","0","0","0","1","0","0","","0","0","0","","","1","","0","","40 27:16.690","","0","79 59:41.212","8","0","0","0","2301","0","0","0","N","0","0","0","5","02301","0","","1.0","","1","N","N","N","0","","0","0","0","","2","","","2","1","0","0","0","1","0","2","0","2","","","","N","","","","","","","","","",""
"2019115686","","1","0","0","0","0","0","0","0","0","7","0","","02","11","2019","3","40.422315","-79.895668","","11","0","0","0","0","0","0","0","0","","0","0","0","","","0","N","2","","40 25:20.333","2","3","79 53:44.404","0","0","0","0","2463","0","0","0","N","0","0","0","3","02463","0","","1.0","2311.0","1","N","N","N","0","","0","0","0","","3","Y","","1","0","0","0","0","0","0","2","0","1","","03","","N","","","","","","","","","",""
"2019130048","","2","0","0","0","0","0","0","0","0","7","0","","02","12","2019","7","40.316547","-79.833382","","11","0","0","0","0","0","0","0","0","","0","0","0","","","0","N","2","","40 18:59.568","5","0","79 50:00.176","0","0","0","0","2469","0","0","0","Y","0","0","0","2","02469","0","","2.0","2031.0","1","N","N","N","0","","0","0","0","","0","Y","","2","0","0","0","0","0","0","2","0","2","","03","","N","","","","","","","","","",""
"2019114262","","1","0","0","0","0","0","0","0","0","4","0","","02","11","2019","7","40.345111","-80.154539","","11","0","0","0","0","1","0","0","0","","0","0","0","","","0","N","0","","40 20:42.400","5","0","80 09:16.340","0","0","0","0","2119","0","0","0","N","0","0","0","1","02119","0","","5.0","2200.0","1","N","N","N","0","","0","0","0","","0","N","","1","0","0","0","0","0","0","2","0","1","","","","N","","","","","","","","","",""
"2019124891","","2","0","0","0","0","0","0","0","0","1","0","","02","11","2019","7","40.413494","-80.064642","","11","0","0","0","0","0","1","0","0","","0","0","0","","","0","N","0","","40 24:48.577","4","0","80 03:52.712","0","0","0","0","2117","0","0","0","N","0","0","0","1","68B03","0","","4.0","100.0","1","N","N","N","0","","0","0","0","","0","N","","2","0","1","0","0","0","0","2","0","2","","","","N","","","","","","","","","",""
"2019128318","","2","0","0","0","0","0","0","0","0","1","0","","02","12","2019","6","40.361778","-80.092694","","11","0","0","0","0","0","0","1","1","","0","0","0","","","0","N","0","","40 21:42.400","","0","80 05:33.700","0","0","0","0","2123","0","0","0","N","0","0","0","2","02123","0","","1.0","","9","N","N","N","0","","0","0","0","","0","","","2","0","0","0","0","0","0","2","0","2","","07","","N","","","","","","","","","",""
"2019122781","","1","0","0","0","0","0","0","0","0","1","0","","02","10","2019","2","40.428754","-79.888712","","11","0","0","0","0","0","0","0","0","","0","0","0","","","0","N","0","","40 25:43.516","3","0","79 53:19.362","0","0","0","0","2426","0","0","0","N","0","0","0","3","68B03","0","","1.0","2122.0","1","N","N","N","0","","0","0","1","","0","N","","2","0","0","0","0","0","0","2","0","2","","03","","N","","","","","","","","","",""
"2019128143","","2","0","0","0","0","0","0","0","0","4","0","","02","12","2019","6","40.344556","-79.883694","","11","0","0","0","0","0","0","0","0","","0","0","0","","","0","N","0","","40 20:40.400","","0","79 53:01.300","0","0","0","0","2304","0","0","0","N","0","0","0","3","02304","0","","1.0","","9","N","N","N","0","","0","0","0","","0","","","2","0","0","0","0","0","0","2","0","2","","07","","N","","","","","","","","","",""
"2019129172","","1","0","0","0","0","0","0","0","0","7","0","","02","12","2019","6","40.413526","-80.009451","","11","0","0","0","0","0","0","0","0","","0","0","0","","","0","N","0","","40 24:48.692","4","2","80 00:34.025","0","0","0","0","2301","0","0","0","N","0","0","0","2","02301","0","","1.0","319.0","1","N","N","N","0","","0","0","0","","0","N","","1","0","0","0","0","0","0","2","0","1","","03","","N","","","","","","","","","",""
"2019116717","","0","0","0","0","0","0","0","0","0","1","0","","02","11","2019","6","40.47544","-80.097392","","11","0","0","0","0","0","1","0","0","","0","0","0","","","1","","2","","40 28:31.584","","7","80 05:50.611","8","0","0","0","2126","0","0","0","N","0","0","0","2","02126","0","","1.0","","1","N","N","N","1","","0","0","1","","2","","","2","1","0","0","0","1","0","2","0","2","","03","","N","","","","","","","","","",""
"2019118522","","1","0","0","0","0","0","0","0","0","7","0","","02","11","2019","5","40.402358","-79.820811","","11","0","0","0","0","0","0","0","0","","0","0","0","","","0","N","0","","40 24:08.490","","0","79 49:14.920","0","0","0","0","2467","0","0","0","N","0","0","0","1","02467","0","","5.0","","1","N","N","N","0","","0","0","0","","0","N","","1","0","0","0","0","0","0","2","0","1","","03","","N","","","","","","","","","",""
"2019134479","","2","0","0","0","0","0","0","0","0","4","0","","02","12","2019","4","40.39003","-80.043408","","11","0","0","0","0","0","1","0","0","","0","0","0","","","0","","0","","40 23:24.109","5","0","80 02:36.270","0","0","0","0","2109","0","0","0","N","0","0","0","4","02109","0","","1.0","1500.0","2","N","N","N","0","","0","0","1","","0","N","","3","0","1","0","0","0","0","2","0","3","","06","","N","","","","","","","","","",""
"2019116323","","2","0","0","0","0","0","0","0","0","4","0","","02","11","2019","2","40.406074","-79.942973","","11","0","0","0","0","0","0","0","0","","0","0","0","","","0","N","2","","40 24:21.868","","0","79 56:34.704","0","0","0","0","2301","0","0","0","N","0","0","0","2","02301","0","","1.0","","1","N","N","N","0","","0","0","0","","3","","","2","0","0","0","0","0","0","2","0","2","","03","","N","","","","","","","","","",""
"2019110310","","1","0","0","0","0","0","0","0","0","7","0","","02","10","2019","5","40.545754","-79.835239","","11","0","0","0","0","0","0","0","0","2","0","0","0","","","0","","0","","40 32:44.716","3","0","79 50:06.860","0","0","0","0","2208","0","0","0","N","0","0","0","1","02208","0","","1.0","","9","N","N","","0","","0","0","0","","0","N","","1","0","0","0","0","0","0","2","0","1","","","","N","","","","","","","","","",""
"2019119082","","0","0","0","0","0","0","0","0","0","98","0","","02","11","2019","4","40.566762","-80.031637","","11","0","0","0","0","0","0","0","0","","0","0","0","","","0","N","0","","40 34:00.344","","0","80 01:53.894","0","0","0","0","2108","0","0","0","N","0","0","0","1","02108","0","","2.0","","1","N","Y","N","0","","0","0","1","","0","","","1","0","0","0","0","0","0","2","0","1","","","","N","","","","","","","","","",""
"2019118565","","3","0","0","0","0","0","0","0","0","4","0","","02","11","2019","6","40.353125","-79.978193","","11","0","0","0","0","1","1","0","0","1","0","0","0","","","0","","0","","40 21:11.250","2","0","79 58:41.493","0","0","0","0","2476","0","0","0","N","0","0","0","4","02476","0","","1.0","","1","N","N","","1","","0","0","0","","2","N","","4","0","0","0","0","0","0","2","0","4","","","","N","","","","","","","","","",""
"2019119726","","2","0","0","0","0","0","0","0","0","4","0","","02","11","2019","5","40.383297","-80.018539","","11","0","0","0","0","0","1","1","0","1","0","0","0","","","0","","0","","40 22:59.870","3","7","80 01:06.740","0","0","0","0","2101","0","0","0","N","0","0","0","2","02101","0","","1.0","","1","N","N","","0","","0","0","0","","0","N","","2","0","0","0","0","0","0","2","0","2","","","","N","","","","","","","","","",""
"2019130284","","1","0","0","0","0","0","0","0","0","7","0","","02","12","2019","2","40.394217","-79.889367","","11","0","0","0","0","0","0","0","0","","0","0","0","","","1","N","0","","40 23:39.180","4","0","79 53:21.720","3","0","0","0","2473","0","0","0","N","0","0","0","1","02473","0","","2.0","745.0","1","N","N","N","0","","1","0","0","","0","N","","1","1","0","0","0","0","0","2","0","1","","","","N","","","","","","","","","",""
"2019122793","","0","0","0","0","0","0","0","0","0","1","0","","02","11","2019","3","40.4475","-80.165227","","11","0","0","0","0","0","1","0","0","","0","0","0","","","1","N","6","","40 26:51.000","","2","80 09:54.818","8","0","0","0","2115","0","0","0","N","0","0","0","2","68B03","0","","1.0","","1","N","N","N","0","","0","0","2","","0","","","2","1","0","0","0","1","0","2","0","2","","","","N","","","","","","","","","",""
"2019132040","","1","0","0","0","0","0","0","0","0","4","0","","02","12","2019","7","40.471019","-80.008611","","11","0","0","0","0","0","1","0","0","","0","0","0","","","0","N","1","","40 28:15.669","","0","80 00:30.998","0","0","0","0","2301","0","0","0","N","0","0","0","2","02301","0","","1.0","","1","N","N","N","0","","0","0","1","","2","","","2","0","2","0","0","0","0","2","0","2","","03","","N","","","","","","","","","",""
"2019131222","","2","0","0","0","0","0","0","0","0","1","0","","02","12","2019","5","40.455048","-79.94148","","11","0","0","0","0","0","1","1","0","","0","0","0","","","1","","2","","40 27:18.172","","0","79 56:29.328","4","0","0","0","2301","0","0","0","N","0","0","0","2","02301","1","","1.0","","1","N","N","N","0","","0","0","0","","2","","","2","1","0","0","0","0","0","2","0","2","","03","","N","","","","","","","","","",""
"2019128785","","0","0","0","0","0","0","0","0","0","4","0","","02","12","2019","7","40.582047","-80.038076","","11","0","0","0","0","0","1","0","0","","0","0","0","","","0","","1","","40 34:55.369","2","0","80 02:17.073","0","0","0","0","2108","0","0","0","N","0","0","0","3","02108","0","","1.0","1806.0","9","N","N","N","0","","0","0","2","","2","Y","","2","0","0","0","0","0","0","2","0","2","","","","N","","","","","","","","","",""
"2019109816","","0","0","0","0","0","0","0","0","0","4","0","","02","10","2019","3","40.393166","-79.805113","","11","0","0","0","0","0","0","0","0","","0","0","0","","","0","","2","","40 23:35.397","","3","79 48:18.405","0","0","0","0","2479","0","0","0","N","0","0","0","4","02501","0","","1.0","","1","N","N","","0","","0","0","2","","2","N","","2","0","0","0","0","0","0","2","0","2","","","","N","","","","","","","","","",""
"2019125646","","1","0","0","0","0","0","0","0","0","8","0","","02","12","2019","7","40.427511","-79.928148","","11","0","0","0","0","0","0","0","0","","0","0","0","","","1","N","2","","40 25:39.039","","0","79 55:41.334","3","0","0","0","2301","1","0","0","N","1","0","0","2","02301","0","","1.0","","1","N","N","N","0","","1","0","0","","3","","","2","1","0","0","0","0","0","2","0","1","","","","N","","","","","","","","","",""
"2019126154","","2","0","0","0","0","0","0","0","0","5","0","","02","12","2019","6","40.381384","-79.813148","","11","0","0","0","0","0","0","1","1","","0","0","0","","","0","","2","","40 22:52.982","3","0","79 48:47.333","0","0","0","0","2424","0","0","0","N","0","0","0","3","02424","0","","1.0","1430.0","1","N","N","N","0","","0","0","1","","0","N","","3","0","3","0","0","0","0","2","0","3","","","","N","","","","","","","","","",""
"2019128709","","2","0","0","0","0","0","0","0","0","4","0","","02","12","2019","7","40.342629","-79.841265","","11","0","0","0","0","0","0","0","0","","0","0","0","","","0","Y","0","","40 20:33.466","2","0","79 50:28.555","0","0","0","0","2304","0","0","0","N","0","0","0","1","02304","0","","6.0","922.0","9","N","N","N","0","","0","0","0","","0","Y","","2","0","0","0","0","0","0","2","0","2","","","","N","","","","","","","","","",""
"2019120585","","1","0","0","0","0","0","0","0","0","4","0","","02","11","2019","1","40.372989","-80.099264","","11","0","0","0","0","0","0","0","0","","0","0","0","","","0","","2","","40 22:22.759","","0","80 05:57.352","0","0","0","0","2102","0","0","0","N","0","0","0","3","02102","0","","1.0","","1","N","N","N","0","","0","0","1","","2","","","2","0","0","0","0","0","0","2","0","2","","","","N","","","","","","","","","",""
"2019112986","","1","0","0","0","0","0","0","0","0","7","0","","02","11","2019","6","40.330017","-79.988524","","11","0","0","0","0","0","0","0","0","","0","0","0","","","0","","0","","40 19:48.062","","0","79 59:18.686","0","0","0","0","2219","0","0","0","N","0","0","0","0","02219","0","","4.0","","1","N","N","","0","","0","0","0","","0","N","","1","0","0","0","0","0","0","2","0","1","","","","N","","","","","","","","","",""
"2019123454","","2","0","0","0","0","0","0","0","0","4","0","","02","12","2019","1","40.531471","-79.960183","","11","0","0","0","0","0","1","0","0","","0","0","0","","","0","","2","","40 31:53.297","","0","79 57:36.657","0","0","0","0","2118","0","0","0","N","0","0","0","2","02118","0","","1.0","","9","N","N","N","0","","0","0","0","","3","N","","2","0","0","0","0","0","0","2","0","2","","","","N","","","","","","","","","",""
"2019120105","","2","0","0","0","0","0","0","0","0","2","0","","02","11","2019","7","40.446861","-79.894235","","11","0","0","0","0","0","1","1","0","","0","0","0","","","2","N","2","","40 26:48.700","4","0","79 53:39.245","4","0","0","0","2301","0","0","0","N","0","0","0","4","02301","2","","1.0","940.0","1","N","N","N","0","","0","0","0","","3","N","","2","2","0","0","0","0","0","2","0","2","","03","","N","","","","","","","","","",""
"2019114157","","2","0","0","0","0","0","0","0","0","7","0","","02","11","2019","7","40.464894","-79.979852","","11","0","0","0","0","0","0","0","0","","0","0","0","","","0","N","1","","40 27:53.617","6","2","79 58:47.466","0","0","0","0","2301","0","0","0","N","0","0","0","5","02301","0","","7.0","1730.0","1","N","N","N","0","","0","0","0","","2","Y","","2","0","0","0","0","0","0","2","0","2","","","","N","","","","","","","","","",""
"2019119006","","0","0","0","0","0","0","0","0","0","4","0","","02","11","2019","4","40.332965","-79.984746","","11","0","0","0","0","0","0","0","0","","0","0","0","","","0","N","2","","40 19:58.673","","0","79 59:05.087","0","0","0","0","2403","0","0","0","N","0","0","0","2","02403","0","","1.0","","1","N","N","N","0","","0","0","2","","2","","","2","0","0","0","0","0","0","2","0","2","","03","","N","","","","","","","","","",""
"2019109126","","4","0","0","0","0","0","0","0","0","1","0","","02","10","2019","2","40.473584","-79.972298","","11","0","0","0","0","0","0","0","0","2","0","0","0","","","1","","6","","40 28:24.903","2","2","79 58:20.273","8","0","0","0","2445","0","0","0","N","0","0","0","4","02445","0","","7.0","","1","N","N","","0","","0","0","0","","4","N","","4","1","0","0","0","1","0","2","0","4","","","","N","","","","","","","","","",""
"2019128070","","2","0","0","0","0","0","0","0","0","5","0","","02","12","2019","5","40.39533","-79.997389","","11","0","0","0","0","0","1","0","0","","0","0","0","","","0","N","2","","40 23:43.189","","0","79 59:50.600","0","0","0","0","2301","0","0","0","N","0","0","0","3","02301","0","","1.0","","1","N","N","N","0","","0","0","0","","0","","","2","0","0","0","0","0","0","2","0","2","","03","","N","","","","","","","","","",""
"2019129349","","0","0","0","0","0","0","0","0","0","1","0","","02","12","2019","4","40.487469","-80.009025","","11","0","0","0","0","0","0","0","0","","0","0","0","","","0","N","0","","40 29:14.888","","0","80 00:32.490","0","0","0","0","2301","0","0","0","N","0","0","0","2","68B03","0","","1.0","","1","N","N","N","0","","0","0","2","","0","","","2","0","0","0","0","0","0","2","0","2","","","","N","","","","","","","","","",""
"2019111681","","1","0","0","0","0","0","0","0","0","7","0","","02","11","2019","1","40.399825","-79.935791","","11","0","0","0","0","0","0","0","0","2","0","0","0","","","0","","0","","40 23:59.371","4","3","79 56:08.846","0","0","0","0","2301","0","0","0","N","0","0","0","1","02301","0","","2.0","","1","N","N","","0","","0","0","0","","0","N","","1","0","0","0","0","0","0","2","0","1","","","","N","","","","","","","","","",""
"2019134105","","0","0","0","0","0","0","0","0","0","1","0","","02","12","2019","5","40.3872","-80.054788","","11","0","0","0","0","0","1","0","0","","0","0","0","","","1","","1","","40 23:13.921","","0","80 03:17.237","3","0","0","0","2109","0","0","0","N","0","0","0","4","02109","0","","1.0","","1","N","N","","1","","1","0","1","","2","","","2","1","0","0","0","0","0","2","0","2","","","","N","","","","","","","","","",""
"2019110542","","4","0","0","0","0","0","0","0","0","4","0","","02","10","2019","5","40.443155","-80.057911","","11","0","0","0","0","0","1","1","0","2","0","0","0","","","0","","1","","40 26:35.358","3","0","80 03:28.479","0","0","0","0","2439","0","0","0","N","0","0","0","6","02301","0","","1.0","1735.0","9","N","N","N","0","","0","0","0","","3","Y","","4","0","1","0","0","0","0","2","0","4","","","","N","","","","","","","","","",""
"2019127437","","1","0","0","0","0","0","0","0","0","4","0","","02","12","2019","3","40.532116","-79.712779","","11","0","0","0","0","0","0","0","1","","0","0","0","","","0","","1","","40 31:55.616","5","0","79 42:46.006","0","0","0","0","2466","0","0","0","N","0","0","0","2","02466","0","","1.0","1952.0","1","N","N","N","1","","0","0","0","","3","Y","","2","0","0","0","0","0","0","1","0","2","","","","N","","","","","","","","","",""
"2019126414","","1","0","0","0","0","0","0","0","0","0","0","","02","12","2019","2","40.27911","-79.854221","","11","0","0","0","0","0","0","0","1","","0","0","0","","","0","N","0","","40 16:44.797","7","0","79 51:15.197","0","0","0","0","2105","0","0","0","N","0","0","0","2","02105","0","","5.0","1927.0","9","N","N","N","0","","0","0","0","","0","Y","","1","0","0","0","0","0","0","1","0","1","","","","N","","","","","","","","","",""
"2019120072","","1","0","0","0","0","0","0","0","0","7","0","","02","11","2019","6","40.56796","-80.049493","","11","0","0","0","0","0","2","0","0","","0","0","0","","","0","N","1","","40 34:04.655","","0","80 02:58.174","0","0","0","0","2108","0","0","0","N","0","0","0","2","02108","0","","5.0","","1","N","N","N","0","","0","0","1","","3","","","2","0","0","0","0","0","0","2","0","2","","03","","N","","","","","","","","","",""
"2019129691","","0","0","0","0","0","0","0","0","0","7","0","","02","12","2019","1","40.393099","-79.934055","","11","0","0","0","0","0","0","0","0","","0","0","0","","","0","N","0","","40 23:35.157","3","0","79 56:02.597","9","0","0","0","2301","0","0","0","N","0","0","0","2","02301","0","","2.0","155.0","9","N","N","N","0","","0","0","1","","0","N","","1","0","0","0","0","0","1","2","0","1","","03","","N","","","","","","","","","",""
"2019130312","","2","0","0","0","0","0","0","0","0","5","0","","02","12","2019","3","40.454667","-80.012722","","11","0","0","0","0","0","1","0","0","","0","0","0","","","0","N","0","","40 27:16.800","","0","80 00:45.800","0","0","0","0","2301","0","0","0","N","0","0","0","2","02301","0","","1.0","","1","N","N","N","0","","0","0","1","","0","","","3","0","0","0","0","0","0","2","0","3","","03","","N","","","","","","","","","",""
"2019126408","","0","0","0","0","0","0","0","0","0","1","0","","02","12","2019","2","40.393166","-79.805113","","11","0","0","0","0","0","0","0","0","","0","0","0","","","2","N","2","","40 23:35.397","","3","79 48:18.405","3","0","0","0","2479","0","0","0","N","0","0","0","3","02501","0","","1.0","","9","N","N","N","0","","2","0","2","","2","","","2","2","0","0","0","0","0","2","0","2","","","","N","","","","","","","","","",""
"2019127726","","0","0","0","0","0","0","0","0","0","1","0","","02","12","2019","5","40.420972","-80.003333","","11","0","0","0","0","0","0","0","0","","0","0","0","","","0","N","0","","40 25:15.500","","0","80 00:12.000","0","0","0","0","2301","0","0","0","N","0","0","0","1","02301","0","","6.0","","2","N","N","N","0","","0","0","2","","0","","","2","0","0","0","0","0","0","2","0","2","","02","","N","","","","","","","","","",""
"2019111744","","2","0","0","0","0","0","0","0","0","1","0","","02","10","2019","4","40.447171","-79.99041","","11","0","0","0","0","0","1","0","0","3","0","0","0","","","1","","6","","40 26:49.816","1","8","79 59:25.477","8","0","0","0","2301","0","0","0","N","0","0","0","3","02301","0","","1.0","","1","N","N","","0","","0","0","0","","0","N","","2","1","0","0","0","1","1","2","0","2","","","","N","","","","","","","","","",""
"2019130627","","2","0","0","0","0","0","0","0","0","2","0","","02","12","2019","4","40.379623","-79.925521","","11","0","0","0","0","0","0","0","0","","0","0","0","","","1","N","2","","40 22:46.644","2","0","79 55:31.877","3","0","0","0","2301","0","0","0","N","0","0","0","2","02301","0","","1.0","1845.0","2","N","N","N","0","","1","0","0","","0","N","","2","1","0","0","0","0","0","2","0","2","","","","N","","","","","","","","","",""
"2019119462","","2","0","0","0","0","0","0","0","0","1","0","","02","11","2019","7","40.431768","-79.802333","","11","0","0","0","0","0","1","0","0","","0","0","0","","","0","N","0","","40 25:54.366","3","3","79 48:08.397","0","0","0","0","2446","0","0","0","N","0","0","0","4","02446","0","","1.0","1645.0","1","N","N","N","0","","0","0","1","","0","N","","3","0","0","0","0","0","0","2","0","3","","03","","N","","","","","","","","","",""
"2019117962","","1","0","0","0","0","0","0","0","0","7","0","","02","11","2019","2","40.439939","-80.078292","","11","0","0","0","0","0","0","0","0","","0","0","0","","","0","N","0","","40 26:23.782","3","0","80 04:41.852","0","0","0","0","2421","0","0","0","N","0","0","0","1","02421","0","","5.0","1659.0","1","N","N","N","0","","0","0","0","","0","Y","","1","0","0","0","0","0","0","2","0","1","","","","N","","","","","","","","","",""
"2019116932","","2","0","0","0","0","0","0","0","0","6","0","","02","11","2019","6","40.407636","-79.833378","","11","0","0","0","0","0","1","1","0","","0","0","0","","","2","N","0","","40 24:27.490","","0","79 50:00.160","3","0","0","0","2467","0","0","0","N","0","0","0","4","02467","0","","1.0","","1","","","N","0","","2","0","0","","0","","","2","2","0","0","0","0","0","2","0","2","","","","N","","","","","","","","","",""