"CRN","ARRIVAL_TM","AUTOMOBILE_COUNT","BELTED_DEATH_COUNT","BELTED_SUSP_SERIOUS_INJ_COUNT","BICYCLE_COUNT","BICYCLE_DEATH_COUNT","BICYCLE_SUSP_SERIOUS_INJ_COUNT","BUS_COUNT","CHLDPAS_DEATH_COUNT","CHLDPAS_SUSP_SERIOUS_INJ_COUNT","COLLISION_TYPE","COMM_VEH_COUNT","CONS_ZONE_SPD_LIM","COUNTY","CRASH_MONTH","CRASH_YEAR","DAY_OF_WEEK","DEC_LATITUDE","DEC_LONGITUDE","DISPATCH_TM","DISTRICT","DRIVER_COUNT_16YR","DRIVER_COUNT_17YR","DRIVER_COUNT_18YR","DRIVER_COUNT_19YR","DRIVER_COUNT_20YR","DRIVER_COUNT_50_64YR","DRIVER_COUNT_65_74YR","DRIVER_COUNT_75PLUS","EST_HRS_CLOSED","FATAL_COUNT","HEAVY_TRUCK_COUNT","HORSE_BUGGY_COUNT","HOUR_OF_DAY","ILLUMINATION","INJURY_COUNT","INTERSECTION_RELATED","INTERSECT_TYPE","LANE_CLOSED","LATITUDE","LN_CLOSE_DIR","LOCATION_TYPE","LONGITUDE","MAX_SEVERITY_LEVEL","MCYCLE_DEATH_COUNT","MCYCLE_SUSP_SERIOUS_INJ_COUNT","MOTORCYCLE_COUNT","MUNICIPALITY","NONMOTR_COUNT","NONMOTR_DEATH_COUNT","NONMOTR_SUSP_SERIOUS_INJ_COUNT","NTFY_HIWY_MAINT","PED_COUNT","PED_DEATH_COUNT","PED_SUSP_SERIOUS_INJ_COUNT","PERSON_COUNT","POLICE_AGCY","POSSIBLE_INJ_COUNT","RDWY_SURF_TYPE_CD","RELATION_TO_ROAD","ROADWAY_CLEARED","ROAD_CONDITION","SCH_BUS_IND","SCH_ZONE_IND","SECONDARY_CRASH","SMALL_TRUCK_COUNT","SPEC_JURIS_CD","SUSP_MINOR_INJ_COUNT","SUSP_SERIOUS_INJ_COUNT","SUV_COUNT","TCD_FUNC_CD","TCD_TYPE","TFC_DETOUR_IND","TIME_OF_DAY","TOTAL_UNITS","TOT_INJ_COUNT","UNBELTED_OCC_COUNT","UNB_DEATH_COUNT","UNB_SUSP_SERIOUS_INJ_COUNT","UNK_INJ_DEG_COUNT","UNK_INJ_PER_COUNT","URBAN_RURAL","VAN_COUNT","VEHICLE_COUNT","WEATHER1","WEATHER2","WORKERS_PRES","WORK_ZONE_IND","WORK_ZONE_LOC","WORK_ZONE_TYPE","WZ_CLOSE_DETOUR","WZ_FLAGGER","WZ_LAW_OFFCR_IND","WZ_LN_CLOSURE","WZ_MOVING","WZ_OTHER","WZ_SHLDER_MDN","WZ_WORKERS_INJ_KILLED"
"2019113355","","1","0","0","0","0","0","0","0","0","98","0","","02","11","2019","5","40.547969","-79.909041","","11","0","0","0","0","0","1","0","0","","0","0","0","","","0","N","0","","40 32:52.689","","0","79 54:32.548","0","0","0","0","2209","0","0","0","N","0","0","0","2","02209","0","","1.0","","9","N","N","N","0","","0","0","1","","0","N","","2","0","0","0","0","0","0","2","0","2","","","","N","","","","","","","","","",""
"2019126001","","0","0","0","0","0","0","0","0","0","7","0","","02","12","2019","1","40.438899","-79.934128","","11","0","0","0","0","0","0","0","0","","0","0","0","","","1","N","1","","40 26:20.036","","0","79 56:02.860","4","0","0","1","2301","0","0","0","N","0","0","0","1","02301","1","","5.0","","1","N","N","N","0","","0","0","0","","3","","","1","1","0","0","0","0","0","2","0","1","","04","","N","","","","","","","","","",""
"2019113476","","2","0","0","0","0","0","0","0","0","4","0","","02","11","2019","5","40.458109","-79.934708","","11","0","0","0","0","1","0","0","0","","0","0","0","","","1","","1","","40 27:29.191","4","0","79 56:04.947","3","0","0","0","2301","0","0","0","N","0","0","0","4","02301","0","","1.0","2215.0","9","N","N","N","0","","1","0","0","","2","N","","2","1","2","0","0","0","0","2","0","2","","10","","N","","","","","","","","","",""
"2019134709","","2","0","0","0","0","0","0","0","0","6","0","","02","12","2019","5","40.429979","-79.884384","","11","0","0","0","0","0","0","0","1","","0","0","0","","","1","N","0","","40 25:47.925","5","0","79 53:03.782","3","0","0","0","2426","0","0","0","N","0","0","0","5","02426","0","","1.0","1600.0","1","N","N","N","0","","1","0","1","","0","Y","","3","1","0","0","0","0","0","2","0","3","","03","","N","","","","","","","","","",""
"2019112444","","2","0","0","0","0","0","0","0","0","1","0","","02","10","2019","5","40.494277","-79.903924","","11","0","0","0","0","0","0","0","0","","0","0","0","","","0","","0","","40 29:39.398","","0","79 54:14.127","0","0","0","0","2401","0","0","0","N","0","0","0","3","68D02","0","","1.0","","9","N","N","","0","","0","0","0","","0","","","2","0","0","0","0","0","0","2","0","2","","","","N","","","","","","","","","",""
"2019117746","","2","0","0","0","0","0","0","0","0","1","0","","02","11","2019","2","40.450534","-79.927496","","11","0","0","0","0","0","1","0","0","","0","0","0","","","0","","2","","40 27:01.922","2","0","79 55:38.985","0","0","0","0","2301","0","0","0","N","0","0","0","2","02301","0","","1.0","543.0","1","N","N","N","0","","0","0","0","","2","N","","2","0","0","0","0","0","0","2","0","2","","03","","N","","","","","","","","","",""
"2019130274","","0","0","0","0","0","0","0","0","0","7","0","","02","12","2019","4","40.422415","-79.885935","","11","0","0","0","0","0","0","0","0","","0","0","0","","","0","N","2","","40 25:20.694","","0","79 53:09.366","0","0","0","0","2463","0","0","0","N","0","0","0","1","02463","0","","5.0","","99","N","N","N","1","","0","0","0","","0","","","1","0","0","0","0","0","0","2","0","1","","","","N","","","","","","","","","",""
"2019110776","","1","0","0","0","0","0","0","0","0","7","0","","02","10","2019","5","40.550235","-79.958538","","11","0","0","0","0","0","0","0","1","3","0","0","0","","","1","","0","","40 33:00.847","7","0","79 57:30.738","8","0","0","0","2118","0","0","0","N","0","0","0","1","02118","0","","5.0","","9","N","N","","0","","0","0","0","","0","Y","","1","1","0","0","0","1","0","2","0","1","","","","N","","","","","","","","","",""
"2019118920","","2","0","0","0","0","0","0","0","0","4","0","","02","11","2019","4","40.454369","-79.947666","","11","0","0","0","0","0","0","0","1","","0","0","0","","","1","","1","","40 27:15.728","1","0","79 56:51.597","8","0","0","0","2301","0","0","0","N","0","0","0","4","02301","0","","1.0","1215.0","1","N","N","N","0","","0","0","0","","2","N","","2","1","0","0","0","1","0","2","0","2","","04","","N","","","","","","","","","",""
"2019115227","","3","0","0","0","0","0","0","0","0","1","0","","02","10","2019","5","40.342072","-80.038733","","11","0","0","0","0","0","0","1","1","1","0","0","0","","","1","","0","","40 20:31.460","3","0","80 02:19.440","4","0","0","0","2407","0","0","0","N","0","0","0","3","02407","1","","1.0","","9","N","N","","0","","0","0","0","","0","N","","3","1","0","0","0","0","0","2","0","3","","","","N","","","","","","","","","",""
"2019125705","","2","0","0","0","0","0","0","0","0","6","0","","02","12","2019","6","40.31962","-79.888349","","11","0","0","0","0","0","0","0","0","","0","0","0","","","0","N","0","","40 19:10.632","5","0","79 53:18.057","0","0","0","0","2433","0","0","0","N","0","0","0","3","02433","0","","1.0","850.0","1","N","N","N","0","","0","0","0","","0","Y","","2","0","0","0","0","0","0","2","0","2","","","","N","","","","","","","","","",""
"2019116200","","0","0","0","0","0","0","0","0","0","5","0","","02","11","2019","4","40.450679","-79.892531","","11","0","0","0","0","0","1","0","0","","0","0","0","","","3","N","1","","40 27:02.444","1","0","79 53:33.111","4","0","0","0","2301","0","0","0","N","0","0","0","5","02301","2","","1.0","30.0","1","N","N","N","0","","0","0","0","","0","N","","2","3","0","0","0","1","1","2","0","2","","","","N","","","","","","","","","",""
"2019116451","","2","0","0","0","0","0","0","0","0","6","0","","02","11","2019","5","40.427692","-80.066333","","11","0","0","0","0","0","0","0","0","","0","0","0","","","0","N","0","","40 25:39.690","","0","80 03:58.800","0","0","0","0","2301","0","0","0","N","0","0","0","2","02301","0","","1.0","","1","N","N","Y","2","","0","0","0","","0","","","4","0","0","0","0","0","0","2","0","4","","03","","N","","","","","","","","","",""
"2019120950","","2","0","0","0","0","0","0","0","0","4","0","","02","11","2019","5","40.518096","-80.219318","","11","0","1","0","0","0","0","0","0","","0","0","0","","","0","","2","","40 31:05.146","","0","80 13:09.543","9","0","0","0","2213","0","0","0","N","0","0","0","5","02213","0","","1.0","","1","N","N","","0","","0","0","0","","0","","","2","0","0","0","0","0","1","2","0","2","","","","N","","","","","","","","","",""
"2019130841","","1","0","0","0","0","0","0","0","0","7","0","","02","12","2019","4","40.489917","-80.023","","11","0","0","0","0","0","1","0","0","","0","0","0","","","0","Y","0","","40 29:23.700","2","0","80 01:22.800","0","0","0","0","2301","0","0","0","N","0","0","0","1","02301","0","","5.0","1500.0","2","N","N","N","0","","0","0","0","","0","N","","1","0","0","0","0","0","0","2","0","1","","02","","N","","","","","","","","","",""
"2019130621","","0","0","0","0","0","0","0","0","0","7","0","","02","12","2019","4","40.356298","-80.110317","","11","0","0","0","0","0","0","0","0","","0","0","0","","","0","","1","","40 21:22.672","","0","80 06:37.141","0","0","0","0","2414","0","0","0","N","0","0","0","1","02414","0","","5.0","","2","N","N","","0","","0","0","1","","0","","","1","0","0","0","0","0","0","2","0","1","","","","N","","","","","","","","","",""
"2019122077","","0","0","0","0","0","0","0","0","0","1","0","","02","11","2019","6","40.573315","-80.024063","","11","0","0","0","0","1","0","0","0","1","0","0","0","","","0","","0","","40 34:23.934","2","0","80 01:26.628","0","0","0","0","2108","0","0","0","N","0","0","0","5","02108","0","","1.0","","1","N","N","","1","","0","0","1","","2","N","","3","0","0","0","0","0","0","2","1","3","","","","N","","","","","","","","","",""
"2019118757","","2","0","0","0","0","0","0","0","0","5","0","","02","11","2019","3","40.440514","-79.989661","","11","0","0","0","0","1","0","0","0","","0","0","0","","","0","","2","","40 26:25.850","1","0","79 59:22.779","0","0","0","0","2301","0","0","0","N","0","0","0","3","02301","0","","1.0","1930.0","9","N","N","N","0","","0","0","0","","2","N","","2","0","0","0","0","0","0","2","0","2","","","","N","","","","","","","","","",""
"2019135167","","1","0","0","0","0","0","0","0","0","7","0","","02","12","2019","7","40.594855","-79.9122","","11","0","0","0","0","0","1","0","0","","0","0","0","","","0","N","0","","40 35:41.477","","0","79 54:43.921","0","0","0","0","2207","0","0","0","N","0","0","0","3","68T02","0","","3.0","","9","N","N","N","0","","0","0","1","","0","","","2","0","0","0","0","0","0","1","0","2","","","","N","","","","","","","","","",""
"2019118013","","2","0","0","0","0","0","0","0","0","1","0","","02","11","2019","2","40.455015","-79.913899","","11","0","0","0","0","0","0","0","0","","0","0","0","","","1","N","0","","40 27:18.053","","0","79 54:50.037","4","0","0","0","2301","0","0","0","N","0","0","0","2","02301","1","","1.0","","1","N","N","N","0","","0","0","0","","0","","","2","1","0","0","0","0","0","2","0","2","","03","","N","","","","","","","","","",""
"2019133024","","1","0","0","0","0","0","0","0","0","6","0","","02","12","2019","4","40.387694","-79.799","","11","0","0","0","0","0","0","0","1","","0","0","0","","","4","","0","","40 23:15.700","5","0","79 47:56.400","3","0","0","0","2424","0","0","0","N","0","0","0","5","02424","0","","1.0","1405.0","1","N","N","N","1","","4","0","0","","0","Y","","2","4","4","0","0","0","0","2","0","2","","","","N","","","","","","","","","",""
"2019128505","","0","0","0","0","0","0","0","0","0","1","0","","02","12","2019","6","40.454522","-79.770697","","11","0","0","0","0","0","0","0","0","","0","0","0","","","0","","2","","40 27:16.279","","0","79 46:14.509","0","0","0","0","2446","0","0","0","N","0","0","0","2","02446","0","","1.0","","9","N","N","N","0","","0","0","2","","3","","","2","0","0","0","0","0","0","2","0","2","","","","N","","","","","","","","","",""
"2019112948","","2","0","0","0","0","0","0","0","0","4","0","","02","11","2019","4","40.453452","-79.931789","","11","0","0","1","0","0","0","0","1","","0","0","0","","","0","","2","","40 27:12.427","","0","79 55:54.440","0","0","0","0","2301","0","0","0","N","0","0","0","2","02301","0","","1.0","","1","N","N","","0","","0","0","0","","0","","","2","0","1","0","0","0","0","2","0","2","","","","N","","","","","","","","","",""
"2019117216","","1","0","0","0","0","0","0","0","0","7","0","","02","11","2019","6","40.407403","-80.086804","","11","0","0","0","0","0","0","0","0","","0","0","0","","","0","","1","","40 24:26.649","1","0","80 05:12.493","0","0","0","0","2415","0","0","0","N","0","0","0","1","02415","0","","2.0","2323.0","1","N","N","N","0","","0","0","0","","3","N","","1","0","0","0","0","0","0","2","0","1","","","","N","","","","","","","","","",""
"2019121720","","1","0","0","0","0","0","0","0","0","7","0","","02","11","2019","3","40.360732","-79.80456","","11","0","0","0","0","1","0","0","0","","0","0","0","","","0","N","0","","40 21:38.636","","0","79 48:16.415","0","0","0","0","2111","0","0","0","N","0","0","0","1","02111","0","","4.0","","2","N","N","N","0","","0","0","0","","0","","","1","0","0","0","0","0","0","2","0","1","","07","","N","","","","","","","","","",""
"2019120800","","3","0","0","0","0","0","0","0","0","1","0","","02","11","2019","5","40.613879","-79.947404","","11","0","0","0","0","0","1","1","0","","0","0","0","","","2","N","1","","40 36:49.963","2","0","79 56:50.656","3","0","0","0","2207","0","0","0","N","0","0","0","5","02207","0","","1.0","1425.0","1","N","N","N","0","","1","0","2","","3","N","","5","2","0","0","0","1","0","2","0","5","","","","N","","","","","","","","","",""
"2019111156","","1","0","0","0","0","0","0","0","0","7","0","","02","11","2019","7","40.401638","-80.022344","","11","0","0","0","0","0","0","0","0","1","0","0","0","","","0","","0","","40 24:05.898","2","0","80 01:20.437","0","0","0","0","2301","0","0","0","N","0","0","0","1","02301","0","","2.0","","1","N","N","","0","","0","0","0","","0","N","","1","0","0","0","0","0","0","2","0","1","","","","N","","","","","","","","","",""
"2019117722","","1","0","0","0","0","0","0","0","0","98","0","","02","11","2019","1","40.477594","-80.041977","","11","0","0","0","0","0","0","0","0","","0","0","0","","","0","N","0","","40 28:39.338","","0","80 02:31.117","0","0","0","0","2301","0","0","0","N","0","0","0","3","02301","0","","1.0","","1","N","N","N","0","","0","0","0","","0","","","1","0","0","0","0","0","0","2","0","1","","03","","N","","","","","","","","","",""
"2019120108","","1","0","0","0","0","0","0","0","0","7","0","","02","11","2019","7","40.454719","-80.233636","","11","0","0","0","0","0","1","0","0","","0","0","0","","","1","","5","","40 27:16.990","","0","80 14:01.088","3","0","0","0","2214","0","0","0","N","0","0","0","1","02214","0","","5.0","","1","N","N","N","0","","1","0","0","","3","","","1","1","0","0","0","0","0","2","0","1","","","","N","","","","","","","","","",""
"2019114121","","2","0","0","0","0","0","0","0","0","1","0","","02","11","2019","6","40.352968","-79.837557","","11","0","0","0","0","0","0","1","0","","0","0","0","","","0","Y","0","","40 21:10.686","","0","79 50:15.204","0","0","0","0","2304","0","0","0","N","0","0","0","3","02304","0","","1.0","","1","N","N","N","1","","0","0","0","","0","","","3","0","0","0","0","0","0","2","0","3","","","","N","","","","","","","","","",""
"2019129442","","1","0","0","0","0","0","0","0","0","7","0","","02","12","2019","1","40.660447","-79.835237","","11","0","0","0","0","1","0","0","0","","0","0","0","","","0","N","0","","40 39:37.608","","0","79 50:06.853","0","0","0","0","2220","0","0","0","N","0","0","0","1","02220","0","","5.0","","9","N","N","N","0","","0","0","0","","0","","","1","0","0","0","0","0","0","1","0","1","","","","N","","","","","","","","","",""
"2019117750","","1","0","0","0","0","0","0","0","0","4","0","","02","11","2019","1","40.344031","-79.944908","","11","0","0","0","0","0","0","1","1","","0","0","0","","","1","N","0","","40 20:38.510","3","7","79 56:41.670","4","0","0","0","2473","0","0","0","N","0","0","0","2","02473","1","","1.0","1115.0","1","N","N","N","0","","0","0","1","","3","N","","2","1","0","0","0","0","0","2","0","2","","03","","N","","","","","","","","","",""
"2019134752","","1","0","0","0","0","0","0","0","0","7","0","","02","12","2019","5","40.331732","-79.996897","","11","0","0","0","0","0","0","1","0","","0","0","0","","","0","N","0","","40 19:54.234","6","0","79 59:48.830","0","0","0","0","2219","0","0","0","N","0","0","0","1","02219","0","","5.0","2223.0","99","N","N","N","0","","0","0","0","","0","Y","","1","0","0","0","0","0","0","2","0","1","","","","N","","","","","","","","","",""
"2019109476","","0","0","0","0","0","0","0","0","0","7","0","","02","10","2019","3","40.446048","-80.030658","","11","0","0","0","0","0","1","0","0","3","0","0","0","","","0","","0","","40 26:45.772","3","0","80 01:50.369","0","0","0","0","2301","0","0","0","N","0","0","0","1","02301","0","","2.0","","1","N","N","","0","","0","0","1","","0","Y","","1","0","0","0","0","0","0","2","0","1","","","","N","","","","","","","","","",""
"2019110644","","3","0","0","0","0","0","0","0","0","1","0","","02","10","2019","5","40.470246","-79.964365","","11","0","0","0","0","0","1","0","0","","0","0","0","","","0","N","0","","40 28:12.887","","3","79 57:51.714","0","0","0","0","2445","0","0","0","N","0","0","0","3","02445","0","","1.0","","9","N","N","N","0","","0","0","0","","0","","","3","0","0","0","0","0","0","2","0","3","","07","","N","","","","","","","","","",""
"2019128980","","0","0","0","0","0","0","0","0","0","7","0","","02","12","2019","7","40.336944","-80.173167","","11","0","0","0","1","0","0","0","0","","0","0","0","","","0","Y","0","","40 20:13.000","5","0","80 10:23.400","0","0","0","0","2119","0","0","0","N","0","0","0","1","02119","0","","5.0","1522.0","9","N","N","N","1","","0","0","0","","0","Y","","1","0","0","0","0","0","0","2","0","1","","07","","N","","","","","","","","","",""
"2019113912","","3","0","0","0","0","0","0","0","0","4","0","","02","11","2019","6","40.464021","-79.964969","","11","0","0","0","0","0","0","1","0","","0","0","0","","","0","N","0","","40 27:50.474","","0","79 57:53.887","0","0","0","0","2301","0","0","0","N","0","0","0","1","02301","0","","6.0","","1","N","N","N","0","","0","0","0","","0","","","3","0","0","0","0","0","0","2","0","3","","","","N","","","","","","","","","",""
"2019130059","","2","0","0","0","0","0","0","0","0","4","0","","02","12","2019","4","40.521697","-80.043671","","11","0","0","0","0","0","0","0","0","","0","0","0","","","0","","2","","40 31:18.108","","0","80 02:37.214","0","0","0","0","2116","0","0","0","N","0","0","0","2","02474","0","","1.0","","1","N","N","N","0","","0","0","0","","3","N","","2","0","0","0","0","0","0","2","0","2","","03","","N","","","","","","","","","",""
"2019119277","","1","0","0","0","0","0","0","0","0","1","0","","02","11","2019","2","40.317756","-79.827294","","11","0","0","0","0","0","0","0","0","","0","0","0","","","0","","2","","40 19:03.921","","0","79 49:38.260","0","0","0","0","2469","0","0","0","N","0","0","0","2","02469","0","","1.0","","1","Y","N","N","0","","0","0","1","","0","","","2","0","1","0","0","0","0","2","0","2","","98","","N","","","","","","","","","",""
"2019120398","","2","0","0","0","0","0","0","0","0","1","0","","02","11","2019","6","40.380525","-80.006953","","11","0","0","0","1","0","0","0","0","","0","0","0","","","2","","0","","40 22:49.890","","0","80 00:25.030","4","0","0","0","2101","0","0","0","N","0","0","0","2","02101","2","","1.0","","1","N","N","","0","","0","0","0","","0","","","2","2","0","0","0","0","0","2","0","2","","","","N","","","","","","","","","",""
"2019115415","","1","0","0","0","0","0","0","0","0","1","0","","02","11","2019","3","40.444181","-79.991001","","11","0","0","0","0","0","0","0","0","","0","0","0","","","0","N","7","","40 26:39.052","","2","79 59:27.602","0","0","0","0","2301","0","0","0","N","0","0","0","2","02301","0","","1.0","","2","N","N","N","0","","0","0","1","","0","N","","2","0","0","0","0","0","0","2","0","2","","","","N","","","","","","","","","",""
"2019125296","","1","0","0","0","0","0","0","0","0","5","0","","02","12","2019","6","40.462494","-79.927809","","11","0","0","0","0","0","0","0","0","","0","0","0","","","0","N","1","","40 27:44.977","2","0","79 55:40.112","0","0","0","0","2301","0","0","0","N","0","0","0","6","02301","0","","1.0","1030.0","1","N","N","N","0","","0","0","2","","2","Y","","3","0","0","0","0","0","0","2","0","3","","","","N","","","","","","","","","",""
"2019115418","","3","0","0","0","0","0","0","0","0","1","0","","02","11","2019","3","40.433118","-79.973451","","11","0","0","0","0","0","1","1","0","","0","0","0","","","0","","0","","40 25:59.225","","3","79 58:24.424","0","0","0","0","2301","0","0","0","N","0","0","0","4","02301","0","","1.0","","2","N","N","N","0","","0","0","0","","0","","","3","0","1","0","0","0","0","2","0","3","","98","","N","","","","","","","","","",""
"2019110187","","1","0","0","0","0","0","0","0","0","8","0","","02","10","2019","4","40.455914","-79.938604","","11","0","0","0","0","1","0","0","0","","0","0","0","","","1","","1","","40 27:21.291","","0","79 56:18.974","3","0","0","0","2301","1","0","0","N","1","0","0","2","02301","0","","1.0","","9","N","N","","0","","1","0","0","","2","","","2","1","0","0","0","0","0","2","0","1","","","","N","","","","","","","","","",""
"2019119618","","2","0","0","0","0","0","0","0","0","4","0","","02","11","2019","3","40.317673","-80.047113","","11","0","1","0","0","0","0","0","0","","0","0","0","","","0","","2","","40 19:03.621","","0","80 02:49.607","0","0","0","0","2407","0","0","0","N","0","0","0","2","02407","0","","1.0","","1","N","N","","0","","0","0","0","","3","","","2","0","0","0","0","0","0","2","0","2","","","","N","","","","","","","","","",""
"2019135561","","2","0","0","0","0","0","0","0","0","2","0","","02","12","2019","3","40.459651","-79.925855","","11","0","0","0","0","0","1","0","0","","0","0","0","","","0","N","0","","40 27:34.743","","7","79 55:33.077","0","0","0","0","2301","0","0","0","N","0","0","0","3","02301","0","","4.0","","9","N","N","N","0","","0","0","0","","2","","","2","0","0","0","0","0","0","2","0","2","","07","","N","","","","","","","","","",""
"2019114697","","0","0","0","0","0","0","0","0","0","7","0","","02","11","2019","2","40.415357","-80.165432","","11","0","0","0","0","0","0","0","0","","0","0","0","","","1","N","0","","40 24:55.285","5","0","80 09:55.555","8","0","0","0","2102","0","0","0","N","0","0","0","1","02102","0","","2.0","400.0","1","N","N","N","1","","0","0","0","","0","Y","","1","1","0","0","0","1","0","1","0","1","","03","","N","","","","","","","","","",""
"2019119590","","1","0","0","0","0","0","0","0","0","7","0","","02","11","2019","3","40.439821","-79.756275","","11","0","0","0","0","0","0","0","1","","0","0","0","","","1","N","0","","40 26:23.356","","2","79 45:22.590","8","0","0","0","2446","0","0","0","N","0","0","0","1","68T09","0","","4.0","","1","N","N","N","0","","0","0","0","","0","","","1","1","0","0","0","1","0","2","0","1","","","","N","","","","","","","","","",""
"2019117165","","2","0","0","0","0","0","0","0","0","7","0","","02","11","2019","6","40.395535","-79.817321","","11","0","0","0","0","0","0","0","0","","0","0","0","","","1","N","0","","40 23:43.927","5","0","79 49:02.354","3","0","0","0","2111","0","0","0","N","0","0","0","2","02111","0","","5.0","930.0","2","N","N","N","0","","1","0","0","","0","N","","2","1","0","0","0","0","0","2","0","2","","03","","N","","","","","","","","","",""
"2019133651","","3","0","0","0","0","0","0","0","0","1","0","","02","12","2019","3","40.386078","-80.085064","","11","0","0","0","0","0","0","0","0","","0","0","0","","","1","Y","0","","40 23:09.882","","0","80 05:06.230","3","0","0","0","2117","0","0","0","N","0","0","0","3","02117","0","","1.0","","9","N","N","N","0","","1","0","0","","0","","","3","1","1","0","0","0","0","2","0","3","","07","","N","","","","","","","","","",""
"2019118552","","2","0","0","0","0","0","0","0","0","4","0","","02","11","2019","3","40.413464","-80.042733","","11","0","0","0","0","0","1","0","0","","0","0","0","","","1","","1","","40 24:48.470","2","0","80 02:33.838","8","0","0","0","2301","0","0","0","N","0","0","0","2","02301","0","","1.0","1702.0","1","N","N","N","0","","0","0","0","","3","N","","2","1","0","0","0","1","0","2","0","2","","","","N","","","","","","","","","",""
"2019114488","","1","0","0","0","0","0","0","0","0","4","0","","02","11","2019","1","40.653174","-80.079581","","11","0","0","0","0","0","0","0","0","","0","0","0","","","0","","1","","40 39:11.428","3","0","80 04:46.492","0","0","0","0","2212","0","0","0","N","0","0","0","2","02505","0","","1.0","1645.0","1","N","N","N","0","","0","0","1","","2","Y","","2","0","0","0","0","0","0","2","0","2","","03","","N","","","","","","","","","",""
"2019129925","","1","0","0","0","0","0","0","0","0","7","0","","02","12","2019","4","40.401417","-79.997528","","11","0","0","0","0","0","0","0","0","","0","0","0","","","0","N","0","","40 24:05.100","1","0","79 59:51.100","9","0","0","0","2301","0","0","0","N","0","0","0","1","02501","0","","2.0","1630.0","1","N","N","N","0","","0","0","0","","0","Y","","1","0","0","0","0","0","1","2","0","1","","03","","N","","","","","","","","","",""
"2019119622","","1","0","0","0","0","0","0","0","0","4","0","","02","11","2019","5","40.413028","-80.023883","","11","0","0","0","0","0","1","0","0","","0","0","0","","","0","","1","","40 24:46.900","","0","80 01:25.978","0","0","0","0","2301","0","0","0","N","0","0","0","1","02301","0","","1.0","","1","Y","N","N","0","","0","0","0","","3","","","2","0","0","0","0","0","0","2","0","1","","03","","N","","","","","","","","","",""
"2019120708","","2","0","0","0","0","0","0","0","0","7","0","","02","11","2019","1","40.443093","-79.991144","","11","0","0","0","0","0","0","0","0","","0","0","0","","","0","N","7","","40 26:35.134","","2","79 59:28.119","0","0","0","0","2301","0","0","0","Y","0","0","0","2","02301","0","","7.0","","9","N","N","N","0","","0","0","0","","0","","","2","0","0","0","0","0","0","2","0","2","","03","","N","","","","","","","","","",""
"2019113144","","1","0","0","0","0","0","0","0","0","4","0","","02","11","2019","4","40.465303","-79.914543","","11","0","0","0","0","0","0","0","0","1","0","0","0","","","1","","1","","40 27:55.090","4","0","79 54:52.354","3","0","0","0","2301","0","0","0","N","0","0","0","2","02301","0","","1.0","","1","N","N","","0","","1","0","1","","3","Y","","2","1","0","0","0","0","0","2","0","2","","","","N","","","","","","","","","",""
"2019132107","","1","0","0","0","0","0","0","0","0","1","0","","02","12","2019","6","40.495489","-79.86885","","11","0","0","0","0","0","0","0","0","","0","0","0","","","2","N","0","","40 29:43.761","","0","79 52:07.861","4","0","0","0","2112","0","0","0","N","0","0","0","3","68D02","2","","1.0","","1","N","N","N","0","","0","0","1","","0","","","2","2","0","0","0","0","0","2","0","2","","","","N","","","","","","","","","",""
"2019109274","","0","0","0","0","0","0","0","0","0","4","0","","02","10","2019","3","40.269918","-79.889462","","11","0","0","0","0","0","1","0","0","","0","0","0","","","1","","2","","40 16:11.703","","0","79 53:22.062","3","0","0","1","2428","0","0","0","N","0","0","0","2","02428","0","","1.0","","1","N","N","","1","","1","0","0","","0","N","","2","1","0","0","0","0","0","2","0","2","","","","N","","","","","","","","","",""
"2019130610","","0","0","0","0","0","0","0","0","0","7","0","","02","12","2019","4","40.403194","-79.897472","","11","0","0","0","0","0","0","0","0","","0","0","0","","","1","N","0","","40 24:11.500","","0","79 53:50.900","4","0","0","0","2448","0","0","0","N","0","0","0","1","02448","1","","5.0","","2","N","N","N","0","","0","0","0","","0","","","1","1","0","0","0","0","0","2","1","1","","","","N","","","","","","","","","",""
"2019116278","","0","0","0","0","0","0","0","0","0","2","0","","02","11","2019","4","40.362158","-80.095274","","11","0","0","0","0","0","1","1","0","","0","0","0","","","2","N","0","","40 21:43.767","6","0","80 05:42.987","3","0","0","0","2123","0","0","0","N","0","0","0","2","02123","0","","1.0","1805.0","1","N","N","N","0","","1","0","2","","0","N","","2","2","0","0","0","1","0","2","0","2","","","","N","","","","","","","","","",""
"2019115632","","1","0","0","0","0","0","0","0","0","8","0","","02","11","2019","3","40.428592","-79.977616","","11","0","0","0","0","0","0","0","0","","0","0","0","","","1","N","1","","40 25:42.930","","0","79 58:39.417","3","0","0","0","2301","1","0","0","N","1","0","0","2","02301","0","","1.0","","9","N","N","N","0","","1","0","0","","2","","","2","1","0","0","0","0","0","2","0","1","","","","N","","","","","","","","","",""
"2019114862","","1","0","0","0","0","0","0","0","0","4","0","","02","11","2019","6","40.397761","-79.821054","","11","0","0","0","0","0","0","0","0","","0","0","0","","","0","N","1","","40 23:51.938","","0","79 49:15.793","0","0","0","0","2111","0","0","0","N","0","0","0","2","02111","0","","1.0","","1","N","N","N","1","","0","0","0","","3","","","2","0","0","0","0","0","0","2","0","2","","03","","N","","","","","","","","","",""