"CRN","ARRIVAL_TM","AUTOMOBILE_COUNT","BELTED_DEATH_COUNT","BELTED_SUSP_SERIOUS_INJ_COUNT","BICYCLE_COUNT","BICYCLE_DEATH_COUNT","BICYCLE_SUSP_SERIOUS_INJ_COUNT","BUS_COUNT","CHLDPAS_DEATH_COUNT","CHLDPAS_SUSP_SERIOUS_INJ_COUNT","COLLISION_TYPE","COMM_VEH_COUNT","CONS_ZONE_SPD_LIM","COUNTY","CRASH_MONTH","CRASH_YEAR","DAY_OF_WEEK","DEC_LATITUDE","DEC_LONGITUDE","DISPATCH_TM","DISTRICT","DRIVER_COUNT_16YR","DRIVER_COUNT_17YR","DRIVER_COUNT_18YR","DRIVER_COUNT_19YR","DRIVER_COUNT_20YR","DRIVER_COUNT_50_64YR","DRIVER_COUNT_65_74YR","DRIVER_COUNT_75PLUS","EST_HRS_CLOSED","FATAL_COUNT","HEAVY_TRUCK_COUNT","HORSE_BUGGY_COUNT","HOUR_OF_DAY","ILLUMINATION","INJURY_COUNT","INTERSECTION_RELATED","INTERSECT_TYPE","LANE_CLOSED","LATITUDE","LN_CLOSE_DIR","LOCATION_TYPE","LONGITUDE","MAX_SEVERITY_LEVEL","MCYCLE_DEATH_COUNT","MCYCLE_SUSP_SERIOUS_INJ_COUNT","MOTORCYCLE_COUNT","MUNICIPALITY","NONMOTR_COUNT","NONMOTR_DEATH_COUNT","NONMOTR_SUSP_SERIOUS_INJ_COUNT","NTFY_HIWY_MAINT","PED_COUNT","PED_DEATH_COUNT","PED_SUSP_SERIOUS_INJ_COUNT","PERSON_COUNT","POLICE_AGCY","POSSIBLE_INJ_COUNT","RDWY_SURF_TYPE_CD","RELATION_TO_ROAD","ROADWAY_CLEARED","ROAD_CONDITION","SCH_BUS_IND","SCH_ZONE_IND","SECONDARY_CRASH","SMALL_TRUCK_COUNT","SPEC_JURIS_CD","SUSP_MINOR_INJ_COUNT","SUSP_SERIOUS_INJ_COUNT","SUV_COUNT","TCD_FUNC_CD","TCD_TYPE","TFC_DETOUR_IND","TIME_OF_DAY","TOTAL_UNITS","TOT_INJ_COUNT","UNBELTED_OCC_COUNT","UNB_DEATH_COUNT","UNB_SUSP_SERIOUS_INJ_COUNT","UNK_INJ_DEG_COUNT","UNK_INJ_PER_COUNT","URBAN_RURAL","VAN_COUNT","VEHICLE_COUNT","WEATHER1","WEATHER2","WORKERS_PRES","WORK_ZONE_IND","WORK_ZONE_LOC","WORK_ZONE_TYPE","WZ_CLOSE_DETOUR","WZ_FLAGGER","WZ_LAW_OFFCR_IND","WZ_LN_CLOSURE","WZ_MOVING","WZ_OTHER","WZ_SHLDER_MDN","WZ_WORKERS_INJ_KILLED"
"2019119301","","2","0","0","0","0","0","0","0","0","4","0","","02","11","2019","5","40.468349","-79.955482","","11","0","0","0","0","0","0","0","0","","0","0","0","","","0","N","1","","40 28:06.056","","0","79 57:19.736","0","0","0","0","2301","0","0","0","N","0","0","0","2","02301","0","","1.0","","1","N","N","N","0","","0","0","0","","0","","","2","0","0","0","0","0","0","2","0","2","","03","","N","","","","","","","","","",""
"2019132405","","1","0","0","0","0","0","0","0","0","8","0","","02","12","2019","1","40.440731","-80.000383","","11","0","0","0","0","0","0","1","0","","0","0","0","","","1","N","1","","40 26:26.631","","0","80 00:01.378","3","0","0","0","2301","1","0","0","N","1","0","0","2","02301","0","","1.0","","1","N","N","N","0","","1","0","0","","2","","","2","1","0","0","0","0","0","2","0","1","","03","","N","","","","","","","","","",""
"2019117458","","2","0","0","0","0","0","0","0","0","4","0","","02","11","2019","1","40.481661","-79.974311","","11","0","0","0","0","0","0","0","0","","0","0","0","","","0","","1","","40 28:53.980","4","0","79 58:27.521","0","0","0","0","2445","0","0","0","N","0","0","0","2","02445","0","","1.0","1127.0","1","N","N","N","0","","0","0","0","","2","N","","2","0","1","0","0","0","0","2","0","2","","","","N","","","","","","","","","",""
"2019126900","","2","0","0","0","0","0","0","0","0","5","0","","02","12","2019","3","40.424627","-80.030452","","11","0","0","0","0","0","1","0","0","","0","0","0","","","0","N","3","","40 25:28.658","","1","80 01:49.626","0","0","0","0","2301","0","0","0","N","0","0","0","2","02301","0","","1.0","","1","N","N","N","0","","0","0","0","","0","","","2","0","0","0","0","0","0","2","0","2","","03","","N","","","","","","","","","",""
"2019115861","","1","0","0","0","0","0","0","0","0","1","0","","02","11","2019","3","40.615181","-80.09413","","11","0","0","0","0","0","0","0","0","","0","0","0","","","1","","0","","40 36:54.653","","2","80 05:38.868","3","0","0","0","2481","0","0","0","N","0","0","0","2","68B03","0","","1.0","","1","N","N","","0","","1","0","1","","0","","","2","1","0","0","0","0","0","2","0","2","","","","N","","","","","","","","","",""
"2019115976","","1","0","0","0","0","0","0","0","0","7","0","","02","10","2019","5","40.495745","-80.168771","","11","0","0","0","0","0","0","0","0","","0","0","0","","","0","","0","","40 29:44.682","","0","80 10:07.577","0","0","0","0","2213","0","0","0","N","0","0","0","1","02213","0","","5.0","","9","N","N","","0","","0","0","0","","0","","","1","0","0","0","0","0","0","2","0","1","","","","N","","","","","","","","","",""
"2019113889","","1","0","0","0","0","0","0","0","0","4","0","","02","11","2019","3","40.344808","-79.942033","","11","0","0","0","0","0","0","0","1","","0","0","0","","","0","","0","","40 20:41.310","2","7","79 56:31.320","0","0","0","0","2473","0","0","0","N","0","0","0","2","02473","0","","1.0","1246.0","1","N","N","N","0","","0","0","1","","0","N","","2","0","0","0","0","0","0","2","0","2","","03","","N","","","","","","","","","",""
"2019128448","","2","0","0","0","0","0","0","0","0","1","0","","02","12","2019","7","40.443718","-80.030384","","11","0","0","0","0","0","0","1","0","","0","0","0","","","1","N","0","","40 26:37.383","4","0","80 01:49.383","8","0","0","0","2301","0","0","0","N","0","0","0","2","02301","0","","1.0","100.0","9","N","N","N","0","","0","0","0","","0","N","","2","1","0","0","0","1","0","2","0","2","","","","N","","","","","","","","","",""
"2019115238","","2","0","0","0","0","0","0","0","0","4","0","","02","11","2019","3","40.461557","-79.923384","","11","0","0","0","0","0","0","0","0","","0","0","0","","","0","N","1","","40 27:41.605","","0","79 55:24.182","9","0","0","0","2301","0","0","0","N","0","0","0","2","02301","0","","1.0","","9","N","N","N","0","","0","0","0","","3","N","","2","0","0","0","0","0","1","2","0","2","","98","","N","","","","","","","","","",""
"2019115778","","1","0","0","0","0","0","0","0","0","1","0","","02","11","2019","4","40.426561","-79.724429","","11","0","0","0","0","0","0","1","0","","0","0","0","","","0","N","0","","40 25:35.621","3","0","79 43:27.946","0","0","0","0","2446","0","0","0","N","0","0","0","2","02446","0","","1.0","1140.0","1","N","N","N","0","","0","0","1","","0","N","","2","0","0","0","0","0","0","2","0","2","","","","N","","","","","","","","","",""
"2019116705","","2","0","0","0","0","0","0","0","0","1","0","","02","11","2019","6","40.465333","-79.979358","","11","0","0","0","0","0","1","0","0","","0","0","0","","","0","N","0","","40 27:55.197","","99","79 58:45.689","0","0","0","0","2301","0","0","0","N","0","0","0","2","02301","0","","1.0","","1","N","N","N","0","","0","0","0","","0","","","2","0","0","0","0","0","0","2","0","2","","03","","N","","","","","","","","","",""
"2019118297","","0","0","0","0","0","0","0","0","0","8","0","","02","11","2019","2","40.427103","-79.967081","","11","0","0","0","0","0","0","0","0","","0","0","0","","","1","N","1","","40 25:37.571","","0","79 58:01.493","3","0","0","0","2301","1","0","0","N","1","0","0","2","02301","0","","1.0","","1","Y","N","N","0","","1","0","0","","2","","","2","1","0","0","0","0","0","2","1","1","","03","","N","","","","","","","","","",""
"2019118402","","1","0","0","0","0","0","0","0","0","7","0","","02","11","2019","2","40.470847","-80.009417","","11","0","0","0","0","0","0","0","1","","0","0","0","","","1","N","0","","40 28:15.050","","0","80 00:33.900","4","0","0","0","2301","0","0","0","N","0","0","0","1","02301","1","","2.0","","1","N","N","N","0","","0","0","0","","0","","","1","1","0","0","0","0","0","2","0","1","","03","","N","","","","","","","","","",""
"2019128058","","2","0","0","0","0","0","0","0","0","1","0","","02","12","2019","5","40.449706","-80.025099","","11","0","0","0","0","0","0","0","0","","0","0","0","","","0","","1","","40 26:58.940","4","2","80 01:30.356","0","0","0","0","2301","0","0","0","N","0","0","0","4","02301","0","","1.0","2145.0","1","N","N","N","0","","0","0","0","","2","N","","2","0","1","0","0","0","0","2","0","2","","","","N","","","","","","","","","",""
"2019123399","","1","0","0","0","0","0","0","0","0","4","0","","02","12","2019","2","40.473016","-80.03607","","11","0","0","0","0","0","0","0","0","","0","0","0","","","0","N","2","","40 28:22.857","","0","80 02:09.852","0","0","0","0","2301","0","0","0","N","0","0","0","2","02301","0","","1.0","","9","N","N","N","1","","0","0","1","","0","","","3","0","0","0","0","0","0","2","0","3","","","","Y","","","","","","","","","",""
"2019135590","","1","0","0","0","0","0","0","0","0","1","0","","02","12","2019","2","40.372854","-80.04899","","11","0","0","0","0","0","2","0","0","1","0","0","0","","","3","","2","","40 22:22.274","5","0","80 02:56.364","3","0","0","0","2109","0","0","0","N","0","0","0","5","02109","0","","1.0","","1","N","N","","1","","1","0","1","","2","N","","3","3","1","0","0","2","0","2","0","3","","","","N","","","","","","","","","",""
"2019129681","","2","0","0","0","0","0","0","0","0","6","0","","02","12","2019","6","40.405531","-79.885659","","11","0","0","1","0","0","0","0","0","","0","0","0","","","0","N","0","","40 24:19.910","5","0","79 53:08.374","0","0","0","0","2448","0","0","0","N","0","0","0","2","02403","0","","1.0","421.0","1","N","N","N","0","","0","0","1","","0","Y","","3","0","0","0","0","0","0","2","0","3","","","","N","","","","","","","","","",""
"2019124071","","1","0","0","0","0","0","0","0","0","4","0","","02","12","2019","3","40.475944","-80.031389","","11","0","0","0","0","1","1","0","0","","0","0","0","","","0","N","0","","40 28:33.400","2","0","80 01:53.000","0","0","0","0","2301","0","0","0","N","0","0","0","8","02301","0","","1.0","1423.0","9","N","N","N","0","","0","0","0","","0","N","","2","0","0","0","0","0","0","2","1","2","","","","N","","","","","","","","","",""
"2019118564","","1","0","0","0","0","0","0","0","0","1","0","","02","11","2019","5","40.356589","-79.98039","","11","0","0","0","0","0","0","0","0","2","0","0","0","","","0","","2","","40 21:23.719","2","0","79 58:49.403","0","0","0","0","2476","0","0","0","N","0","0","0","2","02476","0","","1.0","","1","N","N","","0","","0","0","1","","2","N","","2","0","0","0","0","0","0","2","0","2","","","","N","","","","","","","","","",""
"2019128420","","2","0","0","0","0","0","0","0","0","4","0","","02","12","2019","6","40.43804","-79.994361","","11","0","0","0","0","0","0","0","0","","0","0","0","","","2","N","1","","40 26:16.943","","0","79 59:39.699","3","0","0","0","2301","0","0","0","N","0","0","0","3","02301","0","","1.0","","1","N","N","N","0","","2","0","0","","2","","","2","2","0","0","0","0","0","2","0","2","","04","","N","","","","","","","","","",""
"2019121977","","0","0","0","0","0","0","0","0","0","7","0","","02","11","2019","1","40.301483","-79.930001","","11","0","0","0","0","0","0","0","0","","0","0","0","","","0","N","0","","40 18:05.339","","0","79 55:48.004","9","0","0","0","2440","0","0","0","N","0","0","0","2","02440","0","","4.0","","1","N","N","N","0","","0","0","1","","0","","","1","0","0","0","0","0","1","2","0","1","","03","","N","","","","","","","","","",""
"2019115658","","1","0","0","0","0","0","0","0","0","7","0","","02","11","2019","3","40.393586","-79.835796","","11","0","0","0","0","0","0","0","0","","0","0","0","","","0","N","0","","40 23:36.909","1","3","79 50:08.864","0","0","0","0","2111","0","0","0","N","0","0","0","1","02111","0","","2.0","1744.0","2","N","N","N","0","","0","0","0","","0","N","","1","0","0","0","0","0","0","2","0","1","","10","","N","","","","","","","","","",""
"2019133270","","2","0","0","0","0","0","0","0","0","1","0","","02","12","2019","5","40.530303","-79.990304","","11","0","0","0","0","0","0","0","0","","0","0","0","","","1","","2","","40 31:49.090","1","0","79 59:25.094","3","0","0","0","2116","0","0","0","N","0","0","0","2","02116","0","","1.0","1926.0","1","N","N","N","0","","1","0","0","","0","N","","2","1","0","0","0","0","0","2","0","2","","03","","N","","","","","","","","","",""
"2019132047","","2","0","0","0","0","0","0","0","0","4","0","","02","12","2019","5","40.345134","-80.027362","","11","0","0","0","0","0","2","0","0","1","0","0","0","","","1","","1","","40 20:42.483","7","0","80 01:38.503","4","0","0","0","2407","0","0","0","N","0","0","0","2","02407","1","","1.0","","1","N","N","","0","","0","0","0","","2","N","","2","1","0","0","0","0","0","2","0","2","","","","N","","","","","","","","","",""
"2019133991","","1","0","0","0","0","0","0","0","0","7","0","","02","12","2019","4","40.330024","-80.113832","","11","0","1","0","0","0","0","0","0","","0","0","0","","","0","N","0","","40 19:48.086","","0","80 06:49.795","0","0","0","0","2119","0","0","0","N","0","0","0","1","02119","0","","5.0","","7","N","N","N","0","","0","0","0","","0","","","1","0","0","0","0","0","0","2","0","1","","","","N","","","","","","","","","",""
"2019115978","","0","0","0","0","0","0","0","0","0","1","0","","02","11","2019","7","40.512629","-80.199783","","11","0","0","0","1","0","0","0","0","","0","0","0","","","0","","0","","40 30:45.463","","7","80 11:59.217","0","0","0","0","2213","0","0","0","N","0","0","0","2","02213","0","","1.0","","1","N","N","","0","","0","0","2","","0","","","2","0","0","0","0","0","0","2","0","2","","","","N","","","","","","","","","",""
"2019124175","","0","0","0","0","0","0","0","0","0","7","0","","02","12","2019","3","40.419528","-79.935139","","11","1","0","0","0","0","0","0","0","","0","0","0","","","0","N","0","","40 25:10.300","4","0","79 56:06.500","0","0","0","0","2301","0","0","0","N","0","0","0","2","02301","0","","5.0","1847.0","1","N","N","N","0","","0","0","0","","0","N","","1","0","0","0","0","0","0","2","1","1","","","","N","","","","","","","","","",""
"2019118798","","2","0","0","0","0","0","0","0","0","4","0","","02","11","2019","3","40.484334","-80.035812","","11","0","0","0","0","0","0","0","0","","0","0","0","","","0","N","1","","40 29:03.602","","0","80 02:08.923","0","0","0","0","2301","0","0","0","N","0","0","0","3","02301","0","","1.0","","9","N","N","N","0","","0","0","0","","2","","","2","0","0","0","0","0","0","2","0","2","","","","N","","","","","","","","","",""
"2019120226","","0","0","0","0","0","0","0","0","0","5","0","","02","11","2019","7","40.410965","-80.006047","","11","0","0","0","0","1","0","0","0","","0","0","0","","","0","N","2","","40 24:39.473","","7","80 00:21.770","0","0","0","0","2301","0","0","0","N","0","0","0","4","02301","0","","1.0","","9","N","N","N","1","","0","0","1","","2","","","2","0","2","0","0","0","0","2","0","2","","","","N","","","","","","","","","",""
"2019114878","","2","0","0","0","0","0","0","0","0","4","0","","02","11","2019","4","40.416001","-79.799697","","11","0","0","1","0","0","0","0","0","","0","0","0","","","2","","1","","40 24:57.603","5","0","79 47:58.909","4","0","0","0","2446","0","0","0","N","0","0","0","2","02446","2","","1.0","1550.0","1","N","N","N","0","","0","0","0","","3","N","","2","2","0","0","0","0","0","2","0","2","","03","","N","","","","","","","","","",""
"2019113094","","1","0","0","0","0","0","0","0","0","98","0","","02","11","2019","2","40.533397","-80.010928","","11","0","0","0","0","0","1","0","0","","0","0","0","","","0","","0","","40 32:00.230","","0","80 00:39.342","0","0","0","0","2116","0","0","0","N","0","0","0","2","02116","0","","1.0","","1","N","N","","0","","0","0","0","","0","N","","1","0","0","0","0","0","0","2","0","1","","","","N","","","","","","","","","",""
"2019117155","","2","0","0","0","0","0","0","0","0","1","0","","02","11","2019","7","40.468436","-79.705926","","11","0","1","1","0","0","0","0","0","","0","0","0","","","0","","1","","40 28:06.370","","0","79 42:21.333","0","0","0","0","2466","0","0","0","N","0","0","0","3","02466","0","","1.0","","1","N","N","N","0","","0","0","0","","0","","","2","0","0","0","0","0","0","2","0","2","","03","","N","","","","","","","","","",""
"2019125865","","1","0","0","0","0","0","0","0","0","4","0","","02","11","2019","5","40.45651","-79.887761","","11","0","0","0","0","0","0","0","1","","0","0","0","","","1","","1","","40 27:23.436","","0","79 53:15.939","3","0","0","0","2301","0","0","0","N","0","0","0","3","02301","0","","1.0","","1","","","N","0","","1","0","0","","0","","","2","1","0","0","0","0","1","2","0","2","","","","N","","","","","","","","","",""
"2019122860","","0","0","0","0","0","0","0","0","0","7","0","","02","11","2019","4","40.362483","-79.931917","","11","0","0","0","0","0","0","0","0","","0","0","0","","","1","N","0","","40 21:44.940","2","0","79 55:54.902","8","0","0","0","2473","0","0","0","N","0","0","0","1","02473","0","","2.0","840.0","1","N","N","N","0","","0","0","1","","0","Y","","1","1","0","0","0","1","0","2","0","1","","03","","N","","","","","","","","","",""
"2019114033","","3","0","0","0","0","0","0","0","0","4","0","","02","11","2019","7","40.32816","-79.836717","","11","0","0","0","1","0","0","0","0","","0","0","0","","","0","N","2","","40 19:41.376","","0","79 50:12.181","0","0","0","0","2304","0","0","0","N","0","0","0","5","02304","0","","1.0","","1","N","N","N","0","","0","0","0","","0","","","3","0","0","0","0","0","0","2","0","3","","03","","N","","","","","","","","","",""
"2019108533","","0","0","0","0","0","0","0","0","0","7","0","","02","10","2019","1","40.360358","-79.845425","","11","0","0","0","0","1","0","0","0","","0","0","0","","","0","","3","","40 21:37.288","","8","79 50:43.530","0","0","0","0","2303","0","0","0","Y","0","0","0","1","02304","0","","3.0","","9","N","N","","0","","0","0","1","","0","N","","1","0","0","0","0","0","0","2","0","1","","","","N","","","","","","","","","",""
"2019128462","","2","0","0","0","0","0","0","0","0","4","0","","02","12","2019","7","40.452526","-79.981129","","11","0","0","0","0","0","0","0","0","","0","0","0","","","0","","1","","40 27:09.095","","0","79 58:52.064","0","0","0","0","2301","0","0","0","N","0","0","0","4","02301","0","","1.0","","9","N","N","N","0","","0","0","0","","0","","","2","0","0","0","0","0","0","2","0","2","","98","","N","","","","","","","","","",""
"2019134305","","1","0","0","0","0","0","0","0","0","2","0","","02","12","2019","6","40.435128","-79.956419","","11","0","0","0","0","0","0","0","0","","0","0","0","","","0","","1","","40 26:06.460","7","0","79 57:23.109","0","0","0","0","2301","0","0","0","N","0","0","0","2","02506","0","","1.0","2330.0","1","N","N","N","0","","0","0","1","","2","N","","2","0","0","0","0","0","0","2","0","2","","","","N","","","","","","","","","",""
"2019121203","","2","0","0","0","0","0","0","0","0","4","0","","02","11","2019","5","40.433341","-79.782324","","11","0","0","0","0","0","1","0","0","","0","0","0","","","1","N","1","","40 26:00.027","","0","79 46:56.366","8","0","0","0","2446","0","0","0","N","0","0","0","2","02446","0","","1.0","","1","N","N","N","0","","0","0","0","","3","N","","2","1","0","0","0","1","0","2","0","2","","03","","N","","","","","","","","","",""
"2019132920","","1","0","0","0","0","0","0","0","0","7","0","","02","12","2019","2","40.423593","-79.988866","","11","0","0","0","0","0","0","0","0","","0","0","0","","","0","N","0","","40 25:24.933","","0","79 59:19.918","9","0","0","0","2301","0","0","0","N","0","0","0","1","02301","0","","2.0","","1","N","N","N","0","","0","0","0","","0","","","1","0","0","0","0","0","1","2","0","1","","03","","N","","","","","","","","","",""
"2019130321","","1","0","0","0","0","0","0","0","0","7","0","","02","12","2019","5","40.474222","-80.059444","","11","0","0","0","0","0","0","0","0","","0","0","0","","","0","Y","0","","40 28:27.200","5","0","80 03:34.000","9","0","0","0","2444","0","0","0","N","0","0","0","2","02444","0","","1.0","923.0","1","N","N","N","0","","0","0","0","","0","Y","","1","0","1","0","0","0","1","2","0","1","","","","N","","","","","","","","","",""
"2019116688","","1","0","0","0","0","0","0","0","0","8","0","","02","11","2019","6","40.494185","-79.788002","","11","0","0","0","0","0","1","0","0","","0","0","0","","","1","N","0","","40 29:39.067","","1","79 47:16.807","3","0","0","0","2113","1","0","0","N","1","0","0","2","02113","0","","1.0","","1","N","N","N","0","","1","0","0","","0","","","2","1","0","0","0","0","0","2","0","1","","03","","N","","","","","","","","","",""
"2019116872","","1","0","0","0","0","0","0","0","0","8","0","","02","11","2019","6","40.448644","-79.970486","","11","0","0","0","0","0","0","0","1","","0","0","0","","","1","N","0","","40 26:55.120","","0","79 58:13.750","8","0","0","0","2301","1","0","0","N","1","0","0","3","02301","0","","1.0","","1","N","N","N","0","","0","0","0","","0","","","2","1","0","0","0","1","0","2","0","1","","03","","N","","","","","","","","","",""
"2019117540","","1","0","0","0","0","0","0","0","0","1","0","","02","11","2019","1","40.407261","-79.889977","","11","0","0","0","0","0","0","1","0","","0","0","0","","","0","N","2","","40 24:26.141","4","0","79 53:23.918","0","0","0","0","2448","0","0","0","N","0","0","0","3","02448","0","","1.0","1432.0","1","N","N","N","0","","0","0","1","","2","N","","2","0","0","0","0","0","0","2","0","2","","03","","N","","","","","","","","","",""
"2019128093","","2","0","0","0","0","0","0","0","0","1","0","","02","12","2019","5","40.429736","-79.998931","","11","0","0","0","0","0","1","0","0","","0","0","0","","","0","N","0","","40 25:47.050","2","3","79 59:56.152","0","0","0","0","2301","0","0","0","N","0","0","0","3","02301","0","","1.0","719.0","1","N","N","N","0","","0","0","1","","0","Y","","3","0","0","0","0","0","0","2","0","3","","03","","N","","","","","","","","","",""
"2019116452","","1","0","0","0","0","0","0","0","0","0","0","","02","11","2019","5","40.455092","-79.993384","","11","0","0","0","0","0","0","0","0","","0","0","0","","","0","N","0","","40 27:18.330","1","0","79 59:36.182","0","0","0","0","2301","0","0","0","N","0","0","0","1","02301","0","","1.0","1700.0","1","N","N","N","0","","0","0","0","","0","N","","1","0","0","0","0","0","0","2","0","1","","03","","N","","","","","","","","","",""
"2019115275","","1","0","0","0","0","0","0","0","0","1","0","","02","11","2019","3","40.454214","-79.970392","","11","0","0","0","0","0","0","0","1","","0","0","0","","","1","N","0","","40 27:15.169","3","0","79 58:13.411","8","0","0","0","2301","0","0","0","N","0","0","0","2","02301","0","","1.0","1125.0","7","N","N","Y","0","","0","0","1","","0","N","","2","1","0","0","0","1","0","2","0","2","","","","N","","","","","","","","","",""
"2019122473","","2","0","0","0","0","0","0","0","0","1","0","","02","11","2019","2","40.521936","-80.005364","","11","0","1","0","0","0","0","0","0","","0","0","0","","","0","","1","","40 31:18.968","","0","80 00:19.311","0","0","0","0","2116","0","0","0","N","0","0","0","2","02116","0","","1.0","","1","N","N","N","0","","0","0","0","","0","N","","2","0","0","0","0","0","0","2","0","2","","03","","N","","","","","","","","","",""
"2019129679","","1","0","0","0","0","0","0","0","0","1","0","","02","12","2019","5","40.431144","-79.959222","","11","0","0","0","0","0","0","0","0","","0","0","0","","","0","","2","","40 25:52.118","","0","79 57:33.198","0","0","0","0","2301","0","0","0","N","0","0","0","2","02301","0","","1.0","","1","N","N","N","0","","0","0","1","","2","","","2","0","0","0","0","0","0","2","0","2","","03","","N","","","","","","","","","",""
"2019129002","","2","0","0","0","0","0","0","0","0","1","0","","02","12","2019","4","40.453987","-79.997852","","11","0","0","0","0","0","0","0","0","","0","0","0","","","1","","1","","40 27:14.353","","2","79 59:52.267","3","0","0","0","2301","0","0","0","N","0","0","0","3","02301","0","","1.0","","1","N","N","N","0","","1","0","0","","2","","","2","1","0","0","0","0","0","2","0","2","","","","N","","","","","","","","","",""
"2019122799","","2","0","0","0","0","0","0","0","0","1","0","","02","11","2019","6","40.623205","-80.096667","","11","0","0","0","0","0","1","0","0","2","0","0","0","","","0","","0","","40 37:23.539","2","0","80 05:48.002","0","0","0","0","2212","0","0","0","N","0","0","0","4","68B03","0","","1.0","","1","N","N","","0","","0","0","1","","0","N","","3","0","0","0","0","0","0","1","0","3","","","","N","","","","","","","","","",""
"2019111470","","2","0","0","0","0","0","0","0","0","1","0","","02","11","2019","1","40.442009","-79.992373","","11","0","0","0","0","0","2","0","0","","0","0","0","","","0","","6","","40 26:31.233","","2","79 59:32.544","0","0","0","0","2301","0","0","0","N","0","0","0","4","02301","0","","1.0","","1","N","N","","0","","0","0","1","","3","","","3","0","0","0","0","0","0","2","0","3","","","","N","","","","","","","","","",""
"2019117444","","3","0","0","0","0","0","0","0","0","1","0","","02","11","2019","1","40.353479","-79.845145","","11","0","0","0","0","0","0","0","0","","0","0","0","","","0","N","6","","40 21:12.526","","2","79 50:42.521","0","0","0","0","2304","0","0","0","N","0","0","0","3","02304","0","","1.0","","1","N","N","N","0","","0","0","0","","3","","","4","0","0","0","0","0","0","2","0","3","","03","","N","","","","","","","","","",""
"2019116420","","3","0","0","0","0","0","0","0","0","1","0","","02","11","2019","4","40.402196","-80.188921","","11","1","0","1","0","0","0","0","0","","0","0","0","","","0","N","2","","40 24:07.906","2","0","80 11:20.117","0","0","0","0","2450","0","0","0","N","0","0","0","3","02450","0","","1.0","1551.0","1","N","N","Y","0","","0","0","0","","0","N","","3","0","0","0","0","0","0","2","0","3","","03","","N","","","","","","","","","",""
"2019131403","","3","0","0","0","0","0","0","0","0","4","0","","02","12","2019","7","40.380864","-80.044438","","11","0","0","0","0","0","1","0","0","3","0","0","0","","","0","","0","","40 22:51.110","2","0","80 02:39.975","0","0","0","0","2109","0","0","0","N","0","0","0","3","02109","0","","1.0","","1","N","N","","0","","0","0","0","","0","N","","3","0","0","0","0","0","0","2","0","3","","","","N","","","","","","","","","",""
"2019118787","","0","0","0","0","0","0","0","0","0","98","0","","02","11","2019","3","40.368051","-79.794943","","11","0","0","0","0","0","1","0","0","","0","0","0","","","0","N","0","","40 22:04.983","2","0","79 47:41.796","0","0","0","0","2111","0","0","0","N","0","0","0","1","02111","0","","1.0","1828.0","1","N","N","N","0","","0","0","1","","0","N","","1","0","0","0","0","0","0","2","0","1","","","","N","","","","","","","","","",""
"2019113778","","2","0","0","0","0","0","0","0","0","4","0","","02","10","2019","2","40.509503","-80.211921","","11","0","0","0","0","1","0","0","0","2","0","0","0","","","0","","2","","40 30:34.210","2","0","80 12:42.915","0","0","0","0","2213","0","0","0","N","0","0","0","2","02213","0","","1.0","","1","N","N","","0","","0","0","0","","3","N","","2","0","0","0","0","0","0","2","0","2","","","","N","","","","","","","","","",""
"2019127468","","1","0","0","0","0","0","0","0","0","0","0","","02","12","2019","3","40.37698","-80.062507","","11","0","0","0","0","0","0","1","0","2","0","0","0","","","0","","2","","40 22:37.128","3","0","80 03:45.025","0","0","0","0","2109","0","0","0","N","0","0","0","1","02109","0","","1.0","","1","N","N","","0","","0","0","0","","3","Y","","1","0","0","0","0","0","0","2","0","1","","","","N","","","","","","","","","",""
"2019115481","","0","0","0","0","0","0","0","0","0","1","0","","02","11","2019","3","40.459111","-79.865753","","11","0","0","0","0","0","0","0","0","","0","0","0","","","0","Y","0","","40 27:32.801","2","0","79 51:56.712","9","0","0","0","2113","0","0","0","N","0","0","0","2","02113","0","","1.0","1930.0","2","N","N","N","0","","0","0","2","","0","N","","2","0","0","0","0","0","1","2","0","2","","06","","N","","","","","","","","","",""
"2019119473","","1","0","0","0","0","0","0","0","0","7","0","","02","11","2019","5","40.386581","-79.968183","","11","0","0","0","0","0","0","0","0","","0","0","0","","","2","N","0","","40 23:11.690","","0","79 58:05.460","3","0","0","0","2403","0","0","0","N","0","0","0","2","02403","0","","5.0","","1","N","N","N","0","","2","0","0","","0","","","1","2","2","0","0","0","0","2","0","1","","03","","N","","","","","","","","","",""
"2019113134","","2","0","0","0","0","0","0","0","0","5","0","","02","11","2019","5","40.46237","-79.981661","","11","0","0","0","0","0","1","0","0","1","0","0","0","","","0","","0","","40 27:44.532","1","0","79 58:53.980","0","0","0","0","2301","0","0","0","N","0","0","0","3","02301","0","","1.0","","1","N","N","","0","","0","0","0","","0","N","","2","0","0","0","0","0","0","2","0","2","","","","N","","","","","","","","","",""
"2019110344","","1","0","0","0","0","0","0","0","0","4","0","","02","10","2019","5","40.419781","-79.933406","","11","0","0","0","0","0","0","0","0","","0","0","0","","","0","","0","","40 25:11.210","","7","79 56:00.260","0","0","0","0","2301","0","0","0","N","0","0","0","3","02301","0","","1.0","","9","N","N","","0","","0","0","1","","0","N","","2","0","0","0","0","0","0","2","0","2","","","","N","","","","","","","","","",""
"2019126724","","2","0","0","0","0","0","0","0","0","4","0","","02","12","2019","2","40.30363","-79.963241","","11","0","0","0","0","0","0","0","0","","0","0","0","","","0","N","0","","40 18:13.069","3","7","79 57:47.666","0","0","0","0","2440","0","0","0","N","0","0","0","2","02440","0","","1.0","825.0","9","N","N","N","0","","0","0","0","","3","Y","","2","0","0","0","0","0","0","2","0","2","","","","N","","","","","","","","","",""