"CRN","ARRIVAL_TM","AUTOMOBILE_COUNT","BELTED_DEATH_COUNT","BELTED_SUSP_SERIOUS_INJ_COUNT","BICYCLE_COUNT","BICYCLE_DEATH_COUNT","BICYCLE_SUSP_SERIOUS_INJ_COUNT","BUS_COUNT","CHLDPAS_DEATH_COUNT","CHLDPAS_SUSP_SERIOUS_INJ_COUNT","COLLISION_TYPE","COMM_VEH_COUNT","CONS_ZONE_SPD_LIM","COUNTY","CRASH_MONTH","CRASH_YEAR","DAY_OF_WEEK","DEC_LATITUDE","DEC_LONGITUDE","DISPATCH_TM","DISTRICT","DRIVER_COUNT_16YR","DRIVER_COUNT_17YR","DRIVER_COUNT_18YR","DRIVER_COUNT_19YR","DRIVER_COUNT_20YR","DRIVER_COUNT_50_64YR","DRIVER_COUNT_65_74YR","DRIVER_COUNT_75PLUS","EST_HRS_CLOSED","FATAL_COUNT","HEAVY_TRUCK_COUNT","HORSE_BUGGY_COUNT","HOUR_OF_DAY","ILLUMINATION","INJURY_COUNT","INTERSECTION_RELATED","INTERSECT_TYPE","LANE_CLOSED","LATITUDE","LN_CLOSE_DIR","LOCATION_TYPE","LONGITUDE","MAX_SEVERITY_LEVEL","MCYCLE_DEATH_COUNT","MCYCLE_SUSP_SERIOUS_INJ_COUNT","MOTORCYCLE_COUNT","MUNICIPALITY","NONMOTR_COUNT","NONMOTR_DEATH_COUNT","NONMOTR_SUSP_SERIOUS_INJ_COUNT","NTFY_HIWY_MAINT","PED_COUNT","PED_DEATH_COUNT","PED_SUSP_SERIOUS_INJ_COUNT","PERSON_COUNT","POLICE_AGCY","POSSIBLE_INJ_COUNT","RDWY_SURF_TYPE_CD","RELATION_TO_ROAD","ROADWAY_CLEARED","ROAD_CONDITION","SCH_BUS_IND","SCH_ZONE_IND","SECONDARY_CRASH","SMALL_TRUCK_COUNT","SPEC_JURIS_CD","SUSP_MINOR_INJ_COUNT","SUSP_SERIOUS_INJ_COUNT","SUV_COUNT","TCD_FUNC_CD","TCD_TYPE","TFC_DETOUR_IND","TIME_OF_DAY","TOTAL_UNITS","TOT_INJ_COUNT","UNBELTED_OCC_COUNT","UNB_DEATH_COUNT","UNB_SUSP_SERIOUS_INJ_COUNT","UNK_INJ_DEG_COUNT","UNK_INJ_PER_COUNT","URBAN_RURAL","VAN_COUNT","VEHICLE_COUNT","WEATHER1","WEATHER2","WORKERS_PRES","WORK_ZONE_IND","WORK_ZONE_LOC","WORK_ZONE_TYPE","WZ_CLOSE_DETOUR","WZ_FLAGGER","WZ_LAW_OFFCR_IND","WZ_LN_CLOSURE","WZ_MOVING","WZ_OTHER","WZ_SHLDER_MDN","WZ_WORKERS_INJ_KILLED"
"2019120132","","2","0","0","0","0","0","0","0","0","5","0","","02","11","2019","7","40.440494","-79.987831","","11","0","0","0","0","0","0","0","1","","0","0","0","","","1","N","0","","40 26:25.780","","0","79 59:16.190","4","0","0","0","2301","0","0","0","N","0","0","0","7","02301","1","","1.0","","1","N","N","N","0","","0","0","0","","0","","","2","1","0","0","0","0","0","2","0","2","","03","","N","","","","","","","","","",""
"2019116462","","0","0","0","0","0","0","0","0","0","4","0","","02","11","2019","7","40.388089","-80.051163","","11","0","0","0","0","0","2","0","0","2","0","0","0","","","0","","1","","40 23:17.120","3","0","80 03:04.186","0","0","0","0","2109","0","0","0","N","0","0","0","3","02109","0","","1.0","","1","N","N","","0","","0","0","3","","3","N","","3","0","0","0","0","0","0","2","0","3","","","","N","","","","","","","","","",""
"2019130605","","2","0","0","0","0","0","0","0","0","6","0","","02","12","2019","4","40.353742","-80.100454","","11","0","0","0","0","0","0","1","0","","0","0","0","","","0","","0","","40 21:13.471","","0","80 06:01.636","0","0","0","0","2414","0","0","0","N","0","0","0","2","02414","0","","1.0","","2","N","N","","0","","0","0","0","","0","","","2","0","0","0","0","0","0","2","0","2","","","","N","","","","","","","","","",""
"2019120320","","2","0","0","0","0","0","0","0","0","1","0","","02","11","2019","7","40.428101","-79.999961","","11","0","0","0","0","0","0","0","0","","0","0","0","","","0","N","0","","40 25:41.163","1","4","79 59:59.861","0","0","0","0","2301","0","0","0","N","0","0","0","3","02301","0","","1.0","2245.0","9","N","N","N","0","","0","0","0","","0","N","","2","0","0","0","0","0","0","2","0","2","","05","","N","","","","","","","","","",""
"2019113925","","1","0","0","0","0","0","0","0","0","7","0","","02","11","2019","7","40.416482","-80.066812","","11","0","0","0","0","0","0","0","0","","0","0","0","","","0","N","0","","40 24:59.334","","0","80 04:00.522","0","0","0","0","2301","0","0","0","N","0","0","0","1","02301","0","","5.0","","1","N","N","N","0","","0","0","0","","0","","","1","0","0","0","0","0","0","2","0","1","","03","","N","","","","","","","","","",""
"2019129450","","0","0","0","0","0","0","0","0","0","7","0","","02","12","2019","5","40.367301","-80.033998","","11","0","0","0","0","0","0","0","0","","0","0","0","","","0","","2","","40 22:02.282","","0","80 02:02.394","0","0","0","0","2416","0","0","0","N","0","0","0","1","02416","0","","5.0","","1","N","N","","1","","0","0","0","","0","","","1","0","0","0","0","0","0","2","0","1","","","","N","","","","","","","","","",""
"2019128449","","0","0","0","0","0","0","0","0","0","6","0","","02","12","2019","6","40.477969","-79.786372","","11","0","0","0","0","0","1","0","0","","0","0","0","","","1","N","5","","40 28:40.688","1","0","79 47:10.939","3","0","0","0","2113","0","0","0","N","0","0","0","2","02113","0","","1.0","800.0","1","N","N","N","0","","1","0","2","","0","N","","2","1","0","0","0","0","0","2","0","2","","","","N","","","","","","","","","",""
"2019117032","","0","0","0","0","0","0","0","0","0","98","0","","02","11","2019","6","40.198153","-79.905255","","11","0","0","0","0","0","1","0","0","","0","0","0","","","0","N","0","","40 11:53.352","3","0","79 54:18.917","0","0","0","0","2204","0","0","0","N","0","0","0","2","02204","0","","1.0","1955.0","1","N","N","N","2","","0","0","0","","0","N","","2","0","0","0","0","0","0","1","0","2","","","","N","","","","","","","","","",""
"2019122796","","3","0","0","0","0","0","0","0","0","1","0","","02","11","2019","6","40.595108","-80.094774","","11","0","0","0","0","0","0","1","0","2","0","0","0","","","0","","0","","40 35:42.388","2","0","80 05:41.187","0","0","0","0","2481","0","0","0","N","0","0","0","5","68B03","0","","1.0","","1","N","N","","0","","0","0","0","","0","N","","3","0","0","0","0","0","0","2","0","3","","","","N","","","","","","","","","",""
"2019129510","","2","0","0","0","0","0","0","0","0","4","0","","02","12","2019","2","40.482528","-79.948583","","11","0","0","0","0","0","1","0","0","","0","0","0","","","0","N","11","","40 28:57.100","","0","79 56:54.900","0","0","0","0","2301","0","0","0","N","0","0","0","3","02301","0","","1.0","","9","N","N","N","0","","0","0","0","","0","","","2","0","0","0","0","0","0","2","0","2","","","","N","","","","","","","","","",""
"2019120675","","1","0","0","0","0","0","0","0","0","4","0","","02","11","2019","7","40.602216","-79.947152","","11","0","0","0","1","0","0","0","1","","0","0","0","","","0","","0","","40 36:07.978","6","7","79 56:49.747","0","0","0","0","2207","0","0","0","N","0","0","0","2","02207","0","","1.0","2026.0","9","N","N","N","0","","0","0","0","","2","Y","","2","0","0","0","0","0","0","2","1","2","","","","N","","","","","","","","","",""
"2019126288","","1","0","0","0","0","0","0","0","0","1","0","","02","12","2019","6","40.45501","-79.710857","","11","0","0","0","0","0","1","0","0","","0","0","0","","","0","N","2","","40 27:18.035","","0","79 42:39.085","0","0","0","0","2466","0","0","0","N","0","0","0","2","02466","0","","1.0","","1","N","N","N","0","","0","0","1","","2","","","2","0","0","0","0","0","0","2","0","2","","","","N","","","","","","","","","",""
"2019113542","","1","0","0","0","0","0","0","0","0","7","0","","02","11","2019","2","40.339928","-79.928639","","11","0","0","0","1","0","0","0","0","","0","0","0","","","0","N","0","","40 20:23.740","4","0","79 55:43.100","0","0","0","0","2473","0","0","0","N","0","0","0","1","02473","0","","2.0","1640.0","1","N","N","N","0","","0","0","0","","0","N","","1","0","0","0","0","0","0","2","0","1","","03","","N","","","","","","","","","",""
"2019115417","","2","0","0","0","0","0","0","0","0","4","0","","02","11","2019","3","40.336431","-79.978503","","11","0","0","1","0","0","1","0","0","","0","0","0","","","0","N","2","","40 20:11.151","3","0","79 58:42.609","0","0","0","0","2454","0","0","0","N","0","0","0","3","02454","0","","1.0","1727.0","7","N","N","N","1","","0","0","0","","2","N","","3","0","0","0","0","0","0","2","0","3","","","","N","","","","","","","","","",""
"2019119940","","2","0","0","0","0","0","0","0","0","1","0","","02","11","2019","6","40.415032","-80.011267","","11","0","0","0","0","0","0","0","0","","0","0","0","","","1","N","1","","40 24:54.116","","2","80 00:40.560","3","0","0","0","2301","0","0","0","N","0","0","0","3","02301","0","","1.0","","1","N","N","N","0","","1","0","0","","2","","","2","1","0","0","0","0","0","2","0","2","","03","","N","","","","","","","","","",""
"2019115402","","2","0","0","0","0","0","0","0","0","7","0","","02","11","2019","3","40.434039","-79.973438","","11","0","0","0","0","1","0","0","0","","0","0","0","","","0","","7","","40 26:02.541","","2","79 58:24.375","0","0","0","0","2301","0","0","0","N","0","0","0","3","02301","0","","2.0","","2","N","N","N","0","","0","0","0","","4","","","2","0","1","0","0","0","0","2","0","2","","","","N","","","","","","","","","",""
"2019114643","","0","0","0","0","0","0","0","0","0","98","0","","02","11","2019","7","40.65308","-79.910298","","11","0","0","0","0","0","0","0","0","","0","0","0","","","0","N","0","","40 39:11.088","4","0","79 54:37.073","0","0","0","0","2220","0","0","0","N","0","0","0","2","02220","0","","1.0","1758.0","1","N","N","N","0","","0","0","0","","0","N","","1","0","0","0","0","0","0","1","1","1","","","","N","","","","","","","","","",""
"2019130250","","1","0","0","0","0","0","0","0","0","7","0","","02","12","2019","3","40.443652","-80.004703","","11","0","0","0","0","0","0","0","0","","0","0","0","","","0","N","2","","40 26:37.146","","0","80 00:16.930","0","0","0","0","2301","0","0","0","N","0","0","0","1","02301","0","","3.0","","1","N","N","N","0","","0","0","0","","2","","","1","0","0","0","0","0","0","2","0","1","","03","","N","","","","","","","","","",""
"2019128518","","2","0","0","0","0","0","0","0","0","1","0","","02","12","2019","4","40.314745","-79.885342","","11","0","0","0","0","0","0","0","0","","0","0","0","","","1","N","2","","40 18:53.083","2","0","79 53:07.230","3","0","0","0","2433","0","0","0","N","0","0","0","2","02433","0","","1.0","1615.0","1","N","N","N","0","","1","0","0","","2","N","","2","1","0","0","0","0","0","2","0","2","","","","N","","","","","","","","","",""
"2019118761","","2","0","0","0","0","0","0","0","0","4","0","","02","11","2019","2","40.389686","-80.133467","","11","0","0","0","0","0","0","1","1","","0","0","0","","","0","","2","","40 23:22.871","3","0","80 08:00.482","0","0","0","0","2102","0","0","0","N","0","0","0","2","02102","0","","1.0","1749.0","1","N","N","N","0","","0","0","0","","3","Y","","2","0","0","0","0","0","0","2","0","2","","03","","N","","","","","","","","","",""
"2019121637","","0","0","0","0","0","0","0","0","0","98","0","","02","10","2019","2","40.421756","-80.10229","","11","0","0","0","0","0","0","0","0","","0","0","0","","","0","N","0","","40 25:18.320","","2","80 06:08.243","0","0","0","0","2115","0","0","0","N","0","0","0","1","68B03","0","","4.0","","1","N","N","N","1","","0","0","0","","0","","","1","0","0","0","0","0","0","2","0","1","","03","","N","","","","","","","","","",""
"2019120022","","1","0","0","0","0","0","0","0","0","98","0","","02","11","2019","6","40.586688","-80.040885","","11","0","0","0","0","1","0","0","0","","0","0","0","","","0","","0","","40 35:12.077","","0","80 02:27.187","0","0","0","0","2108","0","0","0","N","0","0","0","1","02108","0","","1.0","","1","N","N","N","0","","0","0","0","","2","","","1","0","0","0","0","0","0","2","0","1","","04","","N","","","","","","","","","",""
"2019131341","","1","0","0","0","0","0","0","0","0","1","0","","02","12","2019","6","40.483803","-79.907917","","11","0","0","0","0","0","1","0","0","","0","0","0","","","0","N","0","","40 29:01.692","","0","79 54:28.502","0","0","0","0","2301","0","0","0","N","0","0","0","4","02301","0","","1.0","","2","N","N","N","0","","0","0","2","","8","","","3","0","0","0","0","0","0","2","0","3","","","","N","","","","","","","","","",""
"2019114258","","1","0","0","0","0","0","0","0","0","7","0","","02","11","2019","1","40.445293","-80.029906","","11","0","0","0","0","0","0","0","0","","0","0","0","","","0","N","0","","40 26:43.055","","2","80 01:47.661","9","0","0","0","2301","0","0","0","Y","0","0","0","1","02301","0","","7.0","","1","N","N","N","0","","0","0","0","","0","","","1","0","0","0","0","0","1","2","0","1","","","","N","","","","","","","","","",""
"2019111669","","1","0","0","0","0","0","0","0","0","4","0","","02","11","2019","1","40.437728","-79.986514","","11","0","0","0","0","2","0","0","0","2","0","0","0","","","0","","1","","40 26:15.820","3","0","79 59:11.450","0","0","0","0","2301","0","0","0","N","0","0","0","2","02301","0","","1.0","","1","N","N","","0","","0","0","1","","2","N","","2","0","0","0","0","0","0","2","0","2","","","","N","","","","","","","","","",""
"2019131786","","2","0","0","0","0","0","0","0","0","5","0","","02","12","2019","5","40.5034","-80.025118","","11","0","0","0","0","0","0","0","0","","0","0","0","","","0","","1","","40 30:12.241","","0","80 01:30.426","0","0","0","0","2116","0","0","0","N","0","0","0","2","02116","0","","1.0","","1","N","N","N","0","","0","0","0","","0","","","2","0","0","0","0","0","0","2","0","2","","03","","N","","","","","","","","","",""
"2019128558","","1","0","0","0","0","0","0","0","0","7","0","","02","11","2019","5","40.427421","-79.952673","","11","0","1","0","0","0","0","0","0","","0","0","0","","","0","N","0","","40 25:38.716","","0","79 57:09.621","0","0","0","0","2301","0","0","0","N","0","0","0","1","68B03","0","","4.0","","1","N","N","N","0","","0","0","0","","0","","","1","0","0","0","0","0","0","2","0","1","","03","","N","","","","","","","","","",""
"2019131060","","0","0","0","0","0","0","0","0","0","4","0","","02","12","2019","4","40.38935","-80.047475","","11","0","0","1","0","1","0","0","0","","0","0","0","","","0","","0","","40 23:21.660","","0","80 02:50.910","0","0","0","0","2109","0","0","0","N","0","0","0","3","02109","0","","1.0","","2","N","N","","0","","0","0","1","","0","","","2","0","0","0","0","0","0","2","1","2","","","","N","","","","","","","","","",""
"2019132154","","1","0","0","0","0","0","0","0","0","4","0","","02","12","2019","2","","","","11","0","0","0","0","0","0","0","0","","0","0","0","","","1","N","1","","40 20:39.6","","7","79 56:26.6","8","0","0","0","2473","0","0","0","N","0","0","0","4","02473","0","","1.0","","1","N","N","N","0","","0","0","1","","3","","","2","1","0","0","0","1","0","1","0","2","","03","","N","","","","","","","","","",""
"2019125783","","0","0","0","0","0","0","0","0","0","4","0","","02","12","2019","7","","","","11","0","1","0","0","0","1","0","0","","0","0","0","","","2","N","0","","40 32:42.7","","7","80 00:16.8","3","0","0","0","2116","0","0","0","N","0","0","0","4","02116","0","","1.0","","1","N","N","N","0","","2","0","2","","0","","","2","2","0","0","0","0","0","1","0","2","","03","","N","","","","","","","","","",""
"2019128810","","0","0","0","0","0","0","0","0","0","7","0","","02","12","2019","7","40.436251","-79.994763","","11","0","0","0","0","0","1","0","0","","0","0","0","","","0","N","0","","40 26:10.505","1","2","79 59:41.146","0","0","0","0","2301","0","0","0","N","0","0","0","1","02301","0","","2.0","2140.0","9","N","N","N","1","","0","0","0","","0","Y","","1","0","0","0","0","0","0","2","0","1","","03","","N","","","","","","","","","",""
"2019129619","","2","0","0","0","0","0","0","0","0","4","0","","02","12","2019","7","40.382606","-79.810394","","11","0","0","0","0","0","1","0","0","","0","0","0","","","0","N","1","","40 22:57.381","","0","79 48:37.418","0","0","0","0","2424","0","0","0","N","0","0","0","3","02424","0","","1.0","","1","N","N","N","0","","0","0","0","","0","","","2","0","0","0","0","0","0","2","0","2","","03","","N","","","","","","","","","",""
"2019120699","","0","0","0","0","0","0","0","0","0","7","0","","02","11","2019","1","40.494825","-79.931807","","11","0","0","0","0","0","0","0","0","","0","0","0","","","1","N","0","","40 29:41.369","3","0","79 55:54.506","4","0","0","0","2461","0","0","0","N","0","0","0","1","02461","1","","5.0","437.0","1","N","N","N","1","","0","0","0","","0","Y","","1","1","0","0","0","0","0","2","0","1","","03","","N","","","","","","","","","",""
"2019135186","","1","0","0","0","0","0","0","0","0","4","0","","02","12","2019","3","40.435954","-79.969603","","11","0","0","0","0","0","0","0","0","","0","0","0","","","1","N","0","","40 26:09.434","4","0","79 58:10.570","4","0","0","0","2301","0","0","0","N","0","0","0","2","68B03","1","","4.0","1500.0","9","N","N","N","0","","0","0","1","","0","N","","2","1","0","0","0","0","0","2","0","2","","","","N","","","","","","","","","",""
"2019115080","","1","0","0","0","0","0","0","0","0","4","0","","02","11","2019","2","40.446222","-79.764613","","11","0","0","0","1","1","0","0","0","","0","0","0","","","0","N","1","","40 26:46.399","2","0","79 45:52.606","0","0","0","0","2446","0","0","0","N","0","0","0","2","02446","0","","1.0","1937.0","1","N","N","N","1","","0","0","0","","3","N","","2","0","0","0","0","0","0","2","0","2","","03","","N","","","","","","","","","",""
"2019114092","","1","0","0","0","0","0","0","0","0","7","0","","02","11","2019","7","40.453303","-80.055908","","11","0","0","0","0","0","0","0","0","","0","0","0","","","0","N","0","","40 27:11.890","","0","80 03:21.270","0","0","0","0","2301","0","0","0","N","0","0","0","1","02301","0","","2.0","","1","N","N","N","0","","0","0","0","","0","","","1","0","0","0","0","0","0","2","0","1","","03","","N","","","","","","","","","",""
"2019119529","","2","0","0","0","0","0","0","0","0","1","0","","02","11","2019","5","40.361234","-79.982113","","11","0","0","0","0","1","0","0","0","","0","0","0","","","0","","0","","40 21:40.441","","0","79 58:55.608","0","0","0","0","2413","0","0","0","N","0","0","0","2","02413","0","","1.0","","1","N","N","N","0","","0","0","0","","0","","","2","0","0","0","0","0","0","2","0","2","","","","N","","","","","","","","","",""
"2019115979","","1","0","0","0","0","0","0","0","0","1","0","","02","11","2019","7","40.518103","-80.219463","","11","0","0","0","0","0","0","0","0","","0","0","0","","","0","","0","","40 31:05.169","","7","80 13:10.068","0","0","0","0","2213","0","0","0","N","0","0","0","2","02213","0","","1.0","","1","N","N","","1","","0","0","0","","0","","","2","0","0","0","0","0","0","2","0","2","","","","N","","","","","","","","","",""
"2019118566","","2","0","0","0","0","0","0","0","0","4","0","","02","11","2019","1","40.346746","-79.986406","","11","0","0","0","0","0","0","1","0","2","0","0","0","","","0","","2","","40 20:48.285","1","0","79 59:11.063","0","0","0","0","2476","0","0","0","N","0","0","0","2","02476","0","","1.0","","1","N","N","","0","","0","0","0","","2","Y","","2","0","0","0","0","0","0","2","0","2","","","","N","","","","","","","","","",""
"2019117364","","1","0","0","0","0","0","0","0","0","4","0","","02","11","2019","7","40.376379","-79.984636","","11","0","0","0","0","0","0","0","0","","0","0","0","","","0","N","0","","40 22:34.964","1","7","79 59:04.688","9","0","0","0","2413","0","0","0","N","0","0","0","2","02413","0","","1.0","1541.0","1","N","N","N","0","","0","0","1","","0","N","","2","0","0","0","0","0","1","2","0","2","","","","N","","","","","","","","","",""
"2019113990","","0","0","0","0","0","0","0","0","0","4","0","","02","10","2019","2","40.410061","-80.080742","","11","0","0","0","0","0","0","0","0","","0","0","0","","","1","","1","","40 24:36.218","","2","80 04:50.671","8","0","0","0","2415","0","0","0","N","0","0","0","2","02415","0","","1.0","","1","N","N","N","1","","0","0","1","","3","","","2","1","0","0","0","1","0","2","0","2","","03","","N","","","","","","","","","",""
"2019118660","","1","0","0","0","0","0","0","0","0","4","0","","02","11","2019","4","40.520788","-79.9662","","11","0","0","0","0","0","0","1","0","","0","0","0","","","0","N","0","","40 31:14.836","2","0","79 57:58.319","0","0","0","0","2118","0","0","0","N","0","0","0","4","02118","0","","1.0","115.0","1","N","N","N","0","","0","0","1","","0","N","","2","0","0","0","0","0","0","2","0","2","","","","N","","","","","","","","","",""
"2019116851","","2","0","0","0","0","0","0","0","0","4","0","","02","11","2019","6","40.451491","-79.953345","","11","0","0","0","0","0","0","1","0","","0","0","0","","","0","","2","","40 27:05.366","","0","79 57:12.043","0","0","0","0","2301","0","0","0","N","0","0","0","2","02301","0","","1.0","","1","N","N","N","0","","0","0","0","","0","","","2","0","0","0","0","0","0","2","0","2","","","","N","","","","","","","","","",""
"2019115323","","1","0","0","0","0","0","0","0","0","4","0","","02","10","2019","5","40.29723","-79.916992","","11","0","0","0","0","0","0","0","0","","0","0","0","","","0","","2","","40 17:50.027","","0","79 55:01.171","0","0","0","0","2440","0","0","0","N","0","0","0","2","68T09","0","","1.0","","9","N","N","","1","","0","0","0","","3","","","2","0","0","0","0","0","0","2","0","2","","","","N","","","","","","","","","",""
"2019133411","","1","0","0","0","0","0","0","0","0","7","0","","02","12","2019","6","40.629942","-79.968684","","11","0","0","0","0","0","0","0","0","","0","0","0","","","0","N","0","","40 37:47.791","7","0","79 58:07.261","0","0","0","0","2217","0","0","0","N","0","0","0","1","02505","0","","2.0","2135.0","2","N","N","N","0","","0","0","0","","0","Y","","1","0","0","0","0","0","0","2","0","1","","","","N","","","","","","","","","",""
"2019114781","","0","0","0","0","0","0","0","0","0","8","0","","02","11","2019","2","40.437796","-79.988359","","11","0","0","0","0","0","0","0","0","","0","0","0","","","1","","1","","40 26:16.067","","0","79 59:18.093","4","0","0","0","2301","1","0","0","N","1","0","0","2","02301","1","","1.0","","1","N","N","N","0","","0","0","1","","2","","","2","1","0","0","0","0","0","2","0","1","","03","","N","","","","","","","","","",""
"2019115704","","0","0","0","0","0","0","0","0","0","99","0","","02","11","2019","4","40.446684","-80.03162","","11","0","0","0","0","0","0","0","0","","0","0","0","","","0","N","0","","40 26:48.064","7","0","80 01:53.833","9","0","0","0","2301","0","0","0","N","0","0","0","1","02301","0","","1.0","400.0","1","N","N","N","0","","0","0","1","","0","Y","","1","0","0","0","0","0","1","2","0","1","","03","","N","","","","","","","","","",""
"2019114782","","0","0","0","0","0","0","0","0","0","4","0","","02","11","2019","7","40.447842","-80.158139","","11","0","0","0","0","0","1","0","0","","0","0","0","","","0","N","0","","40 26:52.230","","7","80 09:29.300","0","0","0","0","2115","0","0","0","N","0","0","0","2","02115","0","","1.0","","1","N","N","N","0","","0","0","2","","8","","","2","0","1","0","0","0","0","2","0","2","","03","","N","","","","","","","","","",""
"2019127647","","2","0","0","0","0","0","0","0","0","4","0","","02","12","2019","4","40.363464","-79.773478","","11","0","0","0","1","0","1","0","0","","0","0","0","","","1","N","2","","40 21:48.472","3","0","79 46:24.519","8","0","0","0","2111","0","0","0","N","0","0","0","2","02111","0","","1.0","1620.0","9","N","N","N","0","","0","0","0","","3","N","","2","1","0","0","0","1","0","2","0","2","","03","","N","","","","","","","","","",""
"2019119205","","0","0","0","0","0","0","0","0","0","1","0","","02","11","2019","4","40.376553","-80.100984","","11","0","0","0","0","0","0","0","0","","0","0","0","","","0","N","0","","40 22:35.589","","0","80 06:03.541","0","0","0","0","2102","0","0","0","N","0","0","0","2","68B03","0","","1.0","","1","N","N","N","0","","0","0","2","","0","","","2","0","1","0","0","0","0","2","0","2","","","","N","","","","","","","","","",""
"2019121141","","2","0","0","0","0","0","0","0","0","4","0","","02","11","2019","1","40.44776","-80.163967","","11","0","0","0","0","1","0","0","0","","0","0","0","","","0","N","7","","40 26:51.935","","2","80 09:50.280","0","0","0","0","2115","0","0","0","N","0","0","0","3","02115","0","","1.0","","1","N","N","N","0","","0","0","0","","2","N","","2","0","0","0","0","0","0","2","0","2","","","","N","","","","","","","","","",""
"2019124289","","1","0","0","0","0","0","0","0","0","1","0","","02","12","2019","2","40.450247","-80.111091","","11","0","0","0","0","0","0","0","0","","0","0","0","","","2","N","0","","40 27:00.888","","0","80 06:39.926","8","0","0","0","2115","0","0","0","N","0","0","0","3","68B03","0","","1.0","","1","N","N","N","0","","0","0","0","","0","","","2","2","0","0","0","2","0","2","1","2","","","","N","","","","","","","","","",""
"2019129198","","2","0","0","0","0","0","0","0","0","4","0","","02","12","2019","2","40.470179","-79.957982","","11","0","0","0","0","0","0","0","0","","0","0","0","","","0","N","0","","40 28:12.643","2","0","79 57:28.736","9","0","0","0","2301","0","0","0","N","0","0","0","1","02301","0","","1.0","415.0","7","N","N","N","0","","0","0","0","","0","Y","","2","0","0","0","0","0","1","2","0","2","","07","","N","","","","","","","","","",""
"2019112248","","1","0","0","0","0","0","0","0","0","0","0","","02","11","2019","2","40.417895","-80.066198","","11","0","0","0","0","0","0","0","0","","0","0","0","","","0","N","0","","40 25:04.423","","0","80 03:58.313","0","0","0","0","2301","0","0","0","N","0","0","0","1","02301","0","","5.0","","1","N","N","N","0","","0","0","0","","0","","","1","0","0","0","0","0","0","2","0","1","","","","N","","","","","","","","","",""
"2019127969","","0","0","0","0","0","0","0","0","0","4","0","","02","12","2019","5","40.35058","-79.895704","","11","0","0","0","0","0","0","0","0","","0","0","0","","","0","N","0","","40 21:02.088","2","0","79 53:44.534","0","0","0","0","2423","0","0","0","Y","0","0","0","1","02304","0","","2.0","1822.0","1","N","N","N","0","","0","0","1","","0","N","","1","0","0","0","0","0","0","2","0","1","","98","","N","","","","","","","","","",""
"2019124346","","2","0","0","0","0","0","0","0","0","4","0","","02","12","2019","3","40.429953","-79.957778","","11","0","0","0","0","0","0","0","0","","0","0","0","","","0","","2","","40 25:47.831","","0","79 57:27.999","0","0","0","0","2301","0","0","0","N","0","0","0","2","02301","0","","1.0","","9","N","N","N","0","","0","0","0","","1","","","2","0","0","0","0","0","0","2","0","2","","","","N","","","","","","","","","",""
"2019121190","","1","0","0","0","0","0","0","0","0","7","0","","02","11","2019","2","40.498394","-80.012989","","11","0","1","0","0","0","0","0","0","","0","0","0","","","0","N","0","","40 29:54.217","5","0","80 00:46.761","9","0","0","0","2116","0","0","0","Y","0","0","0","3","02116","0","","7.0","1438.0","1","N","N","N","0","","0","0","0","","0","Y","","1","0","0","0","0","0","1","2","0","1","","98","","N","","","","","","","","","",""
"2019130397","","1","0","0","0","0","0","0","0","0","1","0","","02","12","2019","4","40.455834","-79.992063","","11","0","0","0","0","0","1","0","0","","0","0","0","","","0","N","6","","40 27:21.002","","2","79 59:31.428","0","0","0","0","2301","0","0","0","N","0","0","0","2","02301","0","","1.0","","1","N","N","N","0","","0","0","1","","4","","","2","0","0","0","0","0","0","2","0","2","","03","","N","","","","","","","","","",""
"2019118832","","0","0","0","0","0","0","0","0","0","4","0","","02","11","2019","2","40.352489","-79.839206","","11","0","0","0","0","0","0","0","1","","0","0","0","","","0","N","2","","40 21:08.959","","2","79 50:21.142","0","0","0","0","2304","0","0","0","N","0","0","0","2","02304","0","","1.0","","1","N","N","N","0","","0","0","2","","0","","","2","0","0","0","0","0","0","2","0","2","","03","","N","","","","","","","","","",""
"2019134885","","1","0","0","0","0","0","0","0","0","7","0","","02","12","2019","3","40.660772","-80.123894","","11","0","0","0","0","0","1","0","0","","0","0","0","","","1","","2","","40 39:38.779","","0","80 07:26.018","3","0","0","0","2212","0","0","0","N","0","0","0","2","02505","0","","5.0","","9","N","N","N","0","","1","0","0","","0","","","1","1","2","0","0","0","0","2","0","1","","05","","N","","","","","","","","","",""
"2019135140","","2","0","0","0","0","0","0","0","0","1","0","","02","12","2019","6","40.42943","-79.956758","","11","0","0","0","0","0","0","0","0","","0","0","0","","","2","N","6","","40 25:45.947","3","2","79 57:24.330","3","0","0","0","2301","0","0","0","N","0","0","0","3","68B03","0","","7.0","1514.0","1","N","N","N","0","","2","0","1","","0","N","","3","2","0","0","0","0","0","2","0","3","","","","N","","","","","","","","","",""
"2019120093","","2","0","0","0","0","0","0","0","0","1","0","","02","11","2019","6","40.592983","-79.947863","","11","0","0","0","1","0","0","0","0","","0","0","0","","","0","N","0","","40 35:34.740","1","0","79 56:52.306","0","0","0","0","2207","0","0","0","N","0","0","0","2","02207","0","","1.0","1819.0","1","N","N","N","0","","0","0","0","","0","N","","2","0","0","0","0","0","0","2","0","2","","03","","N","","","","","","","","","",""