"CRN","ARRIVAL_TM","AUTOMOBILE_COUNT","BELTED_DEATH_COUNT","BELTED_SUSP_SERIOUS_INJ_COUNT","BICYCLE_COUNT","BICYCLE_DEATH_COUNT","BICYCLE_SUSP_SERIOUS_INJ_COUNT","BUS_COUNT","CHLDPAS_DEATH_COUNT","CHLDPAS_SUSP_SERIOUS_INJ_COUNT","COLLISION_TYPE","COMM_VEH_COUNT","CONS_ZONE_SPD_LIM","COUNTY","CRASH_MONTH","CRASH_YEAR","DAY_OF_WEEK","DEC_LATITUDE","DEC_LONGITUDE","DISPATCH_TM","DISTRICT","DRIVER_COUNT_16YR","DRIVER_COUNT_17YR","DRIVER_COUNT_18YR","DRIVER_COUNT_19YR","DRIVER_COUNT_20YR","DRIVER_COUNT_50_64YR","DRIVER_COUNT_65_74YR","DRIVER_COUNT_75PLUS","EST_HRS_CLOSED","FATAL_COUNT","HEAVY_TRUCK_COUNT","HORSE_BUGGY_COUNT","HOUR_OF_DAY","ILLUMINATION","INJURY_COUNT","INTERSECTION_RELATED","INTERSECT_TYPE","LANE_CLOSED","LATITUDE","LN_CLOSE_DIR","LOCATION_TYPE","LONGITUDE","MAX_SEVERITY_LEVEL","MCYCLE_DEATH_COUNT","MCYCLE_SUSP_SERIOUS_INJ_COUNT","MOTORCYCLE_COUNT","MUNICIPALITY","NONMOTR_COUNT","NONMOTR_DEATH_COUNT","NONMOTR_SUSP_SERIOUS_INJ_COUNT","NTFY_HIWY_MAINT","PED_COUNT","PED_DEATH_COUNT","PED_SUSP_SERIOUS_INJ_COUNT","PERSON_COUNT","POLICE_AGCY","POSSIBLE_INJ_COUNT","RDWY_SURF_TYPE_CD","RELATION_TO_ROAD","ROADWAY_CLEARED","ROAD_CONDITION","SCH_BUS_IND","SCH_ZONE_IND","SECONDARY_CRASH","SMALL_TRUCK_COUNT","SPEC_JURIS_CD","SUSP_MINOR_INJ_COUNT","SUSP_SERIOUS_INJ_COUNT","SUV_COUNT","TCD_FUNC_CD","TCD_TYPE","TFC_DETOUR_IND","TIME_OF_DAY","TOTAL_UNITS","TOT_INJ_COUNT","UNBELTED_OCC_COUNT","UNB_DEATH_COUNT","UNB_SUSP_SERIOUS_INJ_COUNT","UNK_INJ_DEG_COUNT","UNK_INJ_PER_COUNT","URBAN_RURAL","VAN_COUNT","VEHICLE_COUNT","WEATHER1","WEATHER2","WORKERS_PRES","WORK_ZONE_IND","WORK_ZONE_LOC","WORK_ZONE_TYPE","WZ_CLOSE_DETOUR","WZ_FLAGGER","WZ_LAW_OFFCR_IND","WZ_LN_CLOSURE","WZ_MOVING","WZ_OTHER","WZ_SHLDER_MDN","WZ_WORKERS_INJ_KILLED"
"2019109822","","0","0","0","0","0","0","0","0","0","4","0","","02","10","2019","4","40.325261","-79.967908","","11","0","0","0","0","0","2","0","0","2","0","0","0","","","1","","0","","40 19:30.940","6","0","79 58:04.470","8","0","0","1","2454","0","0","0","N","0","0","0","2","02454","0","","1.0","","1","N","N","","0","","0","0","1","","0","Y","","2","1","0","0","0","1","0","2","0","2","","","","N","","","","","","","","","",""
"2019128099","","1","0","0","0","0","0","0","0","0","7","0","","02","12","2019","6","","","","11","0","0","0","0","0","0","0","0","","0","0","0","","","0","N","0","","40 26:29.3","","0","79 59:34.5","0","0","0","0","2301","0","0","0","N","0","0","0","1","02301","0","","2.0","","1","N","N","N","0","","0","0","0","","1","","","2","0","0","0","0","0","0","1","0","1","","03","","N","","","","","","","","","",""
"2019131575","","1","0","0","0","0","0","0","0","0","7","0","","02","12","2019","6","40.604396","-80.159577","","11","0","0","0","0","0","0","0","0","","0","0","0","","","0","N","0","","40 36:15.827","","0","80 09:34.477","0","0","0","0","2480","0","0","0","N","0","0","0","1","02480","0","","5.0","","2","N","N","N","0","","0","0","0","","0","","","1","0","0","0","0","0","0","1","0","1","","03","","N","","","","","","","","","",""
"2019114487","","2","0","0","0","0","0","0","0","0","4","0","","02","11","2019","1","40.462076","-79.894496","","11","0","0","0","0","0","0","1","0","","0","0","0","","","0","N","11","","40 27:43.473","","0","79 53:40.185","0","0","0","0","2301","0","0","0","N","0","0","0","2","02301","0","","1.0","","1","N","N","N","0","","0","0","0","","3","","","2","0","0","0","0","0","0","2","0","2","","","","N","","","","","","","","","",""
"2019114123","","3","0","0","0","0","0","0","0","0","4","0","","02","11","2019","7","40.48785","-79.880362","","11","0","0","0","0","0","1","1","0","","0","0","0","","","0","","0","","40 29:16.261","","7","79 52:49.304","0","0","0","0","2112","0","0","0","N","0","0","0","3","02112","0","","1.0","","1","N","N","N","0","","0","0","0","","3","","","3","0","0","0","0","0","0","2","0","3","","03","","N","","","","","","","","","",""
"2019126158","","1","0","0","0","0","0","0","0","0","7","0","","02","12","2019","2","40.430067","-79.986479","","11","0","0","0","0","0","0","0","0","","0","0","0","","","0","N","1","","40 25:48.241","4","0","79 59:11.323","9","0","0","0","2301","0","0","0","N","0","0","0","1","02301","0","","5.0","820.0","9","N","N","N","0","","0","0","0","","0","N","","1","0","0","0","0","0","1","2","0","1","","07","","N","","","","","","","","","",""
"2019124092","","3","0","0","0","0","0","0","0","0","1","0","","02","12","2019","3","40.463312","-79.966258","","11","0","0","0","0","0","0","0","0","","0","0","0","","","0","N","0","","40 27:47.924","","0","79 57:58.530","9","0","0","0","2301","0","0","0","N","0","0","0","4","02301","0","","1.0","","1","N","N","N","0","","0","0","0","","0","","","3","0","0","0","0","0","1","2","0","3","","04","","N","","","","","","","","","",""
"2019120030","","2","0","0","0","0","0","0","0","0","4","0","","02","11","2019","7","40.421648","-79.997414","","11","0","0","0","0","0","1","0","0","","0","0","0","","","0","N","1","","40 25:17.934","2","0","79 59:50.691","9","0","0","0","2301","0","0","0","N","0","0","0","4","02301","0","","1.0","145.0","1","N","N","N","0","","0","0","1","","2","N","","3","0","0","0","0","0","1","2","0","3","","03","","N","","","","","","","","","",""
"2019112739","","3","0","0","0","0","0","0","0","0","1","0","","02","10","2019","5","40.506739","-80.006878","","11","0","0","0","0","0","0","0","0","2","0","0","0","","","0","","1","","40 30:24.261","2","0","80 00:24.762","0","0","0","0","2116","0","0","0","N","0","0","0","5","02116","0","","1.0","","9","N","N","","0","","0","0","0","","0","Y","","3","0","0","0","0","0","0","2","0","3","","","","N","","","","","","","","","",""
"2019128781","","2","0","0","0","0","0","0","0","0","7","0","","02","12","2019","7","40.35328","-79.845058","","11","0","0","0","0","0","0","0","0","","0","0","0","","","1","N","0","","40 21:11.808","3","2","79 50:42.207","8","0","0","0","2304","0","0","0","N","0","0","0","2","02304","0","","2.0","1955.0","9","N","N","N","0","","0","0","0","","0","N","","2","1","0","0","0","1","0","2","0","2","","","","N","","","","","","","","","",""
"2019109220","","0","0","0","1","0","0","0","0","0","8","0","","02","10","2019","3","40.443546","-80.054034","","11","0","0","0","0","0","0","0","0","","0","0","0","","","1","","2","","40 26:36.765","","0","80 03:14.522","8","0","0","0","2301","1","0","0","N","0","0","0","2","02301","0","","2.0","","1","N","N","","0","","0","0","1","","3","N","","2","1","0","0","0","1","0","2","0","1","","","","N","","","","","","","","","",""
"2019120368","","1","0","0","0","0","0","0","0","0","7","0","","02","11","2019","1","40.399411","-79.814306","","11","0","0","0","0","0","1","0","0","","0","0","0","","","0","N","0","","40 23:57.880","","0","79 48:51.500","0","0","0","0","2479","0","0","0","N","0","0","0","1","02501","0","","4.0","","9","N","N","N","0","","0","0","0","","0","","","1","0","0","0","0","0","0","2","0","1","","","","N","","","","","","","","","",""
"2019112812","","0","0","0","0","0","0","0","0","0","4","0","","02","11","2019","3","40.508174","-80.036907","","11","0","0","0","0","0","0","0","1","","0","0","0","","","0","","1","","40 30:29.426","","0","80 02:12.865","0","0","0","0","2116","0","0","0","N","0","0","0","3","02116","0","","1.0","","9","N","N","","0","","0","0","2","","3","N","","2","0","0","0","0","0","0","2","0","2","","","","N","","","","","","","","","",""
"2019120580","","2","0","0","0","0","0","0","0","0","1","0","","02","11","2019","1","40.442009","-79.992373","","11","0","0","0","0","0","0","0","1","","0","0","0","","","1","N","6","","40 26:31.233","2","2","79 59:32.544","4","0","0","0","2301","0","0","0","N","0","0","0","4","02301","1","","1.0","1830.0","1","N","N","Y","0","","0","0","1","","0","N","","3","1","0","0","0","0","0","2","0","3","","03","","N","","","","","","","","","",""
"2019131278","","0","0","0","0","0","0","0","0","0","7","0","","02","12","2019","1","40.631637","-79.960513","","11","0","0","0","0","0","0","0","0","","0","0","0","","","2","N","0","","40 37:53.892","6","0","79 57:37.847","8","0","0","0","2217","0","0","0","N","0","0","0","2","02505","0","","5.0","345.0","9","N","N","N","0","","0","0","1","","0","Y","","1","2","0","0","0","2","0","2","0","1","","","","N","","","","","","","","","",""
"2019116647","","0","0","0","0","0","0","0","0","0","4","0","","02","11","2019","3","40.370351","-80.171048","","11","0","0","0","0","0","0","0","0","","0","0","0","","","0","N","2","","40 22:13.263","2","0","80 10:15.772","0","0","0","0","2119","0","0","0","N","0","0","0","2","02119","0","","1.0","1650.0","1","N","N","N","0","","0","0","2","","0","N","","2","0","0","0","0","0","0","2","0","2","","","","N","","","","","","","","","",""
"2019115742","","0","0","0","0","0","0","0","0","0","1","0","","02","11","2019","4","40.443015","-80.052733","","11","0","0","0","0","0","1","0","0","","0","0","0","","","0","","2","","40 26:34.853","","0","80 03:09.838","0","0","0","0","2301","0","0","0","N","0","0","0","3","02301","0","","1.0","","1","N","Y","N","0","","0","0","1","","2","N","","2","0","0","0","0","0","0","2","1","2","","03","","N","","","","","","","","","",""
"2019119497","","1","0","0","0","0","0","0","0","0","5","1","","02","11","2019","2","40.499827","-80.215861","","11","0","0","0","0","0","0","0","0","1","0","1","0","","","1","","0","","40 29:59.376","4","0","80 12:57.098","8","0","0","0","2213","0","0","0","N","0","0","0","2","02213","0","","1.0","","1","N","N","","0","","0","0","0","","0","N","","2","1","0","0","0","1","0","2","0","2","","","","N","","","","","","","","","",""
"2019114241","","1","0","0","0","0","0","0","0","0","8","0","","02","11","2019","7","40.439432","-79.984984","","11","0","0","0","0","0","0","0","0","","0","0","0","","","1","N","2","","40 26:21.955","","0","79 59:05.944","3","0","0","0","2301","1","0","0","N","1","0","0","2","02301","0","","1.0","","1","N","N","N","0","","1","0","0","","0","","","2","1","1","0","0","0","0","2","0","1","","03","","N","","","","","","","","","",""
"2019115264","","1","0","0","0","0","0","0","0","0","7","0","","02","11","2019","3","40.451039","-79.976734","","11","0","0","0","0","0","0","0","0","","0","0","0","","","0","","0","","40 27:03.740","","0","79 58:36.243","0","0","0","0","2301","0","0","0","N","0","0","0","1","02301","0","","5.0","","6","N","N","N","0","","0","0","0","","0","","","1","0","0","0","0","0","0","2","0","1","","","","N","","","","","","","","","",""
"2019128092","","1","0","0","0","0","0","0","0","0","7","0","","02","12","2019","6","40.451139","-80.074556","","11","0","0","0","0","0","1","0","0","","0","0","0","","","0","Y","0","","40 27:04.100","3","0","80 04:28.400","0","0","0","0","2301","0","0","0","N","0","0","0","1","02301","0","","5.0","130.0","1","N","N","N","0","","0","0","0","","0","N","","1","0","1","0","0","0","0","2","0","1","","03","","N","","","","","","","","","",""
"2019131693","","0","0","0","0","0","0","0","0","0","7","0","","02","12","2019","4","40.510791","-79.790503","","11","0","0","0","0","0","0","0","1","","0","0","0","","","0","N","0","","40 30:38.849","","0","79 47:25.812","0","0","0","0","2466","0","0","0","N","0","0","0","1","68T02","0","","4.0","","7","N","N","N","1","","0","0","0","","0","","","1","0","0","0","0","0","0","2","0","1","","","","N","","","","","","","","","",""
"2019122753","","1","0","0","0","0","0","0","0","0","7","0","","02","11","2019","7","40.517939","-80.024314","","11","0","0","0","0","0","0","0","1","","0","0","0","","","1","N","0","","40 31:04.580","4","0","80 01:27.530","3","0","0","0","2474","0","0","0","N","0","0","0","2","02474","0","","2.0","1112.0","1","N","N","N","0","","1","0","0","","0","N","","1","1","0","0","0","0","0","2","0","1","","03","","N","","","","","","","","","",""
"2019110868","","0","0","0","0","0","0","0","0","0","1","0","","02","11","2019","6","40.336058","-80.074583","","11","0","0","0","0","0","0","1","0","1","0","0","0","","","1","","2","","40 20:09.809","6","0","80 04:28.497","3","0","0","0","2123","0","0","0","N","0","0","0","4","02123","0","","1.0","","1","","","","0","","1","0","2","","0","N","","3","1","0","0","0","0","0","2","1","3","","","","N","","","","","","","","","",""
"2019126031","","1","0","0","0","0","0","0","0","0","4","0","","02","12","2019","7","40.365038","-80.043683","","11","0","0","0","0","0","0","0","0","","0","0","0","","","0","","0","","40 21:54.138","","0","80 02:37.259","0","0","0","0","2109","0","0","0","N","0","0","0","2","02109","0","","5.0","","1","N","N","","0","","0","0","0","","0","","","2","0","0","0","0","0","0","2","1","2","","","","N","","","","","","","","","",""
"2019126201","","2","0","0","0","0","0","0","0","0","5","0","","02","12","2019","6","40.576442","-80.025972","","11","0","0","0","0","0","0","0","0","1","0","0","0","","","0","","1","","40 34:35.192","2","0","80 01:33.499","0","0","0","0","2108","0","0","0","N","0","0","0","2","02108","0","","1.0","","1","N","N","","0","","0","0","0","","2","N","","2","0","0","0","0","0","0","2","0","2","","","","N","","","","","","","","","",""
"2019108844","","1","0","0","0","0","0","0","0","0","4","0","","02","10","2019","2","40.430159","-80.013731","","11","0","0","0","0","0","0","1","0","","0","0","0","","","0","","1","","40 25:48.572","","0","80 00:49.431","0","0","0","0","2301","0","0","0","N","0","0","0","5","02301","0","","1.0","","1","Y","N","","0","","0","0","0","","3","","","2","0","0","0","0","0","0","2","1","2","","","","N","","","","","","","","","",""
"2019111403","","1","0","0","0","0","0","0","0","0","7","0","","02","11","2019","7","40.450003","-80.006864","","11","0","0","0","0","0","1","0","0","2","0","0","0","","","1","","11","","40 27:00.011","2","0","80 00:24.710","3","0","0","0","2301","0","0","0","N","0","0","0","1","02301","0","","2.0","","1","N","N","","0","","1","0","0","","0","Y","","1","1","0","0","0","0","0","2","0","1","","","","N","","","","","","","","","",""
"2019112692","","1","0","0","0","0","0","0","0","0","99","0","","02","11","2019","3","40.382236","-79.819572","","11","0","0","0","0","0","0","0","0","2","0","0","0","","","1","","0","","40 22:56.051","3","0","79 49:10.459","4","0","0","0","2111","0","0","0","N","0","0","0","1","02111","1","","1.0","","1","N","N","","0","","0","0","0","","0","N","","1","1","0","0","0","0","0","2","0","1","","","","N","","","","","","","","","",""
"2019125923","","2","0","0","0","0","0","0","0","0","1","0","","02","12","2019","5","40.539028","-79.839985","","11","0","0","0","0","0","2","0","0","","0","0","0","","","0","N","1","","40 32:20.499","4","2","79 50:23.947","0","0","0","0","2208","0","0","0","N","0","0","0","2","02208","0","","1.0","1129.0","1","N","N","N","0","","0","0","0","","2","N","","2","0","0","0","0","0","0","2","0","2","","04","","N","","","","","","","","","",""
"2019117745","","3","0","0","0","0","0","0","0","0","1","0","","02","11","2019","6","40.593915","-79.97034","","11","0","0","0","0","0","0","1","0","","0","0","0","","","0","N","2","","40 35:38.094","","0","79 58:13.224","0","0","0","0","2207","0","0","0","N","0","0","0","5","02207","0","","1.0","","1","N","N","N","0","","0","0","0","","2","N","","3","0","0","0","0","0","0","2","0","3","","","","N","","","","","","","","","",""
"2019125575","","1","0","0","0","0","0","0","0","0","4","0","","02","12","2019","5","40.376303","-79.798743","","11","0","0","0","0","0","0","1","0","","0","0","0","","","0","N","0","","40 22:34.690","","7","79 47:55.473","0","0","0","0","2111","0","0","0","N","0","0","0","3","02111","0","","1.0","","1","N","N","N","1","","0","0","0","","0","","","2","0","1","0","0","0","0","2","0","2","","03","","N","","","","","","","","","",""
"2019120345","","1","0","0","0","0","0","0","0","0","1","0","","02","11","2019","7","40.455119","-79.890769","","11","0","0","0","0","0","0","0","0","","0","0","0","","","0","N","0","","40 27:18.430","","0","79 53:26.768","0","0","0","0","2301","0","0","0","N","0","0","0","1","02301","0","","6.0","","1","N","N","N","0","","0","0","1","","0","","","2","0","0","0","0","0","0","2","0","2","","","","N","","","","","","","","","",""
"2019120236","","2","0","0","0","0","0","0","0","0","7","0","","02","11","2019","7","40.498711","-80.064228","","11","0","0","0","0","0","1","0","0","","0","0","0","","","1","Y","0","","40 29:55.360","5","0","80 03:51.220","8","0","0","0","2402","0","0","0","N","0","0","0","1","02402","0","","5.0","1629.0","1","N","N","Y","0","","0","0","0","","8","N","","2","1","0","0","0","1","0","2","0","2","","03","","N","","","","","","","","","",""
"2019119709","","1","0","0","0","0","0","0","0","0","7","0","","02","11","2019","3","40.506847","-80.019758","","11","0","0","0","0","0","1","0","0","","0","0","0","","","1","N","0","","40 30:24.650","","0","80 01:11.130","3","0","0","0","2116","0","0","0","N","0","0","0","1","02116","0","","5.0","","1","N","N","","0","","1","0","0","","0","","","1","1","0","0","0","0","0","2","0","1","","03","","N","","","","","","","","","",""
"2019127871","","0","0","0","0","0","0","0","0","0","7","0","","02","12","2019","4","40.608818","-79.96829","","11","0","0","0","0","0","0","0","0","","0","0","0","","","0","N","0","","40 36:31.743","","0","79 58:05.844","0","0","0","0","2207","0","0","0","N","0","0","0","2","02207","0","","5.0","","2","N","N","N","0","","0","0","1","","0","","","1","0","0","0","0","0","0","2","0","1","","","","N","","","","","","","","","",""
"2019133494","","0","0","0","0","0","0","0","0","0","7","0","","02","12","2019","5","40.436637","-79.749611","","11","0","0","0","0","0","0","1","0","","0","0","0","","","0","N","0","","40 26:11.892","","0","79 44:58.601","0","0","0","0","2446","0","0","0","N","0","0","0","1","68T02","0","","2.0","","1","N","N","N","1","","0","0","0","","0","","","1","0","0","0","0","0","0","2","0","1","","","","N","","","","","","","","","",""
"2019114279","","1","0","0","0","0","0","0","0","0","98","0","","02","11","2019","5","40.492495","-80.009669","","11","0","0","0","0","0","0","0","0","","0","0","0","","","0","","7","","40 29:32.983","","2","80 00:34.809","0","0","0","0","2301","0","0","0","N","0","0","0","2","02301","0","","1.0","","1","N","N","N","0","","0","0","0","","0","","","1","0","0","0","0","0","0","2","0","1","","03","","N","","","","","","","","","",""
"2019124579","","1","0","0","0","0","0","0","0","0","4","0","","02","12","2019","2","40.352266","-80.050574","","11","1","0","0","0","0","0","0","0","2","0","0","0","","","1","","1","","40 21:08.157","2","0","80 03:02.066","3","0","0","0","2109","0","0","0","N","0","0","0","3","02109","0","","1.0","","9","N","N","","0","","1","0","1","","2","N","","2","1","0","0","0","0","0","2","0","2","","","","N","","","","","","","","","",""
"2019125737","","2","0","0","0","0","0","0","0","0","1","0","","02","12","2019","7","40.448143","-80.026031","","11","0","0","0","0","0","1","0","0","","0","0","0","","","0","","6","","40 26:53.316","","8","80 01:33.712","9","0","0","0","2301","0","0","0","N","0","0","0","3","02301","0","","1.0","","1","","","N","0","","0","0","0","","4","","","2","0","0","0","0","0","2","2","0","2","","","","N","","","","","","","","","",""
"2019126109","","2","0","0","0","0","0","0","0","0","5","0","","02","12","2019","1","40.467383","-80.035438","","11","0","0","1","0","0","0","0","0","","0","0","0","","","1","N","3","","40 28:02.577","2","0","80 02:07.577","8","0","0","0","2301","0","0","0","N","0","0","0","3","02301","0","","1.0","440.0","1","N","N","N","0","","0","0","0","","0","N","","2","1","0","0","0","1","0","2","0","2","","","","N","","","","","","","","","",""
"2019111451","","1","0","0","0","0","0","0","0","0","4","0","","02","11","2019","6","40.356942","-80.120299","","11","0","0","0","0","0","0","0","0","1","0","0","0","","","0","","2","","40 21:24.990","3","0","80 07:13.076","0","0","0","0","2119","0","0","0","N","0","0","0","3","02119","0","","1.0","","1","N","N","N","0","","0","0","2","","2","N","","3","0","0","0","0","0","0","2","0","3","","","","N","","","","","","","","","",""
"2019120717","","0","0","0","0","0","0","0","0","0","7","0","","02","11","2019","7","40.436288","-79.994773","","11","0","0","0","0","0","0","0","0","","0","0","0","","","0","","0","","40 26:10.636","4","2","79 59:41.183","0","0","0","0","2301","0","0","0","N","0","0","0","1","02301","0","","2.0","2340.0","9","N","N","N","0","","0","0","1","","0","Y","","1","0","0","0","0","0","0","2","0","1","","","","N","","","","","","","","","",""
"2019117681","","2","0","0","0","0","0","0","0","0","1","0","","02","11","2019","6","40.562145","-79.959278","","11","0","0","0","0","0","1","0","0","","0","0","0","","","2","N","0","","40 33:43.721","","0","79 57:33.402","3","0","0","0","2207","0","0","0","N","0","0","0","2","02207","0","","1.0","","1","N","N","N","0","","1","0","0","","3","","","2","2","0","0","0","1","0","2","0","2","","03","","N","","","","","","","","","",""
"2019111121","","0","0","0","0","0","0","0","0","0","7","0","","02","10","2019","4","40.622905","-79.942926","","11","0","0","0","0","0","0","0","1","","0","0","0","","","0","","2","","40 37:22.459","","0","79 56:34.535","0","0","0","0","2217","0","0","0","N","0","0","0","1","02505","0","","3.0","","9","N","N","","0","","0","0","1","","0","","","1","0","0","0","0","0","0","2","0","1","","","","N","","","","","","","","","",""
"2019128170","","1","0","0","0","0","0","0","0","0","1","0","","02","12","2019","6","40.618903","-80.084552","","11","0","0","0","0","0","1","0","0","","0","0","0","","","1","","1","","40 37:08.052","6","0","80 05:04.388","4","0","0","0","2212","0","0","0","N","0","0","0","2","02505","1","","1.0","920.0","1","N","N","Y","0","","0","0","0","","3","N","","2","1","0","0","0","0","0","2","1","2","","03","","N","","","","","","","","","",""
"2019117151","","1","0","0","0","0","0","0","0","0","1","0","","02","11","2019","7","40.437524","-79.777691","","11","0","0","0","0","1","1","0","0","","0","0","0","","","0","N","2","","40 26:15.088","3","0","79 46:39.686","0","0","0","0","2446","0","0","0","N","0","0","0","3","02446","0","","1.0","1225.0","1","N","N","N","0","","0","0","1","","2","N","","2","0","0","0","0","0","0","2","0","2","","03","","N","","","","","","","","","",""
"2019119935","","2","0","0","0","0","0","0","0","0","4","0","","02","11","2019","6","40.510399","-80.261982","","11","0","0","0","0","0","1","0","0","","0","0","0","","","2","N","0","","40 30:37.435","4","0","80 15:43.136","3","0","0","0","2203","0","0","0","N","0","0","0","2","02203","0","","1.0","1828.0","1","N","N","N","0","","1","0","0","","0","N","","2","2","0","0","0","1","0","2","0","2","","03","","N","","","","","","","","","",""
"2019119607","","2","0","0","0","0","0","0","0","0","5","0","","02","11","2019","6","40.427375","-79.863031","","11","0","0","0","0","0","1","0","0","","0","0","0","","","0","N","0","","40 25:38.551","4","0","79 51:46.911","0","0","0","0","2431","0","0","0","N","0","0","0","2","02431","0","","1.0","545.0","9","N","N","N","0","","0","0","0","","0","Y","","2","0","0","0","0","0","0","2","0","2","","98","","N","","","","","","","","","",""
"2019119092","","2","0","0","0","0","0","0","0","0","4","0","","02","11","2019","4","40.457236","-79.937457","","11","0","0","0","1","0","0","0","0","","0","0","0","","","0","N","0","","40 27:26.048","","7","79 56:14.845","0","0","0","0","2301","0","0","0","N","0","0","0","4","02301","0","","1.0","","1","N","N","N","0","","0","0","0","","0","","","2","0","0","0","0","0","0","2","0","2","","03","","N","","","","","","","","","",""
"2019129512","","1","0","0","0","0","0","0","0","0","7","0","","02","12","2019","6","40.404","-79.780583","","11","0","0","0","0","0","0","0","0","","0","0","0","","","0","N","0","","40 24:14.400","1","0","79 46:50.100","0","0","0","0","2453","0","0","0","N","0","0","0","1","02453","0","","5.0","21.0","1","N","N","N","0","","0","0","0","","0","N","","1","0","0","0","0","0","0","2","0","1","","03","","N","","","","","","","","","",""
"2019126742","","2","0","0","0","0","0","0","0","0","5","0","","02","12","2019","1","40.446194","-79.951778","","11","0","0","0","0","0","1","0","0","","0","0","0","","","0","","0","","40 26:46.300","","0","79 57:06.400","0","0","0","0","2301","0","0","0","N","0","0","0","2","02301","0","","1.0","","1","N","N","N","0","","0","0","0","","0","","","2","0","0","0","0","0","0","2","0","2","","03","","N","","","","","","","","","",""
"2019114616","","1","0","0","0","0","0","0","0","0","5","0","","02","11","2019","1","40.493877","-80.063836","","11","0","0","1","0","0","1","0","0","","0","0","0","","","0","N","0","","40 29:37.957","","7","80 03:49.810","0","0","0","0","2402","0","0","0","N","0","0","0","5","02402","0","","1.0","","1","N","N","N","0","","0","0","1","","0","","","2","0","0","0","0","0","0","2","0","2","","03","","N","","","","","","","","","",""
"2019129696","","1","0","0","0","0","0","0","0","0","7","0","","02","12","2019","1","40.28725","-80.000861","","11","0","0","0","0","0","0","0","0","","0","0","0","","","0","N","0","","40 17:14.100","5","0","80 00:03.100","0","0","0","0","2219","0","0","0","N","0","0","0","1","02219","0","","4.0","213.0","9","N","N","N","0","","0","0","0","","0","Y","","1","0","0","0","0","0","0","2","0","1","","","","N","","","","","","","","","",""
"2019118806","","2","0","0","0","0","0","0","0","0","1","0","","02","11","2019","3","40.346761","-79.880626","","11","0","0","0","0","0","0","1","0","","0","0","0","","","0","","2","","40 20:48.340","","0","79 52:50.254","0","0","0","0","2304","0","0","0","N","0","0","0","3","02304","0","","1.0","","9","N","N","N","0","","0","0","0","","2","","","2","0","0","0","0","0","0","2","0","2","","","","N","","","","","","","","","",""
"2019128818","","2","0","0","0","0","0","0","0","0","4","0","","02","12","2019","3","40.347258","-79.944787","","11","0","0","0","0","0","1","0","1","","0","0","0","","","0","","5","","40 20:50.130","1","0","79 56:41.233","0","0","0","0","2473","0","0","0","N","0","0","0","2","02473","0","","1.0","1030.0","9","N","N","N","0","","0","0","0","","3","Y","","2","0","1","0","0","0","0","2","0","2","","","","N","","","","","","","","","",""
"2019118847","","0","0","0","0","0","0","0","0","0","8","0","","02","11","2019","1","40.563858","-80.208592","","11","0","0","0","0","0","0","0","0","","0","0","0","","","1","N","2","","40 33:49.890","","0","80 12:30.930","4","0","0","0","2441","1","0","0","N","1","0","0","2","02441","1","","1.0","","1","N","N","N","1","","0","0","0","","0","","","2","1","1","0","0","0","0","2","0","1","","03","","N","","","","","","","","","",""
"2019131896","","3","0","0","0","0","0","0","0","0","1","0","","02","12","2019","7","40.343471","-80.024968","","11","1","0","0","0","0","0","1","0","","0","0","0","","","0","","2","","40 20:36.496","","0","80 01:29.886","0","0","0","0","2407","0","0","0","N","0","0","0","6","02407","0","","1.0","","9","N","N","","0","","0","0","0","","0","","","3","0","0","0","0","0","0","2","0","3","","","","N","","","","","","","","","",""
"2019115756","","1","0","0","0","0","0","0","0","0","7","0","","02","11","2019","3","40.363369","-79.967542","","11","0","0","0","0","0","0","0","0","","0","0","0","","","0","N","0","","40 21:48.130","","0","79 58:03.150","0","0","0","0","2403","0","0","0","N","0","0","0","1","02403","0","","4.0","","9","N","N","N","0","","0","0","0","","0","","","1","0","0","0","0","0","0","2","0","1","","98","","N","","","","","","","","","",""
"2019130237","","2","0","0","0","0","0","0","0","0","4","0","","02","12","2019","3","40.460333","-80.139611","","11","0","0","0","0","0","1","0","0","","0","0","0","","","0","","0","","40 27:37.200","","7","80 08:22.600","0","0","0","0","2115","0","0","0","N","0","0","0","2","02115","0","","1.0","","1","N","N","Y","0","","0","0","0","","0","","","2","0","0","0","0","0","0","2","0","2","","03","","N","","","","","","","","","",""
"2019126273","","2","0","0","0","0","0","0","0","0","5","0","","02","12","2019","2","40.455682","-79.888646","","11","0","0","0","1","0","0","0","0","","0","0","0","","","0","","2","","40 27:20.455","","0","79 53:19.125","0","0","0","0","2301","0","0","0","N","0","0","0","3","02301","0","","1.0","","9","N","N","","0","","0","0","2","","0","","","4","0","0","0","0","0","0","2","0","4","","04","","N","","","","","","","","","",""
"2019124632","","0","0","0","0","0","0","0","0","0","4","0","","02","12","2019","4","40.619471","-79.944743","","11","0","0","0","0","0","0","1","0","","0","0","0","","","3","N","2","","40 37:10.094","2","0","79 56:41.075","3","0","0","0","2217","0","0","0","N","0","0","0","5","02505","1","","1.0","1736.0","1","N","N","N","0","","1","0","2","","3","N","","2","3","0","0","0","1","0","2","0","2","","98","","N","","","","","","","","","",""