"CRN","ARRIVAL_TM","AUTOMOBILE_COUNT","BELTED_DEATH_COUNT","BELTED_SUSP_SERIOUS_INJ_COUNT","BICYCLE_COUNT","BICYCLE_DEATH_COUNT","BICYCLE_SUSP_SERIOUS_INJ_COUNT","BUS_COUNT","CHLDPAS_DEATH_COUNT","CHLDPAS_SUSP_SERIOUS_INJ_COUNT","COLLISION_TYPE","COMM_VEH_COUNT","CONS_ZONE_SPD_LIM","COUNTY","CRASH_MONTH","CRASH_YEAR","DAY_OF_WEEK","DEC_LATITUDE","DEC_LONGITUDE","DISPATCH_TM","DISTRICT","DRIVER_COUNT_16YR","DRIVER_COUNT_17YR","DRIVER_COUNT_18YR","DRIVER_COUNT_19YR","DRIVER_COUNT_20YR","DRIVER_COUNT_50_64YR","DRIVER_COUNT_65_74YR","DRIVER_COUNT_75PLUS","EST_HRS_CLOSED","FATAL_COUNT","HEAVY_TRUCK_COUNT","HORSE_BUGGY_COUNT","HOUR_OF_DAY","ILLUMINATION","INJURY_COUNT","INTERSECTION_RELATED","INTERSECT_TYPE","LANE_CLOSED","LATITUDE","LN_CLOSE_DIR","LOCATION_TYPE","LONGITUDE","MAX_SEVERITY_LEVEL","MCYCLE_DEATH_COUNT","MCYCLE_SUSP_SERIOUS_INJ_COUNT","MOTORCYCLE_COUNT","MUNICIPALITY","NONMOTR_COUNT","NONMOTR_DEATH_COUNT","NONMOTR_SUSP_SERIOUS_INJ_COUNT","NTFY_HIWY_MAINT","PED_COUNT","PED_DEATH_COUNT","PED_SUSP_SERIOUS_INJ_COUNT","PERSON_COUNT","POLICE_AGCY","POSSIBLE_INJ_COUNT","RDWY_SURF_TYPE_CD","RELATION_TO_ROAD","ROADWAY_CLEARED","ROAD_CONDITION","SCH_BUS_IND","SCH_ZONE_IND","SECONDARY_CRASH","SMALL_TRUCK_COUNT","SPEC_JURIS_CD","SUSP_MINOR_INJ_COUNT","SUSP_SERIOUS_INJ_COUNT","SUV_COUNT","TCD_FUNC_CD","TCD_TYPE","TFC_DETOUR_IND","TIME_OF_DAY","TOTAL_UNITS","TOT_INJ_COUNT","UNBELTED_OCC_COUNT","UNB_DEATH_COUNT","UNB_SUSP_SERIOUS_INJ_COUNT","UNK_INJ_DEG_COUNT","UNK_INJ_PER_COUNT","URBAN_RURAL","VAN_COUNT","VEHICLE_COUNT","WEATHER1","WEATHER2","WORKERS_PRES","WORK_ZONE_IND","WORK_ZONE_LOC","WORK_ZONE_TYPE","WZ_CLOSE_DETOUR","WZ_FLAGGER","WZ_LAW_OFFCR_IND","WZ_LN_CLOSURE","WZ_MOVING","WZ_OTHER","WZ_SHLDER_MDN","WZ_WORKERS_INJ_KILLED"
"2019115413","","0","0","0","0","0","0","0","0","0","7","0","","02","11","2019","3","40.581432","-80.081485","","11","0","1","0","0","0","0","0","0","","0","0","0","","","0","N","0","","40 34:53.156","4","0","80 04:53.347","0","0","0","0","2481","0","0","0","N","0","0","0","1","02481","0","","5.0","1539.0","6","N","N","N","0","","0","0","1","","0","N","","1","0","0","0","0","0","0","2","0","1","","10","","N","","","","","","","","","",""
"2019116765","","2","0","0","0","0","0","0","0","0","1","0","","02","11","2019","1","40.426421","-79.893416","","11","0","0","0","0","0","0","0","0","","0","0","0","","","0","","6","","40 25:35.116","","2","79 53:36.297","0","0","0","0","2301","0","0","0","N","0","0","0","2","68B03","0","","1.0","","1","N","N","","0","","0","0","0","","4","","","2","0","0","0","0","0","0","2","0","2","","","","N","","","","","","","","","",""
"2019130603","","2","0","0","0","0","0","0","0","0","1","0","","02","12","2019","4","40.452167","-80.028321","","11","0","0","0","0","0","3","0","0","","0","0","0","","","2","N","0","","40 27:07.800","","3","80 01:41.957","3","0","0","0","2301","0","0","0","N","0","0","0","4","02301","0","","1.0","","2","N","N","Y","1","","2","0","1","","0","","","4","2","0","0","0","0","0","2","0","4","","","","N","","","","","","","","","",""
"2019128604","","0","0","0","0","0","0","0","0","0","1","0","","02","12","2019","2","40.587612","-80.099953","","11","0","0","0","0","0","1","0","0","","0","0","0","","","2","N","0","","40 35:15.404","","0","80 05:59.830","8","0","0","0","2481","0","0","0","N","0","0","0","2","68B03","0","","1.0","","9","N","N","N","1","","0","0","1","","0","","","2","2","0","0","0","2","0","2","0","2","","","","N","","","","","","","","","",""
"2019126073","","3","0","0","0","0","0","0","0","0","4","0","","02","12","2019","1","40.418028","-79.923222","","11","0","0","0","0","0","0","1","0","","0","0","0","","","0","N","0","","40 25:04.900","","0","79 55:23.600","0","0","0","0","2301","0","0","0","N","0","0","0","4","02301","0","","1.0","","1","N","N","N","0","","0","0","0","","0","","","3","0","0","0","0","0","0","2","0","3","","03","","N","","","","","","","","","",""
"2019097488","","1","0","0","0","0","0","0","0","0","4","0","","02","9","2019","4","40.437875","-79.999005","","11","0","0","0","0","0","1","0","0","2","0","0","0","","","1","","1","","40 26:16.351","3","0","79 59:56.417","3","0","0","0","2301","0","0","0","N","0","0","0","2","02301","0","","1.0","","1","N","N","","0","","1","0","1","","3","N","","2","1","0","0","0","0","0","2","0","2","","","","N","","","","","","","","","",""
"2019134918","","1","0","0","0","0","0","0","0","0","8","0","","02","12","2019","2","40.458871","-79.932161","","11","0","0","0","0","0","0","0","0","","0","0","0","","","1","Y","0","","40 27:31.935","","0","79 55:55.781","4","0","0","0","2301","1","0","0","N","1","0","0","2","02301","1","","1.0","","9","N","N","N","0","","0","0","0","","0","","","2","1","0","0","0","0","0","2","0","1","","04","","N","","","","","","","","","",""
"2019125486","","2","0","0","0","0","0","0","0","0","2","0","","02","12","2019","6","40.41205","-79.955677","","11","0","0","0","0","0","0","0","0","","0","0","0","","","0","N","0","","40 24:43.380","6","0","79 57:20.437","0","0","0","0","2301","0","0","0","N","0","0","0","2","02301","0","","1.0","1815.0","1","N","N","N","0","","0","0","0","","0","N","","2","0","0","0","0","0","0","2","0","2","","03","","N","","","","","","","","","",""
"2019112579","","1","0","0","0","0","0","0","0","0","4","0","","02","11","2019","3","40.434497","-79.989785","","11","0","0","0","0","0","1","0","0","","0","0","0","","","1","","1","","40 26:04.189","","3","79 59:23.225","4","0","0","0","2301","0","0","0","N","0","0","0","2","02301","1","","1.0","","1","N","N","","0","","0","0","1","","2","","","2","1","0","0","0","0","0","2","0","2","","","","N","","","","","","","","","",""
"2019116878","","2","0","0","0","0","0","0","0","0","1","0","","02","11","2019","5","40.368075","-80.049253","","11","0","0","0","0","0","0","0","0","","0","0","0","","","0","","11","","40 22:05.071","","0","80 02:57.311","0","0","0","0","2109","0","0","0","N","0","0","0","4","02109","0","","1.0","","1","N","N","","0","","0","0","0","","0","","","2","0","0","0","0","0","0","2","0","2","","","","N","","","","","","","","","",""
"2019132598","","1","0","0","0","0","0","0","0","0","1","0","","02","12","2019","6","40.507573","-79.856774","","11","0","0","0","0","0","1","0","0","","0","0","0","","","0","N","0","","40 30:27.261","","0","79 51:24.388","0","0","0","0","2112","0","0","0","N","0","0","0","2","68D02","0","","1.0","","1","N","N","N","0","","0","0","1","","0","","","2","0","0","0","0","0","0","2","0","2","","03","","N","","","","","","","","","",""
"2019104669","","0","0","0","0","0","0","0","0","0","5","1","","02","10","2019","4","40.413033","-80.074628","","11","0","0","0","0","0","0","0","0","1","0","1","0","","","1","","0","","40 24:46.920","3","0","80 04:28.661","8","0","0","0","2301","0","0","0","N","0","0","0","1","02435","0","","2.0","","9","N","N","","0","","0","0","2","","0","N","","3","1","0","0","0","1","0","2","0","3","","","","N","","","","","","","","","",""
"2019107883","","0","0","0","0","0","0","0","0","0","4","1","","02","10","2019","6","40.493974","-80.052283","","11","0","0","0","0","0","0","0","0","","0","1","0","","","0","N","0","","40 29:38.307","","0","80 03:08.217","0","0","0","0","2404","0","0","0","N","0","0","0","2","02404","0","","6.0","","1","N","N","N","0","","0","0","0","","0","N","","2","0","0","0","0","0","0","2","1","2","","","","N","","","","","","","","","",""
"2019095278","","0","0","0","0","0","0","0","0","0","7","0","","02","9","2019","1","40.411443","-80.011588","","11","0","0","0","0","0","1","0","0","1","0","0","0","","","1","","0","","40 24:41.194","1","0","80 00:41.716","3","0","0","0","2301","0","0","0","N","0","0","0","5","02301","0","","2.0","","1","N","N","","1","","1","0","1","","0","N","","2","1","0","0","0","0","0","2","0","2","","","","N","","","","","","","","","",""
"2019105022","","2","0","0","0","0","0","0","0","0","4","0","","02","10","2019","5","40.449966","-80.109806","","11","0","0","0","0","0","1","1","0","2","0","0","0","","","0","","7","","40 26:59.877","4","2","80 06:35.303","0","0","0","0","2115","0","0","0","N","0","0","0","3","02115","0","","1.0","","1","N","N","","0","","0","0","0","","2","Y","","2","0","0","0","0","0","0","2","0","2","","","","N","","","","","","","","","",""
"2019130858","","2","0","0","0","0","0","0","0","0","4","0","","02","12","2019","2","40.408186","-80.083674","","11","0","0","0","0","0","1","0","0","","0","0","0","","","0","","3","","40 24:29.468","1","0","80 05:01.226","0","0","0","0","2415","0","0","0","N","0","0","0","3","02415","0","","1.0","1234.0","1","N","N","N","0","","0","0","0","","0","Y","","2","0","0","0","0","0","0","2","0","2","","03","","N","","","","","","","","","",""
"2019113816","","2","0","0","0","0","0","0","0","0","4","0","","02","11","2019","6","40.408792","-79.820698","","11","0","0","0","0","0","1","0","0","","0","0","0","","","0","N","2","","40 24:31.650","","0","79 49:14.513","0","0","0","0","2467","0","0","0","N","0","0","0","2","02467","0","","1.0","","1","N","N","N","0","","0","0","0","","0","","","2","0","0","0","0","0","0","2","0","2","","","","N","","","","","","","","","",""
"2019119722","","2","0","0","0","0","0","0","0","0","1","0","","02","11","2019","4","40.359653","-79.847005","","11","0","0","0","0","0","2","0","0","","0","0","0","","","0","N","6","","40 21:34.749","4","2","79 50:49.219","0","0","0","0","2303","0","0","0","N","0","0","0","3","02303","0","","1.0","1848.0","9","N","N","N","1","","0","0","0","","0","N","","3","0","0","0","0","0","0","2","0","3","","03","","N","","","","","","","","","",""
"2019129233","","1","0","0","0","0","0","0","0","0","1","0","","02","12","2019","5","40.541086","-79.801801","","11","0","0","0","0","0","0","0","1","","0","0","0","","","2","N","0","","40 32:27.911","1","0","79 48:06.484","3","0","0","0","2418","0","0","0","N","0","0","0","2","02514","0","","1.0","2000.0","1","N","N","N","0","","2","0","1","","0","N","","2","2","1","0","0","0","0","2","0","2","","","","N","","","","","","","","","",""
"2019115554","","1","0","0","0","0","0","0","0","0","7","0","","02","11","2019","2","40.635983","-79.726361","","11","0","0","0","0","0","0","0","0","1","0","0","0","","","0","","0","","40 38:09.538","1","0","79 43:34.899","9","0","0","0","2106","0","0","0","Y","0","0","0","1","68D02","0","","4.0","","1","N","N","","0","","0","0","0","","0","Y","","1","0","0","0","0","0","1","2","0","1","","","","N","","","","","","","","","",""
"2019116941","","2","0","0","0","0","0","0","0","0","98","0","","02","11","2019","6","40.377278","-79.986377","","11","0","0","0","0","0","0","1","0","","0","0","0","","","0","N","0","","40 22:38.199","","0","79 59:10.958","0","0","0","0","2413","0","0","0","N","0","0","0","7","02413","0","","1.0","","1","N","N","N","0","","0","0","2","","0","","","4","0","0","0","0","0","0","2","0","4","","03","","N","","","","","","","","","",""
"2019116689","","1","0","0","0","0","0","0","0","0","4","0","","02","11","2019","5","40.427511","-79.928148","","11","0","0","0","0","0","0","0","0","","0","0","0","","","0","N","2","","40 25:39.039","5","2","79 55:41.334","0","0","0","0","2301","0","0","0","N","0","0","0","3","02301","0","","1.0","1215.0","1","N","N","N","0","","0","0","1","","3","Y","","2","0","0","0","0","0","0","2","0","2","","03","","N","","","","","","","","","",""
"2019130747","","1","0","0","0","0","0","0","0","0","1","0","","02","12","2019","6","40.462071","-79.705863","","11","0","0","0","0","0","0","0","0","","0","0","0","","","0","Y","0","","40 27:43.456","","0","79 42:21.108","0","0","0","0","2466","0","0","0","N","0","0","0","2","02466","0","","1.0","","1","N","N","N","0","","0","0","1","","0","","","2","0","0","0","0","0","0","2","0","2","","","","N","","","","","","","","","",""
"2019103251","","2","0","0","0","0","0","0","0","0","1","0","","02","9","2019","7","40.52088","-80.014415","","11","0","0","0","0","0","1","0","0","1","0","0","0","","","1","","2","","40 31:15.168","2","0","80 00:51.893","4","0","0","0","2116","0","0","0","N","0","0","0","2","02116","1","","1.0","","1","N","N","","0","","0","0","0","","0","N","","2","1","0","0","0","0","0","2","0","2","","","","Y","","","","","","","","","",""
"2019105588","","1","0","0","0","0","0","0","0","0","1","0","","02","10","2019","7","40.436103","-79.979003","","11","0","0","0","0","0","0","0","0","","0","0","0","","","0","","0","","40 26:09.971","","0","79 58:44.409","0","0","0","0","2301","0","0","0","N","0","0","0","2","02301","0","","1.0","","1","N","N","","0","","0","0","0","","0","N","","2","0","0","0","0","0","0","2","0","1","","","","N","","","","","","","","","",""
"2019116719","","0","0","0","0","0","0","0","0","0","7","0","","02","11","2019","5","40.592635","-79.830851","","11","0","0","0","0","0","0","1","0","","0","0","0","","","1","","2","","40 35:33.486","","0","79 49:51.063","8","0","0","0","2209","0","0","0","N","0","0","0","1","02209","0","","5.0","","1","N","N","N","0","","0","0","1","","0","","","1","1","1","0","0","1","0","1","0","1","","","","N","","","","","","","","","",""
"2019115982","","1","0","0","0","0","0","0","0","0","4","0","","02","11","2019","3","40.362035","-80.011224","","11","0","0","0","0","0","1","0","0","","0","0","0","","","0","","1","","40 21:43.327","","0","80 00:40.407","0","0","0","0","2416","0","0","0","N","0","0","0","2","02416","0","","1.0","","7","N","N","","0","","0","0","1","","3","","","2","0","0","0","0","0","0","2","0","2","","","","N","","","","","","","","","",""
"2019118428","","1","0","0","0","0","0","0","0","0","4","0","","02","11","2019","2","40.449793","-80.176179","","11","0","0","0","0","0","0","0","0","","0","0","0","","","0","","2","","40 26:59.254","","7","80 10:34.244","0","0","0","0","2214","0","0","0","N","0","0","0","2","02214","0","","1.0","","1","N","N","N","0","","0","0","1","","2","","","2","0","0","0","0","0","0","2","0","2","","03","","N","","","","","","","","","",""
"2019129660","","1","0","0","0","0","0","0","0","0","7","0","","02","12","2019","2","40.393525","-79.934195","","11","0","0","0","0","0","0","0","0","","0","0","0","","","0","N","0","","40 23:36.690","","0","79 56:03.102","0","0","0","0","2403","0","0","0","N","0","0","0","1","02403","0","","2.0","","9","N","N","N","0","","0","0","0","","0","","","1","0","0","0","0","0","0","2","0","1","","","","N","","","","","","","","","",""
"2019120314","","1","0","0","0","0","0","0","0","0","4","0","","02","11","2019","7","40.442244","-79.897114","","11","0","0","0","0","0","0","0","0","","0","0","0","","","0","","0","","40 26:32.080","","0","79 53:49.610","0","0","0","0","2301","0","0","0","N","0","0","0","1","02301","0","","4.0","","9","N","N","N","1","","0","0","0","","0","","","2","0","0","0","0","0","0","2","0","2","","","","N","","","","","","","","","",""
"2019120000","","1","0","0","0","0","0","0","0","0","4","0","","02","11","2019","6","40.538124","-79.832924","","11","0","0","0","0","0","0","0","0","","0","0","0","","","0","Y","0","","40 32:17.247","2","7","79 49:58.528","0","0","0","0","2208","0","0","0","N","0","0","0","4","02208","0","","1.0","1932.0","1","N","N","N","1","","0","0","1","","0","Y","","3","0","0","0","0","0","0","2","0","3","","03","","N","","","","","","","","","",""
"2019119937","","1","0","0","0","0","0","0","0","0","2","0","","02","11","2019","6","40.368167","-79.910395","","11","0","0","0","0","0","1","1","0","","0","0","0","","","1","N","0","","40 22:05.400","5","0","79 54:37.421","3","0","0","0","2301","0","0","0","N","0","0","0","2","02301","0","","1.0","1827.0","1","N","N","N","1","","1","0","0","","0","N","","2","1","1","0","0","0","0","2","0","2","","03","","N","","","","","","","","","",""
"2019099614","","1","0","0","0","0","0","0","0","0","7","0","","02","9","2019","6","40.46278","-79.946721","","11","0","0","0","0","0","0","0","0","","0","0","0","","","0","","0","","40 27:46.008","","0","79 56:48.194","0","0","0","0","2301","0","0","0","N","0","0","0","1","02301","0","","5.0","","1","N","N","","0","","0","0","0","","0","N","","1","0","0","0","0","0","0","2","0","1","","","","N","","","","","","","","","",""
"2019119327","","1","0","0","0","0","0","0","0","0","1","0","","02","11","2019","6","40.450554","-79.713653","","11","0","0","0","0","0","1","0","0","","0","0","0","","","0","N","0","","40 27:01.995","","0","79 42:49.149","0","0","0","0","2466","0","0","0","N","0","0","0","2","02466","0","","1.0","","1","N","N","N","1","","0","0","0","","0","","","2","0","1","0","0","0","0","2","0","2","","03","","N","","","","","","","","","",""
"2019120459","","0","0","0","0","0","0","0","0","0","7","0","","02","11","2019","3","40.484264","-80.275392","","11","0","0","0","0","0","1","0","0","","0","0","0","","","1","","0","","40 29:03.350","","0","80 16:31.410","4","0","0","0","2203","0","0","0","N","0","0","0","1","68B03","1","","5.0","","1","N","N","","0","","0","0","0","","0","","","1","1","0","0","0","0","0","1","1","1","","","","N","","","","","","","","","",""
"2019133280","","1","0","0","0","0","0","0","0","0","0","0","","02","12","2019","7","40.394728","-80.129703","","11","0","0","0","0","0","0","0","0","","0","0","0","","","0","N","0","","40 23:41.020","1","0","80 07:46.930","0","0","0","0","2102","0","0","0","N","0","0","0","1","02102","0","","5.0","51.0","9","N","N","N","0","","0","0","0","","0","N","","1","0","0","0","0","0","0","2","0","1","","03","","N","","","","","","","","","",""
"2019116938","","1","0","0","0","0","0","0","0","0","4","0","","02","11","2019","6","40.463496","-79.91735","","11","0","0","0","0","0","0","1","0","","0","0","0","","","0","N","1","","40 27:48.585","","0","79 55:02.459","0","0","0","0","2301","0","0","0","N","0","0","0","2","02301","0","","1.0","","1","N","N","N","0","","0","0","1","","2","","","2","0","0","0","0","0","0","2","0","2","","03","","N","","","","","","","","","",""
"2019117717","","1","0","0","0","0","0","0","0","0","7","0","","02","11","2019","6","40.489161","-79.932104","","11","0","0","0","0","0","0","0","0","","0","0","0","","","0","","0","","40 29:20.980","","0","79 55:55.576","0","0","0","0","2301","0","0","0","N","0","0","0","1","02301","0","","5.0","","2","N","N","","0","","0","0","0","","0","N","","1","0","0","0","0","0","0","2","0","1","","","","N","","","","","","","","","",""
"2019109219","","3","0","0","0","0","0","0","0","0","1","0","","02","10","2019","3","40.424447","-80.043068","","11","0","0","0","0","0","2","0","0","","0","0","0","","","0","","0","","40 25:28.009","","0","80 02:35.045","0","0","0","0","2435","0","0","0","N","0","0","0","3","02435","0","","1.0","","1","N","N","","0","","0","0","0","","2","N","","3","0","0","0","0","0","0","2","0","3","","","","N","","","","","","","","","",""
"2019120130","","1","0","0","0","0","0","0","0","0","4","0","","02","11","2019","7","40.435844","-79.896026","","11","0","0","0","0","0","0","0","0","","0","0","0","","","0","","1","","40 26:09.038","","0","79 53:45.693","0","0","0","0","2301","0","0","0","N","0","0","0","2","02301","0","","1.0","","1","N","N","N","1","","0","0","0","","3","","","2","0","0","0","0","0","0","2","0","2","","","","N","","","","","","","","","",""
"2019124450","","0","0","0","0","0","0","0","0","0","1","0","","02","12","2019","4","40.315155","-80.106888","","11","0","0","0","0","1","0","1","0","","0","0","0","","","2","N","0","","40 18:54.558","","0","80 06:24.795","3","0","0","0","2123","0","0","0","N","0","0","0","5","02123","0","","1.0","","9","N","N","N","0","","2","0","3","","0","N","","3","2","0","0","0","0","0","2","0","3","","04","","N","","","","","","","","","",""
"2019111268","","0","0","0","0","0","0","0","0","0","7","0","","02","11","2019","7","40.460506","-79.989625","","11","0","0","0","0","0","0","0","0","","0","0","0","","","1","","0","","40 27:37.820","","0","79 59:22.650","4","0","0","0","2301","0","0","0","N","0","0","0","2","02301","1","","5.0","","1","N","N","","0","","0","0","1","","0","N","","1","1","0","0","0","0","0","2","0","1","","","","N","","","","","","","","","",""
"2019128698","","1","0","0","0","0","0","0","0","0","1","0","","02","12","2019","5","40.362024","-79.932217","","11","0","0","0","0","0","1","0","0","","0","0","0","","","2","N","0","","40 21:43.288","2","0","79 55:55.981","3","0","0","0","2473","0","0","0","N","0","0","0","3","02473","0","","1.0","2255.0","1","N","N","N","1","","2","0","0","","0","N","","2","2","0","0","0","0","0","2","0","2","","03","","N","","","","","","","","","",""
"2019113173","","2","0","0","0","0","0","0","0","0","1","0","","02","10","2019","6","40.339017","-80.044467","","11","0","0","0","0","0","0","0","0","","0","0","0","","","2","","0","","40 20:20.460","","0","80 02:40.080","4","0","0","0","2407","0","0","0","N","0","0","0","5","02407","2","","1.0","","1","N","N","","0","","0","0","1","","0","","","3","2","0","0","0","0","0","2","0","3","","","","N","","","","","","","","","",""
"2019106606","","2","0","0","0","0","0","0","0","0","1","0","","02","10","2019","2","40.337646","-79.951528","","11","0","0","1","0","0","0","1","0","2","0","0","0","","","0","","0","","40 20:15.524","2","7","79 57:05.500","0","0","0","0","2454","0","0","0","N","0","0","0","3","02454","0","","1.0","","1","N","N","","0","","0","0","0","","2","N","","2","0","0","0","0","0","0","2","0","2","","","","N","","","","","","","","","",""
"2019105930","","1","0","0","0","0","0","0","0","0","7","0","","02","10","2019","1","40.468119","-79.883575","","11","0","0","0","0","0","0","0","0","5","0","0","0","","","0","","0","","40 28:05.230","7","0","79 53:00.870","9","0","0","0","2113","0","0","0","Y","0","0","0","1","02113","0","","4.0","","1","N","N","","0","","0","0","0","","0","N","","1","0","0","0","0","0","1","2","0","1","","","","N","","","","","","","","","",""
"2019125484","","1","0","0","1","0","0","0","0","0","8","0","","02","12","2019","5","40.453088","-80.019416","","11","0","0","0","0","0","0","0","0","","0","0","0","","","1","","1","","40 27:11.117","3","0","80 01:09.897","3","0","0","0","2301","1","0","0","N","0","0","0","2","02301","0","","1.0","2320.0","1","","","N","0","","1","0","0","","2","Y","","2","1","0","0","0","0","0","2","0","1","","03","","N","","","","","","","","","",""
"2019119492","","0","0","0","0","0","0","0","0","0","1","0","","02","11","2019","5","40.375544","-80.069017","","11","0","0","0","0","0","0","1","0","2","0","0","0","","","0","","0","","40 22:31.960","4","0","80 04:08.460","0","0","0","0","2109","0","0","0","N","0","0","0","2","02109","0","","1.0","","1","N","N","","1","","0","0","1","","0","N","","2","0","0","0","0","0","0","2","0","2","","","","N","","","","","","","","","",""
"2019127329","","2","0","0","0","0","0","0","0","0","1","0","","02","12","2019","3","40.606248","-80.051563","","11","0","1","0","0","0","0","0","0","1","0","0","0","","","0","","0","","40 36:22.494","2","0","80 03:05.626","0","0","0","0","2108","0","0","0","N","0","0","0","2","02108","0","","1.0","","9","N","N","","0","","0","0","0","","0","N","","2","0","0","0","0","0","0","2","0","2","","","","N","","","","","","","","","",""
"2019130372","","2","0","0","0","0","0","0","0","0","4","0","","02","12","2019","3","40.392702","-79.997323","","11","0","0","0","0","0","0","0","0","","0","0","0","","","0","N","0","","40 23:33.728","","0","79 59:50.364","0","0","0","0","2301","0","0","0","N","0","0","0","2","02301","0","","1.0","","1","N","N","N","0","","0","0","0","","0","","","2","0","0","0","0","0","0","2","0","2","","03","","N","","","","","","","","","",""
"2019097176","","0","0","0","0","0","0","0","0","0","1","0","","02","9","2019","6","40.463483","-80.028854","","11","0","0","0","0","0","0","0","1","1","0","0","0","","","0","","0","","40 27:48.539","4","0","80 01:43.876","0","0","0","0","2301","0","0","0","N","0","0","0","2","02301","0","","1.0","","1","N","N","","0","","0","0","2","","0","N","","3","0","0","0","0","0","0","2","0","2","","","","N","","","","","","","","","",""
"2019125407","","1","0","0","0","0","0","0","0","0","8","0","","02","12","2019","6","40.441806","-79.9975","","11","0","0","0","0","0","0","0","0","","0","0","0","","","1","N","0","","40 26:30.500","","0","79 59:51.000","3","0","0","0","2301","1","0","0","N","1","0","0","2","02301","0","","1.0","","9","N","N","N","0","","1","0","0","","0","","","2","1","0","0","0","0","1","2","0","1","","","","N","","","","","","","","","",""
"2019127470","","1","0","0","0","0","0","0","0","0","4","0","","02","12","2019","1","40.364818","-79.99214","","11","0","1","0","0","0","0","0","0","2","0","0","0","","","0","","1","","40 21:53.344","1","0","79 59:31.704","0","0","0","0","2476","0","0","0","N","0","0","0","4","02476","0","","1.0","","9","N","N","","0","","0","0","1","","3","N","","2","0","0","0","0","0","0","2","0","2","","","","N","","","","","","","","","",""
"2019125882","","1","0","0","0","0","0","0","0","0","7","0","","02","12","2019","5","40.658418","-80.076045","","11","0","0","0","0","0","1","0","0","","0","0","0","","","0","N","0","","40 39:30.306","5","0","80 04:33.762","0","0","0","0","2212","0","0","0","N","0","0","0","1","02505","0","","5.0","2145.0","1","N","N","N","0","","0","0","0","","0","Y","","1","0","0","0","0","0","0","2","0","1","","","","N","","","","","","","","","",""
"2019111046","","2","0","0","0","0","0","0","0","0","5","0","","02","11","2019","6","40.433345","-79.996419","","11","0","0","0","0","0","0","0","0","2","0","0","0","","","0","","0","","40 26:00.041","2","3","79 59:47.108","0","0","0","0","2301","0","0","0","N","0","0","0","3","02301","0","","1.0","","1","N","N","","0","","0","0","1","","0","N","","3","0","0","0","0","0","0","2","0","3","","","","N","","","","","","","","","",""
"2019117584","","2","0","0","0","0","0","0","0","0","1","0","","02","11","2019","7","40.432955","-79.996691","","11","0","0","0","0","0","0","0","0","","0","0","0","","","0","N","0","","40 25:58.638","3","3","79 59:48.087","0","0","0","0","2301","0","0","0","N","0","0","0","2","02301","0","","1.0","1710.0","1","N","N","N","0","","0","0","0","","0","N","","2","0","0","0","0","0","0","2","0","2","","03","","N","","","","","","","","","",""
"2019135197","","2","0","0","0","0","0","0","0","0","1","0","","02","12","2019","4","40.448678","-80.166945","","11","0","0","0","0","0","0","0","0","","0","0","0","","","3","N","0","","40 26:55.241","","0","80 10:01.001","3","0","0","0","2115","0","0","0","N","0","0","0","4","68B03","0","","9.0","","1","N","N","N","0","","3","0","0","","0","","","4","3","0","0","0","0","1","2","1","4","","","","N","","","","","","","","","",""
"2019114391","","1","0","0","0","0","0","0","0","0","7","0","55","02","10","2019","5","40.426937","-79.892718","","11","0","0","0","0","0","0","0","0","2","0","0","0","","","1","","0","","40 25:36.974","4","2","79 53:33.783","4","0","0","0","2301","0","0","0","Y","0","0","0","1","68B03","1","","4.0","","8","N","N","","0","","0","0","0","","0","N","","1","1","0","0","0","0","0","2","0","1","","","N","Y","2","2","N","N","N","Y","N","N","N",""
"2019095717","","2","0","0","0","0","0","0","0","0","4","0","","02","9","2019","2","40.472482","-79.92589","","11","0","0","0","0","0","0","0","0","","0","0","0","","","0","","2","","40 28:20.935","","0","79 55:33.203","0","0","0","0","2301","0","0","0","N","0","0","0","4","02301","0","","1.0","","1","N","N","","0","","0","0","0","","3","N","","2","0","0","0","0","0","0","2","0","2","","","","N","","","","","","","","","",""
"2019117097","","0","0","0","0","0","0","0","0","0","4","0","","02","11","2019","7","40.460215","-79.962107","","11","0","0","0","0","0","0","0","0","","0","0","0","","","0","N","0","","40 27:36.773","4","0","79 57:43.585","9","0","0","0","2301","0","0","0","N","0","0","0","2","02503","0","","1.0","610.0","1","N","N","N","0","","0","0","0","","0","N","","1","0","0","0","0","0","1","2","0","1","","03","","N","","","","","","","","","",""
"2019114665","","2","0","0","0","0","0","0","0","0","4","0","","02","11","2019","6","40.416946","-80.014561","","11","0","0","0","0","0","1","0","0","","0","0","0","","","0","N","2","","40 25:01.005","","0","80 00:52.420","9","0","0","0","2301","0","0","0","N","0","0","0","2","02301","0","","1.0","","2","N","N","N","0","","0","0","0","","2","","","2","0","0","0","0","0","1","2","0","2","","98","","N","","","","","","","","","",""
"2019115983","","0","0","0","0","0","0","0","0","0","4","0","","02","11","2019","3","40.362035","-80.011224","","11","0","0","0","0","0","0","1","0","1","0","0","0","","","1","","1","","40 21:43.327","7","0","80 00:40.407","4","0","0","0","2416","0","0","0","N","0","0","0","4","02416","1","","1.0","","9","N","N","","0","","0","0","2","","3","Y","","2","1","1","0","0","0","0","2","0","2","","","","N","","","","","","","","","",""