"CRN","ARRIVAL_TM","AUTOMOBILE_COUNT","BELTED_DEATH_COUNT","BELTED_SUSP_SERIOUS_INJ_COUNT","BICYCLE_COUNT","BICYCLE_DEATH_COUNT","BICYCLE_SUSP_SERIOUS_INJ_COUNT","BUS_COUNT","CHLDPAS_DEATH_COUNT","CHLDPAS_SUSP_SERIOUS_INJ_COUNT","COLLISION_TYPE","COMM_VEH_COUNT","CONS_ZONE_SPD_LIM","COUNTY","CRASH_MONTH","CRASH_YEAR","DAY_OF_WEEK","DEC_LATITUDE","DEC_LONGITUDE","DISPATCH_TM","DISTRICT","DRIVER_COUNT_16YR","DRIVER_COUNT_17YR","DRIVER_COUNT_18YR","DRIVER_COUNT_19YR","DRIVER_COUNT_20YR","DRIVER_COUNT_50_64YR","DRIVER_COUNT_65_74YR","DRIVER_COUNT_75PLUS","EST_HRS_CLOSED","FATAL_COUNT","HEAVY_TRUCK_COUNT","HORSE_BUGGY_COUNT","HOUR_OF_DAY","ILLUMINATION","INJURY_COUNT","INTERSECTION_RELATED","INTERSECT_TYPE","LANE_CLOSED","LATITUDE","LN_CLOSE_DIR","LOCATION_TYPE","LONGITUDE","MAX_SEVERITY_LEVEL","MCYCLE_DEATH_COUNT","MCYCLE_SUSP_SERIOUS_INJ_COUNT","MOTORCYCLE_COUNT","MUNICIPALITY","NONMOTR_COUNT","NONMOTR_DEATH_COUNT","NONMOTR_SUSP_SERIOUS_INJ_COUNT","NTFY_HIWY_MAINT","PED_COUNT","PED_DEATH_COUNT","PED_SUSP_SERIOUS_INJ_COUNT","PERSON_COUNT","POLICE_AGCY","POSSIBLE_INJ_COUNT","RDWY_SURF_TYPE_CD","RELATION_TO_ROAD","ROADWAY_CLEARED","ROAD_CONDITION","SCH_BUS_IND","SCH_ZONE_IND","SECONDARY_CRASH","SMALL_TRUCK_COUNT","SPEC_JURIS_CD","SUSP_MINOR_INJ_COUNT","SUSP_SERIOUS_INJ_COUNT","SUV_COUNT","TCD_FUNC_CD","TCD_TYPE","TFC_DETOUR_IND","TIME_OF_DAY","TOTAL_UNITS","TOT_INJ_COUNT","UNBELTED_OCC_COUNT","UNB_DEATH_COUNT","UNB_SUSP_SERIOUS_INJ_COUNT","UNK_INJ_DEG_COUNT","UNK_INJ_PER_COUNT","URBAN_RURAL","VAN_COUNT","VEHICLE_COUNT","WEATHER1","WEATHER2","WORKERS_PRES","WORK_ZONE_IND","WORK_ZONE_LOC","WORK_ZONE_TYPE","WZ_CLOSE_DETOUR","WZ_FLAGGER","WZ_LAW_OFFCR_IND","WZ_LN_CLOSURE","WZ_MOVING","WZ_OTHER","WZ_SHLDER_MDN","WZ_WORKERS_INJ_KILLED"
"2019124063","","1","0","0","0","0","0","0","0","0","7","0","","02","11","2019","5","40.564042","-80.019322","","11","0","0","0","0","0","0","1","0","1","0","0","0","","","1","","0","","40 33:50.552","1","0","80 01:09.560","4","0","0","0","2108","0","0","0","N","0","0","0","2","02108","1","","2.0","","1","N","N","","0","","0","0","0","","0","Y","","1","1","0","0","0","0","0","2","0","1","","","","N","","","","","","","","","",""
"2019097310","","1","0","0","0","0","0","0","0","0","4","0","","02","9","2019","6","40.52724","-79.950348","","11","0","0","0","0","0","0","0","0","1","0","0","0","","","1","","2","","40 31:38.063","1","0","79 57:01.251","4","0","0","0","2118","0","0","0","N","0","0","0","3","02118","1","","1.0","","1","N","N","","1","","0","0","0","","2","N","","2","1","0","0","0","0","0","2","0","2","","","","N","","","","","","","","","",""
"2019106357","","2","0","0","0","0","0","0","0","0","4","0","","02","10","2019","6","40.438477","-80.001921","","11","0","0","0","0","0","0","0","0","","0","0","0","","","0","","1","","40 26:18.518","","0","80 00:06.916","0","0","0","0","2301","0","0","0","N","0","0","0","2","02301","0","","1.0","","1","N","N","","0","","0","0","0","","0","N","","2","0","0","0","0","0","0","2","0","2","","","","N","","","","","","","","","",""
"2019116726","","2","0","0","0","0","0","0","0","0","1","0","15","02","11","2019","6","40.430721","-80.025875","","11","0","0","0","0","0","0","0","1","","0","0","0","","","0","N","0","","40 25:50.595","","0","80 01:33.150","0","0","0","0","2301","0","0","0","N","0","0","0","2","02301","0","","1.0","","1","N","N","N","0","","0","0","0","","0","N","","2","0","0","0","0","0","0","2","0","2","","","Y","Y","1","1","Y","","N","","","","","N"
"2019117939","","2","0","0","0","0","0","0","0","0","6","0","","02","11","2019","6","40.300745","-79.927726","","11","0","0","0","0","0","0","0","0","","0","0","0","","","0","N","0","","40 18:02.683","2","0","79 55:39.813","0","0","0","0","2440","0","0","0","N","0","0","0","2","02440","0","","1.0","1919.0","1","N","N","N","0","","0","0","0","","0","N","","2","0","1","0","0","0","0","2","0","2","","03","","N","","","","","","","","","",""
"2019133912","","1","0","0","0","0","0","0","0","0","7","0","","02","12","2019","7","40.447446","-80.044064","","11","0","0","0","0","0","0","0","0","","0","0","0","","","0","","2","","40 26:50.805","","0","80 02:38.630","9","0","0","0","2301","0","0","0","N","0","0","0","1","02301","0","","5.0","","1","N","N","N","0","","0","0","0","","0","","","1","0","0","0","0","0","1","2","0","1","","03","","N","","","","","","","","","",""
"2019113506","","3","0","0","0","0","0","0","0","0","4","0","","02","11","2019","5","40.475489","-79.866025","","11","0","0","0","0","0","0","0","0","","0","0","0","","","0","N","0","","40 28:31.760","6","0","79 51:57.690","0","0","0","0","2113","0","0","0","N","0","0","0","1","02113","0","","4.0","140.0","9","N","N","N","0","","0","0","0","","0","Y","","3","0","0","0","0","0","0","2","0","3","","","","N","","","","","","","","","",""
"2019118939","","2","0","0","0","0","0","0","0","0","1","0","","02","10","2019","2","40.447093","-80.165957","","11","0","0","0","0","0","0","0","0","1","0","0","0","","","0","","0","","40 26:49.533","3","0","80 09:57.444","9","0","0","0","2115","0","0","0","N","0","0","0","3","68B03","0","","1.0","","1","N","N","","0","","0","0","0","","0","N","","2","0","0","0","0","0","2","2","0","2","","","","N","","","","","","","","","",""
"2019133806","","0","0","0","0","0","0","0","0","0","4","0","","02","12","2019","5","40.447716","-80.178655","","11","0","0","0","0","0","1","0","0","","0","0","0","","","0","Y","0","","40 26:51.777","","0","80 10:43.157","0","0","0","0","2214","0","0","0","N","0","0","0","5","02214","0","","1.0","","9","N","N","N","0","","0","0","2","","0","","","2","0","0","0","0","0","0","2","0","2","","","","N","","","","","","","","","",""
"2019133470","","1","0","0","0","0","0","0","0","0","98","0","","02","11","2019","7","40.520593","-79.805658","","11","0","0","0","0","0","0","0","0","","0","0","0","","","0","N","0","","40 31:14.136","4","0","79 48:20.368","0","0","0","0","2466","0","0","0","N","0","0","0","1","68T02","0","","3.0","2010.0","9","N","N","N","0","","0","0","0","","0","N","","1","0","0","0","0","0","0","2","0","1","","","","N","","","","","","","","","",""
"2019134753","","1","0","0","0","0","0","0","0","0","7","0","","02","12","2019","1","40.417921","-80.014886","","11","0","0","0","0","0","0","0","0","","0","0","0","","","0","Y","0","","40 25:04.516","2","0","80 00:53.588","0","0","0","0","2301","0","0","0","N","0","0","0","1","02301","0","","2.0","1630.0","9","N","N","N","0","","0","0","0","","0","N","","1","0","0","0","0","0","0","2","0","1","","","","N","","","","","","","","","",""
"2019106144","","0","0","0","0","0","0","0","0","0","4","0","","02","10","2019","7","40.355139","-80.049107","","11","0","0","0","0","0","0","1","0","","0","0","0","","","1","","0","","40 21:18.501","","7","80 02:56.786","3","0","0","0","2109","0","0","0","N","0","0","0","3","02109","0","","1.0","","1","N","N","","0","","1","0","2","","0","","","2","1","0","0","0","0","0","2","0","2","","","","N","","","","","","","","","",""
"2019111267","","1","0","0","0","0","0","0","0","0","7","0","","02","10","2019","7","40.399946","-80.000248","","11","0","0","0","0","0","0","0","0","","0","0","0","","","0","N","0","","40 23:59.804","","0","80 00:00.892","0","0","0","0","2301","0","0","0","N","0","0","0","1","02301","0","","5.0","","1","N","N","N","0","","0","0","0","","0","","","1","0","0","0","0","0","0","2","0","1","","","","N","","","","","","","","","",""
"2019097569","","3","0","0","0","0","0","0","0","0","1","0","","02","9","2019","5","40.424304","-80.030726","","11","0","0","0","0","0","0","0","0","","0","0","0","","","0","","0","","40 25:27.496","","0","80 01:50.612","0","0","0","0","2301","0","0","0","N","0","0","0","3","68B03","0","","1.0","","9","N","N","","0","","0","0","0","","0","","","3","0","0","0","0","0","0","2","0","3","","","","N","","","","","","","","","",""
"2019100541","","2","0","0","0","0","0","0","0","0","1","0","","02","9","2019","7","40.576692","-80.222432","","11","0","0","0","0","0","0","0","0","","0","0","0","","","0","","2","","40 34:36.090","","0","80 13:20.756","0","0","0","0","2441","0","0","0","N","0","0","0","2","02441","0","","1.0","","1","N","N","","0","","0","0","0","","2","N","","2","0","0","0","0","0","0","2","0","2","","","","N","","","","","","","","","",""
"2019094436","","1","0","0","0","0","0","0","0","0","1","0","","02","9","2019","6","40.427219","-79.988865","","11","0","0","0","0","0","0","0","0","","0","0","0","","","0","","0","","40 25:37.988","","0","79 59:19.914","0","0","0","0","2301","0","0","0","N","0","0","0","1","02301","0","","2.0","","1","N","N","","0","","0","0","2","","0","N","","3","0","0","0","0","0","0","2","0","3","","","","N","","","","","","","","","",""
"2019097366","","2","0","0","0","0","0","0","0","0","2","0","","02","9","2019","2","40.551697","-80.011461","","11","0","0","0","0","0","0","0","0","1","0","0","0","","","0","","0","","40 33:06.110","5","0","80 00:41.260","0","0","0","0","2116","0","0","0","N","0","0","0","2","02116","0","","1.0","","9","N","N","","0","","0","0","0","","0","N","","2","0","0","0","0","0","0","2","0","2","","","","N","","","","","","","","","",""
"2019093971","","1","0","0","0","0","0","0","0","0","4","0","","02","9","2019","4","40.602252","-79.947149","","11","0","0","0","0","0","0","1","1","","0","0","0","","","0","","0","","40 36:08.106","","7","79 56:49.738","0","0","0","0","2207","0","0","0","N","0","0","0","2","02207","0","","1.0","","1","N","N","","0","","0","0","1","","2","N","","2","0","0","0","0","0","0","2","0","2","","","","N","","","","","","","","","",""
"2019097436","","0","0","0","0","0","0","0","0","0","5","0","","02","9","2019","4","40.399383","-80.105769","","11","0","0","0","0","0","0","1","0","2","0","0","0","","","0","","0","","40 23:57.780","2","3","80 06:20.768","9","0","0","0","2102","0","0","0","N","0","0","0","2","68B03","0","","1.0","","1","N","N","","0","","0","0","1","","0","N","","2","0","0","0","0","0","1","2","0","2","","","","N","","","","","","","","","",""
"2019130296","","1","0","0","0","0","0","0","0","0","5","0","","02","12","2019","7","40.441506","-79.922537","","11","0","0","0","0","0","0","0","0","","0","0","0","","","0","N","0","","40 26:29.420","","0","79 55:21.134","0","0","0","0","2301","0","0","0","N","0","0","0","1","02301","0","","6.0","","9","N","N","N","0","","0","0","1","","0","","","2","0","0","0","0","0","0","2","0","2","","04","","N","","","","","","","","","",""
"2019097611","","1","0","0","0","0","0","0","0","0","4","0","","02","9","2019","7","40.395828","-80.19215","","11","0","0","1","0","0","0","0","0","1","0","0","0","","","0","","0","","40 23:44.980","4","0","80 11:31.740","0","0","0","0","2214","0","0","0","N","0","0","0","1","02214","0","","2.0","","9","N","N","","0","","0","0","0","","0","N","","2","0","0","0","0","0","0","1","0","2","","","","N","","","","","","","","","",""
"2019132998","","0","0","0","0","0","0","0","0","0","4","0","","02","12","2019","3","40.624816","-80.059544","","11","0","0","0","0","1","1","0","0","","0","0","0","","","0","N","0","","40 37:29.337","3","6","80 03:34.359","0","0","0","0","2216","0","0","0","N","0","0","0","2","02505","0","","1.0","820.0","9","N","N","N","1","","0","0","1","","0","N","","2","0","0","0","0","0","0","2","0","2","","04","","N","","","","","","","","","",""
"2019107537","","1","0","0","0","0","0","0","0","0","4","0","","02","10","2019","5","40.47491","-80.011977","","11","0","0","0","0","0","1","0","1","","0","0","0","","","1","","0","","40 28:29.676","","0","80 00:43.116","4","0","0","0","2301","0","0","0","N","0","0","0","2","02301","1","","1.0","","1","N","N","","0","","0","0","0","","0","N","","2","1","0","0","0","0","0","2","1","2","","","","N","","","","","","","","","",""
"2019093494","","2","0","0","0","0","0","0","0","0","1","0","","02","9","2019","4","40.508145","-80.089456","","11","0","0","0","0","0","1","0","0","","0","0","0","","","0","N","2","","40 30:29.323","","0","80 05:22.043","9","0","0","0","2429","0","0","0","N","0","0","0","3","02215","0","","1.0","","1","N","N","N","0","","0","0","0","","0","N","","2","0","0","0","0","0","2","2","0","2","","","","N","","","","","","","","","",""
"2019119732","","2","0","0","0","0","0","0","0","0","4","0","","02","11","2019","6","40.370496","-79.982327","","11","0","0","0","0","0","2","0","0","","0","0","0","","","0","","1","","40 22:13.785","","0","79 58:56.377","0","0","0","0","2413","0","0","0","N","0","0","0","3","02413","0","","1.0","","9","N","N","N","1","","0","0","0","","2","","","3","0","0","0","0","0","0","2","0","3","","","","N","","","","","","","","","",""
"2019115419","","2","0","0","0","0","0","0","0","0","1","0","","02","11","2019","2","40.373324","-80.075549","","11","0","0","0","1","0","0","1","0","2","0","0","0","","","0","","2","","40 22:23.966","4","0","80 04:31.976","0","0","0","0","2109","0","0","0","N","0","0","0","2","02109","0","","1.0","","1","N","N","","0","","0","0","0","","0","N","","2","0","0","0","0","0","0","2","0","2","","","","N","","","","","","","","","",""
"2019098258","","1","0","0","0","0","0","0","0","0","1","0","","02","9","2019","5","40.432493","-79.730825","","11","0","0","0","0","0","0","0","0","","0","0","0","","","0","","0","","40 25:56.973","","0","79 43:50.969","0","0","0","0","2446","0","0","0","N","0","0","0","3","02446","0","","1.0","","1","N","N","","0","","0","0","0","","0","","","3","0","0","0","0","0","0","2","2","3","","","","N","","","","","","","","","",""
"2019093240","","1","0","0","0","0","0","0","0","0","4","0","","02","9","2019","3","40.405984","-79.912275","","11","0","0","0","0","1","0","0","0","","0","0","0","","","1","","1","","40 24:21.541","","3","79 54:44.191","8","0","0","0","2438","0","0","0","N","0","0","0","2","02438","0","","1.0","","1","N","N","","0","","0","0","1","","2","N","","2","1","0","0","0","1","1","2","0","2","","","","N","","","","","","","","","",""
"2019099973","","1","0","0","0","0","0","0","0","0","4","0","","02","9","2019","6","40.379327","-79.806983","","11","0","0","0","0","0","0","0","0","2","0","0","0","","","1","","1","","40 22:45.576","3","0","79 48:25.138","3","0","0","0","2111","0","0","0","N","0","0","0","3","02111","0","","1.0","","1","N","N","","1","","1","0","0","","0","N","","2","1","0","0","0","0","0","2","0","2","","","","N","","","","","","","","","",""
"2019095096","","1","0","0","0","0","0","0","0","0","4","0","","02","9","2019","7","40.341554","-79.836755","","11","0","0","0","1","0","0","0","0","","0","0","0","","","1","","1","","40 20:29.594","","0","79 50:12.317","4","0","0","0","2304","0","0","0","N","0","0","0","5","02304","1","","1.0","","1","N","N","","0","","0","0","1","","3","N","","2","1","0","0","0","0","0","2","0","2","","","","N","","","","","","","","","",""
"2019095829","","2","0","0","0","0","0","0","0","0","1","0","","02","9","2019","2","40.557129","-79.973497","","11","0","0","0","1","0","0","0","0","2","0","0","0","","","2","","2","","40 33:25.665","1","0","79 58:24.590","4","0","0","0","2207","0","0","0","N","0","0","0","3","02207","1","","1.0","","1","N","N","","0","","0","0","0","","0","N","","2","2","0","0","0","1","0","2","0","2","","","","N","","","","","","","","","",""
"2019100171","","2","0","0","0","0","0","0","0","0","1","0","","02","9","2019","5","40.429247","-79.999266","","11","0","0","0","0","1","0","0","0","1","0","0","0","","","0","","1","","40 25:45.290","2","3","79 59:57.359","0","0","0","0","2301","0","0","0","N","0","0","0","2","02301","0","","1.0","","1","N","N","","0","","0","0","0","","0","N","","2","0","0","0","0","0","0","2","0","2","","","","N","","","","","","","","","",""
"2019103221","","2","0","0","0","0","0","0","0","0","7","0","","02","10","2019","2","40.502224","-79.843311","","11","0","0","0","0","0","0","0","0","2","0","0","0","","","0","","0","","40 30:08.005","2","0","79 50:35.920","0","0","0","0","2113","0","0","0","Y","0","0","0","3","02113","0","","2.0","","1","N","N","","0","","0","0","0","","0","N","","2","0","0","0","0","0","0","2","0","2","","","","N","","","","","","","","","",""
"2019094389","","2","0","0","0","0","0","0","0","0","1","0","","02","9","2019","5","40.436689","-79.974125","","11","0","0","0","0","0","0","0","0","","0","0","0","","","0","","0","","40 26:12.080","","0","79 58:26.850","0","0","0","0","2301","0","0","0","N","0","0","0","2","02301","0","","1.0","","1","N","N","","0","","0","0","0","","0","","","2","0","0","0","0","0","0","2","0","2","","","","N","","","","","","","","","",""
"2019105640","","3","0","0","0","0","0","0","0","0","1","0","","02","10","2019","7","40.43196","-79.730316","","11","0","0","0","0","0","1","0","0","2","0","0","0","","","2","","0","","40 25:55.055","4","0","79 43:49.139","4","0","0","0","2446","0","0","0","N","0","0","0","9","02446","2","","1.0","","1","N","N","","0","","0","0","0","","0","N","","3","2","0","0","0","0","0","2","0","3","","","","N","","","","","","","","","",""
"2019105346","","1","0","0","0","0","0","0","0","0","7","0","","02","10","2019","7","40.450242","-80.023472","","11","0","0","0","0","0","0","0","0","1","0","0","0","","","0","","0","","40 27:00.872","1","0","80 01:24.498","0","0","0","0","2301","0","0","0","N","0","0","0","0","02301","0","","2.0","","1","N","N","","0","","0","0","0","","0","N","","1","0","0","0","0","0","0","2","0","1","","","","N","","","","","","","","","",""
"2019107593","","2","0","0","0","0","0","0","0","0","4","0","","02","10","2019","5","40.469701","-79.921059","","11","0","0","0","0","0","1","0","0","","0","0","0","","","0","","1","","40 28:10.923","","0","79 55:15.812","0","0","0","0","2301","0","0","0","N","0","0","0","2","02301","0","","1.0","","1","N","N","","0","","0","0","0","","2","N","","2","0","0","0","0","0","0","2","0","2","","","","N","","","","","","","","","",""
"2019097487","","2","0","0","0","0","0","0","0","0","4","0","","02","9","2019","7","40.538573","-79.830462","","11","0","0","0","0","0","1","0","1","","0","0","0","","","0","","1","","40 32:18.864","","0","79 49:49.662","0","0","0","0","2208","0","0","0","N","0","0","0","2","02208","0","","1.0","","1","N","N","N","0","","0","0","0","","2","","","2","0","0","0","0","0","0","2","0","2","","","","N","","","","","","","","","",""
"2019097166","","1","0","0","0","0","0","0","0","0","4","0","","02","9","2019","6","40.270465","-79.931326","","11","0","0","0","1","0","0","1","0","2","0","0","0","","","2","","0","","40 16:13.675","7","0","79 55:52.773","8","0","0","0","2440","0","0","0","N","0","0","0","3","02440","0","","1.0","","1","N","N","","0","","0","0","1","","0","Y","","2","2","1","0","0","2","1","2","0","2","","","","N","","","","","","","","","",""
"2019110490","","3","0","0","0","0","0","0","0","0","4","0","","02","10","2019","5","40.519723","-80.217801","","11","1","0","0","0","0","2","0","0","2","0","0","0","","","2","","2","","40 31:11.001","2","7","80 13:04.082","3","0","0","0","2213","0","0","0","N","0","0","0","3","02213","0","","1.0","","1","N","N","","0","","2","0","0","","2","N","","3","2","0","0","0","0","0","2","0","3","","","","N","","","","","","","","","",""
"2019113175","","2","0","0","0","0","0","0","0","0","7","0","","02","9","2019","2","40.345134","-80.027362","","11","0","0","0","0","0","1","0","0","1","0","0","0","","","0","","1","","40 20:42.483","4","0","80 01:38.503","0","0","0","0","2407","0","0","0","N","0","0","0","4","02407","0","","2.0","","9","N","N","","0","","0","0","0","","2","N","","2","0","0","0","0","0","0","2","0","2","","","","N","","","","","","","","","",""
"2019129698","","1","0","0","0","0","0","0","0","0","2","0","","02","12","2019","2","40.427071","-79.938664","","11","0","0","0","0","0","0","1","0","","0","0","0","","","1","","2","","40 25:37.455","","0","79 56:19.190","4","0","0","0","2301","0","0","0","N","0","0","0","2","02301","1","","1.0","","9","N","N","N","0","","0","0","1","","2","N","","2","1","0","0","0","0","0","2","0","2","","07","","N","","","","","","","","","",""
"2019097804","","1","0","0","0","0","0","0","0","0","7","0","","02","9","2019","1","40.384155","-79.933441","","11","0","0","0","0","1","0","0","0","","0","0","0","","","0","","0","","40 23:02.957","","2","79 56:00.388","0","0","0","0","2301","0","0","0","Y","0","0","0","1","02301","0","","5.0","","1","N","N","","0","","0","0","0","","0","","","1","0","0","0","0","0","0","2","0","1","","","","N","","","","","","","","","",""
"2019099797","","1","0","0","0","0","0","0","0","0","1","0","","02","9","2019","4","40.503586","-80.222433","","11","0","0","0","0","0","1","0","0","","0","0","0","","","0","N","1","","40 30:12.908","","0","80 13:20.759","0","0","0","0","2213","0","0","0","N","0","0","0","4","02213","0","","1.0","","1","N","N","","0","","0","0","1","","2","","","3","0","0","0","0","0","0","2","1","3","","","","N","","","","","","","","","",""
"2019122996","","1","0","0","0","0","0","0","0","0","0","0","","02","10","2019","2","40.434896","-79.794059","","11","0","0","0","0","0","0","0","0","","0","0","0","","","0","N","0","","40 26:05.624","2","2","79 47:38.614","0","0","0","0","2446","0","0","0","N","0","0","0","2","02446","0","","1.0","1715.0","1","N","N","N","0","","0","0","0","","4","Y","","1","0","2","0","0","0","0","2","0","1","","","","N","","","","","","","","","",""
"2019105921","","2","0","0","0","0","0","0","0","0","2","0","","02","10","2019","1","40.420981","-79.981228","","11","0","0","0","0","0","0","0","0","2","0","0","0","","","1","","0","","40 25:15.530","5","0","79 58:52.420","3","0","0","0","2301","0","0","0","N","0","0","0","1","02301","0","","4.0","","1","N","N","","0","","1","0","0","","0","Y","","2","1","0","0","0","0","0","2","0","2","","","","N","","","","","","","","","",""
"2019106482","","1","0","0","0","0","0","0","0","0","4","0","","02","10","2019","3","40.347472","-79.949036","","11","0","0","0","0","0","0","1","1","","0","0","0","","","0","N","0","","40 20:50.900","","7","79 56:56.530","0","0","0","0","2473","0","0","0","N","0","0","0","2","02473","0","","1.0","","9","N","N","","1","","0","0","0","","3","N","","2","0","0","0","0","0","0","2","0","2","","","","N","","","","","","","","","",""
"2019108189","","2","0","0","0","0","0","0","0","0","4","0","","02","10","2019","7","40.452406","-80.019183","","11","0","0","0","0","0","2","0","0","","0","0","0","","","0","","2","","40 27:08.663","","0","80 01:09.059","0","0","0","0","2301","0","0","0","N","0","0","0","2","02301","0","","1.0","","1","N","N","","0","","0","0","0","","3","","","2","0","0","0","0","0","0","2","0","2","","","","N","","","","","","","","","",""
"2019128563","","1","0","0","0","0","0","0","0","0","98","0","","02","11","2019","2","40.488996","-80.124754","","11","0","0","0","0","0","0","0","0","","0","0","0","","","0","N","0","","40 29:20.385","","0","80 07:29.113","0","0","0","0","2126","0","0","0","N","0","0","0","1","68B03","0","","1.0","","1","N","N","N","0","","0","0","0","","0","","","1","0","0","0","0","0","0","2","0","1","","03","","N","","","","","","","","","",""
"2019097373","","2","0","0","0","0","0","0","0","0","4","0","","02","9","2019","5","40.470043","-79.922061","","11","0","0","0","0","0","0","0","1","1","0","0","0","","","1","","1","","40 28:12.154","3","0","79 55:19.419","8","0","0","0","2301","0","0","0","N","0","0","0","2","02301","0","","1.0","","1","N","N","","0","","0","0","0","","0","N","","2","1","0","0","0","1","0","2","0","2","","","","N","","","","","","","","","",""
"2019105951","","3","0","0","0","0","0","0","0","0","1","0","","02","10","2019","1","40.49192","-79.973954","","11","0","0","0","0","0","0","0","0","1","0","0","0","","","0","","0","","40 29:30.912","3","0","79 58:26.235","0","0","0","0","2445","0","0","0","N","0","0","0","1","02445","0","","2.0","","1","N","N","","0","","0","0","0","","0","N","","3","0","0","0","0","0","0","2","0","3","","","","N","","","","","","","","","",""
"2019104334","","2","0","0","0","0","0","0","0","0","1","0","","02","10","2019","4","40.432854","-79.894073","","11","0","0","0","0","0","1","0","0","","0","0","0","","","1","","1","","40 25:58.274","","0","79 53:38.662","4","0","0","0","2426","0","0","0","N","0","0","0","3","02463","1","","1.0","","9","N","N","","0","","0","0","0","","1","N","","2","1","0","0","0","0","0","2","0","2","","","","N","","","","","","","","","",""
"2019108392","","1","0","0","0","0","0","0","0","0","7","0","","02","10","2019","5","40.427618","-80.129364","","11","0","2","0","0","0","0","0","0","","0","0","0","","","0","","0","","40 25:39.425","","0","80 07:45.711","0","0","0","0","2102","0","0","0","N","0","0","0","4","68B03","0","","4.0","","8","N","N","","0","","0","0","1","","0","","","2","0","0","0","0","0","0","2","0","2","","","","N","","","","","","","","","",""
"2019095835","","0","0","0","0","0","0","0","0","0","8","0","","02","9","2019","2","40.566164","-80.038106","","11","0","0","0","0","0","0","0","0","","0","0","0","","","1","","2","","40 33:58.190","","0","80 02:17.182","8","0","0","0","2108","1","0","0","N","1","0","0","2","02108","0","","1.0","","1","N","N","","0","","0","0","0","","2","","","2","1","0","0","0","1","1","2","0","1","","","","N","","","","","","","","","",""
"2019113919","","2","0","0","0","0","0","0","0","0","4","0","","02","9","2019","5","40.380814","-79.812114","","11","0","0","1","0","0","1","0","0","","0","0","0","","","0","N","0","","40 22:50.932","","7","79 48:43.610","0","0","0","0","2424","0","0","0","N","0","0","0","3","02424","0","","1.0","","1","N","N","Y","0","","0","0","0","","3","","","2","0","2","0","0","0","0","2","0","2","","03","","N","","","","","","","","","",""
"2019093482","","1","0","0","0","0","0","0","0","0","7","0","","02","9","2019","4","40.460703","-80.007203","","11","0","0","0","0","0","0","0","0","","0","0","0","","","0","","0","","40 27:38.530","","0","80 00:25.930","9","0","0","0","2301","0","0","0","N","0","0","0","1","02301","0","","2.0","","1","N","N","","0","","0","0","0","","0","N","","1","0","0","0","0","0","1","2","0","1","","","","N","","","","","","","","","",""
"2019104828","","2","0","0","0","0","0","0","0","0","4","0","","02","10","2019","5","40.463605","-79.95286","","11","0","0","0","0","0","0","0","0","1","0","0","0","","","0","","1","","40 27:48.977","7","3","79 57:10.296","9","0","0","0","2301","0","0","0","N","0","0","0","3","02301","0","","1.0","","1","N","N","","0","","0","0","0","","2","N","","2","0","0","0","0","0","1","2","0","2","","","","N","","","","","","","","","",""
"2019095241","","0","0","0","0","0","0","0","0","0","1","0","","02","9","2019","1","40.456087","-79.894458","","11","0","0","0","0","0","0","0","0","","0","0","0","","","0","","0","","40 27:21.913","","0","79 53:40.049","0","0","0","0","2301","0","0","0","N","0","0","0","1","02301","0","","6.0","","1","N","N","","0","","0","0","1","","3","N","","2","0","0","0","0","0","0","2","1","2","","","","N","","","","","","","","","",""
"2019094763","","1","0","0","0","0","0","0","0","0","7","0","","02","9","2019","7","40.463326","-79.865673","","11","0","0","0","0","0","0","0","0","","0","0","0","","","0","N","2","","40 27:47.974","","0","79 51:56.423","0","0","0","0","2113","0","0","0","N","0","0","0","0","02113","0","","2.0","","1","N","N","","0","","0","0","0","","0","N","","1","0","0","0","0","0","0","2","0","1","","","","N","","","","","","","","","",""
"2019103204","","1","0","0","0","0","0","0","0","0","7","0","","02","10","2019","1","40.460169","-79.912964","","11","0","0","0","0","0","0","0","0","","0","0","0","","","0","","0","","40 27:36.610","","0","79 54:46.670","9","0","0","0","2301","0","0","0","N","0","0","0","2","02301","0","","5.0","","1","N","N","N","0","","0","0","0","","0","","","1","0","0","0","0","0","2","2","0","1","","","","N","","","","","","","","","",""
"2019108809","","1","0","0","0","0","0","0","0","0","5","0","","02","10","2019","1","40.455216","-79.885227","","11","0","0","0","0","0","0","0","0","","0","0","0","","","0","","0","","40 27:18.778","","0","79 53:06.817","0","0","0","0","2301","0","0","0","N","0","0","0","2","02301","0","","2.0","","9","N","N","","0","","0","0","1","","0","N","","2","0","0","0","0","0","0","2","0","2","","","","N","","","","","","","","","",""
"2019095117","","0","0","0","0","0","0","0","0","0","5","0","","02","9","2019","7","40.44724","-79.714024","","11","0","0","0","0","0","0","0","0","","0","0","0","","","0","","0","","40 26:50.063","","7","79 42:50.486","0","0","0","0","2466","0","0","0","N","0","0","0","4","02466","0","","1.0","","1","N","N","","0","","0","0","2","","0","N","","2","0","0","0","0","0","0","2","0","2","","","","N","","","","","","","","","",""
"2019094672","","2","0","0","0","0","0","0","0","0","1","0","","02","9","2019","6","40.346392","-79.816134","","11","0","0","0","0","0","0","0","0","","0","0","0","","","0","","0","","40 20:47.011","","0","79 48:58.081","0","0","0","0","2477","0","0","0","N","0","0","0","4","02477","0","","1.0","","1","N","N","","1","","0","0","0","","0","","","3","0","0","0","0","0","0","2","0","3","","","","N","","","","","","","","","",""