"CRN","ARRIVAL_TM","AUTOMOBILE_COUNT","BELTED_DEATH_COUNT","BELTED_SUSP_SERIOUS_INJ_COUNT","BICYCLE_COUNT","BICYCLE_DEATH_COUNT","BICYCLE_SUSP_SERIOUS_INJ_COUNT","BUS_COUNT","CHLDPAS_DEATH_COUNT","CHLDPAS_SUSP_SERIOUS_INJ_COUNT","COLLISION_TYPE","COMM_VEH_COUNT","CONS_ZONE_SPD_LIM","COUNTY","CRASH_MONTH","CRASH_YEAR","DAY_OF_WEEK","DEC_LATITUDE","DEC_LONGITUDE","DISPATCH_TM","DISTRICT","DRIVER_COUNT_16YR","DRIVER_COUNT_17YR","DRIVER_COUNT_18YR","DRIVER_COUNT_19YR","DRIVER_COUNT_20YR","DRIVER_COUNT_50_64YR","DRIVER_COUNT_65_74YR","DRIVER_COUNT_75PLUS","EST_HRS_CLOSED","FATAL_COUNT","HEAVY_TRUCK_COUNT","HORSE_BUGGY_COUNT","HOUR_OF_DAY","ILLUMINATION","INJURY_COUNT","INTERSECTION_RELATED","INTERSECT_TYPE","LANE_CLOSED","LATITUDE","LN_CLOSE_DIR","LOCATION_TYPE","LONGITUDE","MAX_SEVERITY_LEVEL","MCYCLE_DEATH_COUNT","MCYCLE_SUSP_SERIOUS_INJ_COUNT","MOTORCYCLE_COUNT","MUNICIPALITY","NONMOTR_COUNT","NONMOTR_DEATH_COUNT","NONMOTR_SUSP_SERIOUS_INJ_COUNT","NTFY_HIWY_MAINT","PED_COUNT","PED_DEATH_COUNT","PED_SUSP_SERIOUS_INJ_COUNT","PERSON_COUNT","POLICE_AGCY","POSSIBLE_INJ_COUNT","RDWY_SURF_TYPE_CD","RELATION_TO_ROAD","ROADWAY_CLEARED","ROAD_CONDITION","SCH_BUS_IND","SCH_ZONE_IND","SECONDARY_CRASH","SMALL_TRUCK_COUNT","SPEC_JURIS_CD","SUSP_MINOR_INJ_COUNT","SUSP_SERIOUS_INJ_COUNT","SUV_COUNT","TCD_FUNC_CD","TCD_TYPE","TFC_DETOUR_IND","TIME_OF_DAY","TOTAL_UNITS","TOT_INJ_COUNT","UNBELTED_OCC_COUNT","UNB_DEATH_COUNT","UNB_SUSP_SERIOUS_INJ_COUNT","UNK_INJ_DEG_COUNT","UNK_INJ_PER_COUNT","URBAN_RURAL","VAN_COUNT","VEHICLE_COUNT","WEATHER1","WEATHER2","WORKERS_PRES","WORK_ZONE_IND","WORK_ZONE_LOC","WORK_ZONE_TYPE","WZ_CLOSE_DETOUR","WZ_FLAGGER","WZ_LAW_OFFCR_IND","WZ_LN_CLOSURE","WZ_MOVING","WZ_OTHER","WZ_SHLDER_MDN","WZ_WORKERS_INJ_KILLED"
"2019093913","","1","0","0","0","0","0","0","0","0","4","0","","02","9","2019","4","40.442009","-79.992373","","11","0","0","0","0","0","0","1","0","","0","0","0","","","0","","6","","40 26:31.233","","2","79 59:32.544","0","0","0","0","2301","0","0","0","N","0","0","0","2","02301","0","","1.0","","1","N","N","","1","","0","0","0","","3","","","2","0","0","0","0","0","0","2","0","2","","","","N","","","","","","","","","",""
"2019106989","","1","0","0","0","0","0","0","0","0","1","0","","02","10","2019","4","40.450889","-79.954946","","11","0","0","0","0","0","0","0","0","","0","0","0","","","1","","1","","40 27:03.200","","0","79 57:17.805","3","0","0","0","2301","0","0","0","N","0","0","0","2","02301","0","","1.0","","1","N","N","","0","","1","0","1","","2","N","","2","1","0","0","0","0","0","2","0","2","","","","N","","","","","","","","","",""
"2019094043","","2","0","0","0","0","0","0","0","0","1","0","","02","9","2019","5","40.456299","-80.006898","","11","0","0","0","0","0","0","0","0","1","0","0","0","","","1","","0","","40 27:22.677","2","0","80 00:24.833","3","0","0","0","2301","0","0","0","N","0","0","0","2","02301","0","","1.0","","1","N","N","","0","","1","0","0","","0","Y","","2","1","0","0","0","0","0","2","0","2","","","","N","","","","","","","","","",""
"2019111772","","1","0","0","0","0","0","0","0","0","1","0","","02","10","2019","4","40.432147","-79.882181","","11","0","0","0","0","0","0","0","1","1","0","0","0","","","1","","0","","40 25:55.730","4","0","79 52:55.850","4","0","0","0","2426","0","0","0","N","0","0","0","2","02426","1","","6.0","","9","N","N","","0","","0","0","2","","0","N","","3","1","0","0","0","0","0","2","0","3","","","","N","","","","","","","","","",""
"2019104132","","1","0","0","0","0","0","0","0","0","7","0","","02","10","2019","4","40.447778","-80.21","","11","0","0","0","0","0","0","0","0","1","0","0","0","","","0","","0","","40 26:52.000","5","0","80 12:36.000","0","0","0","0","2214","0","0","0","N","0","0","0","1","02214","0","","5.0","","9","N","N","","0","","0","0","0","","0","N","","1","0","0","0","0","0","0","2","0","1","","","","N","","","","","","","","","",""
"2019104233","","4","0","0","0","0","0","0","0","0","1","0","55","02","9","2019","6","40.425833","-80.124693","","11","0","0","1","0","0","0","0","0","","0","0","0","","","0","","0","","40 25:32.998","","0","80 07:28.895","9","0","0","0","2102","0","0","0","N","0","0","0","9","68B03","0","","1.0","","1","N","N","","1","","0","0","0","","0","","","5","0","0","0","0","0","1","2","0","5","","","N","Y","2","1","N","N","N","Y","N","N","N",""
"2019108034","","1","0","0","0","0","0","0","0","0","8","0","","02","10","2019","6","40.466188","-79.826144","","11","0","0","0","0","0","0","0","0","","0","0","0","","","1","","2","","40 27:58.276","","0","79 49:34.119","3","0","0","0","2113","1","0","0","N","1","0","0","2","02113","0","","1.0","","1","N","N","","0","","1","0","0","","1","","","2","1","0","0","0","0","0","2","0","1","","","","N","","","","","","","","","",""
"2019094762","","1","0","0","0","0","0","0","0","0","8","0","","02","9","2019","6","40.444206","-80.002555","","11","0","0","0","0","0","1","0","0","","0","0","0","","","1","","0","","40 26:39.142","","0","80 00:09.198","8","0","0","0","2301","1","0","0","N","1","0","0","3","02301","0","","1.0","","1","N","N","","0","","0","0","0","","0","N","","2","1","0","0","0","1","0","2","0","1","","","","N","","","","","","","","","",""
"2019096648","","2","0","0","0","0","0","0","0","0","4","0","","02","9","2019","2","40.319443","-79.898534","","11","0","0","0","0","0","1","0","0","","0","0","0","","","0","","0","","40 19:09.994","","1","79 53:54.721","0","0","0","0","2440","0","0","0","N","0","0","0","3","02440","0","","1.0","","9","N","N","","0","","0","0","0","","0","N","","2","0","0","0","0","0","0","2","0","2","","","","N","","","","","","","","","",""
"2019104414","","0","0","0","0","0","0","0","0","0","4","0","","02","10","2019","2","40.330114","-80.05847","","11","0","0","0","0","0","2","0","0","1","0","0","0","","","0","","2","","40 19:48.410","1","0","80 03:30.492","0","0","0","0","2407","0","0","0","N","0","0","0","2","02407","0","","1.0","","1","N","N","","0","","0","0","1","","3","N","","2","0","0","0","0","0","0","2","1","2","","","","N","","","","","","","","","",""
"2019097474","","2","0","0","0","0","0","0","0","0","1","0","","02","9","2019","5","40.428796","-80.131738","","11","0","0","0","0","0","0","0","0","","0","0","0","","","0","","0","","40 25:43.664","","0","80 07:54.255","0","0","0","0","2102","0","0","0","N","0","0","0","3","68B03","0","","1.0","","1","N","N","","0","","0","0","0","","0","","","2","0","0","0","0","0","0","2","0","2","","","","N","","","","","","","","","",""
"2019128617","","1","0","0","0","0","0","0","0","0","7","0","","02","12","2019","5","40.605495","-79.939339","","11","0","0","0","0","0","1","0","0","","0","0","0","","","0","N","0","","40 36:19.782","","0","79 56:21.620","0","0","0","0","2207","0","0","0","N","0","0","0","1","68T02","0","","1.0","","1","N","N","N","0","","0","0","0","","0","","","1","0","0","0","0","0","0","2","0","1","","03","","N","","","","","","","","","",""
"2019093803","","3","0","0","0","0","0","0","0","0","5","0","","02","9","2019","4","40.449389","-80.024722","","11","0","0","0","0","0","2","0","0","1","0","0","0","","","0","N","0","","40 26:57.802","1","1","80 01:28.998","0","0","0","0","2301","0","0","0","N","0","0","0","4","02301","0","","1.0","","1","N","N","","0","","0","0","1","","0","N","","4","0","0","0","0","0","0","2","0","4","","","","N","","","","","","","","","",""
"2019097574","","1","0","0","0","0","0","0","0","0","7","0","","02","9","2019","7","40.442339","-79.804778","","11","0","0","0","0","0","0","0","0","","0","0","0","","","0","","0","","40 26:32.420","","0","79 48:17.200","0","0","0","0","2113","0","0","0","N","0","0","0","2","02113","0","","5.0","","9","N","N","","0","","0","0","0","","0","","","1","0","0","0","0","0","0","2","0","1","","","","N","","","","","","","","","",""
"2019095826","","1","0","0","0","0","0","0","0","0","1","0","","02","9","2019","3","40.582358","-80.02973","","11","0","0","0","0","0","1","0","0","1","0","0","0","","","0","","0","","40 34:56.488","1","0","80 01:47.027","0","0","0","0","2108","0","0","0","N","0","0","0","3","02108","0","","1.0","","1","N","N","","1","","0","0","1","","0","N","","3","0","0","0","0","0","0","2","0","3","","","","N","","","","","","","","","",""
"2019105392","","1","0","0","0","0","0","0","0","0","8","0","","02","10","2019","7","40.460493","-79.924975","","11","0","0","0","0","0","0","0","0","","0","0","0","","","1","","2","","40 27:37.774","","0","79 55:29.909","3","0","0","0","2301","1","0","0","N","1","0","0","2","02301","0","","1.0","","1","N","N","","0","","1","0","0","","0","N","","2","1","0","0","0","0","0","2","0","1","","","","N","","","","","","","","","",""
"2019103502","","1","0","0","0","0","0","0","0","0","5","0","55","02","9","2019","5","40.479851","-79.769645","","11","0","0","0","0","0","0","0","0","2","0","0","0","","","0","","0","","40 28:47.464","3","0","79 46:10.723","0","0","0","0","2466","0","0","0","N","0","0","0","2","68T02","0","","1.0","","1","N","N","","1","","0","0","0","","0","N","","2","0","0","0","0","0","0","2","0","2","","","Y","Y","2","1","N","N","N","N","N","Y","N",""
"2019104676","","1","0","0","0","0","0","0","0","0","7","0","","02","10","2019","5","40.436321","-79.994781","","11","0","0","0","0","0","0","0","0","1","0","0","0","","","0","","0","","40 26:10.755","1","8","79 59:41.211","0","0","0","0","2301","0","0","0","N","0","0","0","1","02301","0","","2.0","","9","N","N","","0","","0","0","0","","0","N","","1","0","0","0","0","0","0","2","0","1","","","","N","","","","","","","","","",""
"2019120239","","2","0","0","0","0","0","0","0","0","4","0","","02","9","2019","1","40.443364","-80.009018","","11","0","0","0","0","0","0","0","0","2","0","0","0","","","1","","0","","40 26:36.112","2","3","80 00:32.465","4","0","0","0","2301","0","0","0","N","0","0","0","6","68B03","1","","1.0","","1","N","N","","0","","0","0","0","","0","N","","2","1","0","0","0","0","0","2","0","2","","","","N","","","","","","","","","",""
"2019096612","","1","0","0","0","0","0","0","0","0","4","0","","02","9","2019","4","40.549409","-79.839986","","11","0","0","0","0","0","0","0","1","","0","0","0","","","0","N","1","","40 32:57.873","","0","79 50:23.951","0","0","0","0","2208","0","0","0","N","0","0","0","3","02208","0","","1.0","","1","N","N","","1","","0","0","0","","2","","","2","0","0","0","0","0","0","2","0","2","","","","N","","","","","","","","","",""
"2019106954","","0","0","0","0","0","0","0","0","0","4","0","","02","10","2019","2","40.324642","-80.053833","","11","1","0","0","0","0","0","1","0","2","0","0","0","","","0","","2","","40 19:28.711","4","0","80 03:13.799","0","0","0","0","2407","0","0","0","N","0","0","0","2","02407","0","","1.0","","1","N","N","","1","","0","0","1","","0","N","","2","0","0","0","0","0","0","2","0","2","","","","N","","","","","","","","","",""
"2019105506","","2","0","0","0","0","0","0","0","0","4","0","","02","10","2019","7","40.440944","-80.03473","","11","0","0","0","0","0","1","0","0","","0","0","0","","","0","","1","","40 26:27.398","","0","80 02:05.027","0","0","0","0","2301","0","0","0","N","0","0","0","4","02301","0","","1.0","","1","N","N","","0","","0","0","0","","2","","","2","0","0","0","0","0","0","2","0","2","","","","N","","","","","","","","","",""
"2019107299","","2","0","0","0","0","0","0","0","0","4","0","","02","10","2019","6","40.396964","-79.978661","","11","0","0","0","0","0","0","0","0","","0","0","0","","","0","","1","","40 23:49.071","","0","79 58:43.179","0","0","0","0","2301","0","0","0","N","0","0","0","2","02301","0","","1.0","","1","N","N","","0","","0","0","0","","2","N","","2","0","0","0","0","0","0","2","0","2","","","","N","","","","","","","","","",""
"2019108792","","1","0","0","0","0","0","0","0","0","7","0","","02","10","2019","1","40.671649","-80.082594","","11","1","0","0","0","0","0","0","0","","0","0","0","","","0","","0","","40 40:17.937","","0","80 04:57.338","0","0","0","0","2212","0","0","0","N","0","0","0","1","02505","0","","5.0","","1","N","N","","0","","0","0","0","","0","","","1","0","0","0","0","0","0","2","0","1","","","","N","","","","","","","","","",""
"2019098249","","1","0","0","0","0","0","0","0","0","4","0","","02","9","2019","7","40.454141","-79.906256","","11","0","0","0","0","0","2","0","0","","0","0","0","","","1","","1","","40 27:14.906","","0","79 54:22.522","8","0","0","0","2301","0","0","0","N","0","0","0","2","02301","0","","1.0","","1","N","N","","0","","0","0","1","","3","","","2","1","0","0","0","1","0","2","0","2","","","","N","","","","","","","","","",""
"2019097236","","2","0","0","0","0","0","0","0","0","4","0","","02","9","2019","6","40.344412","-79.883974","","11","0","0","0","1","0","0","0","0","1","0","0","0","","","0","","3","","40 20:39.883","3","8","79 53:02.306","9","0","0","0","2433","0","0","0","N","0","0","0","2","02433","0","","1.0","","1","N","N","","0","","0","0","0","","0","N","","2","0","0","0","0","0","1","2","0","2","","","","N","","","","","","","","","",""
"2019096207","","2","0","0","0","0","0","0","0","0","4","0","","02","9","2019","4","40.470831","-79.821309","","11","0","1","0","0","0","0","0","0","1","0","0","0","","","0","N","2","","40 28:14.991","6","0","79 49:16.713","0","0","0","0","2113","0","0","0","N","0","0","0","2","02113","0","","1.0","","1","N","N","","0","","0","0","0","","0","N","","2","0","0","0","0","0","0","2","0","2","","","","N","","","","","","","","","",""
"2019099892","","0","0","0","0","0","0","0","0","0","1","0","","02","9","2019","6","40.491944","-79.938243","","11","0","0","0","0","0","1","0","0","2","0","0","0","","","0","","0","","40 29:30.997","1","3","79 56:17.675","0","0","0","0","2461","0","0","0","N","0","0","0","4","02461","0","","1.0","","1","N","N","","0","","0","0","2","","0","Y","","2","0","0","0","0","0","0","2","0","2","","","","N","","","","","","","","","",""
"2019096692","","2","0","0","0","0","0","0","0","0","4","0","","02","9","2019","6","40.457419","-79.94104","","11","0","0","0","0","0","1","0","0","","0","0","0","","","1","N","2","","40 27:26.708","","0","79 56:27.744","3","0","0","0","2301","0","0","0","N","0","0","0","2","02301","0","","1.0","","1","N","N","","0","","1","0","0","","3","","","2","1","0","0","0","0","0","2","0","2","","","","N","","","","","","","","","",""
"2019106874","","2","0","0","0","0","0","0","0","0","4","0","","02","10","2019","3","40.384484","-79.984355","","11","0","0","0","0","0","0","0","1","1","0","0","0","","","0","","2","","40 23:04.144","7","0","79 59:03.678","0","0","0","0","2301","0","0","0","N","0","0","0","2","02301","0","","1.0","","1","N","N","","0","","0","0","0","","3","Y","","2","0","0","0","0","0","0","2","0","2","","","","N","","","","","","","","","",""
"2019095372","","2","0","0","0","0","0","0","0","0","4","0","","02","9","2019","1","40.427136","-79.970783","","11","0","0","0","0","0","0","0","0","","0","0","0","","","0","","0","","40 25:37.690","","0","79 58:14.820","9","0","0","0","2301","0","0","0","N","0","0","0","1","02301","0","","1.0","","1","N","N","","0","","0","0","0","","0","N","","2","0","0","0","0","0","1","2","0","2","","","","N","","","","","","","","","",""
"2019096002","","1","0","0","0","0","0","0","0","0","4","0","","02","9","2019","3","40.42459","-79.932331","","11","0","0","0","0","0","0","0","0","1","0","0","0","","","1","","1","","40 25:28.524","7","0","79 55:56.391","3","0","0","0","2301","0","0","0","N","0","0","0","4","02301","0","","1.0","","1","N","N","","1","","1","0","1","","3","Y","","3","1","0","0","0","0","0","2","0","3","","","","N","","","","","","","","","",""
"2019110367","","1","0","0","0","0","0","0","0","0","2","0","","02","10","2019","7","40.402524","-79.821309","","11","0","0","1","0","0","0","0","0","","0","0","0","","","2","","2","","40 24:09.088","","0","79 49:16.713","3","0","0","0","2467","0","0","0","N","0","0","0","3","02467","1","","1.0","","9","N","N","","0","","1","0","2","","0","N","","3","2","0","0","0","0","0","2","0","3","","","","N","","","","","","","","","",""
"2019108760","","1","0","0","0","0","0","0","0","0","7","0","","02","10","2019","7","40.636094","-79.940353","","11","0","0","0","0","0","1","0","0","","0","0","0","","","1","","0","","40 38:09.940","","7","79 56:25.270","4","0","0","0","2217","0","0","0","N","0","0","0","1","02505","1","","4.0","","9","N","N","","0","","0","0","0","","0","N","","1","1","0","0","0","0","0","2","0","1","","","","N","","","","","","","","","",""
"2019096429","","2","0","0","0","0","0","0","0","0","2","0","","02","9","2019","4","40.416986","-80.01565","","11","0","0","0","0","0","1","0","0","1","0","0","0","","","1","","0","","40 25:01.150","4","1","80 00:56.340","4","0","0","0","2301","0","0","0","N","0","0","0","2","02301","1","","1.0","","1","N","N","","0","","0","0","0","","0","Y","","2","1","0","0","0","0","0","2","0","2","","","","N","","","","","","","","","",""
"2019119495","","1","0","0","0","0","0","0","0","0","7","0","","02","11","2019","4","40.387592","-80.043547","","11","0","0","0","0","0","0","0","0","1","0","0","0","","","1","","0","","40 23:15.330","2","0","80 02:36.770","3","0","0","0","2109","0","0","0","N","0","0","0","1","02109","0","","4.0","","1","N","N","","0","","1","0","0","","0","Y","","1","1","0","0","0","0","0","2","0","1","","","","N","","","","","","","","","",""
"2019108818","","1","0","0","0","0","0","0","0","0","4","0","","02","10","2019","7","40.344456","-79.883999","","11","0","0","0","0","0","0","0","0","","0","0","0","","","0","","3","","40 20:40.042","","3","79 53:02.396","0","0","0","0","2423","0","0","0","N","0","0","0","3","02433","0","","1.0","","9","N","N","","0","","0","0","1","","0","N","","2","0","0","0","0","0","0","2","0","2","","","","N","","","","","","","","","",""
"2019102146","","2","0","0","0","0","0","0","0","0","1","0","","02","9","2019","5","40.524559","-80.224318","","11","0","0","0","0","1","0","0","0","","0","0","0","","","1","","2","","40 31:28.411","","0","80 13:27.543","4","0","0","0","2213","0","0","0","N","0","0","0","2","02213","1","","1.0","","1","N","N","","0","","0","0","0","","0","","","2","1","0","0","0","0","0","2","0","2","","","","N","","","","","","","","","",""
"2019109123","","0","0","0","0","0","0","0","0","0","7","0","","02","10","2019","1","40.314154","-79.883335","","11","0","0","0","0","0","0","0","0","2","0","0","0","","","1","","0","","40 18:50.955","7","0","79 53:00.007","8","0","0","0","2433","0","0","0","N","0","0","0","1","02433","0","","2.0","","1","N","N","","0","","0","0","1","","0","N","","1","1","0","0","0","1","0","2","0","1","","","","N","","","","","","","","","",""
"2019105403","","1","0","0","0","0","0","0","0","0","5","0","","02","10","2019","7","40.382628","-79.984475","","11","0","0","0","0","0","1","0","0","","0","0","0","","","0","","0","","40 22:57.460","","0","79 59:04.110","0","0","0","0","2301","0","0","0","N","0","0","0","3","02301","0","","6.0","","1","N","N","","1","","0","0","0","","0","","","2","0","0","0","0","0","0","2","0","2","","","","N","","","","","","","","","",""
"2019113187","","1","0","0","0","0","0","0","0","0","4","0","","02","10","2019","4","40.298049","-80.029563","","11","0","0","0","1","0","0","0","0","1","0","0","0","","","1","N","0","","40 17:52.977","2","7","80 01:46.427","3","0","0","0","2407","0","0","0","N","0","0","0","4","02407","0","","1.0","","1","N","N","","0","","1","0","1","","0","N","","3","1","0","0","0","0","0","2","1","3","","","","N","","","","","","","","","",""
"2019094503","","1","0","0","0","0","0","0","0","0","4","0","","02","9","2019","6","40.457309","-79.895951","","11","0","0","0","0","0","0","0","0","","0","0","0","","","2","","1","","40 27:26.312","","0","79 53:45.423","4","0","0","0","2301","0","0","0","N","0","0","0","2","02301","2","","1.0","","1","N","N","N","0","","0","0","1","","3","N","","2","2","0","0","0","0","0","2","0","2","","","","N","","","","","","","","","",""
"2019094026","","1","0","0","0","0","0","0","0","0","4","0","","02","9","2019","5","40.453378","-79.979171","","11","0","0","0","0","0","0","0","0","2","0","0","0","","","1","","2","","40 27:12.160","4","0","79 58:45.017","4","0","0","0","2301","0","0","0","N","0","0","0","2","02301","1","","1.0","","1","N","N","","0","","0","0","1","","2","Y","","2","1","0","0","0","0","0","2","0","2","","","","N","","","","","","","","","",""
"2019109491","","2","0","0","0","0","0","0","0","0","1","0","","02","10","2019","6","40.42073","-80.05358","","11","0","0","0","0","0","2","0","0","","0","0","0","","","0","","0","","40 25:14.627","","7","80 03:12.889","0","0","0","0","2435","0","0","0","N","0","0","0","2","02435","0","","1.0","","1","N","N","","0","","0","0","0","","2","","","2","0","0","0","0","0","0","2","0","2","","","","N","","","","","","","","","",""
"2019108538","","2","0","0","0","0","0","0","0","0","4","0","","02","10","2019","1","40.436123","-79.994698","","11","0","0","0","0","0","0","0","0","1","0","0","0","","","0","","7","","40 26:10.042","4","2","79 59:40.913","0","0","0","0","2301","0","0","0","N","0","0","0","2","02301","0","","1.0","9999.0","9","N","N","N","0","","0","0","0","","4","Y","","2","0","1","0","0","0","0","2","0","2","","","","N","","","","","","","","","",""
"2019106428","","2","0","0","0","0","0","0","0","0","4","0","","02","10","2019","2","40.342881","-79.848449","","11","0","0","0","0","1","1","0","0","","0","0","0","","","0","","1","","40 20:34.371","","0","79 50:54.416","0","0","0","0","2304","0","0","0","N","0","0","0","2","02304","0","","1.0","","1","N","N","","0","","0","0","0","","3","N","","2","0","0","0","0","0","0","2","0","2","","","","N","","","","","","","","","",""
"2019095768","","1","0","0","0","0","0","0","0","0","7","0","","02","9","2019","2","40.465576","-80.033911","","11","0","0","0","0","0","2","0","0","2","0","0","0","","","1","","0","","40 27:56.074","2","0","80 02:02.081","3","0","0","0","2301","0","0","0","N","0","0","0","4","02301","0","","1.0","","1","N","N","","2","","1","0","1","","0","Y","","4","1","0","0","0","0","0","2","0","4","","","","N","","","","","","","","","",""
"2019112054","","1","0","0","0","0","0","0","0","0","7","0","","02","10","2019","7","40.378404","-80.126286","","11","0","0","0","0","0","0","1","0","1","0","0","0","","","0","","0","","40 22:42.255","1","0","80 07:34.631","0","0","0","0","2102","0","0","0","N","0","0","0","1","02102","0","","5.0","","1","N","N","","0","","0","0","0","","0","N","","1","0","0","0","0","0","0","2","0","1","","","","N","","","","","","","","","",""
"2019093909","","1","0","0","0","0","0","0","0","0","4","0","","02","9","2019","4","40.537864","-79.834781","","11","0","0","0","0","0","1","0","0","2","0","0","0","","","0","","2","","40 32:16.309","2","0","79 50:05.211","0","0","0","0","2208","0","0","0","N","0","0","0","3","02208","0","","1.0","","1","N","N","","0","","0","0","1","","2","N","","2","0","0","0","0","0","0","2","0","2","","","","N","","","","","","","","","",""
"2019109761","","2","0","0","0","0","0","0","0","0","4","0","","02","10","2019","4","40.401344","-79.904527","","11","0","0","0","0","0","1","0","0","","0","0","0","","","1","N","0","","40 24:04.838","","0","79 54:16.296","8","0","0","0","2438","0","0","0","N","0","0","0","2","02438","0","","1.0","","1","N","N","N","0","","0","0","0","","0","","","2","1","0","0","0","1","0","2","0","2","","","","N","","","","","","","","","",""
"2019106439","","1","0","0","0","0","0","0","0","0","7","0","","02","10","2019","4","40.441903","-79.766556","","11","0","0","1","0","0","0","0","0","1","0","0","0","","","1","","0","","40 26:30.850","5","0","79 45:59.600","8","0","0","0","2446","0","0","0","N","0","0","0","2","02446","0","","2.0","","9","N","N","","0","","0","0","0","","0","Y","","1","1","0","0","0","1","0","2","0","1","","","","N","","","","","","","","","",""
"2019119102","","3","0","0","0","0","0","0","0","0","1","0","","02","9","2019","3","40.41765","-80.055719","","11","0","0","0","0","0","0","0","0","","0","0","0","","","2","N","0","","40 25:03.541","","0","80 03:20.590","4","0","0","0","2435","0","0","0","N","0","0","0","5","68B03","2","","1.0","","1","N","N","N","0","","0","0","0","","0","","","3","2","0","0","0","0","0","2","0","3","","","","N","","","","","","","","","",""
"2019094934","","1","0","0","0","0","0","0","0","0","1","0","","02","9","2019","7","40.447239","-79.714045","","11","0","0","0","0","0","0","0","0","","0","0","0","","","0","","6","","40 26:50.060","","2","79 42:50.561","0","0","0","0","2445","0","0","0","N","0","0","0","2","02445","0","","1.0","","1","N","N","","0","","0","0","0","","0","N","","2","0","1","0","0","0","0","2","1","2","","","","N","","","","","","","","","",""
"2019094850","","1","0","0","0","0","0","0","0","0","7","0","","02","9","2019","7","40.438202","-79.830514","","11","0","0","0","0","0","1","0","0","2","0","0","0","","","2","","1","","40 26:17.528","3","0","79 49:49.850","3","0","0","0","2419","0","0","0","Y","0","0","0","2","02419","0","","3.0","","1","N","N","","0","","1","0","1","","2","N","","2","2","0","0","0","1","0","2","0","2","","","","N","","","","","","","","","",""
"2019106492","","2","0","0","0","0","0","0","0","0","1","0","","02","10","2019","2","40.444213","-80.06616","","11","0","0","1","0","0","0","0","0","2","0","0","0","","","1","","2","","40 26:39.166","1","0","80 03:58.176","3","0","0","0","2439","0","0","0","N","0","0","0","4","02439","0","","1.0","","1","N","N","","0","","1","0","0","","0","N","","2","1","0","0","0","0","0","2","0","2","","","","N","","","","","","","","","",""
"2019092899","","1","0","0","0","0","0","0","0","0","4","0","","02","9","2019","2","40.539878","-79.840432","","11","0","0","0","0","0","0","0","0","","0","0","0","","","0","","2","","40 32:23.561","","2","79 50:25.555","0","0","0","0","2208","0","0","0","N","0","0","0","2","02208","0","","7.0","","1","N","N","","1","","0","0","0","","4","","","2","0","0","0","0","0","0","2","0","2","","","","N","","","","","","","","","",""
"2019099470","","0","0","0","0","0","0","0","0","0","4","0","","02","9","2019","7","40.331077","-79.986711","","11","0","0","0","0","0","1","0","0","","0","0","0","","","1","","2","","40 19:51.878","","0","79 59:12.159","3","0","0","0","2440","0","0","0","N","0","0","0","2","02219","0","","1.0","","1","N","N","","1","","1","0","0","","2","N","","2","1","0","0","0","0","0","2","1","2","","","","N","","","","","","","","","",""
"2019097446","","3","0","0","0","0","0","0","0","0","1","0","","02","9","2019","6","40.425875","-79.899071","","11","0","0","0","0","0","2","0","0","","0","0","0","","","2","","0","","40 25:33.149","","0","79 53:56.654","4","0","0","0","2301","0","0","0","N","0","0","0","4","68B03","1","","1.0","","1","N","N","","1","","0","0","0","","0","","","4","2","0","0","0","1","0","2","0","4","","","","N","","","","","","","","","",""
"2019093498","","1","0","0","0","0","0","0","0","0","4","0","","02","9","2019","4","40.378799","-79.962728","","11","0","0","0","0","0","2","0","0","","0","0","0","","","1","","2","","40 22:43.676","","0","79 57:45.820","3","0","0","0","2403","0","0","0","N","0","0","0","2","02403","0","","1.0","","1","N","N","","0","","1","0","1","","3","N","","2","1","0","0","0","0","0","2","0","2","","","","N","","","","","","","","","",""
"2019093189","","0","0","0","0","0","0","0","0","0","7","0","","02","9","2019","3","40.436271","-79.977782","","11","0","0","0","0","0","0","0","0","","0","0","0","","","0","N","2","","40 26:10.575","","0","79 58:40.016","0","0","0","0","2301","0","0","0","N","0","0","0","2","02301","0","","4.0","","1","N","N","","0","","0","0","1","","0","N","","1","0","1","0","0","0","0","2","0","1","","","","N","","","","","","","","","",""
"2019096383","","2","0","0","0","0","0","0","0","0","1","0","","02","9","2019","3","40.455125","-79.998728","","11","0","0","0","0","0","0","0","0","","0","0","0","","","1","","0","","40 27:18.450","","0","79 59:55.420","3","0","0","0","2301","0","0","0","N","0","0","0","5","02301","0","","1.0","","1","N","N","","0","","1","0","0","","0","","","2","1","0","0","0","0","0","2","0","2","","","","N","","","","","","","","","",""
"2019096723","","0","0","0","0","0","0","0","0","0","7","0","","02","9","2019","5","40.446864","-79.939178","","11","0","0","0","0","0","0","0","1","","0","0","0","","","1","","0","","40 26:48.712","","0","79 56:21.041","3","0","0","0","2301","0","0","0","N","0","0","0","1","02301","0","","2.0","","9","N","N","","0","","1","0","1","","0","N","","1","1","0","0","0","0","0","2","0","1","","","","N","","","","","","","","","",""