"CRN","ARRIVAL_TM","AUTOMOBILE_COUNT","BELTED_DEATH_COUNT","BELTED_SUSP_SERIOUS_INJ_COUNT","BICYCLE_COUNT","BICYCLE_DEATH_COUNT","BICYCLE_SUSP_SERIOUS_INJ_COUNT","BUS_COUNT","CHLDPAS_DEATH_COUNT","CHLDPAS_SUSP_SERIOUS_INJ_COUNT","COLLISION_TYPE","COMM_VEH_COUNT","CONS_ZONE_SPD_LIM","COUNTY","CRASH_MONTH","CRASH_YEAR","DAY_OF_WEEK","DEC_LATITUDE","DEC_LONGITUDE","DISPATCH_TM","DISTRICT","DRIVER_COUNT_16YR","DRIVER_COUNT_17YR","DRIVER_COUNT_18YR","DRIVER_COUNT_19YR","DRIVER_COUNT_20YR","DRIVER_COUNT_50_64YR","DRIVER_COUNT_65_74YR","DRIVER_COUNT_75PLUS","EST_HRS_CLOSED","FATAL_COUNT","HEAVY_TRUCK_COUNT","HORSE_BUGGY_COUNT","HOUR_OF_DAY","ILLUMINATION","INJURY_COUNT","INTERSECTION_RELATED","INTERSECT_TYPE","LANE_CLOSED","LATITUDE","LN_CLOSE_DIR","LOCATION_TYPE","LONGITUDE","MAX_SEVERITY_LEVEL","MCYCLE_DEATH_COUNT","MCYCLE_SUSP_SERIOUS_INJ_COUNT","MOTORCYCLE_COUNT","MUNICIPALITY","NONMOTR_COUNT","NONMOTR_DEATH_COUNT","NONMOTR_SUSP_SERIOUS_INJ_COUNT","NTFY_HIWY_MAINT","PED_COUNT","PED_DEATH_COUNT","PED_SUSP_SERIOUS_INJ_COUNT","PERSON_COUNT","POLICE_AGCY","POSSIBLE_INJ_COUNT","RDWY_SURF_TYPE_CD","RELATION_TO_ROAD","ROADWAY_CLEARED","ROAD_CONDITION","SCH_BUS_IND","SCH_ZONE_IND","SECONDARY_CRASH","SMALL_TRUCK_COUNT","SPEC_JURIS_CD","SUSP_MINOR_INJ_COUNT","SUSP_SERIOUS_INJ_COUNT","SUV_COUNT","TCD_FUNC_CD","TCD_TYPE","TFC_DETOUR_IND","TIME_OF_DAY","TOTAL_UNITS","TOT_INJ_COUNT","UNBELTED_OCC_COUNT","UNB_DEATH_COUNT","UNB_SUSP_SERIOUS_INJ_COUNT","UNK_INJ_DEG_COUNT","UNK_INJ_PER_COUNT","URBAN_RURAL","VAN_COUNT","VEHICLE_COUNT","WEATHER1","WEATHER2","WORKERS_PRES","WORK_ZONE_IND","WORK_ZONE_LOC","WORK_ZONE_TYPE","WZ_CLOSE_DETOUR","WZ_FLAGGER","WZ_LAW_OFFCR_IND","WZ_LN_CLOSURE","WZ_MOVING","WZ_OTHER","WZ_SHLDER_MDN","WZ_WORKERS_INJ_KILLED"
"2019109518","","1","0","0","0","0","0","0","0","0","4","0","","02","10","2019","1","40.358184","-79.831833","","11","0","0","0","1","0","1","0","0","1","0","0","0","","","2","N","0","","40 21:29.462","5","0","79 49:54.598","3","0","0","0","2477","0","0","0","N","0","0","0","3","02477","0","","1.0","","1","N","N","","0","","2","0","1","","0","N","","2","2","0","0","0","0","0","2","0","2","","","","N","","","","","","","","","",""
"2019093983","","2","0","0","0","0","0","0","0","0","1","0","","02","9","2019","4","40.574161","-79.925994","","11","0","0","0","0","0","0","0","0","1","0","0","0","","","0","","0","","40 34:26.980","1","0","79 55:33.580","0","0","0","0","2207","0","0","0","N","0","0","0","3","02207","0","","1.0","","1","N","N","","0","","0","0","0","","3","N","","2","0","0","0","0","0","0","2","0","2","","","","N","","","","","","","","","",""
"2019095578","","2","0","0","0","0","0","0","0","0","0","0","","02","9","2019","2","40.45758","-79.876779","","11","0","0","0","0","0","0","0","0","2","0","0","0","","","0","","0","","40 27:27.288","1","0","79 52:36.403","0","0","0","0","2301","0","0","0","N","0","0","0","2","02301","0","","1.0","","1","N","N","","0","","0","0","0","","0","N","","2","0","0","0","0","0","0","2","0","2","","","","N","","","","","","","","","",""
"2019108700","","2","0","0","0","0","0","0","0","0","1","0","","02","10","2019","1","40.432928","-79.996709","","11","0","0","0","0","0","0","0","0","","0","0","0","","","0","","0","","40 25:58.541","","3","79 59:48.154","0","0","0","0","2301","0","0","0","N","0","0","0","2","02301","0","","1.0","","1","N","N","","0","","0","0","0","","0","N","","2","0","0","0","0","0","0","2","0","2","","","","N","","","","","","","","","",""
"2019094421","","1","0","0","0","0","0","0","0","0","7","0","","02","9","2019","5","40.51743","-80.128064","","11","0","0","0","0","0","0","0","0","2","0","0","0","","","0","N","0","","40 31:02.747","1","0","80 07:41.029","0","0","0","0","2434","0","0","0","N","0","0","0","3","02215","0","","2.0","9999.0","1","N","N","N","0","","0","0","0","","0","N","","1","0","2","0","0","0","0","2","0","1","","","","N","","","","","","","","","",""
"2019129875","","2","0","0","0","0","0","0","0","0","1","0","","02","12","2019","6","40.494027","-79.90305","","11","0","0","0","0","0","1","0","0","","0","0","0","","","0","N","0","","40 29:38.497","","0","79 54:10.979","0","0","0","0","2401","0","0","0","N","0","0","0","4","68D02","0","","1.0","","9","N","N","N","0","","0","0","1","","0","","","3","0","0","0","0","0","0","2","0","3","","","","N","","","","","","","","","",""
"2019095197","","1","0","0","0","0","0","0","0","0","4","0","","02","9","2019","1","40.549409","-79.839986","","11","0","0","0","0","0","2","0","0","1","0","0","0","","","2","","1","","40 32:57.873","2","0","79 50:23.951","8","0","0","0","2208","0","0","0","N","0","0","0","2","02208","0","","1.0","","1","N","N","","1","","0","0","0","","2","N","","2","2","1","0","0","2","0","2","0","2","","","","N","","","","","","","","","",""
"2019120948","","2","0","0","0","0","0","0","0","0","6","0","","02","10","2019","6","40.524089","-80.186964","","11","0","0","0","0","0","0","0","0","","0","0","0","","","0","","0","","40 31:26.720","","0","80 11:13.070","0","0","0","0","2213","0","0","0","N","0","0","0","2","02213","0","","1.0","","1","N","N","","0","","0","0","0","","0","","","2","0","0","0","0","0","0","2","0","2","","","","N","","","","","","","","","",""
"2019122775","","1","0","0","0","0","0","0","0","0","1","0","","02","10","2019","1","40.426376","-79.893609","","11","0","0","0","0","0","0","0","0","","0","0","0","","","0","N","0","","40 25:34.953","4","0","79 53:36.993","0","0","0","0","2301","0","0","0","N","0","0","0","4","68B03","0","","1.0","1930.0","1","N","N","N","0","","0","0","3","","0","N","","4","0","0","0","0","0","0","2","0","4","","03","","N","","","","","","","","","",""
"2019097564","","2","0","0","0","0","0","0","0","0","1","0","","02","9","2019","7","40.522845","-80.078646","","11","0","0","0","0","0","0","0","0","","0","0","0","","","0","N","2","","40 31:22.242","","0","80 04:43.125","0","0","0","0","2215","0","0","0","N","0","0","0","3","02215","0","","1.0","","1","N","N","N","0","","0","0","0","","0","","","2","0","0","0","0","0","0","2","0","2","","","","N","","","","","","","","","",""
"2019118161","","1","0","0","0","0","0","0","0","0","7","0","","02","11","2019","3","40.637195","-79.725108","","11","0","0","0","0","0","0","0","0","2","0","0","0","","","2","","0","","40 38:13.901","2","0","79 43:30.389","3","0","0","0","2106","0","0","0","Y","0","0","0","3","68D02","0","","2.0","","6","N","N","","0","","2","0","0","","0","N","","1","2","0","0","0","0","0","1","0","1","","","","N","","","","","","","","","",""
"2019105338","","1","0","0","0","0","0","0","0","0","7","0","","02","10","2019","6","40.449385","-79.998897","","11","0","0","0","0","0","0","0","0","","0","0","0","","","0","","0","","40 26:57.786","","0","79 59:56.028","9","0","0","0","2301","0","0","0","N","0","0","0","2","02301","0","","2.0","","1","N","N","","0","","0","0","0","","0","N","","1","0","0","0","0","0","2","2","0","1","","","","N","","","","","","","","","",""
"2019122426","","0","0","0","0","0","0","0","0","0","1","1","","02","10","2019","2","40.421105","-80.045841","","11","0","0","0","0","0","0","0","0","","0","1","0","","","0","","6","","40 25:15.978","","0","80 02:45.027","0","0","0","0","2435","0","0","0","N","0","0","0","3","68B03","0","","1.0","","1","N","N","","1","","0","0","0","","0","","","2","0","1","0","0","0","0","2","0","2","","","","N","","","","","","","","","",""
"2019104078","","1","0","0","0","0","0","0","0","0","4","0","","02","10","2019","3","40.338084","-79.806757","","11","0","0","0","0","0","0","1","0","","0","0","0","","","2","","0","","40 20:17.101","","7","79 48:24.324","3","0","0","0","2477","0","0","0","N","0","0","0","2","02477","0","","1.0","","1","N","N","","0","","2","0","1","","2","","","2","2","0","0","0","0","0","2","0","2","","","","N","","","","","","","","","",""
"2019095358","","1","0","0","0","0","0","0","0","0","6","0","","02","9","2019","6","40.429364","-79.999101","","11","0","0","0","0","0","0","0","0","","0","0","0","","","1","N","1","","40 25:45.712","","3","79 59:56.762","8","0","0","0","2301","0","0","0","N","0","0","0","2","02301","0","","1.0","","1","N","N","N","0","","0","0","1","","2","N","","2","1","0","0","0","1","1","2","0","2","","","","N","","","","","","","","","",""
"2019096998","","2","0","0","0","0","0","0","0","0","2","0","","02","9","2019","5","40.268631","-79.831536","","11","0","1","0","0","0","0","0","0","","0","0","0","","","1","","0","","40 16:07.070","","0","79 49:53.530","4","0","0","0","2105","0","0","0","N","0","0","0","2","02105","1","","1.0","","1","N","N","","0","","0","0","0","","0","N","","2","1","0","0","0","0","0","2","0","2","","","","N","","","","","","","","","",""
"2019107110","","1","0","0","0","0","0","0","0","0","7","0","","02","10","2019","1","40.561179","-79.959206","","11","0","0","0","0","0","0","0","0","2","0","0","0","","","1","","0","","40 33:40.244","2","0","79 57:33.143","8","0","0","0","2207","0","0","0","N","0","0","0","1","02207","0","","2.0","","1","N","N","","0","","0","0","0","","0","N","","1","1","0","0","0","1","0","2","0","1","","","","N","","","","","","","","","",""
"2019092916","","1","0","0","0","0","0","0","0","0","4","0","","02","9","2019","2","40.447931","-80.00206","","11","0","0","0","0","0","0","2","0","1","0","0","0","","","0","","1","","40 26:52.553","1","0","80 00:07.417","0","0","0","0","2301","0","0","0","N","0","0","0","2","02301","0","","1.0","","1","N","N","","0","","0","0","1","","3","Y","","2","0","0","0","0","0","0","2","0","2","","","","N","","","","","","","","","",""
"2019105979","","2","0","0","0","0","0","0","0","0","7","0","","02","10","2019","1","40.434808","-79.791131","","11","0","0","0","0","0","0","0","0","1","0","0","0","","","2","","0","","40 26:05.307","3","7","79 47:28.071","3","0","0","0","2446","0","0","0","N","0","0","0","5","02446","0","","1.0","","1","N","N","","0","","1","0","0","","0","Y","","2","2","0","0","0","1","0","2","0","2","","","","N","","","","","","","","","",""
"2019100815","","1","0","0","0","0","0","0","0","0","8","0","","02","9","2019","6","40.431567","-79.893144","","11","0","0","0","0","0","0","0","0","","0","0","0","","","1","","0","","40 25:53.640","","0","79 53:35.320","8","0","0","0","2426","1","0","0","N","1","0","0","2","02426","0","","1.0","","1","N","N","","0","","0","0","0","","0","","","2","1","0","0","0","1","0","2","0","1","","","","N","","","","","","","","","",""
"2019126115","","1","0","0","0","0","0","0","0","0","1","0","","02","12","2019","7","40.459042","-79.922103","","11","0","0","0","0","0","0","0","0","","0","0","0","","","2","N","0","","40 27:32.550","5","0","79 55:19.570","3","0","0","0","2301","0","0","0","N","0","0","0","6","02301","1","","2.0","540.0","1","N","N","N","0","","1","0","2","","0","Y","","3","2","0","0","0","0","0","2","0","3","","","","N","","","","","","","","","",""
"2019108773","","1","0","0","0","0","0","0","0","0","7","0","","02","10","2019","6","40.656626","-80.089071","","11","0","0","0","0","0","1","0","0","1","0","0","0","","","0","","0","","40 39:23.852","2","0","80 05:20.657","9","0","0","0","2212","0","0","0","N","0","0","0","1","02505","0","","3.0","","1","N","N","","0","","0","0","0","","0","N","","1","0","1","0","0","0","1","2","0","1","","","","N","","","","","","","","","",""
"2019107880","","2","0","0","0","0","0","0","0","0","4","0","","02","10","2019","6","40.372989","-80.099264","","11","0","0","0","0","0","1","0","0","","0","0","0","","","0","","2","","40 22:22.759","","0","80 05:57.352","0","0","0","0","2102","0","0","0","N","0","0","0","4","02102","0","","1.0","","1","N","N","","0","","0","0","0","","2","","","2","0","0","0","0","0","0","2","0","2","","","","N","","","","","","","","","",""
"2019092816","","1","0","0","0","0","0","0","0","0","7","0","","02","9","2019","2","40.444648","-80.028847","","11","0","0","0","0","0","0","0","0","","0","0","0","","","0","","3","","40 26:40.732","","0","80 01:43.848","0","0","0","0","2301","0","0","0","N","0","0","0","2","02301","0","","2.0","","1","N","N","","0","","0","0","0","","3","","","1","0","0","0","0","0","0","2","0","1","","","","N","","","","","","","","","",""
"2019108907","","1","0","0","0","0","0","0","0","0","1","0","","02","10","2019","3","40.413781","-79.922733","","11","0","0","0","0","0","1","0","0","","0","0","0","","","1","","2","","40 24:49.612","","0","79 55:21.837","4","0","0","0","2301","0","0","0","N","0","0","0","2","02301","1","","1.0","","1","N","N","","1","","0","0","0","","2","N","","2","1","0","0","0","0","0","2","0","2","","","","N","","","","","","","","","",""
"2019093802","","1","0","0","0","0","0","0","0","0","8","0","","02","9","2019","4","40.464444","-79.926687","","11","0","0","0","0","0","1","0","0","1","0","0","0","","","1","","3","","40 27:51.998","2","0","79 55:36.073","4","0","0","0","2301","1","0","0","N","1","0","0","2","02301","1","","1.0","","1","N","N","","0","","0","0","0","","0","N","","2","1","0","0","0","0","0","2","0","1","","","","N","","","","","","","","","",""
"2019096739","","0","0","0","0","0","0","0","0","0","8","0","","02","9","2019","5","40.441778","-79.959431","","11","0","0","0","0","0","0","0","0","","0","0","0","","","1","","0","","40 26:30.400","","7","79 57:33.950","4","0","0","0","2301","1","0","0","N","1","0","0","2","02301","1","","1.0","","1","N","N","","0","","0","0","0","","0","","","2","1","0","0","0","0","0","2","1","1","","","","N","","","","","","","","","",""
"2019105604","","1","0","0","0","0","0","0","0","0","7","0","","02","10","2019","7","40.304499","-79.894764","","11","0","0","0","0","0","0","0","0","2","0","0","0","","","0","","0","","40 18:16.195","5","0","79 53:41.150","0","0","0","0","2302","0","0","0","N","0","0","0","1","02302","0","","4.0","","1","N","N","","0","","0","0","0","","0","Y","","1","0","0","0","0","0","0","2","0","1","","","","N","","","","","","","","","",""
"2019122432","","1","0","0","0","0","0","0","0","0","1","0","","02","11","2019","7","40.519011","-80.055355","","11","0","0","0","0","0","1","0","0","","0","0","0","","","0","","0","","40 31:08.441","","0","80 03:19.278","0","0","0","0","2116","0","0","0","N","0","0","0","2","68B03","0","","1.0","","1","N","N","","0","","0","0","1","","0","","","2","0","0","0","0","0","0","2","0","2","","","","N","","","","","","","","","",""
"2019096600","","1","0","0","0","0","0","0","0","0","6","0","","02","9","2019","4","40.478709","-79.947595","","11","0","0","0","0","0","0","0","0","","0","0","0","","","1","","0","","40 28:43.352","","0","79 56:51.341","3","0","0","0","2301","0","0","0","N","0","0","0","1","02301","0","","1.0","","1","N","N","","0","","1","0","1","","0","","","2","1","0","0","0","0","0","2","0","2","","","","N","","","","","","","","","",""
"2019107842","","0","0","0","0","0","0","0","0","0","7","0","","02","10","2019","6","40.514264","-79.830964","","11","1","0","0","0","0","0","0","0","1","0","0","0","","","0","","0","","40 30:51.350","5","0","79 49:51.470","0","0","0","0","2451","0","0","0","N","0","0","0","2","02451","0","","5.0","","1","N","N","","1","","0","0","0","","0","Y","","1","0","0","0","0","0","0","2","0","1","","","","N","","","","","","","","","",""
"2019109014","","1","0","0","0","0","0","0","0","0","7","0","","02","10","2019","1","40.397236","-79.980661","","11","0","0","0","0","0","1","0","0","1","0","0","0","","","1","","0","","40 23:50.050","3","0","79 58:50.380","3","0","0","0","2301","0","0","0","N","0","0","0","1","02301","0","","2.0","","1","N","N","","0","","1","0","0","","0","N","","1","1","0","0","0","0","0","2","0","1","","","","N","","","","","","","","","",""
"2019095105","","2","0","0","0","0","0","0","0","0","4","0","","02","9","2019","7","40.438231","-79.99604","","11","0","0","0","0","1","0","0","0","1","0","0","0","","","0","N","1","","40 26:17.633","3","0","79 59:45.745","0","0","0","0","2301","0","0","0","N","0","0","0","9","02301","0","","1.0","","1","N","N","","0","","0","0","0","","2","N","","2","0","0","0","0","0","0","2","0","2","","","","N","","","","","","","","","",""
"2019104174","","0","0","0","0","0","0","0","0","0","7","0","","02","10","2019","4","40.454254","-79.994661","","11","0","0","0","0","0","0","0","0","1","0","0","0","","","1","","6","","40 27:15.313","1","2","79 59:40.778","8","0","0","0","2301","0","0","0","N","0","0","0","1","02301","0","","2.0","","9","N","N","","1","","0","0","0","","0","N","","1","1","0","0","0","1","0","2","0","1","","","","N","","","","","","","","","",""
"2019105100","","3","0","0","0","0","0","0","0","0","4","0","","02","10","2019","2","40.372719","-79.848897","","11","0","0","0","0","0","0","1","0","","0","0","0","","","1","","0","","40 22:21.790","","7","79 50:56.030","4","0","0","0","2303","0","0","0","N","0","0","0","1","02303","1","","1.0","","1","N","N","","0","","0","0","0","","0","N","","3","1","0","0","0","0","0","2","0","3","","","","N","","","","","","","","","",""
"2019122293","","1","0","0","0","0","0","0","0","0","7","0","","02","11","2019","5","40.392634","-79.881723","","11","0","0","0","0","0","0","0","0","","0","0","0","","","1","","2","","40 23:33.482","","0","79 52:54.202","8","0","0","0","2473","0","0","0","N","0","0","0","2","02473","0","","5.0","","1","N","N","N","0","","0","0","0","","0","","","1","1","0","0","0","1","0","2","0","1","","03","","N","","","","","","","","","",""
"2019130546","","1","0","0","0","0","0","0","0","0","4","0","","02","12","2019","4","40.47533","-79.786671","","11","0","0","0","0","0","0","0","0","","0","0","0","","","0","","2","","40 28:31.188","","0","79 47:12.015","0","0","0","0","2113","0","0","0","N","0","0","0","2","02113","0","","1.0","","2","N","N","N","0","","0","0","1","","3","","","2","0","0","0","0","0","0","2","0","2","","","","N","","","","","","","","","",""
"2019106359","","1","0","0","0","0","0","0","0","0","7","0","","02","10","2019","3","40.344789","-79.835683","","11","0","0","0","0","0","0","0","0","1","0","0","0","","","0","","0","","40 20:41.240","3","0","79 50:08.460","0","0","0","0","2304","0","0","0","N","0","0","0","1","02304","0","","2.0","","1","N","N","","0","","0","0","0","","0","N","","1","0","0","0","0","0","0","2","0","1","","","","N","","","","","","","","","",""
"2019105214","","1","0","0","0","0","0","0","0","0","1","0","","02","10","2019","6","40.460207","-79.809397","","11","0","0","0","0","0","0","0","0","2","0","0","0","","","8","","2","","40 27:36.745","6","0","79 48:33.829","8","0","0","0","2113","0","0","0","N","0","0","0","8","02113","0","","1.0","","1","N","N","","0","","0","0","1","","0","Y","","2","8","4","0","0","8","0","2","0","2","","","","N","","","","","","","","","",""
"2019105206","","1","0","0","0","0","0","0","0","0","1","0","","02","10","2019","6","40.449708","-79.993428","","11","0","0","1","0","0","1","0","0","","0","0","0","","","0","","0","","40 26:58.947","","3","79 59:36.341","0","0","0","0","2301","0","0","0","N","0","0","0","4","02301","0","","1.0","","1","N","Y","","0","","0","0","1","","0","N","","2","0","0","0","0","0","0","2","0","2","","","","N","","","","","","","","","",""
"2019096749","","1","0","0","0","0","0","0","0","0","4","1","","02","9","2019","3","40.658897","-79.974515","","11","0","0","0","0","0","1","1","0","1","0","1","0","","","1","","1","","40 39:32.029","6","0","79 58:28.254","3","0","0","0","2217","0","0","0","N","0","0","0","5","02505","0","","1.0","","1","N","N","","1","","1","0","0","","2","N","","3","1","0","0","0","0","0","1","0","3","","","","N","","","","","","","","","",""
"2019095967","","2","0","0","0","0","0","0","0","0","4","0","","02","9","2019","3","40.494386","-79.747641","","11","1","1","0","0","0","0","0","0","1","0","0","0","","","0","","2","","40 29:39.790","2","0","79 44:51.507","0","0","0","0","2466","0","0","0","N","0","0","0","4","02466","0","","1.0","","1","N","N","","0","","0","0","0","","3","N","","2","0","0","0","0","0","0","2","0","2","","","","N","","","","","","","","","",""
"2019097085","","1","0","0","0","0","0","0","0","0","4","0","","02","9","2019","6","40.44359","-80.028045","","11","0","0","0","0","0","0","0","0","2","0","0","0","","","0","","2","","40 26:36.923","1","0","80 01:40.961","0","0","0","0","2301","0","0","0","N","0","0","0","4","02301","0","","1.0","","1","N","N","","0","","0","0","1","","3","N","","2","0","0","0","0","0","0","2","0","2","","","","N","","","","","","","","","",""
"2019122773","","1","0","0","0","0","0","0","0","0","1","0","","02","10","2019","4","40.416749","-80.086169","","11","0","0","0","0","0","1","0","0","","0","0","0","","","0","N","0","","40 25:00.296","3","0","80 05:10.207","0","0","0","0","2415","0","0","0","N","0","0","0","4","68B03","0","","1.0","1630.0","1","N","N","N","0","","0","0","1","","0","N","","2","0","2","0","0","0","0","2","0","2","","03","","N","","","","","","","","","",""
"2019099584","","1","0","0","0","0","0","0","0","0","7","0","","02","9","2019","7","40.470427","-80.060397","","11","0","0","0","0","0","0","0","0","1","0","0","0","","","0","","0","","40 28:13.538","1","0","80 03:37.430","0","0","0","0","2444","0","0","0","N","0","0","0","1","02444","0","","2.0","","1","N","N","","0","","0","0","0","","0","N","","1","0","0","0","0","0","0","2","0","1","","","","N","","","","","","","","","",""
"2019099798","","2","0","0","0","0","0","0","0","0","1","0","","02","9","2019","5","40.515598","-80.19796","","11","0","0","0","0","0","0","0","0","1","0","0","0","","","1","","0","","40 30:56.154","5","7","80 11:52.655","4","0","0","0","2213","0","0","0","N","0","0","0","3","02213","1","","1.0","","1","N","N","","0","","0","0","0","","0","N","","2","1","0","0","0","0","0","2","0","2","","","","N","","","","","","","","","",""
"2019108671","","1","0","0","0","0","0","0","0","0","7","0","","02","10","2019","1","40.406978","-80.004241","","11","0","0","0","0","0","0","0","0","","0","0","0","","","0","","0","","40 24:25.122","","0","80 00:15.268","0","0","0","0","2301","0","0","0","N","0","0","0","2","02301","0","","2.0","","1","N","N","","0","","0","0","0","","0","N","","1","0","0","0","0","0","0","2","0","1","","","","N","","","","","","","","","",""
"2019123380","","3","0","0","0","0","0","0","0","0","5","0","","02","11","2019","3","40.506319","-79.950666","","11","0","0","0","0","0","0","0","1","1","0","0","0","","","0","","0","","40 30:22.747","1","0","79 57:02.396","0","0","0","0","2430","0","0","0","N","0","0","0","1","02430","0","","6.0","","1","N","N","","0","","0","0","0","","0","N","","3","0","0","0","0","0","0","2","0","3","","","","N","","","","","","","","","",""
"2019099379","","1","0","0","0","0","0","0","0","0","1","0","","02","9","2019","6","40.490427","-79.951614","","11","0","0","0","0","0","1","0","0","1","0","0","0","","","0","","0","","40 29:25.538","1","0","79 57:05.810","0","0","0","0","2430","0","0","0","N","0","0","0","2","02118","0","","1.0","","1","N","N","","0","","0","0","1","","0","N","","2","0","0","0","0","0","0","2","0","2","","","","N","","","","","","","","","",""
"2019105336","","1","0","0","0","0","0","0","0","0","1","0","","02","10","2019","6","40.444177","-80.028142","","11","0","0","0","0","0","1","0","0","1","0","0","0","","","0","","1","","40 26:39.037","1","3","80 01:41.310","0","0","0","0","2301","0","0","0","N","0","0","0","3","02301","0","","1.0","","1","N","N","","1","","0","0","0","","2","N","","2","0","0","0","0","0","0","2","0","2","","","","N","","","","","","","","","",""
"2019103415","","2","0","0","0","0","0","0","0","0","4","0","","02","10","2019","2","40.439879","-80.211825","","11","0","0","0","0","0","1","0","0","","0","0","0","","","1","","2","","40 26:23.566","","0","80 12:42.571","4","0","0","0","2214","0","0","0","N","0","0","0","2","02214","1","","1.0","","1","N","N","","0","","0","0","0","","3","","","2","1","0","0","0","0","0","2","0","2","","","","N","","","","","","","","","",""
"2019094511","","1","0","0","0","0","0","0","0","0","4","0","","02","9","2019","6","40.446329","-79.95554","","11","0","0","0","0","0","0","0","1","","0","0","0","","","0","","1","","40 26:46.784","","0","79 57:19.945","0","0","0","0","2301","0","0","0","N","0","0","0","3","02301","0","","1.0","","1","N","N","","0","","0","0","1","","0","N","","2","0","0","0","0","0","0","2","0","2","","","","N","","","","","","","","","",""
"2019097833","","2","0","0","0","0","0","0","0","0","4","0","","02","9","2019","7","40.313755","-80.089712","","11","0","0","1","0","0","1","0","0","","0","0","0","","","2","","1","","40 18:49.517","","0","80 05:22.963","3","0","0","0","2123","0","0","0","N","0","0","0","4","02123","0","","1.0","","9","N","N","","0","","2","0","0","","2","","","2","2","0","0","0","0","0","2","0","2","","","","N","","","","","","","","","",""
"2019104992","","2","0","0","0","0","0","0","0","0","1","0","25","02","10","2019","5","40.435409","-79.983859","","11","0","0","0","0","0","0","0","0","1","0","0","0","","","2","","0","","40 26:07.473","3","0","79 59:01.892","8","0","0","0","2301","0","0","0","N","0","0","0","5","02301","0","","1.0","","1","N","N","","0","","0","0","0","","0","N","","2","2","2","0","0","2","0","2","0","2","","","Y","Y","4","1","","","N","Y","","","",""
"2019093151","","1","0","0","0","0","0","0","0","0","4","0","","02","9","2019","3","40.334955","-79.971003","","11","0","0","0","0","0","1","0","0","1","0","0","0","","","1","","2","","40 20:05.838","5","0","79 58:15.610","8","0","0","0","2454","0","0","0","N","0","0","0","2","02454","0","","1.0","","1","N","N","","0","","0","0","0","","3","Y","","2","1","0","0","0","1","0","2","1","2","","","","N","","","","","","","","","",""
"2019122111","","0","0","0","0","0","0","0","0","0","1","0","","02","10","2019","6","40.522613","-80.131194","","11","0","0","0","0","0","0","0","0","","0","0","0","","","0","N","0","","40 31:21.408","1","3","80 07:52.300","0","0","0","0","2434","0","0","0","N","0","0","0","4","68B03","0","","1.0","1450.0","1","N","N","N","0","","0","0","3","","0","N","","3","0","0","0","0","0","0","2","0","3","","03","","N","","","","","","","","","",""
"2019108125","","1","0","0","0","0","0","0","0","0","0","0","","02","10","2019","6","40.471547","-79.926308","","11","0","0","0","0","0","1","0","0","","0","0","0","","","0","","1","","40 28:17.569","","0","79 55:34.708","0","0","0","0","2301","0","0","0","N","0","0","0","1","02301","0","","4.0","","1","N","N","","0","","0","0","0","","2","","","2","0","0","0","0","0","0","2","0","1","","","","N","","","","","","","","","",""
"2019108636","","0","0","0","0","0","0","0","0","0","1","0","","02","10","2019","3","40.580045","-79.966581","","11","0","0","0","0","0","0","0","0","1","0","0","0","","","0","","0","","40 34:48.163","4","0","79 57:59.693","0","0","0","0","2207","0","0","0","N","0","0","0","2","02207","0","","1.0","","9","N","N","","1","","0","0","1","","0","N","","2","0","0","0","0","0","0","2","0","2","","","","N","","","","","","","","","",""
"2019108212","","2","0","0","0","0","0","0","0","0","4","0","","02","10","2019","7","40.438231","-79.99604","","11","0","0","0","0","1","1","0","0","1","0","0","0","","","1","","1","","40 26:17.633","3","0","79 59:45.745","8","0","0","0","2301","0","0","0","N","0","0","0","3","02301","0","","1.0","","9","N","N","","0","","0","0","0","","2","Y","","2","1","0","0","0","1","0","2","0","2","","","","N","","","","","","","","","",""
"2019107958","","1","0","0","0","0","0","0","0","0","99","0","","02","10","2019","1","40.238184","-79.863861","","11","0","0","0","0","0","1","0","0","","0","0","0","","","0","","0","","40 14:17.462","","0","79 51:49.901","0","0","0","0","2204","0","0","0","N","0","0","0","1","02204","0","","1.0","","1","N","N","","0","","0","0","0","","0","N","","1","0","0","0","0","0","0","1","0","1","","","","N","","","","","","","","","",""
"2019097437","","2","0","0","0","0","0","0","0","0","1","0","","02","9","2019","4","40.399383","-80.105769","","11","0","0","0","0","0","1","0","0","2","0","0","0","","","0","","0","","40 23:57.780","2","0","80 06:20.768","0","0","0","0","2102","0","0","0","N","0","0","0","3","68B03","0","","1.0","","1","N","N","","0","","0","0","1","","0","N","","3","0","0","0","0","0","0","2","0","3","","","","N","","","","","","","","","",""
"2019105191","","1","0","0","0","0","0","0","0","0","2","0","","02","10","2019","6","40.489098","-80.034471","","11","0","0","0","0","0","0","0","0","","0","0","0","","","0","","0","","40 29:20.752","","0","80 02:04.095","0","0","0","0","2301","0","0","0","N","0","0","0","1","02301","0","","6.0","","1","N","N","","0","","0","0","1","","0","N","","2","0","0","0","0","0","0","2","0","2","","","","N","","","","","","","","","",""
"2019112466","","1","0","0","0","0","0","0","0","0","99","0","","02","11","2019","1","40.505076","-79.78941","","11","0","0","0","0","0","1","0","0","","0","0","0","","","0","","0","","40 30:18.272","","0","79 47:21.876","0","0","0","0","2466","0","0","0","N","0","0","0","2","68T02","0","","1.0","","1","N","N","","0","","0","0","0","","0","","","1","0","0","0","0","0","0","2","0","1","","","","N","","","","","","","","","",""