"CRN","ARRIVAL_TM","AUTOMOBILE_COUNT","BELTED_DEATH_COUNT","BELTED_SUSP_SERIOUS_INJ_COUNT","BICYCLE_COUNT","BICYCLE_DEATH_COUNT","BICYCLE_SUSP_SERIOUS_INJ_COUNT","BUS_COUNT","CHLDPAS_DEATH_COUNT","CHLDPAS_SUSP_SERIOUS_INJ_COUNT","COLLISION_TYPE","COMM_VEH_COUNT","CONS_ZONE_SPD_LIM","COUNTY","CRASH_MONTH","CRASH_YEAR","DAY_OF_WEEK","DEC_LATITUDE","DEC_LONGITUDE","DISPATCH_TM","DISTRICT","DRIVER_COUNT_16YR","DRIVER_COUNT_17YR","DRIVER_COUNT_18YR","DRIVER_COUNT_19YR","DRIVER_COUNT_20YR","DRIVER_COUNT_50_64YR","DRIVER_COUNT_65_74YR","DRIVER_COUNT_75PLUS","EST_HRS_CLOSED","FATAL_COUNT","HEAVY_TRUCK_COUNT","HORSE_BUGGY_COUNT","HOUR_OF_DAY","ILLUMINATION","INJURY_COUNT","INTERSECTION_RELATED","INTERSECT_TYPE","LANE_CLOSED","LATITUDE","LN_CLOSE_DIR","LOCATION_TYPE","LONGITUDE","MAX_SEVERITY_LEVEL","MCYCLE_DEATH_COUNT","MCYCLE_SUSP_SERIOUS_INJ_COUNT","MOTORCYCLE_COUNT","MUNICIPALITY","NONMOTR_COUNT","NONMOTR_DEATH_COUNT","NONMOTR_SUSP_SERIOUS_INJ_COUNT","NTFY_HIWY_MAINT","PED_COUNT","PED_DEATH_COUNT","PED_SUSP_SERIOUS_INJ_COUNT","PERSON_COUNT","POLICE_AGCY","POSSIBLE_INJ_COUNT","RDWY_SURF_TYPE_CD","RELATION_TO_ROAD","ROADWAY_CLEARED","ROAD_CONDITION","SCH_BUS_IND","SCH_ZONE_IND","SECONDARY_CRASH","SMALL_TRUCK_COUNT","SPEC_JURIS_CD","SUSP_MINOR_INJ_COUNT","SUSP_SERIOUS_INJ_COUNT","SUV_COUNT","TCD_FUNC_CD","TCD_TYPE","TFC_DETOUR_IND","TIME_OF_DAY","TOTAL_UNITS","TOT_INJ_COUNT","UNBELTED_OCC_COUNT","UNB_DEATH_COUNT","UNB_SUSP_SERIOUS_INJ_COUNT","UNK_INJ_DEG_COUNT","UNK_INJ_PER_COUNT","URBAN_RURAL","VAN_COUNT","VEHICLE_COUNT","WEATHER1","WEATHER2","WORKERS_PRES","WORK_ZONE_IND","WORK_ZONE_LOC","WORK_ZONE_TYPE","WZ_CLOSE_DETOUR","WZ_FLAGGER","WZ_LAW_OFFCR_IND","WZ_LN_CLOSURE","WZ_MOVING","WZ_OTHER","WZ_SHLDER_MDN","WZ_WORKERS_INJ_KILLED"
"2019105896","","1","0","0","0","0","0","0","0","0","7","0","","02","10","2019","1","40.537092","-80.177319","","11","0","0","0","0","0","0","0","0","1","0","0","0","","","0","","0","","40 32:13.530","2","0","80 10:38.350","0","0","0","0","2458","0","0","0","N","0","0","0","1","02458","0","","5.0","","1","N","N","","0","","0","0","0","","0","N","","1","0","0","0","0","0","0","2","0","1","","","","N","","","","","","","","","",""
"2019103574","","1","0","0","0","0","0","0","0","0","4","0","","02","10","2019","2","40.455247","-80.020131","","11","0","0","1","0","0","0","0","0","3","0","0","0","","","0","","1","","40 27:18.889","1","0","80 01:12.472","0","0","0","0","2301","0","0","0","N","0","0","0","8","02301","0","","1.0","","1","N","N","","1","","0","0","0","","2","Y","","2","0","2","0","0","0","0","2","0","2","","","","N","","","","","","","","","",""
"2019093441","","0","0","0","0","0","0","0","0","0","7","1","","02","9","2019","3","40.443775","-79.796161","","11","0","0","0","0","0","0","0","0","2","0","1","0","","","0","","0","","40 26:37.590","4","4","79 47:46.180","0","0","0","0","2446","0","0","0","N","0","0","0","1","02446","0","","1.0","","1","N","N","","0","","0","0","0","","0","N","","1","0","0","0","0","0","0","2","0","1","","","","N","","","","","","","","","",""
"2019130508","","0","0","0","0","0","0","0","0","0","7","0","","02","10","2019","7","40.404028","-79.774619","","11","0","0","0","0","0","0","0","0","","0","0","0","","","0","N","0","","40 24:14.500","5","0","79 46:28.630","0","0","0","0","2453","0","0","0","N","0","0","0","1","02453","0","","4.0","352.0","1","N","N","N","0","","0","0","1","","0","Y","","1","0","0","0","0","0","0","2","0","1","","","","N","","","","","","","","","",""
"2019108168","","1","0","0","0","0","0","0","0","0","7","0","","02","10","2019","3","40.377749","-79.894875","","11","0","0","0","0","0","1","0","0","1","0","0","0","","","1","","0","","40 22:39.897","5","0","79 53:41.550","3","0","0","0","2448","0","0","0","N","0","0","0","1","02448","0","","5.0","","9","N","N","","0","","1","0","0","","0","N","","1","1","0","0","0","0","0","2","0","1","","","","N","","","","","","","","","",""
"2019108211","","1","0","0","0","0","0","0","0","0","6","0","","02","10","2019","7","40.449144","-79.985401","","11","0","0","0","0","0","2","0","0","","0","0","0","","","1","","2","","40 26:56.918","","0","79 59:07.443","3","0","0","0","2301","0","0","0","N","0","0","0","4","02301","0","","1.0","","9","N","N","","0","","1","0","1","","0","","","2","1","1","0","0","0","0","2","0","2","","","","N","","","","","","","","","",""
"2019108447","","2","0","0","0","0","0","0","0","0","4","0","","02","10","2019","7","40.461381","-79.863097","","11","0","0","0","0","0","0","0","0","","0","0","0","","","1","","1","","40 27:40.973","","0","79 51:47.149","3","0","0","0","2113","0","0","0","N","0","0","0","4","02113","0","","1.0","","9","N","N","","0","","1","0","0","","2","","","2","1","0","0","0","0","0","2","0","2","","","","N","","","","","","","","","",""
"2019104186","","2","0","0","0","0","0","0","0","0","4","0","","02","10","2019","4","40.435126","-79.956406","","11","0","0","0","0","0","1","0","0","","0","0","0","","","0","","1","","40 26:06.452","","0","79 57:23.060","0","0","0","0","2301","0","0","0","N","0","0","0","3","02301","0","","1.0","","9","N","N","","0","","0","0","0","","2","","","2","0","0","0","0","0","0","2","0","2","","","","N","","","","","","","","","",""
"2019130542","","3","0","0","0","0","0","0","0","0","2","0","","02","12","2019","4","40.44758","-79.927631","","11","0","0","0","0","0","0","0","0","","0","0","0","","","0","","2","","40 26:51.288","","0","79 55:39.471","0","0","0","0","2301","0","0","0","N","0","0","0","5","02301","0","","1.0","","2","N","N","N","0","","0","0","0","","0","","","3","0","0","0","0","0","0","2","0","3","","02","","N","","","","","","","","","",""
"2019124857","","1","0","0","0","0","0","0","0","0","98","0","","02","11","2019","1","40.425669","-79.911091","","11","0","0","0","0","0","0","0","0","","0","0","0","","","1","N","0","","40 25:32.408","","4","79 54:39.926","3","0","0","0","2301","0","0","0","N","0","0","0","1","68B03","0","","4.0","","1","N","N","N","0","","1","0","0","","0","","","1","1","1","0","0","0","0","2","0","1","","03","","N","","","","","","","","","",""
"2019097865","","1","0","0","0","0","0","0","0","0","1","0","","02","9","2019","6","40.376687","-79.894253","","11","0","0","0","0","0","1","0","0","","0","0","0","","","0","","1","","40 22:36.072","","0","79 53:39.309","0","0","0","0","2448","0","0","0","N","0","0","0","2","02473","0","","1.0","","1","N","N","","1","","0","0","0","","2","","","2","0","0","0","0","0","0","2","0","2","","","","N","","","","","","","","","",""
"2019121657","","0","0","0","0","0","0","0","0","0","1","0","55","02","11","2019","6","40.440786","-80.156333","","11","0","0","0","0","0","0","0","0","2","0","0","0","","","1","","0","","40 26:26.831","4","0","80 09:22.800","8","0","0","0","2115","0","0","0","N","0","0","0","3","68B03","0","","1.0","","1","N","N","","0","","0","0","2","","0","N","","3","1","0","0","0","1","0","2","1","3","","","Y","Y","4","1","N","N","N","Y","Y","N","Y",""
"2019096869","","1","0","0","0","0","0","0","0","0","8","0","","02","9","2019","6","40.517996","-80.219618","","11","0","0","0","0","0","0","0","1","1","0","0","0","","","1","","0","","40 31:04.785","4","7","80 13:10.625","8","0","0","0","2213","1","0","0","N","1","0","0","2","02213","0","","1.0","","1","N","N","","0","","0","0","0","","0","N","","2","1","0","0","0","1","0","2","0","1","","","","N","","","","","","","","","",""
"2019103479","","1","0","0","0","0","0","0","0","0","6","0","","02","10","2019","2","40.482197","-79.972826","","11","0","0","1","0","0","0","0","0","1","0","0","0","","","0","","0","","40 28:55.908","6","0","79 58:22.173","0","0","0","0","2445","0","0","0","N","0","0","0","3","02445","0","","1.0","","1","N","N","","0","","0","0","0","","0","Y","","2","0","0","0","0","0","0","2","1","2","","","","N","","","","","","","","","",""
"2019111886","","1","0","0","0","0","0","0","0","0","1","0","","02","10","2019","4","40.553216","-79.770696","","11","0","0","0","0","0","0","1","0","","0","0","0","","","0","","0","","40 33:11.579","","7","79 46:14.504","0","0","0","0","2121","0","0","0","N","0","0","0","3","02514","0","","1.0","","1","N","N","","1","","0","0","1","","0","N","","3","0","0","0","0","0","0","1","0","3","","","","N","","","","","","","","","",""
"2019094753","","2","0","0","0","0","0","0","0","0","1","0","20","02","9","2019","7","40.433099","-80.028506","","11","0","0","0","0","0","0","0","0","1","0","0","0","","","1","","2","","40 25:59.155","1","8","80 01:42.622","3","0","0","0","2301","0","0","0","N","0","0","0","5","02301","0","","1.0","","9","N","N","","0","","1","0","0","","0","N","","5","1","0","0","0","0","3","2","0","5","","","Y","Y","4","1","Y","","N","Y","Y","","Y",""
"2019120947","","1","0","0","0","0","0","0","0","0","1","0","","02","10","2019","3","40.507964","-80.223176","","11","0","0","0","1","0","1","0","0","2","0","0","0","","","0","","0","","40 30:28.669","1","0","80 13:23.435","0","0","0","0","2213","0","0","0","N","0","0","0","3","02213","0","","1.0","","9","N","N","","0","","0","0","2","","2","N","","3","0","0","0","0","0","0","2","0","3","","","","N","","","","","","","","","",""
"2019110668","","1","0","0","0","0","0","0","0","0","1","0","","02","10","2019","4","40.425294","-79.926894","","11","0","0","0","0","0","0","0","0","","0","0","0","","","0","","0","","40 25:31.058","","0","79 55:36.818","0","0","0","0","2301","0","0","0","N","0","0","0","2","02301","0","","1.0","","3","N","N","","0","","0","0","1","","0","N","","2","0","0","0","0","0","0","2","0","2","","","","N","","","","","","","","","",""
"2019103907","","1","0","0","0","0","0","0","0","0","7","0","","02","10","2019","1","40.51151","-80.101149","","11","0","0","0","0","0","0","0","0","","0","0","0","","","0","Y","0","","40 30:41.436","7","0","80 06:04.135","0","0","0","0","2429","0","0","0","N","0","0","0","1","02215","0","","4.0","9999.0","1","N","N","N","0","","0","0","0","","2","Y","","1","0","0","0","0","0","0","2","0","1","","","","N","","","","","","","","","",""
"2019108035","","1","0","0","0","0","0","0","0","0","7","0","","02","10","2019","6","40.464849","-79.853137","","11","0","0","0","0","0","1","0","0","1","0","0","0","","","0","","2","","40 27:53.456","6","0","79 51:11.292","0","0","0","0","2113","0","0","0","N","0","0","0","1","02113","0","","5.0","","1","N","N","","0","","0","0","0","","0","Y","","1","0","0","0","0","0","0","2","0","1","","","","N","","","","","","","","","",""
"2019109755","","1","0","0","0","0","0","0","0","0","4","0","","02","10","2019","7","40.419671","-80.046276","","11","0","0","0","0","0","0","0","0","","0","0","0","","","0","","0","","40 25:10.815","","7","80 02:46.592","0","0","0","0","2435","0","0","0","N","0","0","0","3","02435","0","","1.0","","1","N","N","","0","","0","0","1","","0","","","2","0","0","0","0","0","0","2","0","2","","","","N","","","","","","","","","",""
"2019123890","","0","0","0","0","0","0","0","0","0","7","0","","02","12","2019","3","40.460104","-80.122553","","11","0","0","0","0","0","0","0","0","","0","0","0","","","0","N","0","","40 27:36.374","","0","80 07:21.191","0","0","0","0","2115","0","0","0","N","0","0","0","1","02115","0","","2.0","","2","N","N","N","0","","0","0","1","","0","N","","1","0","0","0","0","0","0","2","0","1","","","","N","","","","","","","","","",""
"2019109609","","2","0","0","0","0","0","0","0","0","4","0","","02","10","2019","1","40.317673","-80.047113","","11","0","1","0","0","0","0","1","0","1","0","0","0","","","2","","2","","40 19:03.621","7","0","80 02:49.607","4","0","0","0","2407","0","0","0","N","0","0","0","4","02407","2","","1.0","","1","N","N","","0","","0","0","0","","3","Y","","2","2","0","0","0","0","0","2","0","2","","","","N","","","","","","","","","",""
"2019103226","","3","0","0","0","0","0","0","0","0","4","0","","02","10","2019","1","40.426208","-80.005142","","11","0","0","0","0","0","0","0","0","","0","0","0","","","0","","0","","40 25:34.350","","0","80 00:18.510","0","0","0","0","2301","0","0","0","N","0","0","0","1","02301","0","","1.0","","1","N","N","","0","","0","0","0","","0","","","3","0","0","0","0","0","0","2","0","3","","","","N","","","","","","","","","",""
"2019092927","","1","0","0","0","0","0","0","0","0","7","0","","02","9","2019","2","40.480985","-79.802071","","11","0","0","0","0","0","0","1","0","1","0","0","0","","","0","N","0","","40 28:51.547","6","7","79 48:07.454","0","0","0","0","2113","0","0","0","N","0","0","0","2","02113","0","","5.0","","1","N","N","","0","","0","0","1","","0","N","","2","0","0","0","0","0","0","2","0","2","","","","N","","","","","","","","","",""
"2019095374","","1","0","0","0","0","0","0","0","0","7","0","","02","9","2019","1","40.372876","-80.099383","","11","0","0","0","0","0","0","0","0","2","0","0","0","","","0","","2","","40 22:22.353","3","2","80 05:57.779","0","0","0","0","2102","0","0","0","Y","0","0","0","3","02102","0","","5.0","","1","N","N","","0","","0","0","0","","2","N","","1","0","0","0","0","0","0","2","0","1","","","","N","","","","","","","","","",""
"2019108358","","2","0","0","0","0","0","0","0","0","4","0","","02","10","2019","6","40.337987","-80.031036","","11","0","0","0","0","0","0","0","1","","0","0","0","","","0","","2","","40 20:16.753","","0","80 01:51.729","0","0","0","0","2407","0","0","0","N","0","0","0","2","02407","0","","1.0","","1","N","N","","0","","0","0","0","","0","","","2","0","0","0","0","0","0","2","0","2","","","","N","","","","","","","","","",""
"2019071710","","0","0","0","0","0","0","0","0","0","2","0","","02","7","2019","4","40.601053","-79.759316","","11","0","0","0","0","0","0","0","0","","0","0","0","","","1","N","0","","40 36:03.789","","0","79 45:33.539","4","0","0","0","2464","0","0","0","N","0","0","0","1","02464","1","","6.0","","1","N","N","","1","","0","0","0","","0","","","2","1","0","0","0","0","0","2","1","2","","","","N","","","","","","","","","",""
"2019106109","","0","0","0","0","0","0","0","0","0","4","0","","02","10","2019","6","40.461557","-79.923384","","11","0","0","0","0","0","1","0","0","","0","0","0","","","0","","1","","40 27:41.605","","0","79 55:24.182","0","0","0","0","2301","0","0","0","N","0","0","0","5","02301","0","","1.0","","1","N","N","","0","","0","0","2","","3","N","","2","0","1","0","0","0","0","2","0","2","","","","N","","","","","","","","","",""
"2019094595","","2","0","0","0","0","0","0","0","0","4","0","","02","9","2019","3","40.633507","-80.003968","","11","0","0","0","0","0","0","0","0","2","0","0","0","","","0","","1","","40 38:00.625","7","0","80 00:14.283","0","0","0","0","2216","0","0","0","N","0","0","0","2","02505","0","","1.0","","1","N","N","","0","","0","0","0","","2","N","","2","0","0","0","0","0","0","2","0","2","","","","N","","","","","","","","","",""
"2019126857","","1","0","0","0","0","0","0","0","0","98","0","","02","12","2019","6","40.571328","-79.791225","","11","0","0","0","0","0","1","0","0","","0","0","0","","","0","N","0","","40 34:16.781","","0","79 47:28.411","0","0","0","0","2206","0","0","0","N","0","0","0","1","68D02","0","","1.0","","1","N","N","N","0","","0","0","0","","0","","","1","0","0","0","0","0","0","2","0","1","","","","N","","","","","","","","","",""
"2019105657","","1","0","0","0","0","0","0","0","0","1","0","","02","10","2019","1","40.486855","-80.009196","","11","0","0","0","0","0","1","0","0","","0","0","0","","","1","","7","","40 29:12.677","","2","80 00:33.106","4","0","0","0","2301","0","0","0","N","0","0","0","2","02301","1","","1.0","","1","N","N","","0","","0","0","1","","3","N","","2","1","0","0","0","0","0","2","0","2","","","","N","","","","","","","","","",""
"2019075291","","0","0","0","0","0","0","0","0","0","7","0","","02","6","2019","5","40.340694","-79.857361","","11","0","0","0","0","0","0","0","0","4","0","0","0","","","0","N","0","","40 20:26.500","6","0","79 51:26.500","0","0","0","0","2304","0","0","0","N","0","0","0","1","02304","0","","2.0","1530.0","1","N","N","N","0","","0","0","1","","0","Y","","1","0","1","0","0","0","0","2","0","1","","","","N","","","","","","","","","",""
"2019101419","","0","0","0","0","0","0","0","0","0","7","0","","02","9","2019","6","40.607833","-79.76316","","11","0","0","0","0","0","0","0","0","2","0","0","0","","","0","","0","","40 36:28.199","1","0","79 45:47.377","0","0","0","0","2464","0","0","0","Y","0","0","0","1","68D02","0","","4.0","","1","N","N","","0","","0","0","1","","0","Y","","1","0","0","0","0","0","0","1","0","1","","","","N","","","","","","","","","",""
"2019094215","","1","0","0","0","0","0","0","0","0","1","0","","02","9","2019","5","40.458313","-79.964205","","11","0","0","0","0","0","1","0","0","","0","0","0","","","1","","2","","40 27:29.928","","0","79 57:51.139","3","0","0","0","2301","0","0","0","N","0","0","0","2","02301","0","","1.0","","1","N","N","","0","","1","0","1","","0","","","2","1","0","0","0","0","0","2","0","2","","","","N","","","","","","","","","",""
"2019050342","","2","0","0","0","0","0","0","0","0","5","0","","02","5","2019","7","","","","11","0","1","0","0","0","0","0","0","4","0","0","0","","","2","N","0","","","5","0","","8","0","0","0","2472","0","0","0","N","0","0","0","2","02472","0","","1.0","","1","N","N","","0","","0","0","0","","0","Y","","3","2","0","0","0","2","0","1","0","2","","","","N","","","","","","","","","",""
"2019096838","","3","0","0","0","0","0","0","0","0","1","0","","02","9","2019","5","40.430586","-79.988642","","11","0","0","1","0","0","0","0","0","1","0","0","0","","","1","","0","","40 25:50.110","1","3","79 59:19.110","3","0","0","0","2301","0","0","0","N","0","0","0","4","02301","0","","1.0","","1","N","N","","0","","1","0","1","","0","N","","4","1","0","0","0","0","0","2","0","4","","","","N","","","","","","","","","",""
"2019103483","","2","0","0","0","0","0","0","0","0","4","0","","02","10","2019","1","40.487835","-79.920057","","11","0","0","0","0","0","0","1","0","1","0","0","0","","","5","","2","","40 29:16.205","1","0","79 55:12.206","4","0","0","0","2301","0","0","0","N","0","0","0","5","02301","5","","1.0","","1","N","N","","0","","0","0","0","","2","N","","2","5","0","0","0","0","0","2","0","2","","","","N","","","","","","","","","",""
"2019093153","","2","0","0","0","0","0","0","0","0","1","0","","02","9","2019","3","40.448286","-80.008613","","11","0","0","0","0","0","0","0","0","","0","0","0","","","0","","6","","40 26:53.830","","2","80 00:31.005","0","0","0","0","2301","0","0","0","N","0","0","0","2","02301","0","","1.0","","1","N","N","","0","","0","0","0","","0","N","","2","0","0","0","0","0","0","2","0","2","","","","N","","","","","","","","","",""
"2019096604","","2","0","0","0","0","0","0","0","0","5","0","","02","9","2019","3","40.367438","-79.978721","","11","0","0","0","0","0","1","0","0","","0","0","0","","","1","","1","","40 22:02.776","","0","79 58:43.395","3","0","0","0","2413","0","0","0","N","0","0","0","2","02413","0","","1.0","","1","N","N","","0","","1","0","0","","3","","","2","1","1","0","0","0","0","2","0","2","","","","N","","","","","","","","","",""
"2019127644","","2","0","0","0","0","0","0","0","0","1","0","","02","12","2019","6","40.493883","-79.948536","","11","0","0","0","0","0","0","0","0","","0","0","0","","","0","","3","","40 29:37.980","","0","79 56:54.731","0","0","0","0","2430","0","0","0","N","0","0","0","2","02430","0","","1.0","","1","N","N","","0","","0","0","0","","3","","","2","0","0","0","0","0","0","2","0","2","","","","N","","","","","","","","","",""
"2019003640","","0","0","0","0","0","0","0","0","0","4","0","","02","1","2019","3","40.402526","-79.917576","","11","0","0","0","0","0","1","1","0","2","0","0","0","","","0","","1","","40 24:09.095","","0","79 55:03.273","0","0","0","0","2472","0","0","0","N","0","0","0","5","02472","0","","1.0","","1","Y","N","N","0","","0","0","1","","2","N","","2","0","0","0","0","0","0","2","1","2","","","","N","","","","","","","","","",""
"2019095190","","2","0","0","0","0","0","0","0","0","1","0","","02","9","2019","1","40.429765","-79.998911","","11","0","0","0","0","0","1","0","0","","0","0","0","","","0","N","0","","40 25:47.155","","3","79 59:56.079","0","0","0","0","2301","0","0","0","N","0","0","0","2","02301","0","","1.0","","1","N","N","N","0","","0","0","0","","2","N","","2","0","0","0","0","0","0","2","0","2","","","","N","","","","","","","","","",""
"2019107075","","1","0","0","0","0","0","0","0","0","99","0","","02","10","2019","1","40.613401","-79.963325","","11","0","0","0","0","0","1","0","0","","0","0","0","","","0","","0","","40 36:48.242","","0","79 57:47.969","0","0","0","0","2207","0","0","0","N","0","0","0","1","68T02","0","","1.0","","1","N","N","","0","","0","0","0","","0","","","1","0","0","0","0","0","0","2","0","1","","","","N","","","","","","","","","",""
"2019096007","","1","0","0","0","0","0","0","0","0","4","0","","02","9","2019","2","40.519723","-80.217801","","11","0","0","0","0","0","1","1","1","2","0","0","0","","","2","N","2","","40 31:11.001","7","7","80 13:04.082","3","0","0","0","2213","0","0","0","N","0","0","0","3","02213","0","","1.0","","1","N","N","","0","","2","0","2","","2","Y","","3","2","0","0","0","0","0","2","0","3","","","","N","","","","","","","","","",""
"2019103893","","0","0","0","0","0","0","0","0","0","7","0","","02","10","2019","3","40.405878","-80.016908","","11","0","0","0","0","0","0","0","0","","0","0","0","","","1","","0","","40 24:21.160","","0","80 01:00.870","3","0","0","0","2301","0","0","0","N","0","0","0","1","02301","0","","2.0","","1","N","N","","0","","1","0","1","","3","N","","1","1","0","0","0","0","0","2","0","1","","","","N","","","","","","","","","",""
"2019048052","","2","0","0","0","0","0","0","0","0","1","0","","02","4","2019","6","40.272753","-79.886913","","11","0","0","0","0","0","0","0","0","1","0","0","0","","","0","","0","","40 16:21.912","2","0","79 53:12.887","0","0","0","0","2428","0","0","0","N","0","0","0","2","02428","0","","1.0","","9","N","N","","0","","0","0","0","","0","N","","2","0","1","0","0","0","0","2","0","2","","","","N","","","","","","","","","",""
"2019108550","","1","0","0","0","0","0","0","0","0","4","0","","02","10","2019","1","40.470517","-79.836839","","11","0","0","0","0","0","0","0","0","1","0","0","0","","","0","","0","","40 28:13.860","4","0","79 50:12.620","0","0","0","0","2113","0","0","0","N","0","0","0","2","02113","0","","6.0","","1","N","N","","1","","0","0","0","","0","N","","2","0","1","0","0","0","0","2","0","2","","","","N","","","","","","","","","",""
"2019099579","","2","0","0","0","0","0","0","0","0","5","0","","02","9","2019","3","40.48096","-79.971414","","11","0","0","0","0","0","0","0","0","2","0","0","0","","","1","","0","","40 28:51.455","3","0","79 58:17.091","3","0","0","0","2445","0","0","0","N","0","0","0","2","02445","0","","1.0","","1","N","N","","0","","1","0","0","","0","Y","","2","1","0","0","0","0","0","2","0","2","","","","N","","","","","","","","","",""
"2019096070","","1","0","0","0","0","0","0","0","0","7","0","","02","9","2019","3","40.657522","-80.093608","","11","0","0","0","0","0","0","0","0","","0","0","0","","","0","","0","","40 39:27.080","","0","80 05:36.990","0","0","0","0","2212","0","0","0","N","0","0","0","1","02505","0","","5.0","","1","N","N","","0","","0","0","0","","0","N","","1","0","0","0","0","0","0","2","0","1","","","","N","","","","","","","","","",""
"2019096610","","1","0","0","0","0","0","0","0","0","7","0","","02","9","2019","4","40.421133","-79.981722","","11","0","0","0","0","0","1","0","0","2","0","0","0","","","1","","0","","40 25:16.080","5","0","79 58:54.200","3","0","0","0","2301","0","0","0","N","0","0","0","1","02301","0","","4.0","","1","N","N","","0","","1","0","0","","0","N","","1","1","0","0","0","0","0","2","0","1","","","","N","","","","","","","","","",""
"2019096206","","2","0","0","0","0","0","0","0","0","4","0","","02","9","2019","1","40.449821","-79.763701","","11","0","0","0","0","0","0","1","0","","0","0","0","","","0","","2","","40 26:59.354","","0","79 45:49.325","0","0","0","0","2446","0","0","0","N","0","0","0","3","02446","0","","1.0","","1","N","N","","0","","0","0","0","","0","N","","2","0","0","0","0","0","0","2","0","2","","","","N","","","","","","","","","",""
"2019033224","","0","0","0","0","0","0","0","0","0","1","0","","02","3","2019","3","40.403608","-79.915643","","11","0","0","0","0","0","0","0","0","1","0","0","0","","","2","Y","0","","40 24:12.989","","0","79 54:56.316","3","0","0","0","2472","0","0","0","N","0","0","0","4","02472","1","","1.0","","1","N","N","","1","","1","0","1","","2","N","","2","2","0","0","0","0","0","2","0","2","","","","N","","","","","","","","","",""
"2019097105","","2","0","0","0","0","0","0","0","0","1","0","","02","9","2019","6","40.453988","-79.970968","","11","0","0","0","0","0","1","0","0","1","0","0","0","","","0","","0","","40 27:14.357","4","0","79 58:15.486","9","0","0","0","2301","0","0","0","N","0","0","0","5","02301","0","","1.0","","1","N","N","","0","","0","0","2","","0","N","","4","0","0","0","0","0","1","2","0","4","","","","N","","","","","","","","","",""
"2019108666","","0","0","0","0","0","0","0","0","0","4","0","","02","10","2019","7","40.347739","-80.068723","","11","0","0","0","0","0","1","0","0","1","0","0","0","","","0","","0","","40 20:51.859","4","0","80 04:07.403","0","0","0","0","2123","0","0","0","N","0","0","0","1","02123","0","","1.0","","9","N","N","","0","","0","0","1","","0","N","","2","0","0","0","0","0","0","2","1","2","","","","N","","","","","","","","","",""
"2019126743","","1","0","0","0","0","0","0","0","0","98","0","","02","12","2019","3","40.431503","-80.038991","","11","0","0","0","0","0","0","0","0","","0","0","0","","","0","N","0","","40 25:53.412","","0","80 02:20.366","0","0","0","0","2301","0","0","0","N","0","0","0","1","02301","0","","2.0","","9","N","N","N","0","","0","0","0","","0","","","1","0","0","0","0","0","0","2","0","1","","","","N","","","","","","","","","",""
"2019080546","","1","0","0","0","0","0","0","0","0","4","0","","02","7","2019","3","40.342155","-80.016208","","11","0","0","0","0","0","1","0","0","2","0","0","0","","","2","","1","","40 20:31.757","2","0","80 00:58.349","3","0","0","0","2407","0","0","0","N","0","0","0","2","02407","0","","1.0","","1","N","N","","0","","2","0","1","","2","N","","2","2","0","0","0","0","0","2","0","2","","","","N","","","","","","","","","",""
"2019106852","","1","0","0","0","0","0","0","0","0","7","0","","02","10","2019","4","40.559928","-79.963806","","11","0","0","0","0","0","0","0","0","","0","0","0","","","0","","0","","40 33:35.740","","0","79 57:49.700","0","0","0","0","2207","0","0","0","N","0","0","0","1","02207","0","","5.0","","9","N","N","","0","","0","0","0","","0","N","","1","0","0","0","0","0","0","2","0","1","","","","N","","","","","","","","","",""
"2019070920","","1","0","0","0","0","0","0","0","0","4","0","","02","7","2019","2","40.400046","-79.92077","","11","0","0","0","0","0","1","0","0","2","0","0","0","","","1","","2","","40 24:00.164","3","0","79 55:14.773","8","0","0","1","2472","0","0","0","N","0","0","0","2","02472","0","","1.0","","1","N","N","","0","","0","0","0","","3","Y","","2","1","0","0","0","1","0","2","0","2","","","","N","","","","","","","","","",""
"2019122063","","2","0","0","0","0","0","0","0","0","1","0","","02","10","2019","6","40.544408","-80.034047","","11","0","0","0","0","0","0","0","0","","0","0","0","","","1","","0","","40 32:39.870","","0","80 02:02.570","3","0","0","0","2116","0","0","0","N","0","0","0","2","02116","0","","1.0","","1","N","N","N","0","","1","0","0","","0","N","","2","1","0","0","0","0","0","2","0","2","","","","N","","","","","","","","","",""
"2019093714","","1","0","0","0","0","0","0","0","0","8","0","","02","9","2019","4","40.439576","-80.005065","","11","0","0","0","0","0","0","0","0","","0","0","0","","","1","","1","","40 26:22.473","","0","80 00:18.235","3","0","0","0","2301","1","0","0","N","1","0","0","2","02301","0","","1.0","","1","N","N","","0","","1","0","0","","0","","","2","1","0","0","0","0","0","2","0","1","","","","N","","","","","","","","","",""
"2019106962","","1","0","0","0","0","0","0","0","0","5","0","","02","10","2019","4","40.414928","-79.988033","","11","0","0","0","0","0","1","0","0","1","0","0","0","","","1","","0","","40 24:53.740","1","0","79 59:16.920","3","0","0","0","2301","0","0","0","N","0","0","0","1","02301","0","","6.0","","1","N","N","","1","","1","0","1","","0","N","","3","1","0","0","0","0","0","2","0","3","","","","N","","","","","","","","","",""