"CRN","ARRIVAL_TM","AUTOMOBILE_COUNT","BELTED_DEATH_COUNT","BELTED_SUSP_SERIOUS_INJ_COUNT","BICYCLE_COUNT","BICYCLE_DEATH_COUNT","BICYCLE_SUSP_SERIOUS_INJ_COUNT","BUS_COUNT","CHLDPAS_DEATH_COUNT","CHLDPAS_SUSP_SERIOUS_INJ_COUNT","COLLISION_TYPE","COMM_VEH_COUNT","CONS_ZONE_SPD_LIM","COUNTY","CRASH_MONTH","CRASH_YEAR","DAY_OF_WEEK","DEC_LATITUDE","DEC_LONGITUDE","DISPATCH_TM","DISTRICT","DRIVER_COUNT_16YR","DRIVER_COUNT_17YR","DRIVER_COUNT_18YR","DRIVER_COUNT_19YR","DRIVER_COUNT_20YR","DRIVER_COUNT_50_64YR","DRIVER_COUNT_65_74YR","DRIVER_COUNT_75PLUS","EST_HRS_CLOSED","FATAL_COUNT","HEAVY_TRUCK_COUNT","HORSE_BUGGY_COUNT","HOUR_OF_DAY","ILLUMINATION","INJURY_COUNT","INTERSECTION_RELATED","INTERSECT_TYPE","LANE_CLOSED","LATITUDE","LN_CLOSE_DIR","LOCATION_TYPE","LONGITUDE","MAX_SEVERITY_LEVEL","MCYCLE_DEATH_COUNT","MCYCLE_SUSP_SERIOUS_INJ_COUNT","MOTORCYCLE_COUNT","MUNICIPALITY","NONMOTR_COUNT","NONMOTR_DEATH_COUNT","NONMOTR_SUSP_SERIOUS_INJ_COUNT","NTFY_HIWY_MAINT","PED_COUNT","PED_DEATH_COUNT","PED_SUSP_SERIOUS_INJ_COUNT","PERSON_COUNT","POLICE_AGCY","POSSIBLE_INJ_COUNT","RDWY_SURF_TYPE_CD","RELATION_TO_ROAD","ROADWAY_CLEARED","ROAD_CONDITION","SCH_BUS_IND","SCH_ZONE_IND","SECONDARY_CRASH","SMALL_TRUCK_COUNT","SPEC_JURIS_CD","SUSP_MINOR_INJ_COUNT","SUSP_SERIOUS_INJ_COUNT","SUV_COUNT","TCD_FUNC_CD","TCD_TYPE","TFC_DETOUR_IND","TIME_OF_DAY","TOTAL_UNITS","TOT_INJ_COUNT","UNBELTED_OCC_COUNT","UNB_DEATH_COUNT","UNB_SUSP_SERIOUS_INJ_COUNT","UNK_INJ_DEG_COUNT","UNK_INJ_PER_COUNT","URBAN_RURAL","VAN_COUNT","VEHICLE_COUNT","WEATHER1","WEATHER2","WORKERS_PRES","WORK_ZONE_IND","WORK_ZONE_LOC","WORK_ZONE_TYPE","WZ_CLOSE_DETOUR","WZ_FLAGGER","WZ_LAW_OFFCR_IND","WZ_LN_CLOSURE","WZ_MOVING","WZ_OTHER","WZ_SHLDER_MDN","WZ_WORKERS_INJ_KILLED"
"2019111889","","1","0","0","0","0","0","0","0","0","7","0","","02","10","2019","3","40.485804","-80.008524","","11","0","0","0","0","0","0","0","0","","0","0","0","","","0","","0","","40 29:08.893","","0","80 00:30.686","0","0","0","0","2301","0","0","0","N","0","0","0","1","68B03","0","","3.0","","8","N","N","","0","","0","0","0","","0","","","1","0","0","0","0","0","0","2","0","1","","","","N","","","","","","","","","",""
"2019103099","","0","0","0","0","0","0","0","0","0","7","0","","02","10","2019","1","40.456929","-79.909368","","11","0","0","0","0","0","0","0","1","1","0","0","0","","","0","","0","","40 27:24.945","2","1","79 54:33.725","0","0","0","0","2301","0","0","0","N","0","0","0","1","02301","0","","4.0","","1","N","N","","0","","0","0","1","","0","N","","1","0","0","0","0","0","0","2","0","1","","","","N","","","","","","","","","",""
"2019108653","","0","0","0","0","0","0","0","0","0","1","0","","02","10","2019","1","40.422544","-80.003846","","11","0","0","0","0","0","0","1","0","","0","0","0","","","0","","0","","40 25:21.158","","4","80 00:13.847","0","0","0","0","2301","0","0","0","N","0","0","0","3","02301","0","","1.0","","1","N","N","","0","","0","0","3","","2","","","3","0","0","0","0","0","0","2","0","3","","","","N","","","","","","","","","",""
"2019104188","","1","0","0","0","0","0","0","0","0","4","0","","02","10","2019","4","40.449606","-80.172861","","11","0","0","0","0","0","1","0","0","","0","0","0","","","0","","0","","40 26:58.580","","7","80 10:22.300","0","0","0","0","2214","0","0","0","N","0","0","0","2","02214","0","","1.0","","9","N","N","","1","","0","0","0","","0","N","","2","0","0","0","0","0","0","2","0","2","","","","N","","","","","","","","","",""
"2019093033","","3","0","0","0","0","0","0","0","0","1","0","","02","9","2019","2","40.453783","-80.240493","","11","0","0","0","0","0","1","0","0","1","0","0","0","","","0","","0","","40 27:13.618","6","0","80 14:25.775","0","0","0","0","2203","0","0","0","N","0","0","0","1","02203","0","","2.0","","1","N","N","","0","","0","0","0","","0","Y","","3","0","1","0","0","0","0","2","0","3","","","","N","","","","","","","","","",""
"2019105995","","1","0","0","0","0","0","0","0","0","99","0","","02","10","2019","4","40.385997","-79.894422","","11","0","0","0","0","0","0","0","0","","0","0","0","","","0","","0","","40 23:09.590","","0","79 53:39.920","0","0","0","0","2473","0","0","0","N","0","0","0","2","02473","0","","1.0","","9","N","N","","0","","0","0","0","","0","","","1","0","0","0","0","0","0","2","0","1","","","","N","","","","","","","","","",""
"2019108312","","0","0","0","0","0","0","0","0","0","4","0","","02","10","2019","4","40.527722","-79.810801","","11","0","0","0","0","0","1","1","0","1","0","0","0","","","2","N","0","","40 31:39.800","6","7","79 48:38.885","8","0","0","0","2466","0","0","0","N","0","0","0","6","02466","0","","1.0","","1","N","N","","0","","0","0","2","","0","N","","2","2","0","0","0","2","0","2","0","2","","","","N","","","","","","","","","",""
"2019106366","","2","0","0","0","0","0","0","0","0","2","0","","02","10","2019","3","40.435426","-79.984404","","11","0","0","0","0","0","0","0","0","","0","0","0","","","1","","2","","40 26:07.534","","0","79 59:03.853","3","0","0","0","2301","0","0","0","N","0","0","0","3","02301","0","","1.0","","1","N","N","","0","","1","0","0","","0","","","2","1","0","0","0","0","0","2","0","2","","","","Y","","","","","","","","","",""
"2019105827","","3","0","0","0","0","0","0","0","0","1","0","","02","10","2019","7","40.432033","-79.801579","","11","0","0","0","0","0","1","0","0","3","0","0","0","","","0","","0","","40 25:55.320","3","3","79 48:05.684","0","0","0","0","2446","0","0","0","N","0","0","0","6","02446","0","","1.0","","1","N","N","","0","","0","0","0","","0","N","","3","0","0","0","0","0","0","2","0","3","","","","N","","","","","","","","","",""
"2019099413","","3","0","0","0","0","0","0","0","0","4","0","","02","9","2019","7","40.387641","-80.090992","","11","0","0","0","0","0","0","0","0","","0","0","0","","","1","","2","","40 23:15.509","","0","80 05:27.572","8","0","0","0","2437","0","0","0","N","0","0","0","5","02437","0","","1.0","","1","N","N","","0","","0","0","0","","2","","","3","1","1","0","0","1","0","2","0","3","","","","N","","","","","","","","","",""
"2019095729","","5","0","0","0","0","0","0","0","0","1","0","","02","9","2019","2","40.378649","-79.993631","","11","0","0","0","0","0","1","0","0","","0","0","0","","","1","","0","","40 22:43.136","","0","79 59:37.073","3","0","0","0","2301","0","0","0","N","0","0","0","5","02301","0","","1.0","","9","N","N","","0","","1","0","0","","0","N","","5","1","0","0","0","0","0","2","0","5","","","","N","","","","","","","","","",""
"2019105932","","0","0","0","0","0","0","0","0","0","99","0","","02","9","2019","4","40.428168","-79.721118","","11","0","0","0","0","0","0","0","0","","0","0","0","","","0","","0","","40 25:41.403","","0","79 43:16.024","9","0","0","0","2446","0","0","0","N","0","0","0","1","02446","0","","9.0","","1","N","N","","0","","0","0","1","","0","N","","1","0","0","0","0","0","1","2","0","1","","","","N","","","","","","","","","",""
"2019115225","","2","0","0","0","0","0","0","0","0","1","0","","02","10","2019","5","40.327837","-80.033638","","11","0","0","0","0","0","1","0","0","","0","0","0","","","0","","2","","40 19:40.212","","0","80 02:01.096","0","0","0","0","2407","0","0","0","N","0","0","0","2","02407","0","","1.0","","1","N","N","","0","","0","0","0","","0","","","2","0","0","0","0","0","0","2","0","2","","","","N","","","","","","","","","",""
"2019109124","","1","0","0","0","0","0","0","0","0","7","0","","02","10","2019","1","40.249379","-79.877341","","11","0","0","0","0","0","0","0","0","2","0","0","0","","","0","Y","0","","40 14:57.763","2","0","79 52:38.428","0","0","0","0","2204","0","0","0","Y","0","0","0","1","02204","0","","3.0","10.0","1","N","N","N","0","","0","0","0","","2","Y","","1","0","0","0","0","0","0","1","0","1","","03","","N","","","","","","","","","",""
"2019105317","","1","0","0","0","0","0","0","0","0","4","0","","02","10","2019","6","40.613036","-79.757074","","11","0","0","0","1","0","0","0","1","","0","0","0","","","0","","1","","40 36:46.928","","0","79 45:25.466","0","0","0","0","2464","0","0","0","N","0","0","0","3","02464","0","","1.0","","1","N","N","","0","","0","0","1","","3","N","","2","0","0","0","0","0","0","2","0","2","","","","N","","","","","","","","","",""
"2019111774","","2","0","0","0","0","0","0","0","0","4","0","","02","11","2019","7","40.431772","-79.893291","","11","0","0","0","0","0","1","0","0","","0","0","0","","","0","","1","","40 25:54.379","","0","79 53:35.847","0","0","0","0","2426","0","0","0","N","0","0","0","4","02426","0","","1.0","","1","N","N","","0","","0","0","0","","3","","","2","0","0","0","0","0","0","2","0","2","","","","N","","","","","","","","","",""
"2019093524","","1","0","0","0","0","0","0","0","0","1","0","","02","9","2019","3","40.627458","-80.055436","","11","0","0","0","0","0","0","1","1","","0","0","0","","","2","","0","","40 37:38.849","","0","80 03:19.568","8","0","0","0","2216","0","0","0","N","0","0","0","3","02505","0","","1.0","","1","N","N","","0","","0","0","1","","0","N","","2","2","0","0","0","2","0","2","0","2","","","","N","","","","","","","","","",""
"2019108535","","1","0","0","0","0","0","0","0","0","7","0","","02","10","2019","1","40.4367","-79.994735","","11","0","0","0","0","0","0","0","0","","0","0","0","","","1","","0","","40 26:12.120","","2","79 59:41.047","3","0","0","0","2301","0","0","0","N","0","0","0","1","02301","0","","1.0","","9","N","N","","0","","1","0","0","","0","","","1","1","0","0","0","0","0","2","0","1","","","","N","","","","","","","","","",""
"2019114382","","1","0","0","0","0","0","0","0","0","1","0","","02","10","2019","3","40.434057","-79.964127","","11","0","0","0","0","0","0","1","0","2","0","0","0","","","2","","0","","40 26:02.604","4","0","79 57:50.858","3","0","0","0","2301","0","0","0","N","0","0","0","2","68B03","0","","1.0","","1","N","N","","0","","2","0","1","","0","N","","2","2","0","0","0","0","0","2","0","2","","","","N","","","","","","","","","",""
"2019113547","","1","0","0","0","0","0","0","0","0","98","0","","02","10","2019","2","40.492484","-79.93836","","11","0","0","0","0","0","0","0","0","","0","0","0","","","1","","7","","40 29:32.941","","2","79 56:18.097","3","0","0","0","2430","0","0","0","Y","0","0","0","2","02461","0","","7.0","","1","N","N","Y","0","","1","0","0","","0","","","1","1","0","0","0","0","0","2","0","1","","","","N","","","","","","","","","",""
"2019097029","","2","0","0","0","0","0","0","0","0","5","0","","02","9","2019","6","40.458106","-79.908401","","11","0","0","0","0","0","0","0","0","","0","0","0","","","1","","2","","40 27:29.181","","0","79 54:30.243","3","0","0","0","2301","0","0","0","N","0","0","0","2","02301","0","","1.0","","1","N","N","","0","","1","0","0","","2","N","","2","1","0","0","0","0","0","2","0","2","","","","N","","","","","","","","","",""
"2019117928","","2","0","0","0","0","0","0","0","0","5","0","","02","11","2019","1","40.46918","-80.017923","","11","0","0","0","0","0","0","0","0","","0","0","0","","","0","N","0","","40 28:09.049","","0","80 01:04.521","9","0","0","0","2301","0","0","0","N","0","0","0","1","02301","0","","1.0","","1","N","N","N","0","","0","0","0","","0","","","2","0","0","0","0","0","1","2","0","2","","03","","N","","","","","","","","","",""
"2019103197","","3","0","0","0","0","0","0","0","0","1","0","","02","10","2019","1","40.494662","-80.321644","","11","0","0","0","0","0","0","0","0","1","0","0","0","","","1","","0","","40 29:40.782","6","0","80 19:17.917","8","0","0","0","2203","0","0","0","N","0","0","0","5","02203","0","","1.0","","1","N","N","","0","","0","0","0","","0","Y","","3","1","0","0","0","1","0","1","0","3","","","","N","","","","","","","","","",""
"2019105492","","1","0","0","0","0","0","0","0","0","99","0","","02","10","2019","7","40.578753","-80.037638","","11","0","0","0","0","0","0","0","0","1","0","0","0","","","0","","0","","40 34:43.509","2","0","80 02:15.498","0","0","0","0","2108","0","0","0","N","0","0","0","2","02108","0","","1.0","","1","N","N","","0","","0","0","0","","0","N","","1","0","0","0","0","0","0","2","0","1","","","","N","","","","","","","","","",""
"2019135598","","0","0","0","0","0","0","0","0","0","7","0","","02","12","2019","4","40.36839","-80.017279","","11","0","0","0","0","0","1","0","0","","0","0","0","","","0","","2","","40 22:06.204","","0","80 01:02.204","0","0","0","0","2416","0","0","0","N","0","0","0","1","02416","0","","2.0","","7","N","N","","0","","0","0","1","","0","","","1","0","0","0","0","0","0","2","0","1","","","","N","","","","","","","","","",""
"2019106510","","2","0","0","0","0","0","0","0","0","4","0","","02","10","2019","3","40.452239","-80.099978","","11","0","0","0","0","0","0","0","0","1","0","0","0","","","2","","0","","40 27:08.060","6","0","80 05:59.920","8","0","0","0","2126","0","0","0","N","0","0","0","3","02126","0","","1.0","","9","N","N","","0","","0","0","0","","0","N","","2","2","0","0","0","2","0","2","0","2","","","","N","","","","","","","","","",""
"2019103802","","3","0","0","0","0","0","0","0","0","1","0","","02","10","2019","3","40.53654","-80.184319","","11","0","0","0","0","0","0","0","0","","0","0","0","","","0","","1","","40 32:11.544","","3","80 11:03.548","0","0","0","0","2458","0","0","0","N","0","0","0","3","02458","0","","1.0","","1","N","N","","0","","0","0","0","","2","N","","3","0","0","0","0","0","0","2","0","3","","","","N","","","","","","","","","",""
"2019120245","","0","0","0","0","0","0","0","0","0","1","0","","02","10","2019","1","40.424091","-80.110379","","11","0","0","0","0","0","1","0","0","2","0","0","0","","","0","","0","","40 25:26.729","3","0","80 06:37.363","0","0","0","0","2115","0","0","0","N","0","0","0","4","68B03","0","","1.0","","1","N","N","","2","","0","0","2","","0","N","","4","0","0","0","0","0","0","2","0","4","","","","N","","","","","","","","","",""
"2019093919","","0","0","0","0","0","0","0","0","0","1","0","","02","9","2019","4","40.476191","-79.96961","","11","0","0","0","0","0","1","0","0","","0","0","0","","","0","","0","","40 28:34.286","","2","79 58:10.596","0","0","0","0","2445","0","0","0","N","0","0","0","2","02445","0","","1.0","","1","N","N","","1","","0","0","1","","0","","","2","0","0","0","0","0","0","2","0","2","","","","N","","","","","","","","","",""
"2019115625","","0","0","0","0","0","0","0","0","0","1","0","","02","11","2019","3","40.469753","-79.89457","","11","0","0","0","0","0","0","0","0","","0","0","0","","","0","N","2","","40 28:11.110","3","0","79 53:40.451","9","0","0","0","2301","0","0","0","N","0","0","0","2","02301","0","","4.0","100.0","2","N","N","N","0","","0","0","2","","0","Y","","2","0","0","0","0","0","2","2","0","2","","","","N","","","","","","","","","",""
"2019097393","","1","0","0","0","0","0","0","0","0","4","0","","02","9","2019","7","40.329795","-80.033673","","11","0","0","1","0","0","0","0","0","","0","0","0","","","2","","1","","40 19:47.262","","0","80 02:01.222","3","0","0","0","2407","0","0","0","N","0","0","0","4","02407","1","","1.0","","1","N","N","","0","","1","0","0","","3","","","2","2","0","0","0","0","0","2","1","2","","","","N","","","","","","","","","",""
"2019105425","","0","0","0","0","0","0","0","0","0","1","0","","02","10","2019","7","40.438869","-79.760496","","11","0","0","0","0","0","1","1","0","1","0","0","0","","","2","","1","","40 26:19.929","3","0","79 45:37.786","3","0","0","2","2446","0","0","0","N","0","0","0","4","02446","0","","1.0","","1","N","N","","0","","1","0","0","","0","Y","","2","2","0","0","0","1","0","2","0","2","","","","N","","","","","","","","","",""
"2019095463","","2","0","0","0","0","0","0","0","0","1","0","","02","9","2019","5","40.438769","-79.750062","","11","0","0","0","0","1","0","0","0","","0","0","0","","","2","","0","","40 26:19.570","","0","79 45:00.224","3","0","0","0","2446","0","0","0","N","0","0","0","3","02446","0","","1.0","","1","N","N","","0","","2","0","1","","0","","","3","2","0","0","0","0","0","2","0","3","","","","N","","","","","","","","","",""
"2019107876","","1","0","0","0","0","0","0","0","0","2","0","","02","10","2019","3","40.436328","-79.994782","","11","0","0","0","0","0","0","0","0","1","0","0","0","","","0","Y","0","","40 26:10.779","","2","79 59:41.215","0","0","0","0","2301","0","0","0","N","0","0","0","1","02301","0","","2.0","","1","N","N","N","0","","0","0","0","","4","","","1","0","0","0","0","0","0","2","0","1","","","","N","","","","","","","","","",""
"2019107756","","2","0","0","0","0","0","0","0","0","4","0","","02","10","2019","5","40.467863","-79.82521","","11","0","0","0","0","0","1","0","0","","0","0","0","","","1","","0","","40 28:04.305","","7","79 49:30.756","8","0","0","0","2113","0","0","0","N","0","0","0","2","02113","0","","1.0","","1","N","N","","0","","0","0","0","","0","","","2","1","0","0","0","1","0","2","0","2","","","","N","","","","","","","","","",""
"2019128524","","0","0","0","0","0","0","0","0","0","5","0","","02","12","2019","7","40.435642","-79.982818","","11","0","0","0","0","0","0","0","0","","0","0","0","","","0","","2","","40 26:08.312","","0","79 58:58.144","0","0","0","0","2301","0","0","0","N","0","0","0","6","02301","0","","1.0","","9","N","N","N","0","","0","0","2","","0","","","2","0","1","0","0","0","0","2","0","2","","","","N","","","","","","","","","",""
"2019104674","","2","0","0","0","0","0","0","0","0","1","0","","02","10","2019","4","40.431684","-79.997572","","11","0","0","0","0","0","1","1","0","2","0","0","0","","","1","","0","","40 25:54.064","2","3","79 59:51.260","8","0","0","0","2301","0","0","0","N","0","0","0","3","02301","0","","1.0","","9","N","N","","0","","0","0","1","","2","N","","3","1","0","0","0","1","0","2","0","3","","","","N","","","","","","","","","",""
"2019106936","","0","0","0","0","0","0","0","0","0","1","0","","02","10","2019","4","40.451758","-80.038043","","11","0","0","0","0","0","1","0","0","","0","0","0","","","1","","0","","40 27:06.327","","0","80 02:16.954","8","0","0","0","2301","0","0","0","N","0","0","0","2","02301","0","","1.0","","1","N","N","","0","","0","0","2","","0","N","","2","1","0","0","0","1","0","2","0","2","","","","N","","","","","","","","","",""
"2019106116","","0","0","0","0","0","0","0","0","0","4","0","","02","9","2019","2","40.521297","-80.076336","","11","0","0","0","0","0","0","0","0","","0","0","0","","","0","","0","","40 31:16.670","","0","80 04:34.810","0","0","0","0","2215","0","0","0","N","0","0","0","2","02215","0","","1.0","","9","N","N","","1","","0","0","1","","0","N","","2","0","0","0","0","0","0","2","0","2","","","","N","","","","","","","","","",""
"2019095354","","2","0","0","0","0","0","0","0","0","1","0","","02","9","2019","6","","","","11","0","0","0","0","0","2","0","0","3","0","0","0","","","0","","3","","40 27:3.053","3","0","80 2:12.653","0","0","0","0","2301","0","0","0","N","0","0","0","2","02301","0","","1.0","","1","N","N","N","0","","0","0","0","","2","N","","2","0","0","0","0","0","0","1","0","2","","","","N","","","","","","","","","",""
"2019094748","","1","0","0","0","0","0","0","0","0","7","0","","02","9","2019","6","40.445734","-80.012314","","11","0","0","0","0","0","0","0","0","","0","0","0","","","0","","0","","40 26:44.642","","0","80 00:44.330","0","0","0","0","2301","0","0","0","N","0","0","0","1","02301","0","","5.0","","1","N","N","","0","","0","0","0","","0","N","","1","0","0","0","0","0","0","2","0","1","","","","N","","","","","","","","","",""
"2019126322","","1","0","0","0","0","0","0","0","0","1","0","","02","12","2019","7","40.351633","-80.050805","","11","0","0","0","0","0","1","1","0","3","0","0","0","","","2","","0","","40 21:05.880","2","0","80 03:02.899","3","0","0","0","2109","0","0","0","N","0","0","0","6","02109","0","","1.0","","1","N","N","","0","","1","0","2","","0","N","","3","2","0","0","0","1","0","2","0","3","","","","N","","","","","","","","","",""
"2019133192","","1","0","0","0","0","0","0","0","0","1","0","","02","10","2019","6","40.442455","-79.856659","","11","0","0","0","0","1","1","0","0","","0","0","0","","","0","N","0","","40 26:32.839","","0","79 51:23.972","0","0","0","0","2419","0","0","0","N","0","0","0","3","68B03","0","","1.0","","1","N","N","N","0","","0","0","2","","0","","","3","0","0","0","0","0","0","2","0","3","","","","N","","","","","","","","","",""
"2019096287","","1","0","0","0","0","0","0","0","0","4","0","","02","9","2019","4","40.559439","-79.959161","","11","0","0","0","0","0","0","0","0","2","0","0","0","","","1","","2","","40 33:33.980","2","0","79 57:32.979","3","0","0","0","2207","0","0","0","N","0","0","0","3","02207","0","","1.0","","1","N","N","","0","","1","0","1","","2","Y","","2","1","0","0","0","0","0","2","0","2","","","","N","","","","","","","","","",""
"2019104994","","1","0","0","1","0","0","0","0","0","8","0","","02","10","2019","4","40.454359","-79.94802","","11","0","0","0","0","0","0","0","0","","0","0","0","","","1","","0","","40 27:15.693","","7","79 56:52.873","3","0","0","0","2301","1","0","0","N","0","0","0","2","02301","0","","1.0","","9","N","N","","0","","1","0","0","","0","","","2","1","0","0","0","0","0","2","0","1","","","","N","","","","","","","","","",""
"2019107686","","1","0","0","0","0","0","0","0","0","5","0","","02","10","2019","5","40.438539","-80.014656","","11","0","0","0","0","0","0","0","0","","0","0","0","","","1","Y","0","","40 26:18.741","","0","80 00:52.760","4","0","0","0","2301","0","0","0","N","0","0","0","2","02301","1","","1.0","","1","N","N","N","0","","0","0","1","","0","N","","2","1","0","0","0","0","0","2","0","2","","","","N","","","","","","","","","",""
"2019108632","","2","0","0","0","0","0","0","0","0","1","0","","02","10","2019","3","40.404423","-79.762428","","11","0","0","0","0","0","1","1","0","","0","0","0","","","2","","0","","40 24:15.922","","0","79 45:44.739","8","0","0","0","2446","0","0","0","N","0","0","0","8","02446","0","","1.0","","1","N","N","","1","","0","0","3","","0","","","6","2","0","0","0","2","0","2","0","6","","","","N","","","","","","","","","",""
"2019093181","","0","0","0","0","0","0","0","0","0","1","1","","02","9","2019","3","40.545253","-80.030723","","11","0","0","0","0","0","0","0","0","1","0","1","0","","","0","N","2","","40 32:42.911","3","0","80 01:50.602","0","0","0","0","2116","0","0","0","N","0","0","0","4","02116","0","","1.0","","1","N","N","","0","","0","0","0","","2","N","","2","0","0","0","0","0","0","2","1","2","","","","N","","","","","","","","","",""
"2019115907","","2","0","0","0","0","0","0","0","0","99","0","","02","11","2019","2","40.440028","-80.154836","","11","0","0","0","0","0","1","0","0","2","0","0","0","","","2","","0","","40 26:24.101","4","0","80 09:17.410","8","0","0","0","2115","0","0","0","N","0","0","0","2","68B03","0","","1.0","","1","N","N","","0","","0","0","0","","0","N","","2","2","0","0","0","2","0","2","0","2","","","","N","","","","","","","","","",""
"2019095968","","2","0","0","0","0","0","0","0","0","5","0","","02","9","2019","2","40.597856","-79.947514","","11","0","0","0","0","0","1","0","0","1","0","0","0","","","0","","0","","40 35:52.283","1","0","79 56:51.050","0","0","0","0","2207","0","0","0","Y","0","0","0","2","02207","0","","1.0","","1","N","N","","0","","0","0","0","","0","N","","2","0","0","0","0","0","0","2","0","2","","","","N","","","","","","","","","",""
"2019098796","","1","0","0","0","0","0","0","0","0","7","0","","02","9","2019","5","40.29275","-79.874706","","11","0","0","0","0","0","1","0","0","1","0","0","0","","","0","","0","","40 17:33.899","1","0","79 52:28.940","9","0","0","0","2302","0","0","0","N","0","0","0","1","02302","0","","5.0","","1","N","N","N","0","","0","0","0","","0","N","","1","0","0","0","0","0","1","2","0","1","","","","N","","","","","","","","","",""
"2019094796","","2","0","0","0","0","0","0","0","0","1","0","","02","9","2019","6","40.434043","-79.965289","","11","0","0","0","0","0","0","0","0","2","0","0","0","","","0","","2","","40 26:02.555","4","0","79 57:55.040","0","0","0","0","2301","0","0","0","N","0","0","0","2","02301","0","","1.0","","1","N","N","","0","","0","0","0","","2","N","","2","0","0","0","0","0","0","2","0","2","","","","N","","","","","","","","","",""
"2019058838","","2","0","0","0","0","0","0","0","0","4","0","","02","6","2019","7","40.300792","-79.865978","","11","0","0","0","0","0","0","0","0","","0","0","0","","","0","","2","","40 18:02.850","","0","79 51:57.519","9","0","0","0","2443","0","0","0","N","0","0","0","2","02443","0","","1.0","","1","","","","0","","0","0","0","","0","","","2","0","0","0","0","0","1","1","0","2","","","","N","","","","","","","","","",""
"2019125177","","1","0","0","0","0","0","0","0","0","1","0","","02","12","2019","5","40.473234","-79.84821","","11","0","0","0","0","0","0","0","0","","0","0","0","","","2","","2","","40 28:23.641","","0","79 50:53.556","4","0","0","0","2113","0","0","0","N","0","0","0","4","02113","2","","1.0","","1","N","N","N","0","","0","0","1","","0","N","","2","2","0","0","0","0","0","2","0","2","","03","","N","","","","","","","","","",""
"2019108029","","1","0","0","0","0","0","0","0","0","4","0","","02","10","2019","5","40.369495","-80.032638","","11","0","0","0","0","0","1","0","0","1","0","0","0","","","0","","9","","40 22:10.183","3","0","80 01:57.495","0","0","0","0","2416","0","0","0","N","0","0","0","1","02503","0","","1.0","","1","N","N","","0","","0","0","0","","5","N","","2","0","0","0","0","0","0","2","0","1","","","","N","","","","","","","","","",""
"2019100392","","3","0","0","0","0","0","0","0","0","1","0","","02","9","2019","6","40.446277","-80.152235","","11","0","0","0","0","0","0","0","0","","0","0","0","","","0","","0","","40 26:46.596","","0","80 09:08.046","0","0","0","0","2115","0","0","0","N","0","0","0","3","02115","0","","1.0","","9","N","N","","0","","0","0","0","","0","N","","3","0","1","0","0","0","0","2","0","3","","","","N","","","","","","","","","",""
"2019096001","","2","0","0","0","0","0","0","0","0","4","0","","02","9","2019","3","40.46425","-79.925551","","11","0","0","0","0","0","0","0","0","","0","0","0","","","0","","1","","40 27:51.299","","0","79 55:31.983","9","0","0","0","2301","0","0","0","N","0","0","0","2","02301","0","","1.0","","1","N","N","","0","","0","0","0","","3","N","","2","0","0","0","0","0","1","2","0","2","","","","N","","","","","","","","","",""
"2019099577","","1","0","0","0","0","0","0","0","0","7","0","","02","9","2019","7","40.448769","-80.023939","","11","0","0","0","0","0","0","0","0","","0","0","0","","","0","","0","","40 26:55.568","","0","80 01:26.180","0","0","0","0","2301","0","0","0","N","0","0","0","1","02301","0","","1.0","","1","N","N","","0","","0","0","0","","2","N","","1","0","0","0","0","0","0","2","0","1","","","","N","","","","","","","","","",""
"2019106714","","3","0","0","0","0","0","0","0","0","6","0","","02","10","2019","2","40.328669","-80.03635","","11","0","0","0","0","0","0","0","1","1","0","0","0","","","0","","0","","40 19:43.210","6","0","80 02:10.860","0","0","0","0","2407","0","0","0","N","0","0","0","2","02407","0","","1.0","","1","N","N","","0","","0","0","0","","0","Y","","3","0","0","0","0","0","0","2","0","3","","","","N","","","","","","","","","",""
"2019132090","","0","0","0","0","0","0","0","0","0","1","0","","02","12","2019","4","40.494194","-79.903634","","11","0","0","0","0","0","0","0","0","","0","0","0","","","0","N","0","","40 29:39.097","","0","79 54:13.082","0","0","0","0","2401","0","0","0","N","0","0","0","2","68D02","0","","1.0","","1","N","N","N","0","","0","0","2","","0","","","2","0","0","0","0","0","0","2","0","2","","03","","N","","","","","","","","","",""
"2019106142","","3","0","0","0","0","0","0","0","0","1","0","","02","10","2019","2","40.607735","-79.947216","","11","0","0","0","1","0","0","0","1","1","0","0","0","","","0","","0","","40 36:27.845","2","0","79 56:49.979","0","0","0","0","2207","0","0","0","N","0","0","0","3","02207","0","","1.0","","1","N","N","","0","","0","0","0","","0","Y","","3","0","0","0","0","0","0","2","0","3","","","","N","","","","","","","","","",""
"2019104612","","3","0","0","0","0","0","0","0","0","1","0","","02","10","2019","5","40.487581","-79.939498","","11","0","0","0","0","0","0","0","0","2","0","0","0","","","0","","0","","40 29:15.292","2","0","79 56:22.194","0","0","0","0","2301","0","0","0","N","0","0","0","1","02301","0","","2.0","","9","N","N","","0","","0","0","0","","0","N","","3","0","0","0","0","0","0","2","0","3","","","","N","","","","","","","","","",""
"2019087636","","2","0","0","0","0","0","0","0","0","1","0","","02","8","2019","6","40.396207","-79.925431","","11","0","0","0","0","0","2","0","1","2","0","0","0","","","1","","3","","40 23:46.344","2","0","79 55:31.553","4","0","0","0","2472","0","0","0","N","0","0","0","5","02472","1","","1.0","","1","N","N","","0","","0","0","2","","2","Y","","4","1","0","0","0","0","0","2","0","4","","","","N","","","","","","","","","",""