"CRN","ARRIVAL_TM","AUTOMOBILE_COUNT","BELTED_DEATH_COUNT","BELTED_SUSP_SERIOUS_INJ_COUNT","BICYCLE_COUNT","BICYCLE_DEATH_COUNT","BICYCLE_SUSP_SERIOUS_INJ_COUNT","BUS_COUNT","CHLDPAS_DEATH_COUNT","CHLDPAS_SUSP_SERIOUS_INJ_COUNT","COLLISION_TYPE","COMM_VEH_COUNT","CONS_ZONE_SPD_LIM","COUNTY","CRASH_MONTH","CRASH_YEAR","DAY_OF_WEEK","DEC_LATITUDE","DEC_LONGITUDE","DISPATCH_TM","DISTRICT","DRIVER_COUNT_16YR","DRIVER_COUNT_17YR","DRIVER_COUNT_18YR","DRIVER_COUNT_19YR","DRIVER_COUNT_20YR","DRIVER_COUNT_50_64YR","DRIVER_COUNT_65_74YR","DRIVER_COUNT_75PLUS","EST_HRS_CLOSED","FATAL_COUNT","HEAVY_TRUCK_COUNT","HORSE_BUGGY_COUNT","HOUR_OF_DAY","ILLUMINATION","INJURY_COUNT","INTERSECTION_RELATED","INTERSECT_TYPE","LANE_CLOSED","LATITUDE","LN_CLOSE_DIR","LOCATION_TYPE","LONGITUDE","MAX_SEVERITY_LEVEL","MCYCLE_DEATH_COUNT","MCYCLE_SUSP_SERIOUS_INJ_COUNT","MOTORCYCLE_COUNT","MUNICIPALITY","NONMOTR_COUNT","NONMOTR_DEATH_COUNT","NONMOTR_SUSP_SERIOUS_INJ_COUNT","NTFY_HIWY_MAINT","PED_COUNT","PED_DEATH_COUNT","PED_SUSP_SERIOUS_INJ_COUNT","PERSON_COUNT","POLICE_AGCY","POSSIBLE_INJ_COUNT","RDWY_SURF_TYPE_CD","RELATION_TO_ROAD","ROADWAY_CLEARED","ROAD_CONDITION","SCH_BUS_IND","SCH_ZONE_IND","SECONDARY_CRASH","SMALL_TRUCK_COUNT","SPEC_JURIS_CD","SUSP_MINOR_INJ_COUNT","SUSP_SERIOUS_INJ_COUNT","SUV_COUNT","TCD_FUNC_CD","TCD_TYPE","TFC_DETOUR_IND","TIME_OF_DAY","TOTAL_UNITS","TOT_INJ_COUNT","UNBELTED_OCC_COUNT","UNB_DEATH_COUNT","UNB_SUSP_SERIOUS_INJ_COUNT","UNK_INJ_DEG_COUNT","UNK_INJ_PER_COUNT","URBAN_RURAL","VAN_COUNT","VEHICLE_COUNT","WEATHER1","WEATHER2","WORKERS_PRES","WORK_ZONE_IND","WORK_ZONE_LOC","WORK_ZONE_TYPE","WZ_CLOSE_DETOUR","WZ_FLAGGER","WZ_LAW_OFFCR_IND","WZ_LN_CLOSURE","WZ_MOVING","WZ_OTHER","WZ_SHLDER_MDN","WZ_WORKERS_INJ_KILLED"
"2019127547","","3","0","0","0","0","0","0","0","0","1","0","","02","11","2019","5","40.42816","-79.94771","","11","0","0","0","0","0","1","1","0","2","0","0","0","","","0","","0","","40 25:41.377","3","0","79 56:51.757","0","0","0","0","2301","0","0","0","N","0","0","0","4","68B03","0","","1.0","","1","N","N","","0","","0","0","0","","0","N","","3","0","0","0","0","0","0","2","0","3","","","","N","","","","","","","","","",""
"2019131405","","1","0","0","0","0","0","0","0","0","7","0","","02","12","2019","7","40.358817","-79.97389","","11","0","0","0","0","0","1","0","0","1","0","0","0","","","0","","0","","40 21:31.740","7","0","79 58:26.004","0","0","0","0","2476","0","0","0","N","0","0","0","1","02476","0","","5.0","","1","N","N","","0","","0","0","0","","0","U","","1","0","0","0","0","0","0","2","0","1","","","","N","","","","","","","","","",""
"2019093836","","1","0","0","0","0","0","0","0","0","7","0","","02","9","2019","4","40.519408","-79.762469","","11","0","0","0","0","0","0","0","0","1","0","0","0","","","0","","0","","40 31:09.870","3","0","79 45:44.890","0","0","0","0","2466","0","0","0","N","0","0","0","1","02466","0","","2.0","","1","N","N","","0","","0","0","0","","0","N","","1","0","0","0","0","0","0","2","0","1","","","","N","","","","","","","","","",""
"2019094603","","1","0","0","0","0","0","0","0","0","1","0","","02","9","2019","6","40.457309","-79.895951","","11","0","0","0","0","0","2","0","0","","0","0","0","","","1","","0","","40 27:26.312","","0","79 53:45.423","8","0","0","0","2301","0","0","0","N","0","0","0","3","02301","0","","1.0","","1","N","N","","0","","0","0","1","","0","","","2","1","0","0","0","1","0","2","0","2","","","","N","","","","","","","","","",""
"2019095999","","3","0","0","0","0","0","0","0","0","1","0","","02","9","2019","2","40.415032","-80.011267","","11","0","0","0","0","0","1","0","0","2","0","0","0","","","1","","2","","40 24:54.116","1","0","80 00:40.560","4","0","0","0","2301","0","0","0","N","0","0","0","6","02301","1","","1.0","","1","N","N","","0","","0","0","0","","3","N","","3","1","0","0","0","0","0","2","0","3","","","","N","","","","","","","","","",""
"2019106616","","2","0","0","0","0","0","0","0","0","4","0","","02","10","2019","3","40.620328","-79.944306","","11","0","0","0","0","0","0","0","1","1","0","0","0","","","1","","0","","40 37:13.180","1","7","79 56:39.502","8","0","0","0","2217","0","0","0","N","0","0","0","2","02505","0","","1.0","","9","N","N","","0","","0","0","0","","2","N","","2","1","0","0","0","1","0","2","0","2","","","","N","","","","","","","","","",""
"2019006234","","2","0","0","0","0","0","0","0","0","4","0","","02","1","2019","3","40.404167","-79.920333","","11","0","0","0","0","0","0","0","0","","0","0","0","","","0","","0","","40 24:15.000","","7","79 55:13.200","0","0","0","0","2472","0","0","0","N","0","0","0","2","02472","0","","1.0","","1","N","N","","0","","0","0","0","","0","","","2","0","0","0","0","0","0","2","0","2","","","","N","","","","","","","","","",""
"2019114383","","1","0","0","0","0","0","0","0","0","1","0","","02","10","2019","3","40.429898","-79.88442","","11","0","0","0","0","0","2","0","0","","0","0","0","","","2","","0","","40 25:47.632","","1","79 53:03.911","3","0","0","0","2426","0","0","0","N","0","0","0","2","68B03","0","","1.0","","1","N","N","","0","","2","0","1","","0","","","2","2","0","0","0","0","0","2","0","2","","","","N","","","","","","","","","",""
"2019119193","","1","0","0","0","0","0","0","0","0","1","0","","02","11","2019","3","40.433746","-80.142541","","11","0","0","1","0","0","1","0","0","","0","0","0","","","0","","0","","40 26:01.484","","0","80 08:33.149","0","0","0","0","2115","0","0","0","N","0","0","0","2","68B03","0","","1.0","","1","N","N","","0","","0","0","1","","0","","","2","0","0","0","0","0","0","2","0","2","","","","N","","","","","","","","","",""
"2019097367","","0","0","0","0","0","0","0","0","0","4","0","","02","9","2019","5","40.358469","-80.121308","","11","0","0","0","1","0","0","0","0","1","0","0","0","","","0","N","0","","40 21:30.488","5","7","80 07:16.708","0","0","0","0","2119","0","0","0","N","0","0","0","3","02119","0","","1.0","","1","N","N","","0","","0","0","2","","3","N","","2","0","0","0","0","0","0","2","0","2","","","","N","","","","","","","","","",""
"2019093560","","1","0","0","0","0","0","0","0","0","4","1","","02","9","2019","4","40.442934","-79.997995","","11","0","0","0","0","0","1","0","0","","0","1","0","","","0","","2","","40 26:34.563","","0","79 59:52.783","0","0","0","0","2301","0","0","0","N","0","0","0","2","02301","0","","1.0","","1","N","N","","0","","0","0","0","","2","N","","2","0","0","0","0","0","0","2","0","2","","","","N","","","","","","","","","",""
"2019099173","","1","0","0","0","0","0","0","0","0","1","0","","02","9","2019","6","40.464343","-79.916038","","11","0","0","0","1","0","0","0","0","","0","0","0","","","0","","1","","40 27:51.634","","0","79 54:57.736","0","0","0","0","2301","0","0","0","N","0","0","0","3","02301","0","","1.0","","1","N","N","","0","","0","0","1","","3","N","","2","0","0","0","0","0","0","2","0","2","","","","N","","","","","","","","","",""
"2019130854","","1","0","0","0","0","0","0","0","0","6","0","","02","12","2019","4","40.509605","-79.852083","","11","0","0","0","0","0","1","0","0","","0","0","0","","","0","N","0","","40 30:34.578","","0","79 51:07.499","0","0","0","0","2112","0","0","0","N","0","0","0","2","02112","0","","1.0","","7","N","N","Y","0","","0","0","1","","0","","","2","0","0","0","0","0","0","2","0","2","","10","","N","","","","","","","","","",""
"2019037700","","1","0","0","0","0","0","0","0","0","1","0","","02","4","2019","3","40.355825","-79.843134","","11","0","0","0","0","0","1","1","0","","0","0","0","","","1","","0","","40 21:20.970","","3","79 50:35.283","8","0","0","0","2304","0","0","0","N","0","0","0","2","02304","0","","1.0","","1","N","N","N","0","","0","0","1","","0","","","2","1","0","0","0","1","0","2","0","2","","","","N","","","","","","","","","",""
"2019096613","","0","0","0","0","0","0","0","0","0","7","0","","02","9","2019","6","40.528934","-79.965246","","11","0","0","0","0","0","0","0","0","","0","0","0","","","0","","0","","40 31:44.161","","0","79 57:54.884","0","0","0","0","2118","0","0","0","N","0","0","0","4","02118","0","","5.0","","1","N","N","","0","","0","0","1","","0","N","","1","0","0","0","0","0","0","2","0","1","","","","N","","","","","","","","","",""
"2019108351","","2","0","0","0","0","0","0","0","0","4","0","","02","10","2019","7","40.427843","-79.980641","","11","0","0","0","0","0","0","0","0","","0","0","0","","","0","","1","","40 25:40.234","","0","79 58:50.306","0","0","0","0","2301","0","0","0","N","0","0","0","6","02301","0","","1.0","","9","N","N","","0","","0","0","0","","0","N","","2","0","0","0","0","0","0","2","0","2","","","","N","","","","","","","","","",""
"2019126940","","1","0","0","0","0","0","0","0","0","1","0","","02","12","2019","2","40.351107","-80.050873","","11","0","0","0","0","0","0","0","0","","0","0","0","","","0","","0","","40 21:03.986","","0","80 03:03.142","0","0","0","0","2109","0","0","0","N","0","0","0","2","02109","0","","1.0","","9","N","N","","0","","0","0","1","","0","","","2","0","0","0","0","0","0","2","0","2","","","","N","","","","","","","","","",""
"2019107801","","2","0","0","0","0","0","0","0","0","1","0","","02","10","2019","4","40.429364","-79.999101","","11","0","0","0","0","0","0","0","0","","0","0","0","","","0","","1","","40 25:45.712","","3","79 59:56.762","9","0","0","0","2301","0","0","0","N","0","0","0","2","02301","0","","1.0","","1","N","N","N","0","","0","0","0","","2","","","2","0","0","0","0","0","1","2","0","2","","","","N","","","","","","","","","",""
"2019130833","","3","0","0","0","0","0","0","0","0","1","0","","02","12","2019","4","40.403858","-79.952833","","11","0","0","0","0","1","1","0","0","","0","0","0","","","0","N","0","","40 24:13.888","2","0","79 57:10.197","0","0","0","0","2403","0","0","0","N","0","0","0","3","02403","0","","1.0","1650.0","2","N","N","N","0","","0","0","0","","0","N","","3","0","0","0","0","0","0","2","0","3","","07","","N","","","","","","","","","",""
"2019108782","","1","0","0","0","0","0","0","0","0","4","0","","02","10","2019","7","40.467928","-80.013663","","11","0","0","0","0","0","0","0","0","","0","0","0","","","1","","0","","40 28:04.539","","0","80 00:49.185","4","0","0","0","2301","0","0","0","N","0","0","0","1","02301","1","","6.0","","1","N","N","","0","","0","0","1","","0","","","2","1","0","0","0","0","0","2","0","2","","","","N","","","","","","","","","",""
"2019128565","","2","0","0","0","0","0","0","0","0","1","0","","02","11","2019","6","40.410819","-80.074007","","11","0","0","0","0","0","0","1","0","1","0","0","0","","","0","","0","","40 24:38.949","3","0","80 04:26.425","0","0","0","0","2117","0","0","0","N","0","0","0","4","68B03","0","","1.0","","1","N","N","","0","","0","0","0","","0","N","","2","0","0","0","0","0","0","2","0","2","","","","N","","","","","","","","","",""
"2019093735","","2","0","0","0","0","0","0","0","0","4","0","","02","9","2019","3","40.519723","-80.217801","","11","0","0","0","0","0","0","0","1","","0","0","0","","","1","","2","","40 31:11.001","","0","80 13:04.082","8","0","0","0","2213","0","0","0","N","0","0","0","2","02213","0","","1.0","","1","N","N","","0","","0","0","0","","2","","","2","1","1","0","0","1","0","2","0","2","","","","N","","","","","","","","","",""
"2019114371","","2","0","0","0","0","0","0","0","0","1","0","","02","9","2019","6","40.427396","-79.952039","","11","0","0","0","0","1","0","0","0","2","0","0","0","","","1","","0","","40 25:38.625","4","0","79 57:07.339","3","0","0","0","2301","0","0","0","N","0","0","0","3","68B03","0","","1.0","","1","N","N","","1","","1","0","0","","0","N","","3","1","0","0","0","0","0","2","0","3","","","","N","","","","","","","","","",""
"2019107966","","1","0","0","0","0","0","0","0","0","4","0","","02","10","2019","6","40.354569","-80.088604","","11","0","0","0","0","0","0","0","0","2","0","0","0","","","1","","0","","40 21:16.450","7","7","80 05:18.974","8","0","0","0","2123","0","0","0","N","0","0","0","2","02123","0","","1.0","","1","N","N","","0","","0","0","1","","0","N","","2","1","0","0","0","1","0","2","0","2","","","","N","","","","","","","","","",""
"2019094531","","1","0","0","0","0","0","0","0","0","4","0","","02","9","2019","6","40.549118","-80.196792","","11","0","1","0","0","0","0","0","0","1","0","0","0","","","1","N","2","","40 32:56.825","1","0","80 11:48.451","4","0","0","0","2427","0","0","0","N","0","0","0","2","02427","1","","1.0","","1","N","N","","0","","0","0","1","","3","N","","2","1","0","0","0","0","0","2","0","2","","","","N","","","","","","","","","",""
"2019097095","","2","0","0","0","0","0","0","0","0","4","0","","02","9","2019","6","40.441441","-79.99229","","11","0","0","0","0","1","1","0","0","","0","0","0","","","0","","5","","40 26:29.188","","0","79 59:32.244","0","0","0","0","2301","0","0","0","N","0","0","0","3","02301","0","","1.0","","1","N","N","","0","","0","0","0","","0","N","","2","0","0","0","0","0","0","2","0","2","","","","N","","","","","","","","","",""
"2019106997","","0","0","0","0","0","0","0","0","0","7","0","","02","10","2019","4","40.438047","-79.92415","","11","0","0","0","0","0","0","0","0","","0","0","0","","","0","","0","","40 26:16.970","","7","79 55:26.940","0","0","0","0","2301","0","0","0","N","0","0","0","1","02301","0","","4.0","","1","N","N","","0","","0","0","0","","0","","","1","0","0","0","0","0","0","2","1","1","","","","N","","","","","","","","","",""
"2019104077","","2","0","0","0","0","0","0","0","0","1","0","","02","10","2019","2","40.403679","-80.06969","","11","0","0","0","0","0","0","1","0","","0","0","0","","","0","","0","","40 24:13.244","","0","80 04:10.883","0","0","0","0","2415","0","0","0","N","0","0","0","2","02415","0","","1.0","","1","N","N","","0","","0","0","0","","0","","","2","0","0","0","0","0","0","2","0","2","","","","N","","","","","","","","","",""
"2019110489","","1","0","0","0","0","0","0","0","0","7","0","","02","10","2019","2","40.516933","-80.221334","","11","0","0","0","0","0","0","1","0","","0","0","0","","","0","","1","","40 31:00.959","","0","80 13:16.803","0","0","0","0","2213","0","0","0","N","0","0","0","1","02213","0","","4.0","","1","N","N","","0","","0","0","0","","2","","","1","0","0","0","0","0","0","2","0","1","","","","N","","","","","","","","","",""
"2019036496","","1","0","0","0","0","0","0","0","0","1","0","","02","4","2019","4","40.274374","-79.88428","","11","0","0","0","0","0","1","0","0","1","0","0","0","","","0","Y","0","","40 16:27.746","4","0","79 53:03.408","0","0","0","0","2428","0","0","0","N","0","0","0","3","02428","0","","1.0","855.0","1","N","N","N","0","","0","0","1","","0","N","","2","0","1","0","0","0","0","2","0","2","","","","N","","","","","","","","","",""
"2019105357","","2","0","0","0","0","0","0","0","0","5","0","","02","10","2019","7","40.484717","-80.035219","","11","0","0","0","0","0","0","0","0","","0","0","0","","","0","","0","","40 29:04.980","","0","80 02:06.790","0","0","0","0","2301","0","0","0","N","0","0","0","1","02301","0","","6.0","","1","N","N","","0","","0","0","0","","0","","","2","0","0","0","0","0","0","2","0","2","","","","N","","","","","","","","","",""
"2019092986","","2","0","0","0","0","0","0","0","0","4","0","","02","9","2019","2","40.367883","-79.818901","","11","0","0","0","0","1","0","0","0","","0","0","0","","","1","N","0","","40 22:04.380","","7","79 49:08.043","3","0","0","0","2111","0","0","0","N","0","0","0","5","02111","0","","1.0","","1","N","N","","0","","1","0","2","","0","","","4","1","0","0","0","0","0","2","0","4","","","","N","","","","","","","","","",""
"2019106942","","2","0","0","0","0","0","0","0","0","1","0","","02","10","2019","4","40.461888","-80.031105","","11","0","0","0","0","0","0","0","0","1","0","0","0","","","0","","0","","40 27:42.795","4","8","80 01:51.977","0","0","0","0","2301","0","0","0","N","0","0","0","2","02301","0","","1.0","","1","N","N","","0","","0","0","0","","0","N","","2","0","0","0","0","0","0","2","0","2","","","","N","","","","","","","","","",""
"2019098798","","2","0","0","0","0","0","0","0","0","1","0","","02","10","2019","4","40.603775","-79.752811","","11","0","0","0","0","0","0","0","0","","0","0","0","","","0","","1","","40 36:13.589","","0","79 45:10.119","0","0","0","0","2464","0","0","0","N","0","0","0","3","02464","0","","1.0","","1","N","N","","0","","0","0","0","","0","","","2","0","0","0","0","0","0","2","0","2","","","","N","","","","","","","","","",""
"2019132479","","2","0","0","0","0","0","0","0","0","1","0","","02","12","2019","4","40.333466","-79.98414","","11","0","0","0","1","0","0","0","0","","0","0","0","","","1","N","0","","40 20:00.479","","0","79 59:02.904","8","0","0","0","2403","0","0","0","N","0","0","0","2","02403","0","","1.0","","2","N","N","N","0","","0","0","0","","0","N","","2","1","0","0","0","1","0","2","0","2","","10","","N","","","","","","","","","",""
"2019132435","","2","0","0","0","0","0","0","0","0","1","0","","02","12","2019","1","40.428211","-79.971184","","11","0","0","0","0","0","0","0","0","","0","0","0","","","0","","1","","40 25:41.561","3","0","79 58:16.263","0","0","0","0","2301","0","0","0","N","0","0","0","2","02301","0","","1.0","205.0","1","N","N","N","0","","0","0","0","","0","N","","2","0","0","0","0","0","0","2","0","2","","03","","N","","","","","","","","","",""
"2019122295","","1","0","0","0","0","0","0","0","0","4","0","","02","11","2019","4","40.488078","-79.924531","","11","0","0","0","0","0","0","1","0","","0","0","0","","","0","","2","","40 29:17.080","","0","79 55:28.312","0","0","0","0","2301","0","0","0","N","0","0","0","3","02301","0","","1.0","","1","N","N","N","0","","0","0","1","","3","","","2","0","0","0","0","0","0","2","0","2","","03","","N","","","","","","","","","",""
"2019134296","","1","0","0","0","0","0","0","0","0","7","0","","02","12","2019","4","40.451578","-80.228886","","11","0","0","0","0","0","0","0","0","","0","0","0","","","0","N","0","","40 27:05.680","","0","80 13:43.990","0","0","0","0","2214","0","0","0","N","0","0","0","1","02214","0","","5.0","","1","N","N","N","0","","0","0","0","","0","N","","1","0","0","0","0","0","0","2","0","1","","05","","N","","","","","","","","","",""
"2019131979","","0","0","0","0","0","0","0","0","0","7","0","","02","12","2019","6","40.247624","-79.875672","","11","0","0","0","0","1","0","0","0","","0","0","0","","","0","N","0","","40 14:51.445","2","0","79 52:32.419","0","0","0","0","2204","0","0","0","Y","0","0","0","1","02204","0","","2.0","2245.0","1","N","N","N","1","","0","0","0","","0","N","","1","0","0","0","0","0","0","1","0","1","","","","N","","","","","","","","","",""
"2019133358","","1","0","0","0","0","0","0","0","0","4","0","","02","12","2019","3","40.277296","-79.877086","","11","0","0","0","0","0","0","0","0","","0","0","0","","","1","N","0","","40 16:38.266","5","6","79 52:37.511","8","0","0","0","2105","0","0","0","N","0","0","0","2","02105","0","","1.0","1423.0","1","N","N","N","0","","0","0","1","","0","Y","","2","1","0","0","0","1","0","2","0","2","","03","","N","","","","","","","","","",""
"2019122939","","1","0","0","0","0","0","0","0","0","7","0","","02","11","2019","5","40.364178","-79.964388","","11","0","0","0","0","0","0","0","0","1","0","0","0","","","0","","2","","40 21:51.040","5","7","79 57:51.796","0","0","0","0","2476","0","0","0","N","0","0","0","3","02476","0","","5.0","","1","N","N","","0","","0","0","0","","0","N","","1","0","0","0","0","0","0","2","0","1","","","","N","","","","","","","","","",""
"2019120804","","2","0","0","0","0","0","0","0","0","5","0","","02","11","2019","2","40.424817","-80.030723","","11","0","0","0","0","0","0","0","0","","0","0","0","","","1","N","6","","40 25:29.341","2","2","80 01:50.602","8","0","0","0","2301","0","0","0","N","0","0","0","2","02301","0","","7.0","930.0","1","N","N","N","0","","0","0","0","","0","Y","","2","1","0","0","0","1","0","2","0","2","","03","","N","","","","","","","","","",""
"2019134856","","1","0","0","0","0","0","0","0","0","5","0","","02","12","2019","1","40.419018","-79.888619","","11","0","0","0","0","0","0","0","0","","0","0","0","","","0","N","0","","40 25:08.465","1","0","79 53:19.030","0","0","0","0","2463","0","0","0","N","0","0","0","1","02463","0","","4.0","30.0","9","N","N","N","0","","0","0","2","","0","N","","3","0","0","0","0","0","0","2","0","3","","07","","N","","","","","","","","","",""
"2019132682","","1","0","0","0","0","0","0","0","0","8","0","","02","12","2019","7","40.380799","-79.812122","","11","0","0","0","0","0","0","0","0","","0","0","0","","","1","N","0","","40 22:50.877","","0","79 48:43.639","3","0","0","0","2424","1","0","0","N","1","0","0","2","02424","0","","1.0","","1","N","N","N","0","","1","0","0","","0","","","2","1","1","0","0","0","0","2","0","1","","03","","N","","","","","","","","","",""
"2019122844","","2","0","0","0","0","0","0","0","0","4","0","","02","11","2019","6","40.468794","-79.945244","","11","0","0","0","0","0","0","0","0","","0","0","0","","","1","N","0","","40 28:07.660","","0","79 56:42.880","4","0","0","0","2301","0","0","0","N","0","0","0","2","02301","1","","6.0","","1","N","N","N","0","","0","0","0","","0","","","2","1","2","0","0","0","0","2","0","2","","03","","N","","","","","","","","","",""
"2019133808","","2","0","0","0","0","0","0","0","0","4","0","","02","12","2019","5","40.617329","-79.833763","","11","0","0","0","0","0","1","0","0","","0","0","0","","","0","","2","","40 37:02.384","7","0","79 50:01.546","0","0","0","0","2220","0","0","0","N","0","0","0","3","02220","0","","1.0","1710.0","1","N","N","N","0","","0","0","0","","0","N","","2","0","0","0","0","0","0","2","0","2","","","","N","","","","","","","","","",""
"2019131721","","1","0","0","0","0","0","0","0","0","2","0","","02","12","2019","6","40.477333","-80.031694","","11","0","0","0","0","0","0","0","0","","0","0","0","","","1","N","0","","40 28:38.400","1","0","80 01:54.100","3","0","0","0","2301","0","0","0","N","0","0","0","2","02301","0","","1.0","1815.0","1","N","N","N","0","","1","0","1","","0","N","","2","1","0","0","0","0","0","2","0","2","","03","","N","","","","","","","","","",""
"2019133646","","1","0","0","0","0","0","0","0","0","4","0","","02","12","2019","5","40.389439","-79.831432","","11","0","0","0","0","0","0","0","0","","0","0","0","","","0","Y","0","","40 23:21.981","3","0","79 49:53.154","0","0","0","0","2111","0","0","0","N","0","0","0","2","02111","0","","1.0","1003.0","1","N","N","N","0","","0","0","1","","0","N","","2","0","0","0","0","0","0","2","0","2","","03","","N","","","","","","","","","",""
"2019126484","","2","0","0","0","0","0","0","0","0","98","0","","02","11","2019","5","40.640067","-80.008357","","11","0","0","0","0","0","0","0","0","","0","0","0","","","0","N","0","","40 38:24.241","","0","80 00:30.084","0","0","0","0","2216","0","0","0","N","0","0","0","6","68T02","0","","1.0","","9","N","N","Y","0","","0","0","0","","0","","","2","0","0","0","0","0","0","2","0","2","","","","N","","","","","","","","","",""
"2019122536","","1","0","0","0","0","0","0","0","0","6","0","","02","11","2019","5","40.435679","-79.963447","","11","0","0","0","0","0","1","0","0","","0","0","0","","","0","Y","0","","40 26:08.444","6","0","79 57:48.408","9","0","0","0","2301","0","0","0","N","0","0","0","2","02301","0","","1.0","1822.0","1","N","N","N","0","","0","0","1","","0","N","","2","0","0","0","0","0","1","2","0","2","","","","N","","","","","","","","","",""
"2019131734","","2","0","0","0","0","0","0","0","0","1","0","","02","12","2019","6","40.453111","-79.979583","","11","0","0","0","0","0","1","0","0","","0","0","0","","","0","Y","0","","40 27:11.200","1","0","79 58:46.500","0","0","0","0","2301","0","0","0","N","0","0","0","3","02301","0","","1.0","1935.0","1","N","N","Y","1","","0","0","0","","0","N","","3","0","0","0","0","0","0","2","0","3","","03","","N","","","","","","","","","",""
"2019132291","","1","0","0","0","0","0","0","0","0","4","0","","02","12","2019","1","40.451951","-79.923991","","11","0","0","0","0","0","1","0","0","","0","0","0","","","1","","1","","40 27:07.023","","0","79 55:26.367","3","0","0","0","2301","0","0","0","N","0","0","0","4","02301","0","","1.0","","1","N","N","N","1","","1","0","0","","2","","","2","1","0","0","0","0","0","2","0","2","","03","","N","","","","","","","","","",""
"2019124357","","1","0","0","0","0","0","0","0","0","99","0","","02","11","2019","7","40.465278","-80.033488","","11","0","0","0","0","0","0","0","0","","0","0","0","","","0","N","0","","40 27:55.001","1","0","80 02:00.557","0","0","0","0","2301","0","0","0","N","0","0","0","1","02301","0","","1.0","235.0","1","N","N","N","0","","0","0","0","","0","N","","1","0","0","0","0","0","0","2","0","1","","03","","N","","","","","","","","","",""
"2019122581","","2","0","0","0","0","0","0","0","0","1","0","","02","11","2019","3","40.473423","-79.972396","","11","0","0","0","0","0","0","0","0","","0","0","0","","","0","","6","","40 28:24.321","","2","79 58:20.624","0","0","0","0","2445","0","0","0","N","0","0","0","2","02445","0","","7.0","","1","N","N","N","0","","0","0","0","","4","N","","2","0","0","0","0","0","0","2","0","2","","","","N","","","","","","","","","",""
"2019132195","","1","0","0","0","0","0","0","0","0","7","0","","02","12","2019","1","40.338799","-79.826222","","11","0","0","0","0","0","1","0","0","","0","0","0","","","0","N","0","","40 20:19.675","5","0","79 49:34.399","0","0","0","0","2304","0","0","0","N","0","0","0","1","02304","0","","5.0","805.0","1","N","N","N","0","","0","0","0","","0","Y","","1","0","0","0","0","0","0","2","0","1","","","","N","","","","","","","","","",""
"2019122836","","2","0","0","0","0","0","0","0","0","1","0","","02","11","2019","6","40.464843","-79.828658","","11","0","0","0","0","2","0","0","0","","0","0","0","","","0","N","2","","40 27:53.434","7","0","79 49:43.169","0","0","0","0","2113","0","0","0","N","0","0","0","3","02113","0","","1.0","25.0","1","N","N","N","1","","0","0","0","","2","N","","3","0","0","0","0","0","0","2","0","3","","98","","N","","","","","","","","","",""
"2019107976","","2","0","0","0","0","0","0","0","0","1","0","","02","10","2019","6","40.424783","-79.92699","","11","0","0","0","0","0","0","1","1","2","0","0","0","","","1","","2","","40 25:29.218","4","0","79 55:37.164","3","0","0","0","2301","0","0","0","N","0","0","0","3","02301","0","","1.0","","1","N","N","","0","","1","0","1","","0","N","","3","1","0","0","0","0","0","2","0","3","","","","N","","","","","","","","","",""
"2019131344","","0","0","0","0","0","0","0","0","0","4","0","","02","12","2019","6","40.452571","-79.94973","","11","0","0","0","0","0","1","0","0","","0","0","0","","","0","N","1","","40 27:09.255","","0","79 56:59.028","9","0","0","0","2301","0","0","0","N","0","0","0","2","02301","0","","1.0","","1","N","N","N","1","","0","0","1","","2","","","2","0","0","0","0","0","1","2","0","2","","","","N","","","","","","","","","",""
"2019132723","","1","0","0","0","0","0","0","0","0","7","0","","02","12","2019","7","40.327957","-79.938412","","11","0","0","0","0","0","0","0","0","","0","0","0","","","0","N","0","","40 19:40.645","6","0","79 56:18.284","0","0","0","0","2440","0","0","0","N","0","0","0","1","02440","0","","5.0","2020.0","1","N","N","N","0","","0","0","0","","0","N","","1","0","0","0","0","0","0","2","0","1","","03","","N","","","","","","","","","",""
"2019122853","","1","0","0","0","0","0","0","0","0","7","0","","02","11","2019","7","40.431203","-79.958333","","11","0","0","0","0","0","0","0","0","","0","0","0","","","1","N","0","","40 25:52.332","","4","79 57:29.998","3","0","0","0","2301","0","0","0","N","0","0","0","1","02301","0","","1.0","","1","N","N","N","0","","1","0","0","","0","","","1","1","0","0","0","0","0","2","0","1","","03","","N","","","","","","","","","",""
"2019133362","","1","0","0","0","0","0","0","0","0","98","0","","02","12","2019","4","40.440087","-80.009142","","11","0","0","0","0","0","0","0","0","","0","0","0","","","3","","0","","40 26:24.314","3","8","80 00:32.912","3","0","0","0","2301","0","0","0","N","0","0","0","3","02301","1","","2.0","1110.0","9","N","N","N","0","","1","0","0","","0","Y","","1","3","0","0","0","1","0","2","0","1","","04","","N","","","","","","","","","",""
"2019122341","","0","0","0","0","0","0","0","0","0","7","0","","02","11","2019","4","40.427311","-79.863191","","11","0","0","0","0","0","1","0","0","","0","0","0","","","0","","0","","40 25:38.320","4","6","79 51:47.489","0","0","0","0","2431","0","0","0","Y","0","0","0","1","02431","0","","3.0","27.0","1","N","N","N","0","","0","0","1","","2","N","","1","0","0","0","0","0","0","2","0","1","","","","N","","","","","","","","","",""