"CRN","ARRIVAL_TM","AUTOMOBILE_COUNT","BELTED_DEATH_COUNT","BELTED_SUSP_SERIOUS_INJ_COUNT","BICYCLE_COUNT","BICYCLE_DEATH_COUNT","BICYCLE_SUSP_SERIOUS_INJ_COUNT","BUS_COUNT","CHLDPAS_DEATH_COUNT","CHLDPAS_SUSP_SERIOUS_INJ_COUNT","COLLISION_TYPE","COMM_VEH_COUNT","CONS_ZONE_SPD_LIM","COUNTY","CRASH_MONTH","CRASH_YEAR","DAY_OF_WEEK","DEC_LATITUDE","DEC_LONGITUDE","DISPATCH_TM","DISTRICT","DRIVER_COUNT_16YR","DRIVER_COUNT_17YR","DRIVER_COUNT_18YR","DRIVER_COUNT_19YR","DRIVER_COUNT_20YR","DRIVER_COUNT_50_64YR","DRIVER_COUNT_65_74YR","DRIVER_COUNT_75PLUS","EST_HRS_CLOSED","FATAL_COUNT","HEAVY_TRUCK_COUNT","HORSE_BUGGY_COUNT","HOUR_OF_DAY","ILLUMINATION","INJURY_COUNT","INTERSECTION_RELATED","INTERSECT_TYPE","LANE_CLOSED","LATITUDE","LN_CLOSE_DIR","LOCATION_TYPE","LONGITUDE","MAX_SEVERITY_LEVEL","MCYCLE_DEATH_COUNT","MCYCLE_SUSP_SERIOUS_INJ_COUNT","MOTORCYCLE_COUNT","MUNICIPALITY","NONMOTR_COUNT","NONMOTR_DEATH_COUNT","NONMOTR_SUSP_SERIOUS_INJ_COUNT","NTFY_HIWY_MAINT","PED_COUNT","PED_DEATH_COUNT","PED_SUSP_SERIOUS_INJ_COUNT","PERSON_COUNT","POLICE_AGCY","POSSIBLE_INJ_COUNT","RDWY_SURF_TYPE_CD","RELATION_TO_ROAD","ROADWAY_CLEARED","ROAD_CONDITION","SCH_BUS_IND","SCH_ZONE_IND","SECONDARY_CRASH","SMALL_TRUCK_COUNT","SPEC_JURIS_CD","SUSP_MINOR_INJ_COUNT","SUSP_SERIOUS_INJ_COUNT","SUV_COUNT","TCD_FUNC_CD","TCD_TYPE","TFC_DETOUR_IND","TIME_OF_DAY","TOTAL_UNITS","TOT_INJ_COUNT","UNBELTED_OCC_COUNT","UNB_DEATH_COUNT","UNB_SUSP_SERIOUS_INJ_COUNT","UNK_INJ_DEG_COUNT","UNK_INJ_PER_COUNT","URBAN_RURAL","VAN_COUNT","VEHICLE_COUNT","WEATHER1","WEATHER2","WORKERS_PRES","WORK_ZONE_IND","WORK_ZONE_LOC","WORK_ZONE_TYPE","WZ_CLOSE_DETOUR","WZ_FLAGGER","WZ_LAW_OFFCR_IND","WZ_LN_CLOSURE","WZ_MOVING","WZ_OTHER","WZ_SHLDER_MDN","WZ_WORKERS_INJ_KILLED"
"2019108802","","4","0","0","0","0","0","0","0","0","5","0","","02","10","2019","5","40.420678","-79.991594","","11","0","0","0","0","0","0","0","0","","0","0","0","","","0","","0","","40 25:14.440","","0","79 59:29.740","0","0","0","0","2301","0","0","0","N","0","0","0","4","02301","0","","2.0","","1","N","N","","0","","0","0","0","","0","N","","4","0","0","0","0","0","0","2","0","4","","","","N","","","","","","","","","",""
"2019103725","","1","0","0","0","0","0","0","0","0","7","1","90","02","10","2019","3","40.585646","-80.069069","","11","0","0","0","0","0","0","0","0","9","0","1","0","","","1","","2","","40 35:08.325","4","0","80 04:08.648","3","0","0","0","2481","0","0","0","N","0","0","0","1","02481","0","","2.0","","1","N","N","","0","","1","0","0","","7","N","","2","1","0","0","0","0","0","2","0","2","","","Y","Y","4","3","","Y","N","Y","","","",""
"2019131892","","1","0","0","0","0","0","0","0","0","4","0","","02","12","2019","7","40.58575","-80.039111","","11","0","0","0","0","0","1","0","0","","0","0","0","","","2","Y","0","","40 35:08.700","5","7","80 02:20.800","3","0","0","0","2108","0","0","0","N","0","0","0","2","02108","0","","1.0","1229.0","1","N","N","N","0","","2","0","1","","3","N","","2","2","0","0","0","0","0","2","0","2","","03","","N","","","","","","","","","",""
"2019122908","","2","0","0","0","0","0","0","0","0","1","0","","02","11","2019","7","40.465666","-79.832172","","11","0","0","0","0","0","1","0","0","","0","0","0","","","0","","2","","40 27:56.396","","0","79 49:55.820","0","0","0","0","2113","0","0","0","N","0","0","0","3","02113","0","","1.0","","1","N","N","N","0","","0","0","1","","2","","","3","0","0","0","0","0","0","2","0","3","","03","","N","","","","","","","","","",""
"2019134328","","2","0","0","0","0","0","0","0","0","4","0","","02","12","2019","5","40.347472","-79.949033","","11","0","0","0","0","0","0","0","1","","0","0","0","","","1","","0","","40 20:50.900","3","7","79 56:56.520","4","0","0","0","2473","0","0","0","Y","0","0","0","3","02473","1","","1.0","1055.0","1","N","N","N","0","","0","0","0","","3","N","","2","1","0","0","0","0","0","2","0","2","","03","","N","","","","","","","","","",""
"2019135583","","1","0","0","0","0","0","0","0","0","2","0","","02","12","2019","3","40.445753","-79.99841","","11","0","0","0","0","0","0","0","0","","0","0","0","","","3","N","2","","40 26:44.709","","0","79 59:54.275","4","0","0","0","2301","0","0","0","N","0","0","0","3","02301","1","","1.0","","9","N","N","N","0","","0","0","1","","2","N","","2","3","0","0","0","2","0","2","0","2","","","","N","","","","","","","","","",""
"2019105478","","0","0","0","0","0","0","0","0","0","4","0","","02","10","2019","3","40.433304","-79.760241","","11","0","0","0","0","0","1","1","0","1","0","0","0","","","1","","2","","40 25:59.895","6","0","79 45:36.867","3","0","0","0","2446","0","0","0","N","0","0","0","2","02446","0","","1.0","","1","N","N","","0","","1","0","1","","3","N","","2","1","0","0","0","0","0","2","1","2","","","","N","","","","","","","","","",""
"2019133940","","1","0","0","0","0","0","0","0","0","98","0","","02","12","2019","6","40.463694","-79.952928","","11","0","0","0","0","0","0","0","0","","0","0","0","","","0","N","1","","40 27:49.298","","2","79 57:10.540","0","0","0","0","2301","0","0","0","N","0","0","0","2","02301","0","","5.0","","1","N","N","N","0","","0","0","0","","0","","","1","0","0","0","0","0","0","2","0","1","","03","","N","","","","","","","","","",""
"2019125606","","1","0","0","0","0","0","0","0","0","4","0","","02","11","2019","2","40.310456","-79.93758","","11","0","0","0","0","0","0","0","1","","0","0","0","","","0","N","0","","40 18:37.643","","0","79 56:15.287","0","0","0","0","2454","0","0","0","N","0","0","0","2","02440","0","","1.0","","1","N","N","N","0","","0","0","1","","0","","","2","0","0","0","0","0","0","2","0","2","","03","","N","","","","","","","","","",""
"2019124582","","0","0","0","0","0","0","0","0","0","5","0","","02","11","2019","7","40.513421","-80.222383","","11","0","0","0","1","0","0","1","0","","0","0","0","","","0","","0","","40 30:48.317","","0","80 13:20.577","0","0","0","0","2213","0","0","0","N","0","0","0","3","02213","0","","1.0","","1","N","N","","0","","0","0","2","","2","","","2","0","0","0","0","0","0","2","0","2","","","","N","","","","","","","","","",""
"2019128840","","2","0","0","0","0","0","0","0","0","1","0","","02","12","2019","1","40.448554","-80.017783","","11","0","0","0","0","0","0","0","0","","0","0","0","","","0","N","0","","40 26:54.796","","2","80 01:04.018","0","0","0","0","2301","0","0","0","N","0","0","0","3","02301","0","","1.0","","9","N","N","N","0","","0","0","0","","0","","","2","0","0","0","0","0","0","2","0","2","","","","N","","","","","","","","","",""
"2019133311","","1","0","0","0","0","0","0","0","0","0","0","","02","12","2019","4","40.436525","-79.966558","","11","0","0","0","0","0","0","0","0","","0","0","0","","","0","N","0","","40 26:11.490","4","0","79 57:59.610","0","0","0","0","2301","0","0","0","N","0","0","0","1","02301","0","","1.0","325.0","9","N","N","N","0","","0","0","0","","0","N","","1","0","0","0","0","0","0","2","0","1","","07","","N","","","","","","","","","",""
"2019122095","","3","0","0","0","0","0","0","0","0","4","0","","02","11","2019","3","40.636958","-79.940775","","11","0","0","0","0","0","1","0","0","","0","0","0","","","0","Y","0","","40 38:13.050","","7","79 56:26.790","0","0","0","0","2217","0","0","0","N","0","0","0","2","02505","0","","1.0","","1","N","N","","0","","0","0","0","","3","","","3","0","0","0","0","0","0","2","0","3","","03","","N","","","","","","","","","",""
"2019131637","","2","0","0","0","0","0","0","0","0","4","0","","02","11","2019","6","40.553014","-80.022456","","11","0","1","0","0","0","0","0","0","","0","0","0","","","0","Y","0","","40 33:10.850","","7","80 01:20.840","0","0","0","0","2116","0","0","0","N","0","0","0","3","02116","0","","1.0","","1","N","N","N","0","","0","0","0","","0","N","","2","0","0","0","0","0","0","2","0","2","","03","","N","","","","","","","","","",""
"2019122305","","1","0","0","0","0","0","0","0","0","0","0","","02","11","2019","4","40.517146","-80.028296","","11","0","0","0","0","0","0","1","0","","0","0","0","","","1","N","0","","40 31:01.727","2","0","80 01:41.864","3","0","0","0","2474","0","0","0","N","0","0","0","2","02474","0","","1.0","1621.0","1","N","N","N","0","","1","0","0","","0","N","","1","1","0","0","0","0","0","2","0","1","","04","","N","","","","","","","","","",""
"2019123365","","2","0","0","0","0","0","0","0","0","2","0","","02","11","2019","7","40.579725","-80.221017","","11","0","0","0","0","0","1","0","0","","0","0","0","","","0","N","0","","40 34:47.010","1","0","80 13:15.660","0","0","0","0","2441","0","0","0","N","0","0","0","2","02441","0","","4.0","2333.0","9","N","N","Y","0","","0","0","0","","0","N","","2","0","0","0","0","0","0","2","0","2","","","","N","","","","","","","","","",""
"2019132049","","1","0","0","0","0","0","0","0","0","7","0","","02","12","2019","4","40.398914","-79.820836","","11","0","0","0","0","0","0","0","0","","0","0","0","","","0","N","0","","40 23:56.092","4","0","79 49:15.008","0","0","0","0","2111","0","0","0","N","0","0","0","1","02111","0","","4.0","1515.0","6","N","N","N","0","","0","0","0","","0","Y","","1","0","0","0","0","0","0","2","0","1","","10","","N","","","","","","","","","",""
"2019121263","","2","0","0","0","0","0","0","0","0","4","0","","02","11","2019","3","40.380453","-79.994533","","11","0","0","0","0","0","0","0","0","","0","0","0","","","1","N","0","","40 22:49.631","","0","79 59:40.319","8","0","0","0","2301","0","0","0","N","0","0","0","3","02301","0","","1.0","","1","N","N","N","0","","0","0","0","","0","","","3","1","0","0","0","1","1","2","0","3","","03","","N","","","","","","","","","",""
"2019133757","","0","0","0","0","0","0","0","0","0","4","0","","02","12","2019","5","40.331088","-79.98673","","11","0","0","0","0","0","1","0","0","","0","0","0","","","1","","2","","40 19:51.915","1","0","79 59:12.229","3","0","0","0","2403","0","0","0","N","0","0","0","3","02219","0","","1.0","1535.0","1","N","N","N","0","","1","0","1","","2","N","","2","1","0","0","0","0","0","2","1","2","","","","N","","","","","","","","","",""
"2019134811","","1","0","0","0","0","0","0","0","0","0","0","","02","12","2019","1","40.355013","-79.878754","","11","0","0","0","0","0","1","0","0","","0","0","0","","","0","","9","","40 21:18.046","","0","79 52:43.514","0","0","0","0","2304","0","0","0","N","0","0","0","1","02304","0","","5.0","","9","N","N","N","0","","0","0","0","","6","","","1","0","0","0","0","0","0","2","0","1","","07","","N","","","","","","","","","",""
"2019132337","","1","0","0","0","0","0","0","0","0","7","0","","02","12","2019","1","40.612487","-79.936833","","11","0","0","0","1","0","0","0","0","","0","0","0","","","0","N","0","","40 36:44.954","","0","79 56:12.597","0","0","0","0","2207","0","0","0","N","0","0","0","1","02207","0","","5.0","","2","N","N","N","0","","0","0","0","","0","","","1","0","0","0","0","0","0","2","0","1","","03","","N","","","","","","","","","",""
"2019123054","","2","0","0","0","0","0","0","0","0","1","0","","02","11","2019","7","40.363933","-79.848749","","11","0","0","0","0","0","0","0","0","","0","0","0","","","2","N","1","","40 21:50.158","7","0","79 50:55.496","4","0","0","0","2303","0","0","0","N","0","0","0","3","02303","2","","1.0","1938.0","1","N","N","N","0","","0","0","0","","3","Y","","2","2","0","0","0","0","0","2","0","2","","03","","N","","","","","","","","","",""
"2019122083","","2","0","0","0","0","0","0","0","0","4","0","","02","11","2019","4","40.440312","-79.982918","","11","0","0","0","0","0","0","0","0","","0","0","0","","","1","","1","","40 26:25.122","","0","79 58:58.505","3","0","0","0","2301","0","0","0","N","0","0","0","2","02301","0","","1.0","","9","N","N","N","0","","1","0","0","","3","","","2","1","1","0","0","0","1","2","0","2","","","","N","","","","","","","","","",""
"2019131799","","1","0","0","0","0","0","0","0","0","7","0","","02","12","2019","7","40.478537","-79.967523","","11","0","0","0","0","0","0","0","0","","0","0","0","","","0","N","0","","40 28:42.733","2","0","79 58:03.081","0","0","0","0","2301","0","0","0","N","0","0","0","1","02301","0","","3.0","430.0","1","N","N","N","0","","0","0","0","","0","N","","1","0","0","0","0","0","0","2","0","1","","03","","N","","","","","","","","","",""
"2019131313","","1","0","0","0","0","0","0","0","0","4","0","","02","12","2019","5","40.437628","-79.770069","","11","0","0","0","0","0","0","0","0","","0","0","0","","","0","Y","0","","40 26:15.462","","7","79 46:12.249","0","0","0","0","2446","0","0","0","N","0","0","0","2","02446","0","","1.0","","1","N","N","Y","0","","0","0","1","","0","","","2","0","0","0","0","0","0","2","0","2","","","","N","","","","","","","","","",""
"2019121316","","1","0","0","0","0","0","0","0","0","1","0","","02","11","2019","3","40.449704","-80.025918","","11","0","0","0","0","0","0","0","0","","0","0","0","","","0","N","0","","40 26:58.933","1","0","80 01:33.304","0","0","0","0","2301","0","0","0","N","0","0","0","2","02301","0","","1.0","1215.0","1","N","N","N","0","","0","0","1","","0","Y","","2","0","0","0","0","0","0","2","0","2","","03","","N","","","","","","","","","",""
"2019121989","","1","0","0","0","0","0","0","0","0","4","0","","02","11","2019","3","40.337743","-79.951492","","11","0","0","0","0","0","0","0","1","","0","0","0","","","0","","0","","40 20:15.876","1","7","79 57:05.372","0","0","0","0","2473","0","0","0","N","0","0","0","3","02473","0","","1.0","909.0","1","N","N","N","1","","0","0","0","","2","Y","","2","0","0","0","0","0","0","2","0","2","","03","","N","","","","","","","","","",""
"2019134347","","1","0","0","0","0","0","0","0","0","1","0","","02","12","2019","6","40.388934","-79.830539","","11","0","0","0","0","0","0","0","0","","0","0","0","","","2","N","2","","40 23:20.162","4","0","79 49:49.941","8","0","0","0","2111","0","0","0","N","0","0","0","2","02111","0","","1.0","1020.0","1","N","N","N","0","","0","0","1","","1","N","","2","2","0","0","0","2","0","2","0","2","","03","","N","","","","","","","","","",""
"2019134159","","3","0","0","0","0","0","0","0","0","1","0","","02","12","2019","6","40.458585","-79.957298","","11","0","0","0","0","0","1","0","0","","0","0","0","","","0","","1","","40 27:30.905","3","0","79 57:26.274","0","0","0","0","2301","0","0","0","N","0","0","0","4","02301","0","","1.0","1830.0","9","N","N","Y","0","","0","0","0","","2","N","","3","0","0","0","0","0","0","2","0","3","","","","N","","","","","","","","","",""
"2019134845","","1","0","0","0","0","0","0","0","0","7","0","","02","12","2019","1","40.496431","-80.044747","","11","0","0","0","0","1","0","0","0","","0","0","0","","","1","N","0","","40 29:47.150","5","0","80 02:41.090","3","0","0","0","2116","0","0","0","N","0","0","0","1","02116","0","","5.0","150.0","1","N","N","N","0","","1","0","0","","0","Y","","1","1","0","0","0","0","0","2","0","1","","03","","N","","","","","","","","","",""
"2019107956","","1","0","0","0","0","0","0","0","0","4","0","","02","10","2019","5","40.310528","-79.949797","","11","0","0","0","0","0","2","0","0","2","0","0","0","","","0","","1","","40 18:37.901","1","0","79 56:59.269","0","0","0","0","2440","0","0","0","N","0","0","0","2","02440","0","","1.0","","1","N","N","","0","","0","0","1","","3","Y","","2","0","0","0","0","0","0","2","0","2","","","","N","","","","","","","","","",""
"2019123987","","0","0","0","0","0","0","0","0","0","1","0","","02","11","2019","3","40.504803","-79.859145","","11","0","0","0","0","0","0","0","0","","0","0","0","","","2","N","0","","40 30:17.290","","0","79 51:32.923","3","0","0","0","2112","0","0","0","N","0","0","0","3","68D02","1","","1.0","","1","N","N","N","0","","1","0","2","","0","","","3","2","0","0","0","0","0","2","1","3","","","","N","","","","","","","","","",""
"2019131633","","2","0","0","0","0","0","0","0","0","1","0","","02","12","2019","6","40.463443","-79.980781","","11","0","0","0","0","0","1","0","0","","0","0","0","","","0","N","7","","40 27:48.394","1","2","79 58:50.812","0","0","0","0","2301","0","0","0","N","0","0","0","4","02301","0","","1.0","1700.0","2","N","N","Y","0","","0","0","1","","0","N","","3","0","1","0","0","0","0","2","0","3","","03","","N","","","","","","","","","",""
"2019122370","","1","0","0","0","0","0","0","0","0","1","0","","02","11","2019","4","40.358284","-79.850971","","11","0","0","1","0","0","1","0","0","","0","0","0","","","2","N","0","","40 21:29.822","","0","79 51:03.496","3","0","0","0","2303","0","0","0","N","0","0","0","3","02303","1","","1.0","","1","N","N","N","1","","1","0","0","","0","N","","2","2","0","0","0","0","0","2","0","2","","","","N","","","","","","","","","",""
"2019120427","","1","0","0","0","0","0","0","0","0","1","0","","02","11","2019","1","40.442433","-80.033261","","11","0","0","0","0","0","0","0","0","","0","0","0","","","0","N","0","","40 26:32.760","","0","80 01:59.740","0","0","0","0","2301","0","0","0","N","0","0","0","1","02301","0","","1.0","","1","N","N","N","0","","0","0","1","","0","","","2","0","0","0","0","0","0","2","0","2","","03","","N","","","","","","","","","",""
"2019132678","","2","0","0","0","0","0","0","0","0","5","0","","02","12","2019","2","40.473535","-80.015579","","11","0","0","0","0","0","1","0","0","","0","0","0","","","0","","0","","40 28:24.726","","99","80 00:56.084","0","0","0","0","2301","0","0","0","N","0","0","0","1","02301","0","","2.0","","1","N","N","N","0","","0","0","0","","0","","","2","0","0","0","0","0","0","2","0","2","","","","N","","","","","","","","","",""
"2019107854","","1","0","0","0","0","0","0","0","0","7","0","","02","10","2019","6","40.435033","-79.981108","","11","0","0","0","0","0","0","0","0","1","0","0","0","","","1","","0","","40 26:06.120","6","0","79 58:51.990","3","0","0","0","2301","0","0","0","N","0","0","0","1","02301","0","","5.0","","1","N","N","","0","","1","0","0","","0","Y","","1","1","0","0","0","0","0","2","0","1","","","","N","","","","","","","","","",""
"2019121018","","0","0","0","0","0","0","0","0","0","1","0","","02","11","2019","2","40.660743","-79.856346","","11","0","0","0","0","0","1","0","0","","0","0","0","","","2","N","0","","40 39:38.675","6","0","79 51:22.847","3","0","0","0","2220","0","0","0","N","0","0","0","5","02220","0","","1.0","1745.0","1","N","N","N","1","","2","0","1","","0","Y","","2","2","0","0","0","0","0","1","0","2","","03","","N","","","","","","","","","",""
"2019131992","","1","0","0","0","0","0","0","0","0","4","0","","02","12","2019","7","40.462341","-79.943223","","11","0","0","0","0","0","1","0","0","","0","0","0","","","0","","1","","40 27:44.427","2","0","79 56:35.602","0","0","0","0","2301","0","0","0","N","0","0","0","3","02301","0","","1.0","1630.0","1","N","N","N","0","","0","0","1","","3","N","","2","0","0","0","0","0","0","2","0","2","","03","","N","","","","","","","","","",""
"2019133461","","2","0","0","0","0","0","0","0","0","2","0","","02","12","2019","6","40.552639","-80.013278","","11","0","0","0","0","0","1","0","0","","0","0","0","","","4","N","0","","40 33:09.500","6","0","80 00:47.800","3","0","0","0","2116","0","0","0","N","0","0","0","4","02116","1","","1.0","1755.0","2","N","N","N","0","","3","0","0","","0","Y","","2","4","0","0","0","0","0","2","0","2","","","","N","","","","","","","","","",""
"2019135384","","1","0","0","0","0","0","0","0","0","2","0","","02","12","2019","7","40.370111","-79.829417","","11","0","0","0","0","0","1","0","0","","0","0","0","","","0","N","0","","40 22:12.400","2","0","79 49:45.900","0","0","0","0","2111","0","0","0","N","0","0","0","2","02111","0","","1.0","215.0","1","N","N","N","1","","0","0","0","","0","N","","2","0","0","0","0","0","0","2","0","2","","03","","N","","","","","","","","","",""
"2019122258","","0","0","0","0","0","0","0","0","0","98","0","","02","11","2019","4","40.452398","-79.974488","","11","0","0","0","0","0","0","0","0","","0","0","0","","","1","N","0","","40 27:08.633","","0","79 58:28.156","8","0","0","0","2301","0","0","0","N","0","0","0","1","02301","0","","1.0","","1","N","N","N","0","","0","0","1","","0","","","1","1","0","0","0","1","0","2","0","1","","03","","N","","","","","","","","","",""
"2019132096","","1","0","0","0","0","0","0","0","0","7","0","","02","12","2019","5","40.495919","-79.91083","","11","0","0","0","0","0","0","0","0","","0","0","0","","","0","N","0","","40 29:45.307","2","0","79 54:38.989","0","0","0","0","2112","0","0","0","N","0","0","0","1","68D02","0","","2.0","742.0","2","N","N","N","0","","0","0","0","","0","N","","1","0","0","0","0","0","0","2","0","1","","","","N","","","","","","","","","",""
"2019120848","","2","0","0","0","0","0","0","0","0","2","0","","02","11","2019","2","40.458999","-79.833963","","11","0","1","0","0","0","0","0","1","","0","0","0","","","2","","1","","40 27:32.397","5","0","79 50:02.265","3","0","0","0","2113","0","0","0","N","0","0","0","4","02113","1","","1.0","1306.0","1","N","N","N","0","","1","0","0","","3","N","","2","2","0","0","0","0","0","2","0","2","","03","","N","","","","","","","","","",""
"2019122891","","1","0","0","0","0","0","0","0","0","4","0","","02","11","2019","3","40.480392","-80.104806","","11","0","0","0","0","0","0","1","0","","0","0","0","","","1","Y","0","","40 28:49.410","5","7","80 06:17.300","3","0","0","0","2126","0","0","0","N","0","0","0","4","02126","0","","1.0","908.0","1","N","N","N","0","","1","0","1","","0","N","","2","1","0","0","0","0","0","2","0","2","","","","N","","","","","","","","","",""
"2019121229","","1","0","0","0","0","0","0","0","0","4","0","","02","11","2019","2","40.356134","-80.132093","","11","0","0","0","0","0","0","0","1","","0","0","0","","","0","N","0","","40 21:22.081","1","0","80 07:55.533","0","0","0","0","2119","0","0","0","Y","0","0","0","1","02119","0","","2.0","1200.0","1","N","N","N","0","","0","0","0","","0","N","","1","0","0","0","0","0","0","2","0","1","","03","","N","","","","","","","","","",""
"2019131746","","0","0","0","0","0","0","0","0","0","7","0","","02","12","2019","6","40.339691","-79.859559","","11","0","0","0","0","0","0","0","0","","0","0","0","","","1","N","0","","40 20:22.888","1","0","79 51:34.411","4","0","0","0","2304","0","0","0","N","0","0","0","1","02304","1","","5.0","2110.0","2","N","N","N","0","","0","0","1","","0","N","","1","1","0","0","0","0","0","2","0","1","","98","","N","","","","","","","","","",""
"2019121626","","0","0","0","0","0","0","0","0","0","7","0","","02","11","2019","3","40.457903","-80.067465","","11","0","0","0","0","0","1","0","0","","0","0","0","","","1","N","2","","40 27:28.450","6","0","80 04:02.874","4","0","0","0","2301","0","0","0","N","0","0","0","1","02301","1","","4.0","1310.0","1","N","N","N","1","","0","0","0","","0","Y","","1","1","0","0","0","0","0","2","0","1","","","","N","","","","","","","","","",""
"2019131803","","0","0","0","0","0","0","0","0","0","7","0","","02","12","2019","7","40.367438","-79.978721","","11","0","0","0","0","0","0","0","0","","0","0","0","","","0","N","1","","40 22:02.776","1","0","79 58:43.395","0","0","0","0","2413","0","0","0","N","0","0","0","1","02413","0","","5.0","130.0","1","N","N","N","0","","0","0","1","","3","N","","1","0","0","0","0","0","0","2","0","1","","","","N","","","","","","","","","",""
"2019103127","","2","0","0","0","0","0","0","0","0","4","0","","02","10","2019","1","40.486246","-79.913348","","11","0","0","0","0","1","0","0","0","","0","0","0","","","0","N","2","","40 29:10.485","","2","79 54:48.053","9","0","0","0","2301","0","0","0","N","0","0","0","2","02301","0","","1.0","","1","N","N","","0","","0","0","0","","0","N","","2","0","0","0","0","0","1","2","0","2","","","","N","","","","","","","","","",""
"2019135306","","1","0","0","0","0","0","0","0","0","7","0","","02","12","2019","1","40.428666","-79.937638","","11","0","0","0","0","0","0","0","0","","0","0","0","","","0","N","0","","40 25:43.198","","2","79 56:15.495","0","0","0","0","2301","0","0","0","N","0","0","0","2","68B03","0","","2.0","","9","N","N","N","0","","0","0","0","","0","","","1","0","0","0","0","0","0","2","0","1","","","","N","","","","","","","","","",""
"2019122338","","2","0","0","0","0","0","0","0","0","4","0","","02","11","2019","5","40.443958","-80.002771","","11","0","0","0","0","0","0","0","0","","0","0","0","","","0","N","1","","40 26:38.249","","0","80 00:09.977","0","0","0","0","2301","0","0","0","N","0","0","0","2","02301","0","","1.0","","1","N","N","N","0","","0","0","0","","2","","","2","0","0","0","0","0","0","2","0","2","","03","","N","","","","","","","","","",""
"2019134367","","2","0","0","0","0","0","0","0","0","4","0","","02","12","2019","6","40.499992","-80.052441","","11","0","0","0","0","0","1","0","0","","0","0","0","","","2","","1","","40 29:59.971","","0","80 03:08.787","3","0","0","0","2404","0","0","0","N","0","0","0","2","02404","1","","1.0","","1","N","N","N","0","","1","0","0","","3","","","2","2","0","0","0","0","0","2","0","2","","","","N","","","","","","","","","",""
"2019133290","","0","0","0","0","0","0","0","0","0","0","0","","02","12","2019","3","40.464744","-79.898864","","11","0","0","0","0","0","0","0","0","","0","0","0","","","1","N","3","","40 27:53.078","5","0","79 53:55.910","3","0","0","0","2301","0","0","0","N","0","0","0","1","02301","0","","5.0","2352.0","9","N","N","N","0","","1","0","1","","0","N","","1","1","0","0","0","0","0","2","0","1","","","","N","","","","","","","","","",""
"2019133537","","0","0","0","0","0","0","0","0","0","4","0","","02","12","2019","6","40.478743","-79.967018","","11","0","0","0","0","0","0","0","0","","0","0","0","","","0","","0","","40 28:43.475","","0","79 58:01.264","0","0","0","0","2445","0","0","0","N","0","0","0","1","02445","0","","3.0","","3","N","N","N","1","","0","0","0","","0","N","","1","0","0","0","0","0","0","2","0","1","","03","","N","","","","","","","","","",""
"2019135331","","2","0","0","0","0","0","0","0","0","1","0","","02","12","2019","1","40.58509","-79.827681","","11","0","0","0","0","0","0","0","0","","0","0","0","","","0","N","0","","40 35:06.325","1","0","79 49:39.652","0","0","0","0","2209","0","0","0","N","0","0","0","4","02209","0","","1.0","1952.0","1","N","N","N","0","","0","0","0","","0","N","","2","0","0","0","0","0","0","2","0","2","","03","","N","","","","","","","","","",""
"2019134833","","2","0","0","0","0","0","0","0","0","1","0","","02","12","2019","6","40.424229","-79.8584","","11","0","0","0","0","0","0","0","0","","0","0","0","","","1","N","0","","40 25:27.224","4","0","79 51:30.239","8","0","0","0","2431","0","0","0","N","0","0","0","3","02431","0","","1.0","818.0","1","N","N","N","0","","0","0","0","","0","N","","2","1","1","0","0","1","0","2","0","2","","03","","N","","","","","","","","","",""
"2019131902","","1","0","0","0","0","0","0","0","0","1","0","","02","12","2019","7","40.425648","-80.019624","","11","0","0","0","0","0","0","1","0","","0","0","0","","","0","N","0","","40 25:32.332","","0","80 01:10.647","9","0","0","0","2301","0","0","0","N","0","0","0","3","02301","0","","1.0","","1","","","N","0","","0","0","1","","0","","","2","0","0","0","0","0","1","2","0","2","","","","N","","","","","","","","","",""
"2019133953","","1","0","0","0","0","0","0","0","0","7","0","","02","12","2019","6","40.395003","-79.941876","","11","0","0","0","0","0","0","0","0","","0","0","0","","","0","N","0","","40 23:42.009","3","0","79 56:30.754","9","0","0","0","2403","0","0","0","N","0","0","0","1","02403","0","","2.0","437.0","1","N","N","N","0","","0","0","0","","0","N","","1","0","0","0","0","0","1","2","0","1","","03","","N","","","","","","","","","",""
"2019135239","","2","0","0","0","0","0","0","0","0","1","0","","02","12","2019","2","40.42588","-79.901033","","11","0","0","0","0","0","1","0","0","","0","0","0","","","1","N","0","","40 25:33.169","","0","79 54:03.720","3","0","0","0","2301","0","0","0","N","0","0","0","11","68B03","0","","1.0","","1","N","N","N","1","","1","0","2","","0","","","5","1","0","0","0","0","2","2","0","5","","","","N","","","","","","","","","",""
"2019122871","","2","0","0","0","0","0","0","0","0","3","0","","02","11","2019","7","40.405395","-79.904351","","11","0","0","0","0","0","0","0","0","","0","0","0","","","0","N","0","","40 24:19.423","","0","79 54:15.662","0","0","0","0","2448","0","0","0","N","0","0","0","0","02448","0","","6.0","","1","N","N","N","0","","0","0","0","","0","","","2","0","0","0","0","0","0","2","0","2","","03","","N","","","","","","","","","",""
"2019134562","","1","0","0","0","0","0","0","0","0","4","0","","02","12","2019","7","40.459083","-79.972374","","11","0","0","0","0","0","0","0","0","","0","0","0","","","1","N","0","","40 27:32.698","4","0","79 58:20.546","3","0","0","0","2301","0","0","0","N","0","0","0","1","02301","0","","2.0","2338.0","9","N","N","N","0","","1","0","2","","0","N","","3","1","0","0","0","0","0","2","0","3","","","","N","","","","","","","","","",""