"CRN","ARRIVAL_TM","AUTOMOBILE_COUNT","BELTED_DEATH_COUNT","BELTED_SUSP_SERIOUS_INJ_COUNT","BICYCLE_COUNT","BICYCLE_DEATH_COUNT","BICYCLE_SUSP_SERIOUS_INJ_COUNT","BUS_COUNT","CHLDPAS_DEATH_COUNT","CHLDPAS_SUSP_SERIOUS_INJ_COUNT","COLLISION_TYPE","COMM_VEH_COUNT","CONS_ZONE_SPD_LIM","COUNTY","CRASH_MONTH","CRASH_YEAR","DAY_OF_WEEK","DEC_LATITUDE","DEC_LONGITUDE","DISPATCH_TM","DISTRICT","DRIVER_COUNT_16YR","DRIVER_COUNT_17YR","DRIVER_COUNT_18YR","DRIVER_COUNT_19YR","DRIVER_COUNT_20YR","DRIVER_COUNT_50_64YR","DRIVER_COUNT_65_74YR","DRIVER_COUNT_75PLUS","EST_HRS_CLOSED","FATAL_COUNT","HEAVY_TRUCK_COUNT","HORSE_BUGGY_COUNT","HOUR_OF_DAY","ILLUMINATION","INJURY_COUNT","INTERSECTION_RELATED","INTERSECT_TYPE","LANE_CLOSED","LATITUDE","LN_CLOSE_DIR","LOCATION_TYPE","LONGITUDE","MAX_SEVERITY_LEVEL","MCYCLE_DEATH_COUNT","MCYCLE_SUSP_SERIOUS_INJ_COUNT","MOTORCYCLE_COUNT","MUNICIPALITY","NONMOTR_COUNT","NONMOTR_DEATH_COUNT","NONMOTR_SUSP_SERIOUS_INJ_COUNT","NTFY_HIWY_MAINT","PED_COUNT","PED_DEATH_COUNT","PED_SUSP_SERIOUS_INJ_COUNT","PERSON_COUNT","POLICE_AGCY","POSSIBLE_INJ_COUNT","RDWY_SURF_TYPE_CD","RELATION_TO_ROAD","ROADWAY_CLEARED","ROAD_CONDITION","SCH_BUS_IND","SCH_ZONE_IND","SECONDARY_CRASH","SMALL_TRUCK_COUNT","SPEC_JURIS_CD","SUSP_MINOR_INJ_COUNT","SUSP_SERIOUS_INJ_COUNT","SUV_COUNT","TCD_FUNC_CD","TCD_TYPE","TFC_DETOUR_IND","TIME_OF_DAY","TOTAL_UNITS","TOT_INJ_COUNT","UNBELTED_OCC_COUNT","UNB_DEATH_COUNT","UNB_SUSP_SERIOUS_INJ_COUNT","UNK_INJ_DEG_COUNT","UNK_INJ_PER_COUNT","URBAN_RURAL","VAN_COUNT","VEHICLE_COUNT","WEATHER1","WEATHER2","WORKERS_PRES","WORK_ZONE_IND","WORK_ZONE_LOC","WORK_ZONE_TYPE","WZ_CLOSE_DETOUR","WZ_FLAGGER","WZ_LAW_OFFCR_IND","WZ_LN_CLOSURE","WZ_MOVING","WZ_OTHER","WZ_SHLDER_MDN","WZ_WORKERS_INJ_KILLED"
"2019120847","","1","0","0","0","0","0","0","0","0","1","0","","02","11","2019","2","40.473423","-79.972396","","11","0","0","0","0","0","2","0","0","","0","0","0","","","2","N","6","","40 28:24.321","2","2","79 58:20.624","8","0","0","0","2445","0","0","0","N","0","0","0","3","02445","0","","1.0","943.0","1","N","N","N","1","","0","0","0","","0","N","","2","2","0","0","0","2","0","2","0","2","","","","N","","","","","","","","","",""
"2019134344","","3","0","0","0","0","0","0","0","0","5","0","","02","12","2019","6","40.369944","-79.83","","11","0","0","0","0","0","1","0","0","","0","0","0","","","0","N","0","","40 22:11.800","4","0","79 49:48.000","0","0","0","0","2111","0","0","0","N","0","0","0","4","02111","0","","1.0","936.0","2","N","N","N","0","","0","0","0","","0","N","","3","0","0","0","0","0","0","2","0","3","","04","","N","","","","","","","","","",""
"2019134156","","2","0","0","0","0","0","0","0","0","1","0","","02","12","2019","2","40.405028","-79.94268","","11","0","0","0","1","0","1","0","0","","0","0","0","","","1","N","0","","40 24:18.101","2","0","79 56:33.647","4","0","0","0","2301","0","0","0","N","0","0","0","2","02301","1","","1.0","1624.0","1","N","N","N","0","","0","0","0","","0","N","","2","1","0","0","0","0","0","2","0","2","","","","N","","","","","","","","","",""
"2019122567","","1","0","0","0","0","0","0","0","0","1","0","","02","11","2019","5","40.378797","-79.925918","","11","0","0","0","0","0","0","0","0","","0","0","0","","","0","N","0","","40 22:43.669","","7","79 55:33.305","0","0","0","0","2301","0","0","0","N","0","0","0","4","02301","0","","1.0","","1","N","N","N","1","","0","0","0","","0","","","2","0","0","0","0","0","0","2","0","2","","03","","N","","","","","","","","","",""
"2019133136","","1","0","0","0","0","0","0","0","0","4","0","","02","12","2019","3","40.448721","-80.114486","","11","0","0","0","1","0","0","0","0","","0","0","0","","","1","","2","","40 26:55.394","6","0","80 06:52.148","3","0","0","0","2115","0","0","0","N","0","0","0","2","02115","0","","1.0","1600.0","1","N","N","N","0","","1","0","1","","3","N","","2","1","0","0","0","0","0","2","0","2","","","","N","","","","","","","","","",""
"2019132150","","1","0","0","0","0","0","0","0","0","0","0","","02","12","2019","7","40.453581","-79.877821","","11","0","0","0","0","0","0","1","0","","0","0","0","","","0","N","2","","40 27:12.891","1","0","79 52:40.155","0","0","0","0","2301","0","0","0","N","0","0","0","1","02301","0","","1.0","730.0","8","N","N","N","0","","0","0","0","","0","Y","","1","0","0","0","0","0","0","2","0","1","","03","","N","","","","","","","","","",""
"2019126316","","1","0","0","0","0","0","0","0","0","3","1","","02","11","2019","1","40.525677","-80.033361","","11","0","0","0","0","0","1","0","0","","0","1","0","","","1","N","2","","40 31:32.436","4","0","80 02:00.101","3","0","0","0","2116","0","0","0","N","0","0","0","2","02116","0","","1.0","1930.0","1","N","N","N","0","","1","0","0","","0","Y","","2","1","1","0","0","0","0","2","0","2","","03","","N","","","","","","","","","",""
"2019121172","","1","0","0","0","0","0","0","0","0","1","0","","02","11","2019","2","40.380107","-80.204474","","11","0","0","0","0","0","0","0","0","","0","0","0","","","1","N","0","","40 22:48.386","","0","80 12:16.107","8","0","0","0","2119","0","0","0","N","0","0","0","2","02119","0","","1.0","","1","N","N","N","0","","0","0","0","","0","","","2","1","0","0","0","1","1","1","1","2","","03","","N","","","","","","","","","",""
"2019132143","","1","0","0","0","0","0","0","0","0","7","0","","02","12","2019","7","40.397361","-79.935474","","11","0","0","0","0","0","0","0","0","","0","0","0","","","0","N","0","","40 23:50.500","2","0","79 56:07.708","0","0","0","0","2301","0","0","0","N","0","0","0","1","02301","0","","3.0","45.0","9","N","N","N","0","","0","0","0","","0","N","","1","0","0","0","0","0","0","2","0","1","","03","","N","","","","","","","","","",""
"2019133915","","1","0","0","0","0","0","0","0","0","2","0","","02","12","2019","1","40.469057","-79.925052","","11","0","0","0","0","0","1","0","0","","0","0","0","","","1","N","1","","40 28:08.605","7","0","79 55:30.187","4","0","0","0","2301","0","0","0","N","0","0","0","2","02301","1","","1.0","353.0","1","N","N","N","1","","0","0","0","","3","N","","2","1","0","0","0","0","1","2","0","2","","03","","N","","","","","","","","","",""
"2019123911","","2","0","0","0","0","0","0","0","0","1","0","","02","11","2019","2","40.520839","-80.005208","","11","0","0","0","0","0","1","1","0","","0","0","0","","","0","Y","0","","40 31:15.019","","0","80 00:18.748","0","0","0","0","2116","0","0","0","N","0","0","0","2","02116","0","","1.0","","1","N","N","N","0","","0","0","0","","0","","","2","0","0","0","0","0","0","2","0","2","","03","","N","","","","","","","","","",""
"2019122245","","0","0","0","0","0","0","0","0","0","4","0","","02","11","2019","3","40.617621","-79.945597","","11","0","0","0","0","0","0","0","0","","0","0","0","","","0","N","0","","40 37:03.434","2","7","79 56:44.148","0","0","0","0","2217","0","0","0","N","0","0","0","3","02505","0","","1.0","1845.0","1","N","N","N","0","","0","0","2","","0","N","","2","0","0","0","0","0","0","2","0","2","","","","N","","","","","","","","","",""
"2019122207","","2","0","0","0","0","0","0","0","0","5","0","","02","11","2019","4","40.379811","-79.994085","","11","0","0","0","0","0","0","1","0","","0","0","0","","","0","","2","","40 22:47.319","","0","79 59:38.705","0","0","0","0","2301","0","0","0","Y","0","0","0","2","02301","0","","1.0","","1","N","N","N","0","","0","0","0","","0","","","2","0","0","0","0","0","0","2","0","2","","98","","N","","","","","","","","","",""
"2019133013","","2","0","0","0","0","0","0","0","0","4","0","","02","12","2019","3","40.350148","-79.862901","","11","0","0","0","0","0","2","0","0","","0","0","0","","","0","N","1","","40 21:00.532","3","0","79 51:46.443","0","0","0","0","2304","0","0","0","N","0","0","0","2","02304","0","","1.0","1206.0","1","N","N","N","0","","0","0","0","","3","N","","2","0","0","0","0","0","0","2","0","2","","","","N","","","","","","","","","",""
"2019124907","","3","0","0","0","0","0","0","0","0","1","0","","02","11","2019","2","40.411731","-80.076511","","11","0","0","0","0","0","1","1","0","","0","0","0","","","0","N","0","","40 24:42.233","3","0","80 04:35.438","0","0","0","0","2117","0","0","0","N","0","0","0","5","68B03","0","","1.0","1805.0","1","N","N","N","0","","0","0","2","","0","N","","5","0","0","0","0","0","0","2","0","5","","03","","N","","","","","","","","","",""
"2019131303","","1","0","0","0","0","0","0","0","0","7","0","","02","12","2019","5","40.609416","-79.96803","","11","0","0","0","1","0","0","0","0","","0","0","0","","","0","N","0","","40 36:33.897","","0","79 58:04.909","0","0","0","0","2207","0","0","0","N","0","0","0","1","02207","0","","5.0","","2","N","N","N","0","","0","0","0","","0","","","1","0","1","0","0","0","0","2","0","1","","","","N","","","","","","","","","",""
"2019120997","","1","0","0","0","0","0","0","0","0","7","0","","02","11","2019","2","40.440953","-80.045592","","11","0","0","0","1","0","0","0","0","","0","0","0","","","2","N","0","","40 26:27.430","7","0","80 02:44.130","8","0","0","0","2301","0","0","0","N","0","0","0","2","02301","0","","2.0","1800.0","1","N","N","N","0","","0","0","0","","0","N","","1","2","0","0","0","2","0","2","0","1","","03","","N","","","","","","","","","",""
"2019131376","","1","0","0","0","0","0","0","0","0","1","0","","02","12","2019","6","40.442139","-80.031264","","11","0","0","0","0","0","0","0","0","","0","0","0","","","0","N","0","","40 26:31.701","","0","80 01:52.550","0","0","0","0","2301","0","0","0","N","0","0","0","2","02301","0","","1.0","","1","N","N","N","0","","0","0","1","","0","","","2","0","0","0","0","0","0","2","0","2","","04","","N","","","","","","","","","",""
"2019131636","","2","0","0","0","0","0","0","0","0","1","0","","02","12","2019","6","40.434111","-79.989722","","11","0","0","1","0","0","0","0","0","","0","0","0","","","1","N","0","","40 26:02.800","","3","79 59:23.000","3","0","0","0","2301","0","0","0","N","0","0","0","2","02301","0","","1.0","","1","N","N","N","0","","1","0","0","","0","N","","2","1","0","0","0","0","0","2","0","2","","03","","N","","","","","","","","","",""
"2019131784","","1","0","0","0","0","0","0","0","0","7","0","","02","12","2019","7","40.501611","-79.935306","","11","0","0","0","0","0","0","0","0","","0","0","0","","","0","N","0","","40 30:05.800","","0","79 56:07.100","9","0","0","0","2112","0","0","0","N","0","0","0","1","02112","0","","4.0","","1","N","N","N","0","","0","0","0","","3","N","","1","0","0","0","0","0","1","2","0","1","","03","","N","","","","","","","","","",""
"2019126731","","2","0","0","0","0","0","0","0","0","5","0","","02","11","2019","6","40.407714","-79.909553","","11","0","0","0","0","0","1","0","0","","0","0","0","","","0","Y","0","","40 24:27.770","6","0","79 54:34.390","0","0","0","0","2438","0","0","0","N","0","0","0","2","02438","0","","1.0","1405.0","1","N","N","N","0","","0","0","0","","0","Y","","2","0","0","0","0","0","0","2","0","2","","03","","N","","","","","","","","","",""
"2019134154","","1","0","0","0","0","0","0","0","0","5","0","","02","12","2019","5","40.520438","-79.950484","","11","0","0","0","0","0","0","0","0","","0","0","0","","","0","N","0","","40 31:13.577","","0","79 57:01.742","0","0","0","0","2118","0","0","0","N","0","0","0","3","02118","0","","1.0","","9","N","N","N","0","","0","0","1","","0","","","3","0","0","0","0","0","0","2","1","3","","03","","N","","","","","","","","","",""
"2019134586","","1","0","0","0","0","0","0","0","0","7","0","","02","12","2019","6","40.541077","-79.802412","","11","0","0","0","0","0","1","0","0","","0","0","0","","","0","N","0","","40 32:27.878","","0","79 48:08.684","9","0","0","0","2418","0","0","0","N","0","0","0","1","02514","0","","5.0","","1","N","N","N","0","","0","0","0","","0","","","1","0","0","0","0","0","1","2","0","1","","","","N","","","","","","","","","",""
"2019134464","","3","0","1","0","0","0","0","0","0","2","0","","02","12","2019","6","40.517727","-79.852686","","11","0","0","0","0","0","1","1","0","","0","0","0","","","2","N","0","","40 31:03.818","6","0","79 51:09.669","2","0","0","0","2112","0","0","0","N","0","0","0","9","02112","1","","1.0","2240.0","1","N","N","N","0","","0","1","0","","0","Y","","3","2","0","0","0","0","1","2","0","3","","","","N","","","","","","","","","",""
"2019131401","","1","0","0","0","0","0","0","0","0","7","0","","02","12","2019","6","40.438202","-79.830514","","11","0","0","0","0","0","0","0","0","","0","0","0","","","0","","1","","40 26:17.528","","0","79 49:49.850","0","0","0","0","2419","0","0","0","N","0","0","0","1","02419","0","","5.0","","1","N","N","N","0","","0","0","0","","2","N","","1","0","0","0","0","0","0","2","0","1","","03","","N","","","","","","","","","",""
"2019121934","","2","0","0","0","0","0","0","0","0","5","0","","02","11","2019","3","40.458484","-79.95676","","11","0","0","0","0","0","1","0","0","","0","0","0","","","0","","0","","40 27:30.544","","0","79 57:24.336","0","0","0","0","2301","0","0","0","N","0","0","0","3","02301","0","","1.0","","1","N","N","N","0","","0","0","0","","0","","","2","0","0","0","0","0","0","2","0","2","","03","","N","","","","","","","","","",""
"2019135600","","2","0","0","0","0","0","0","0","0","1","0","","02","12","2019","7","40.373574","-80.006545","","11","0","0","0","0","0","0","0","0","","0","0","0","","","1","N","0","","40 22:24.868","","0","80 00:23.561","4","0","0","0","2416","0","0","0","N","0","0","0","3","02416","1","","1.0","","1","N","N","N","0","","0","0","0","","2","","","2","1","0","0","0","0","0","2","0","2","","03","","N","","","","","","","","","",""
"2019131722","","0","0","0","0","0","0","0","0","0","1","0","","02","12","2019","6","40.386973","-79.932618","","11","0","0","0","0","0","1","0","0","","0","0","0","","","0","Y","0","","40 23:13.102","","0","79 55:57.426","0","0","0","0","2301","0","0","0","N","0","0","0","3","02301","0","","1.0","","1","N","N","N","2","","0","0","1","","0","","","3","0","0","0","0","0","0","2","0","3","","03","","N","","","","","","","","","",""
"2019133542","","1","0","0","0","0","0","0","0","0","7","0","","02","12","2019","4","40.424342","-79.966181","","11","0","0","1","0","0","0","0","0","","0","0","0","","","0","N","0","","40 25:27.630","","0","79 57:58.250","9","0","0","0","2301","0","0","0","N","0","0","0","1","02301","0","","4.0","","1","N","N","N","0","","0","0","0","","0","","","1","0","0","0","0","0","1","2","0","1","","03","","N","","","","","","","","","",""
"2019134755","","1","0","0","0","0","0","0","0","0","1","0","","02","11","2019","2","40.434226","-79.99064","","11","0","0","0","0","0","0","0","1","","0","0","0","","","2","N","0","","40 26:03.215","4","3","79 59:26.305","4","0","0","0","2301","0","0","0","N","0","0","0","3","68B03","2","","1.0","30.0","1","N","N","N","0","","0","0","1","","0","N","","3","2","1","0","0","0","0","2","1","3","","","","N","","","","","","","","","",""
"2019132137","","1","0","0","0","0","0","0","0","0","1","0","","02","12","2019","7","40.4685","-80.123778","","11","0","0","0","0","0","0","0","0","","0","0","0","","","1","N","0","","40 28:06.600","3","7","80 07:25.600","4","0","0","0","2115","0","0","0","N","0","0","0","3","02115","1","","1.0","2200.0","1","N","N","","0","","0","0","1","","2","N","","2","1","0","0","0","0","0","2","0","2","","","","N","","","","","","","","","",""
"2019131354","","1","0","0","0","0","0","0","0","0","4","0","","02","12","2019","5","40.511865","-79.87893","","11","0","0","0","0","0","1","0","1","","0","0","0","","","0","","2","","40 30:42.714","2","0","79 52:44.148","0","0","0","0","2432","0","0","0","N","0","0","0","2","02432","0","","1.0","2217.0","1","N","N","N","0","","0","0","1","","3","N","","2","0","0","0","0","0","0","2","0","2","","","","N","","","","","","","","","",""
"2019128132","","0","0","0","0","0","0","0","0","0","1","0","","02","12","2019","6","40.456333","-80.165389","","11","0","0","0","0","0","0","0","0","","0","0","0","","","0","N","0","","40 27:22.800","4","0","80 09:55.400","0","0","0","0","2115","0","0","0","N","0","0","0","7","02115","0","","1.0","1245.0","1","N","N","N","0","","0","0","2","","0","N","","2","0","0","0","0","0","0","2","0","2","","03","","N","","","","","","","","","",""
"2019135592","","2","0","0","0","0","0","0","0","0","7","0","","02","12","2019","7","40.534339","-80.202483","","11","0","0","0","0","0","0","0","0","","0","0","0","","","0","N","0","","40 32:03.621","","0","80 12:08.938","0","0","0","0","2213","0","0","0","N","0","0","0","2","02213","0","","1.0","","1","N","N","N","0","","0","0","0","","0","","","2","0","0","0","0","0","0","2","0","2","","","","N","","","","","","","","","",""
"2019134097","","1","0","0","0","0","0","0","0","0","7","0","","02","12","2019","6","40.403168","-80.020276","","11","0","0","0","0","0","1","0","0","","0","0","0","","","0","N","0","","40 24:11.404","3","0","80 01:12.994","9","0","0","0","2301","0","0","0","N","0","0","0","2","02301","0","","5.0","1637.0","1","N","N","N","0","","0","0","0","","0","N","","1","0","0","0","0","0","2","2","0","1","","","","N","","","","","","","","","",""
"2019135077","","0","0","0","0","0","0","0","0","0","4","0","","02","12","2019","2","40.414375","-79.990542","","11","0","0","0","0","0","0","0","0","","0","0","0","","","0","N","1","","40 24:51.750","","0","79 59:25.951","9","0","0","0","2301","0","0","0","N","0","0","0","2","02301","0","","1.0","","1","N","N","N","2","","0","0","0","","3","","","2","0","0","0","0","0","1","2","0","2","","03","","N","","","","","","","","","",""
"2019131825","","4","0","0","0","0","0","0","0","0","4","0","","02","12","2019","6","40.47898","-79.966674","","11","0","0","0","0","0","2","2","0","","0","0","0","","","1","N","0","","40 28:44.329","1","0","79 58:00.025","3","0","0","0","2301","0","0","0","N","0","0","0","8","02301","0","","1.0","1510.0","1","N","N","N","1","","1","0","0","","0","N","","5","1","0","0","0","0","0","2","0","5","","","","N","","","","","","","","","",""
"2019122319","","1","0","0","0","0","0","0","0","0","4","0","","02","11","2019","2","40.340344","-79.938195","","11","0","0","0","0","0","2","0","0","","0","0","0","","","1","N","2","","40 20:25.240","5","7","79 56:17.503","8","0","0","0","2473","0","0","0","Y","0","0","0","3","02473","0","","1.0","620.0","1","N","N","N","0","","0","0","1","","2","N","","2","1","0","0","0","1","0","2","0","2","","03","","N","","","","","","","","","",""
"2019134458","","3","0","0","0","0","0","0","0","0","2","0","","02","12","2019","6","40.484222","-79.907838","","11","0","0","0","0","0","2","0","0","","0","0","0","","","2","N","2","","40 29:03.199","6","0","79 54:28.216","3","0","0","0","2301","0","0","0","N","0","0","0","3","02301","0","","1.0","1741.0","1","N","N","Y","0","","2","0","0","","2","N","","3","2","1","0","0","0","0","2","0","3","","","","N","","","","","","","","","",""
"2019130867","","2","0","0","0","0","0","0","0","0","2","0","","02","12","2019","5","40.361806","-79.83075","","11","0","0","0","0","0","0","0","0","","0","0","0","","","0","N","0","","40 21:42.500","6","0","79 49:50.700","0","0","0","0","2304","0","0","0","N","0","0","0","4","02304","0","","1.0","935.0","2","N","N","N","0","","0","0","0","","0","Y","","2","0","0","0","0","0","0","2","0","2","","98","","N","","","","","","","","","",""
"2019122626","","1","0","0","0","0","0","0","0","0","4","0","","02","11","2019","5","40.602882","-79.754873","","11","0","0","0","0","0","1","0","0","","0","0","0","","","0","N","1","","40 36:10.375","","0","79 45:17.542","0","0","0","0","2464","0","0","0","N","0","0","0","3","02464","0","","1.0","","9","N","N","N","0","","0","0","1","","3","N","","2","0","0","0","0","0","0","2","0","2","","","","N","","","","","","","","","",""
"2019121167","","2","0","0","0","0","0","0","0","0","4","0","","02","11","2019","2","40.33832","-79.953283","","11","0","0","0","0","0","0","0","0","","0","0","0","","","0","N","0","","40 20:17.952","2","0","79 57:11.819","0","0","0","0","2454","0","0","0","N","0","0","0","3","02454","0","","1.0","614.0","1","N","N","N","0","","0","0","0","","0","N","","2","0","0","0","0","0","0","2","0","2","","03","","N","","","","","","","","","",""
"2019092516","","1","0","0","0","0","0","0","0","0","7","0","","02","9","2019","7","40.39156","-79.934358","","11","0","0","0","0","0","0","0","0","1","0","0","0","","","0","","6","","40 23:29.616","7","2","79 56:03.687","0","0","0","0","2301","0","0","0","N","0","0","0","2","02301","0","","3.0","","1","N","N","","0","","0","0","0","","0","N","","1","0","0","0","0","0","0","2","0","1","","","","N","","","","","","","","","",""
"2019124415","","2","0","0","0","0","0","0","0","0","1","0","","02","12","2019","4","40.447381","-80.165852","","11","0","0","0","0","0","0","0","0","","0","0","0","","","0","N","0","","40 26:50.572","3","3","80 09:57.066","0","0","0","0","2115","0","0","0","N","0","0","0","2","02115","0","","1.0","927.0","1","N","N","N","0","","0","0","0","","0","N","","2","0","0","0","0","0","0","2","0","2","","","","N","","","","","","","","","",""
"2019122986","","2","0","0","0","0","0","0","0","0","4","0","","02","11","2019","7","40.521936","-80.005364","","11","0","0","0","0","0","1","0","0","","0","0","0","","","0","","1","","40 31:18.968","5","0","80 00:19.311","0","0","0","0","2116","0","0","0","N","0","0","0","4","02116","0","","1.0","1940.0","1","N","N","N","0","","0","0","1","","2","N","","3","0","1","0","0","0","0","2","0","3","","03","","N","","","","","","","","","",""
"2019133632","","3","0","0","0","0","0","0","0","0","1","0","","02","12","2019","2","40.346194","-79.792978","","11","0","0","0","0","0","0","0","0","","0","0","0","","","3","N","0","","40 20:46.298","5","0","79 47:34.720","3","0","0","0","2477","0","0","0","N","0","0","0","3","02477","2","","1.0","9999.0","1","N","N","N","0","","1","0","0","","0","Y","","3","3","1","0","0","0","0","2","0","3","","","","N","","","","","","","","","",""
"2019133947","","1","0","0","0","0","0","0","0","0","4","0","","02","12","2019","2","40.413464","-80.042733","","11","0","0","0","0","0","1","0","0","","0","0","0","","","0","","1","","40 24:48.470","","0","80 02:33.838","0","0","0","0","2301","0","0","0","N","0","0","0","2","02301","0","","1.0","","1","N","N","N","1","","0","0","0","","3","","","2","0","0","0","0","0","0","2","0","2","","03","","N","","","","","","","","","",""
"2019085366","","2","0","0","0","0","0","0","0","0","6","0","","02","8","2019","6","40.254752","-79.84751","","11","0","0","0","0","0","0","0","0","2","0","0","0","","","0","","0","","40 15:17.106","7","0","79 50:51.036","0","0","0","0","2105","0","0","0","N","0","0","0","2","02105","0","","1.0","","1","N","N","","0","","0","0","0","","0","Y","","2","0","0","0","0","0","0","1","0","2","","","","N","","","","","","","","","",""
"2019121027","","1","0","0","0","0","0","0","0","0","8","0","","02","11","2019","2","40.442723","-80.002191","","11","0","0","0","0","0","0","0","0","","0","0","0","","","1","N","1","","40 26:33.804","2","0","80 00:07.886","3","0","0","0","2301","1","0","0","N","1","0","0","2","02301","0","","1.0","1917.0","1","N","N","N","0","","1","0","0","","2","Y","","2","1","1","0","0","0","0","2","0","1","","03","","N","","","","","","","","","",""
"2019134068","","2","0","0","0","0","0","0","0","0","1","0","","02","12","2019","7","40.538818","-79.990115","","11","0","0","0","0","0","1","0","0","","0","0","0","","","1","","2","","40 32:19.744","1","0","79 59:24.414","3","0","0","0","2116","0","0","0","N","0","0","0","5","02116","0","","1.0","1230.0","1","N","N","N","0","","1","0","1","","0","N","","3","1","0","0","0","0","0","2","0","3","","03","","N","","","","","","","","","",""
"2019132566","","2","0","0","0","0","0","0","0","0","4","0","","02","12","2019","1","40.337894","-80.051236","","11","0","0","0","0","1","0","0","0","","0","0","0","","","1","","0","","40 20:16.420","","7","80 03:04.450","4","0","0","0","2407","0","0","0","N","0","0","0","3","02407","1","","1.0","","1","N","N","","0","","0","0","0","","0","","","2","1","0","0","0","0","0","2","0","2","","","","N","","","","","","","","","",""
"2019133137","","2","0","0","0","0","0","0","0","0","6","0","","02","12","2019","5","40.429269","-79.881742","","11","0","0","0","0","0","0","0","1","","0","0","0","","","1","N","0","","40 25:45.370","5","0","79 52:54.270","8","0","0","0","2426","0","0","0","N","0","0","0","1","02426","0","","6.0","1640.0","1","N","N","N","0","","0","0","0","","0","Y","","2","1","0","0","0","1","0","2","0","2","","","","N","","","","","","","","","",""
"2019103477","","1","0","0","0","0","0","0","0","0","7","0","","02","10","2019","2","40.518708","-79.895917","","11","0","0","0","0","0","0","0","1","1","0","0","0","","","1","","0","","40 31:07.350","1","0","79 53:45.300","4","0","0","0","2432","0","0","0","N","0","0","0","1","02432","1","","2.0","","1","N","N","","0","","0","0","0","","0","N","","1","1","0","0","0","0","0","2","0","1","","","","N","","","","","","","","","",""
"2019122631","","0","0","0","0","0","0","0","0","0","7","0","","02","11","2019","5","40.391527","-79.778214","","11","0","0","0","0","0","1","0","0","","0","0","0","","","0","Y","0","","40 23:29.498","3","3","79 46:41.569","0","0","0","0","2464","0","0","0","N","0","0","0","2","02464","0","","1.0","1802.0","9","N","N","N","1","","0","0","0","","0","N","","1","0","0","0","0","0","0","2","0","1","","","","N","","","","","","","","","",""
"2019133017","","2","0","0","0","0","0","0","0","0","4","0","","02","12","2019","3","40.633352","-80.059546","","11","0","0","0","0","0","0","0","0","","0","0","0","","","0","N","1","","40 38:00.067","","0","80 03:34.364","0","0","0","0","2216","0","0","0","N","0","0","0","3","02505","0","","1.0","","9","N","N","N","0","","0","0","0","","2","N","","2","0","0","0","0","0","0","2","0","2","","04","","N","","","","","","","","","",""
"2019133994","","2","0","0","0","0","0","0","0","0","4","0","","02","12","2019","5","40.442545","-79.957443","","11","0","0","0","0","0","0","1","0","","0","0","0","","","1","","1","","40 26:33.161","","0","79 57:26.794","3","0","0","0","2301","1","0","0","N","1","0","0","4","02301","0","","1.0","","1","N","N","N","0","","1","0","0","","2","","","3","1","0","0","0","0","0","2","0","2","","03","","N","","","","","","","","","",""
"2019122304","","1","0","0","0","0","0","0","0","0","7","0","","02","11","2019","3","40.461299","-79.824028","","11","0","0","0","0","0","0","0","0","","0","0","0","","","0","","0","","40 27:40.675","","7","79 49:26.499","0","0","0","0","2113","0","0","0","N","0","0","0","1","02113","0","","3.0","","1","N","N","N","0","","0","0","0","","0","N","","1","0","1","0","0","0","0","2","0","1","","","","N","","","","","","","","","",""
"2019133364","","0","0","0","0","0","0","0","0","0","1","0","","02","12","2019","4","40.28053","-79.835646","","11","0","0","0","0","0","0","0","1","","0","0","0","","","1","N","0","","40 16:49.909","5","7","79 50:08.325","4","0","0","0","2105","0","0","0","N","0","0","0","4","02105","1","","1.0","1028.0","9","N","N","Y","0","","0","0","3","","2","Y","","3","1","0","0","0","0","0","2","0","3","","","","Y","","","","","","","","","",""
"2019131543","","2","0","0","0","0","0","0","0","0","1","0","","02","12","2019","6","40.426624","-80.056601","","11","0","0","0","0","0","0","0","0","","0","0","0","","","0","N","0","","40 25:35.847","","0","80 03:23.763","0","0","0","0","2301","0","0","0","N","0","0","0","3","02301","0","","1.0","","1","N","N","N","0","","0","0","0","","0","","","2","0","0","0","0","0","0","2","0","2","","03","","N","","","","","","","","","",""
"2019037017","","0","0","0","0","0","0","0","0","0","4","0","","02","4","2019","7","40.355096","-79.835045","","11","0","0","0","0","0","1","0","0","2","0","0","0","","","1","","0","","40 21:18.346","5","0","79 50:06.161","8","0","0","0","2304","0","0","0","N","0","0","0","1","02304","0","","4.0","45.0","1","N","N","N","0","","0","0","2","","0","Y","","2","1","0","0","0","1","0","2","0","2","","","","N","","","","","","","","","",""
"2019133580","","2","0","0","0","0","0","0","0","0","4","0","","02","12","2019","1","40.457511","-79.917391","","11","0","0","0","0","0","0","0","0","","0","0","0","","","1","","1","","40 27:27.038","","0","79 55:02.607","8","0","0","0","2301","0","0","0","N","0","0","0","2","02301","0","","1.0","","1","N","N","N","0","","0","0","0","","2","","","2","1","0","0","0","1","1","2","0","2","","03","","N","","","","","","","","","",""
"2019131437","","1","0","0","0","0","0","0","0","0","4","0","","02","12","2019","6","40.440519","-80.238481","","11","0","1","0","0","0","0","0","0","","0","0","0","","","0","N","1","","40 26:25.870","","0","80 14:18.530","0","0","0","0","2214","0","0","0","N","0","0","0","2","02214","0","","1.0","","1","N","N","N","1","","0","0","0","","3","","","2","0","0","0","0","0","0","2","0","2","","03","","N","","","","","","","","","",""