"CRN","ARRIVAL_TM","AUTOMOBILE_COUNT","BELTED_DEATH_COUNT","BELTED_SUSP_SERIOUS_INJ_COUNT","BICYCLE_COUNT","BICYCLE_DEATH_COUNT","BICYCLE_SUSP_SERIOUS_INJ_COUNT","BUS_COUNT","CHLDPAS_DEATH_COUNT","CHLDPAS_SUSP_SERIOUS_INJ_COUNT","COLLISION_TYPE","COMM_VEH_COUNT","CONS_ZONE_SPD_LIM","COUNTY","CRASH_MONTH","CRASH_YEAR","DAY_OF_WEEK","DEC_LATITUDE","DEC_LONGITUDE","DISPATCH_TM","DISTRICT","DRIVER_COUNT_16YR","DRIVER_COUNT_17YR","DRIVER_COUNT_18YR","DRIVER_COUNT_19YR","DRIVER_COUNT_20YR","DRIVER_COUNT_50_64YR","DRIVER_COUNT_65_74YR","DRIVER_COUNT_75PLUS","EST_HRS_CLOSED","FATAL_COUNT","HEAVY_TRUCK_COUNT","HORSE_BUGGY_COUNT","HOUR_OF_DAY","ILLUMINATION","INJURY_COUNT","INTERSECTION_RELATED","INTERSECT_TYPE","LANE_CLOSED","LATITUDE","LN_CLOSE_DIR","LOCATION_TYPE","LONGITUDE","MAX_SEVERITY_LEVEL","MCYCLE_DEATH_COUNT","MCYCLE_SUSP_SERIOUS_INJ_COUNT","MOTORCYCLE_COUNT","MUNICIPALITY","NONMOTR_COUNT","NONMOTR_DEATH_COUNT","NONMOTR_SUSP_SERIOUS_INJ_COUNT","NTFY_HIWY_MAINT","PED_COUNT","PED_DEATH_COUNT","PED_SUSP_SERIOUS_INJ_COUNT","PERSON_COUNT","POLICE_AGCY","POSSIBLE_INJ_COUNT","RDWY_SURF_TYPE_CD","RELATION_TO_ROAD","ROADWAY_CLEARED","ROAD_CONDITION","SCH_BUS_IND","SCH_ZONE_IND","SECONDARY_CRASH","SMALL_TRUCK_COUNT","SPEC_JURIS_CD","SUSP_MINOR_INJ_COUNT","SUSP_SERIOUS_INJ_COUNT","SUV_COUNT","TCD_FUNC_CD","TCD_TYPE","TFC_DETOUR_IND","TIME_OF_DAY","TOTAL_UNITS","TOT_INJ_COUNT","UNBELTED_OCC_COUNT","UNB_DEATH_COUNT","UNB_SUSP_SERIOUS_INJ_COUNT","UNK_INJ_DEG_COUNT","UNK_INJ_PER_COUNT","URBAN_RURAL","VAN_COUNT","VEHICLE_COUNT","WEATHER1","WEATHER2","WORKERS_PRES","WORK_ZONE_IND","WORK_ZONE_LOC","WORK_ZONE_TYPE","WZ_CLOSE_DETOUR","WZ_FLAGGER","WZ_LAW_OFFCR_IND","WZ_LN_CLOSURE","WZ_MOVING","WZ_OTHER","WZ_SHLDER_MDN","WZ_WORKERS_INJ_KILLED"
"2019134808","","2","0","0","0","0","0","0","0","0","5","0","","02","12","2019","3","40.350642","-80.107254","","11","0","0","0","0","0","0","0","0","","0","0","0","","","0","","0","","40 21:02.310","","0","80 06:26.114","0","0","0","0","2414","0","0","0","N","0","0","0","1","02414","0","","6.0","","9","N","N","","0","","0","0","0","","0","","","2","0","1","0","0","0","0","2","0","2","","","","N","","","","","","","","","",""
"2019103906","","1","0","0","0","0","0","0","0","0","4","0","","02","10","2019","3","","","","11","0","0","0","0","0","1","0","0","","0","0","0","","","0","","0","","40 26:40.8","","7","79 51:56.7","0","0","0","0","2203","0","0","0","N","0","0","0","4","02203","0","","1.0","","1","N","N","","1","","0","0","0","","0","","","2","0","0","0","0","0","0","1","0","2","","","","N","","","","","","","","","",""
"2019105485","","1","0","0","1","0","0","0","0","0","4","0","","02","10","2019","7","40.42567","-79.949858","","11","0","0","0","0","0","1","0","0","","0","0","0","","","1","","1","","40 25:32.411","","0","79 56:59.488","4","0","0","0","2301","1","0","0","N","0","0","0","2","02301","1","","1.0","","1","N","N","","0","","0","0","0","","3","N","","2","1","0","0","0","0","0","2","0","1","","","","N","","","","","","","","","",""
"2019043241","","1","0","0","0","0","0","0","0","0","7","0","","02","4","2019","5","40.658863","-79.714414","","11","0","0","0","0","0","0","0","0","2","0","0","0","","","0","N","0","","40 39:31.908","2","0","79 42:51.892","0","0","0","0","2472","0","0","0","N","0","0","0","1","02472","0","","4.0","","9","N","N","","0","","0","0","0","","0","N","","1","0","0","0","0","0","0","2","0","1","","","","N","","","","","","","","","",""
"2019122009","","1","0","0","0","0","0","0","0","0","4","0","","02","11","2019","4","40.461772","-79.936304","","11","0","0","0","0","0","1","0","0","","0","0","0","","","0","","1","","40 27:42.379","","0","79 56:10.694","0","0","0","0","2301","0","0","0","N","0","0","0","2","02301","0","","1.0","","9","N","N","N","0","","0","0","1","","3","","","2","0","0","0","0","0","0","2","0","2","","","","N","","","","","","","","","",""
"2019133958","","0","0","0","0","0","0","0","0","0","7","0","","02","12","2019","6","40.355013","-79.878754","","11","0","0","0","0","0","0","0","0","","0","0","0","","","0","N","9","","40 21:18.046","2","0","79 52:43.514","0","0","0","0","2423","0","0","0","N","0","0","0","1","02304","0","","5.0","651.0","9","N","N","N","0","","0","0","1","","0","N","","1","0","0","0","0","0","0","2","0","1","","","","N","","","","","","","","","",""
"2019132144","","1","0","0","0","0","0","0","0","0","4","0","","02","12","2019","7","40.436533","-79.998693","","11","0","0","1","0","0","0","0","0","","0","0","0","","","0","N","2","","40 26:11.519","","0","79 59:55.296","0","0","0","0","2301","0","0","0","N","0","0","0","2","02301","0","","1.0","","1","N","N","N","0","","0","0","1","","2","","","2","0","0","0","0","0","0","2","0","2","","03","","N","","","","","","","","","",""
"2019135547","","1","0","0","0","0","0","0","0","0","6","0","","02","12","2019","3","40.459483","-79.817376","","11","0","0","0","0","0","1","0","1","","0","0","0","","","0","","2","","40 27:34.137","","0","79 49:02.552","0","0","0","0","2113","0","0","0","N","0","0","0","2","02113","0","","1.0","","9","N","N","N","0","","0","0","1","","3","","","2","0","0","0","0","0","0","2","0","2","","","","N","","","","","","","","","",""
"2019105571","","2","0","0","0","0","0","0","0","0","4","0","","02","10","2019","2","40.380789","-79.812128","","11","0","0","0","0","0","1","0","0","2","0","0","0","","","0","N","0","","40 22:50.840","1","7","79 48:43.659","0","0","0","0","2424","0","0","0","N","0","0","0","3","02424","0","","1.0","1745.0","1","N","N","N","0","","0","0","0","","0","Y","","2","0","0","0","0","0","0","2","0","2","","","","N","","","","","","","","","",""
"2019135365","","1","0","0","0","0","0","0","0","0","7","0","","02","12","2019","1","40.448266","-80.009903","","11","0","0","0","0","0","0","0","0","","0","0","0","","","0","N","0","","40 26:53.756","3","0","80 00:35.649","0","0","0","0","2301","0","0","0","N","0","0","0","1","02301","0","","2.0","430.0","1","N","N","N","0","","0","0","0","","0","N","","1","0","0","0","0","0","0","2","0","1","","","","N","","","","","","","","","",""
"2019122895","","3","0","0","0","0","0","0","0","0","1","0","","02","11","2019","7","40.432724","-79.996852","","11","0","0","0","0","0","1","0","0","","0","0","0","","","0","N","0","","40 25:57.805","","3","79 59:48.667","0","0","0","0","2301","0","0","0","N","0","0","0","5","02301","0","","1.0","","1","N","N","N","0","","0","0","0","","0","","","3","0","0","0","0","0","0","2","0","3","","03","","N","","","","","","","","","",""
"2019044646","","1","0","0","0","0","0","0","0","0","7","0","","02","4","2019","1","40.309392","-79.858383","","11","0","0","0","0","0","0","0","0","","0","0","0","","","0","N","0","","40 18:33.810","","0","79 51:30.177","0","0","0","0","2443","0","0","0","N","0","0","0","1","02443","0","","4.0","","9","N","N","N","0","","0","0","0","","0","","","1","0","1","0","0","0","0","1","0","1","","","","N","","","","","","","","","",""
"2019123840","","3","0","0","0","0","0","0","0","0","1","0","","02","11","2019","2","40.535045","-80.035959","","11","0","1","0","0","0","0","0","0","","0","0","0","","","3","","2","","40 32:06.163","2","0","80 02:09.453","3","0","0","0","2116","0","0","0","N","0","0","0","5","02116","0","","1.0","2052.0","1","N","N","Y","0","","2","0","0","","0","Y","","3","3","0","0","0","1","0","2","0","3","","03","","N","","","","","","","","","",""
"2019121218","","2","0","0","0","0","0","0","0","0","4","0","","02","11","2019","2","40.484349","-80.036986","","11","0","0","0","0","0","0","1","0","","0","0","0","","","0","N","1","","40 29:03.656","1","0","80 02:13.149","9","0","0","0","2301","0","0","0","N","0","0","0","2","02301","0","","1.0","1445.0","1","N","N","N","0","","0","0","0","","0","Y","","2","0","0","0","0","0","1","2","0","2","","03","","N","","","","","","","","","",""
"2019130927","","1","0","0","0","0","0","0","0","0","5","0","","02","12","2019","5","40.448617","-79.899716","","11","0","0","0","0","0","0","0","1","","0","0","0","","","0","","2","","40 26:55.021","2","0","79 53:58.976","9","0","0","0","2301","0","0","0","N","0","0","0","3","02301","0","","1.0","1312.0","1","N","N","N","0","","0","0","1","","0","N","","2","0","0","0","0","0","1","2","0","2","","","","N","","","","","","","","","",""
"2019122841","","2","0","0","0","0","0","0","0","0","4","0","","02","11","2019","6","40.458997","-79.90773","","11","0","0","0","0","0","0","0","0","","0","0","0","","","0","N","0","","40 27:32.389","","7","79 54:27.828","0","0","0","0","2301","0","0","0","N","0","0","0","2","02301","0","","1.0","","1","N","N","N","0","","0","0","0","","0","","","2","0","0","0","0","0","0","2","0","2","","03","","N","","","","","","","","","",""
"2019131402","","1","0","0","0","0","0","0","0","0","4","0","","02","12","2019","6","40.611248","-79.894703","","11","0","0","0","0","0","0","0","0","","0","0","0","","","1","N","0","","40 36:40.491","4","0","79 53:40.929","3","0","0","0","2208","0","0","0","N","0","0","0","2","02208","0","","1.0","1030.0","2","N","N","N","1","","1","0","1","","0","N","","3","1","0","0","0","0","0","1","0","3","","","","N","","","","","","","","","",""
"2019132158","","1","0","0","0","0","0","0","0","0","98","0","","02","12","2019","1","40.429323","-79.931104","","11","0","0","0","0","0","0","0","0","","0","0","0","","","0","N","0","","40 25:45.562","","2","79 55:51.975","0","0","0","0","2301","0","0","0","N","0","0","0","1","02301","0","","1.0","","1","N","N","N","0","","0","0","0","","0","","","1","0","0","0","0","0","0","2","0","1","","98","","N","","","","","","","","","",""
"2019135432","","0","0","0","0","0","0","0","0","0","1","0","","02","12","2019","2","40.264641","-79.878634","","11","0","0","0","0","0","0","1","0","","0","0","0","","","1","","2","","40 15:52.706","","0","79 52:43.081","8","0","0","0","2204","0","0","0","N","0","0","0","2","02204","0","","1.0","","1","N","N","N","1","","0","0","1","","2","","","2","1","0","0","0","1","0","1","0","2","","03","","N","","","","","","","","","",""
"2019092210","","2","0","0","0","0","0","0","0","0","4","0","","02","9","2019","6","40.651993","-80.054866","","11","0","0","0","0","0","0","0","0","","0","0","0","","","0","","1","","40 39:07.175","","0","80 03:17.516","0","0","0","0","2216","0","0","0","N","0","0","0","5","02505","0","","1.0","","1","N","N","","0","","0","0","0","","2","","","2","0","0","0","0","0","0","2","0","2","","","","N","","","","","","","","","",""
"2019109988","","1","0","0","0","0","0","0","0","0","8","0","","02","10","2019","4","40.342118","-79.981066","","11","0","0","0","0","0","0","0","1","2","0","0","0","","","1","","0","","40 20:31.624","4","0","79 58:51.837","8","0","0","0","2403","1","0","0","N","1","0","0","2","02403","0","","1.0","1200.0","1","N","N","N","0","","0","0","0","","3","N","","2","1","0","0","0","1","0","2","0","1","","","","N","","","","","","","","","",""
"2019091703","","2","0","0","0","0","0","0","0","0","2","0","","02","9","2019","5","40.622754","-80.053926","","11","0","0","0","0","0","0","0","0","1","0","0","0","","","2","","0","","40 37:21.916","1","7","80 03:14.133","3","0","0","0","2216","0","0","0","N","0","0","0","3","02505","0","","1.0","","1","N","N","","0","","2","0","0","","0","Y","","2","2","0","0","0","0","0","2","0","2","","","","N","","","","","","","","","",""
"2019090912","","2","0","0","0","0","0","0","0","0","4","0","","02","9","2019","4","40.455068","-79.897268","","11","0","0","0","0","1","0","0","0","1","0","0","0","","","0","","2","","40 27:18.244","2","0","79 53:50.164","0","0","0","0","2301","0","0","0","N","0","0","0","2","02301","0","","1.0","","1","N","N","","0","","0","0","0","","0","N","","2","0","0","0","0","0","0","2","0","2","","","","N","","","","","","","","","",""
"2019094602","","2","0","0","0","0","0","0","0","0","5","0","","02","9","2019","7","40.469792","-79.930456","","11","0","0","0","0","0","0","0","0","","0","0","0","","","0","","0","","40 28:11.250","","0","79 55:49.640","0","0","0","0","2301","0","0","0","N","0","0","0","0","02301","0","","4.0","","1","N","N","","0","","0","0","0","","0","","","2","0","0","0","0","0","0","2","0","2","","","","N","","","","","","","","","",""
"2019134560","","2","0","0","0","0","0","0","0","0","5","0","","02","12","2019","1","40.467941","-79.825126","","11","0","0","0","0","0","0","0","0","","0","0","0","","","0","N","0","","40 28:04.589","","7","79 49:30.452","0","0","0","0","2113","0","0","0","N","0","0","0","2","02113","0","","1.0","","1","N","N","N","0","","0","0","0","","0","","","2","0","0","0","0","0","0","2","0","2","","03","","N","","","","","","","","","",""
"2019090721","","2","0","0","0","0","0","0","0","0","4","0","","02","9","2019","1","40.441972","-80.075761","","11","0","0","0","0","0","0","0","2","","0","0","0","","","0","","1","","40 26:31.099","","0","80 04:32.739","0","0","0","0","2439","0","0","0","N","0","0","0","5","02421","0","","1.0","","1","N","N","","1","","0","0","0","","3","N","","3","0","0","0","0","0","0","2","0","3","","","","N","","","","","","","","","",""
"2019097426","","0","0","0","0","0","0","0","0","0","99","0","","02","9","2019","6","40.427881","-79.891987","","11","0","0","0","0","1","0","0","0","2","0","0","0","","","1","","0","","40 25:40.370","3","2","79 53:31.154","8","0","0","1","2426","0","0","0","N","0","0","0","1","68B03","0","","1.0","","1","N","N","","0","","0","0","0","","0","N","","1","1","0","0","0","1","0","2","0","1","","","","N","","","","","","","","","",""
"2019090340","","1","0","0","0","0","0","0","0","0","1","0","","02","9","2019","7","40.616795","-79.946119","","11","0","0","0","0","0","1","0","0","2","0","0","0","","","2","","0","","40 37:00.463","2","0","79 56:46.027","3","0","0","0","2217","0","0","0","N","0","0","0","3","02505","0","","1.0","","1","N","N","","0","","1","0","1","","2","N","","3","2","0","0","0","1","0","2","1","3","","","","N","","","","","","","","","",""
"2019090455","","1","0","0","0","0","0","0","0","0","1","0","","02","9","2019","7","40.514308","-79.955419","","11","0","1","0","0","0","0","0","0","","0","0","0","","","0","","0","","40 30:51.510","","0","79 57:19.510","0","0","0","0","2118","0","0","0","N","0","0","0","1","02118","0","","6.0","","1","N","N","","1","","0","0","0","","0","N","","2","0","0","0","0","0","0","2","0","2","","","","N","","","","","","","","","",""
"2019106396","","1","0","0","0","0","0","0","0","0","7","0","","02","10","2019","3","40.411689","-79.993425","","11","0","0","0","0","0","0","0","0","1","0","0","0","","","1","","0","","40 24:42.080","7","0","79 59:36.330","3","0","0","0","2301","0","0","0","N","0","0","0","2","02301","0","","2.0","","9","N","N","","0","","1","0","0","","0","N","","1","1","0","0","0","0","1","2","0","1","","","","N","","","","","","","","","",""
"2019091164","","1","0","0","0","0","0","0","0","0","2","0","","02","9","2019","2","40.404372","-79.823756","","11","0","0","0","0","0","0","0","0","","0","0","0","","","0","N","0","","40 24:15.740","","7","79 49:25.520","0","0","0","1","2467","0","0","0","N","0","0","0","1","02467","0","","4.0","","1","N","N","","0","","0","0","0","","0","N","","2","0","0","0","0","0","0","2","0","2","","","","N","","","","","","","","","",""
"2019090465","","1","0","0","0","0","0","0","0","0","2","0","","02","9","2019","6","40.425765","-80.01976","","11","0","0","0","0","0","0","0","1","1","0","0","0","","","1","","1","","40 25:32.754","1","0","80 01:11.135","8","0","0","0","2301","0","0","0","N","0","0","0","4","02301","0","","1.0","","1","N","N","","1","","0","0","0","","1","Y","","2","1","0","0","0","1","0","2","0","2","","","","N","","","","","","","","","",""
"2019103643","","0","0","0","0","0","0","0","0","0","4","0","","02","10","2019","3","40.458822","-79.972785","","11","0","0","0","0","0","1","0","0","2","0","0","0","","","0","","1","","40 27:31.760","2","0","79 58:22.026","0","0","0","0","2301","0","0","0","N","0","0","0","5","02301","0","","1.0","","1","N","N","","0","","0","0","2","","0","N","","2","0","0","0","0","0","0","2","0","2","","","","N","","","","","","","","","",""
"2019090027","","1","0","0","0","0","0","0","0","0","1","0","","02","9","2019","3","40.47385","-79.970342","","11","0","0","0","0","0","0","0","0","1","0","0","0","","","0","","0","","40 28:25.861","3","3","79 58:13.230","0","0","0","0","2445","0","0","0","N","0","0","0","3","02445","0","","1.0","","1","N","N","","0","","0","0","1","","0","Y","","3","0","0","0","0","0","0","2","1","3","","","","N","","","","","","","","","",""
"2019090405","","1","0","0","0","0","0","0","0","0","7","0","","02","9","2019","7","40.367039","-79.889878","","11","0","0","0","0","0","0","0","0","1","0","0","0","","","1","","0","","40 22:01.340","3","0","79 53:23.560","3","0","0","0","2473","0","0","0","N","0","0","0","1","02473","0","","2.0","","1","N","N","","0","","1","0","0","","0","Y","","1","1","1","0","0","0","0","2","0","1","","","","N","","","","","","","","","",""
"2019132932","","1","0","0","0","0","0","0","0","0","7","0","","02","12","2019","3","40.304524","-79.88239","","11","0","0","0","0","0","0","0","0","","0","0","0","","","0","N","0","","40 18:16.288","5","0","79 52:56.605","9","0","0","0","2302","0","0","0","N","0","0","0","1","02302","0","","2.0","527.0","1","N","N","N","0","","0","0","0","","0","Y","","1","0","0","0","0","0","1","2","0","1","","","","N","","","","","","","","","",""
"2019087393","","1","0","0","0","0","0","0","0","0","1","0","","02","8","2019","6","40.451128","-79.982444","","11","0","0","0","0","0","0","1","0","1","0","0","0","","","0","","2","","40 27:04.060","3","0","79 58:56.798","0","0","0","0","2301","0","0","0","N","0","0","0","3","02301","0","","1.0","","1","N","N","","0","","0","0","1","","2","N","","2","0","0","0","0","0","0","2","0","2","","","","N","","","","","","","","","",""
"2019090471","","2","0","0","0","0","0","0","0","0","2","0","","02","9","2019","2","40.390053","-79.985794","","11","0","0","0","0","1","0","0","0","2","0","0","0","","","2","","0","","40 23:24.190","5","0","79 59:08.860","3","0","0","0","2301","0","0","0","N","0","0","0","3","02301","0","","1.0","","9","N","N","","0","","2","0","0","","0","N","","2","2","1","0","0","0","1","2","0","2","","","","N","","","","","","","","","",""
"2019092204","","2","0","0","0","0","0","0","0","0","4","0","","02","9","2019","6","40.33982","-79.83595","","11","0","0","0","0","0","1","0","0","","0","0","0","","","0","","2","","40 20:23.352","","0","79 50:09.420","0","0","0","0","2304","0","0","0","N","0","0","0","4","02304","0","","1.0","","1","N","N","","0","","0","0","0","","3","N","","2","0","2","0","0","0","0","2","0","2","","","","N","","","","","","","","","",""
"2019133464","","2","0","0","0","0","0","0","0","0","4","0","","02","12","2019","4","40.452661","-79.866547","","11","0","0","0","1","0","0","0","0","","0","0","0","","","1","","2","","40 27:09.581","5","0","79 51:59.569","8","0","0","0","2301","0","0","0","N","0","0","0","3","02301","0","","1.0","1652.0","1","N","N","N","0","","0","0","1","","0","Y","","3","1","1","0","0","1","1","2","0","3","","03","","N","","","","","","","","","",""
"2019092325","","2","0","0","0","0","0","0","0","0","4","0","","02","9","2019","3","40.409911","-79.912419","","11","0","0","0","0","0","0","0","0","","0","0","0","","","1","","0","","40 24:35.680","","7","79 54:44.710","8","0","0","0","2438","0","0","0","N","0","0","0","2","02438","0","","1.0","","1","N","N","","0","","0","0","0","","2","N","","2","1","0","0","0","1","0","2","0","2","","","","N","","","","","","","","","",""
"2019115975","","1","0","0","0","0","0","0","0","0","1","0","","02","10","2019","3","40.461049","-80.168709","","11","0","0","0","0","0","0","0","1","","0","0","0","","","1","","0","","40 27:39.777","","0","80 10:07.351","4","0","0","0","2213","0","0","0","N","0","0","0","2","02213","1","","1.0","","1","N","N","","0","","0","0","1","","0","","","2","1","0","0","0","0","0","2","0","2","","","","N","","","","","","","","","",""
"2019121634","","1","0","0","0","0","0","0","0","0","2","0","","02","10","2019","2","40.469875","-80.003296","","11","0","0","0","0","0","0","0","0","","0","0","0","","","0","N","0","","40 28:11.549","","0","80 00:11.867","0","0","0","0","2301","0","0","0","N","0","0","0","1","68B03","0","","4.0","","1","N","N","N","0","","0","0","0","","0","","","1","0","0","0","0","0","0","2","0","1","","03","","N","","","","","","","","","",""
"2019103610","","2","0","0","0","0","0","0","0","0","2","0","","02","10","2019","2","40.331647","-79.986144","","11","0","0","0","0","0","0","0","0","2","0","0","0","","","1","","2","","40 19:53.929","6","0","79 59:10.119","8","0","0","0","2403","0","0","0","N","0","0","0","2","02403","0","","1.0","","1","N","N","","0","","0","0","0","","2","Y","","2","1","0","0","0","1","0","2","0","2","","","","N","","","","","","","","","",""
"2019132424","","1","0","0","0","0","0","0","0","0","7","0","","02","12","2019","1","40.585646","-80.069069","","11","0","0","0","0","0","0","0","0","","0","0","0","","","0","N","2","","40 35:08.325","1","0","80 04:08.648","0","0","0","0","2481","0","0","0","N","0","0","0","1","02481","0","","4.0","2100.0","1","N","N","N","0","","0","0","0","","3","N","","1","0","0","0","0","0","0","2","0","1","","03","","N","","","","","","","","","",""
"2019091933","","3","0","0","0","0","0","0","0","0","2","0","","02","9","2019","5","40.475853","-79.997994","","11","0","0","0","0","0","0","0","0","","0","0","0","","","0","","0","","40 28:33.070","","0","79 59:52.780","0","0","0","0","2301","0","0","0","N","0","0","0","1","02301","0","","4.0","","9","N","N","","0","","0","0","0","","0","","","4","0","0","0","0","0","0","2","1","4","","","","N","","","","","","","","","",""
"2019091598","","3","0","0","0","0","0","0","0","0","6","0","","02","9","2019","5","40.339036","-79.843369","","11","0","0","0","0","0","1","0","0","","0","0","0","","","0","","0","","40 20:20.530","","0","79 50:36.130","0","0","0","0","2304","0","0","0","N","0","0","0","1","02304","0","","1.0","","1","N","N","","0","","0","0","0","","0","","","3","0","0","0","0","0","0","2","0","3","","","","N","","","","","","","","","",""
"2019133407","","2","0","0","0","0","0","0","0","0","4","0","","02","12","2019","4","40.466819","-79.873259","","11","0","0","0","1","0","0","0","0","","0","0","0","","","1","","2","","40 28:00.548","","0","79 52:23.732","4","0","0","0","2113","0","0","0","N","0","0","0","3","02113","1","","1.0","","1","N","N","N","0","","0","0","0","","3","","","2","1","0","0","0","0","0","2","0","2","","","","N","","","","","","","","","",""
"2019113478","","1","0","0","0","0","0","0","0","0","2","0","","02","11","2019","5","40.472107","-79.960614","","11","0","0","0","0","0","0","0","0","","0","0","0","","","0","N","0","","40 28:19.584","","0","79 57:38.211","0","0","0","0","2301","0","0","0","N","0","0","0","2","02301","0","","1.0","","9","N","N","N","0","","0","0","1","","0","N","","2","0","0","0","0","0","0","2","0","2","","","","N","","","","","","","","","",""
"2019135240","","2","0","0","0","0","0","0","0","0","1","0","","02","12","2019","2","40.425648","-79.903417","","11","0","0","0","0","0","0","0","0","","0","0","0","","","2","N","0","","40 25:32.334","","0","79 54:12.300","3","0","0","0","2301","0","0","0","Y","0","0","0","3","68B03","0","","4.0","","1","N","N","Y","0","","1","0","0","","0","","","2","2","0","0","0","1","0","2","0","2","","","","N","","","","","","","","","",""
"2019131435","","1","0","0","0","0","0","0","0","0","6","0","","02","12","2019","6","40.373018","-79.798521","","11","0","0","0","0","0","0","0","0","","0","0","0","","","0","N","0","","40 22:22.865","2","0","79 47:54.677","0","0","0","0","2111","0","0","0","N","0","0","0","4","02111","0","","1.0","900.0","1","N","N","N","0","","0","0","2","","0","N","","3","0","0","0","0","0","0","2","0","3","","03","","N","","","","","","","","","",""
"2019092309","","2","0","0","0","0","0","0","0","0","1","0","","02","9","2019","7","40.297227","-79.919923","","11","0","0","0","0","0","2","0","0","2","0","0","0","","","0","","0","","40 17:50.016","2","0","79 55:11.722","0","0","0","0","2440","0","0","0","N","0","0","0","2","02440","0","","1.0","","1","N","N","","0","","0","0","0","","0","N","","2","0","0","0","0","0","0","2","0","2","","","","N","","","","","","","","","",""
"2019107984","","1","0","0","0","0","0","0","0","0","7","0","","02","10","2019","4","40.383883","-80.056119","","11","0","0","0","0","0","1","0","0","","0","0","0","","","1","","0","","40 23:01.980","","0","80 03:22.030","3","0","0","0","2109","0","0","0","N","0","0","0","1","02109","0","","5.0","","1","N","N","","0","","1","0","0","","0","","","1","1","0","0","0","0","0","2","0","1","","","","N","","","","","","","","","",""
"2019088567","","0","0","0","0","0","0","0","0","0","2","0","","02","9","2019","3","40.448843","-79.964937","","11","0","0","0","0","0","0","1","0","","0","0","0","","","1","","1","","40 26:55.834","","0","79 57:53.773","3","0","0","1","2301","0","0","0","N","0","0","0","3","02301","0","","1.0","","1","N","Y","","0","","1","0","1","","2","","","2","1","0","0","0","0","0","2","0","2","","","","N","","","","","","","","","",""
"2019088765","","1","0","0","0","0","0","0","0","0","4","0","","02","9","2019","3","40.368067","-79.974044","","11","0","0","0","0","0","0","0","0","1","0","0","0","","","0","","0","","40 22:05.040","1","0","79 58:26.560","0","0","0","0","2413","0","0","0","N","0","0","0","2","02413","0","","1.0","","1","N","N","","0","","0","0","1","","0","N","","2","0","0","0","0","0","0","2","0","2","","","","N","","","","","","","","","",""
"2019091155","","1","0","0","0","0","0","0","0","0","7","0","","02","9","2019","2","40.337466","-79.808754","","11","0","0","0","0","0","0","0","1","","0","0","0","","","1","","1","","40 20:14.876","","6","79 48:31.516","8","0","0","0","2477","0","0","0","N","0","0","0","3","02477","0","","5.0","","1","N","N","","0","","0","0","0","","2","","","1","1","0","0","0","1","0","2","0","1","","","","N","","","","","","","","","",""
"2019091932","","2","0","0","0","0","0","0","0","0","5","0","","02","9","2019","4","40.424566","-79.790355","","11","0","0","0","0","0","0","0","0","","0","0","0","","","0","","5","","40 25:28.437","","0","79 47:25.277","0","0","0","0","2446","0","0","0","N","0","0","0","2","02446","0","","1.0","","1","N","N","","0","","0","0","0","","0","","","2","0","0","0","0","0","0","2","0","2","","","","N","","","","","","","","","",""
"2019106216","","2","0","0","0","0","0","0","0","0","4","0","","02","10","2019","6","40.396693","-80.084939","","11","0","0","0","0","0","0","0","0","","0","0","0","","","0","","0","","40 23:48.095","","7","80 05:05.782","0","0","0","0","2102","0","0","0","N","0","0","0","3","02102","0","","1.0","","1","N","N","","0","","0","0","0","","2","","","2","0","0","0","0","0","0","2","0","2","","","","N","","","","","","","","","",""
"2019088134","","1","0","0","0","0","0","0","0","0","1","0","","02","8","2019","6","40.413707","-79.932271","","11","0","0","0","0","0","0","0","0","","0","0","0","","","1","","2","","40 24:49.345","","0","79 55:56.175","3","0","0","0","2301","0","0","0","N","0","0","0","2","02301","0","","1.0","","1","N","N","","0","","1","0","0","","0","N","","2","1","0","0","0","0","0","2","0","1","","","","N","","","","","","","","","",""
"2019093262","","2","0","0","0","0","0","0","0","0","4","0","","02","9","2019","3","40.354039","-80.005126","","11","0","0","0","0","0","0","0","0","1","0","0","0","","","0","","1","","40 21:14.539","5","0","80 00:18.455","0","0","0","0","2476","0","0","0","N","0","0","0","2","02476","0","","5.0","","1","N","N","","0","","0","0","0","","0","N","","2","0","0","0","0","0","0","2","0","2","","","","N","","","","","","","","","",""
"2019107885","","2","0","0","0","0","0","0","0","0","4","0","","02","10","2019","4","40.452365","-79.909936","","11","0","0","0","0","0","0","1","0","1","0","0","0","","","0","","0","","40 27:08.514","","7","79 54:35.771","0","0","0","0","2301","0","0","0","N","0","0","0","2","02301","0","","1.0","","1","N","N","","0","","0","0","0","","0","N","","2","0","0","0","0","0","0","2","0","2","","","","N","","","","","","","","","",""
"2019131963","","3","0","0","0","0","0","0","0","0","1","0","","02","12","2019","7","40.469717","-79.823327","","11","0","0","0","0","1","0","0","0","","0","0","0","","","3","Y","0","","40 28:10.982","","7","79 49:23.977","4","0","0","0","2113","0","0","0","N","0","0","0","3","02113","3","","1.0","","1","N","N","Y","0","","0","0","0","","0","","","3","3","0","0","0","0","0","2","0","3","","","","N","","","","","","","","","",""
"2019133568","","0","0","0","0","0","0","0","0","0","7","0","","02","12","2019","5","40.429364","-79.999101","","11","0","0","0","0","1","0","0","0","","0","0","0","","","1","","1","","40 25:45.712","4","0","79 59:56.762","3","0","0","0","2301","0","0","0","N","0","0","0","2","02301","0","","2.0","13.0","9","N","N","N","0","","1","0","1","","2","N","","1","1","0","0","0","0","0","2","0","1","","","","N","","","","","","","","","",""