"CRN","ARRIVAL_TM","AUTOMOBILE_COUNT","BELTED_DEATH_COUNT","BELTED_SUSP_SERIOUS_INJ_COUNT","BICYCLE_COUNT","BICYCLE_DEATH_COUNT","BICYCLE_SUSP_SERIOUS_INJ_COUNT","BUS_COUNT","CHLDPAS_DEATH_COUNT","CHLDPAS_SUSP_SERIOUS_INJ_COUNT","COLLISION_TYPE","COMM_VEH_COUNT","CONS_ZONE_SPD_LIM","COUNTY","CRASH_MONTH","CRASH_YEAR","DAY_OF_WEEK","DEC_LATITUDE","DEC_LONGITUDE","DISPATCH_TM","DISTRICT","DRIVER_COUNT_16YR","DRIVER_COUNT_17YR","DRIVER_COUNT_18YR","DRIVER_COUNT_19YR","DRIVER_COUNT_20YR","DRIVER_COUNT_50_64YR","DRIVER_COUNT_65_74YR","DRIVER_COUNT_75PLUS","EST_HRS_CLOSED","FATAL_COUNT","HEAVY_TRUCK_COUNT","HORSE_BUGGY_COUNT","HOUR_OF_DAY","ILLUMINATION","INJURY_COUNT","INTERSECTION_RELATED","INTERSECT_TYPE","LANE_CLOSED","LATITUDE","LN_CLOSE_DIR","LOCATION_TYPE","LONGITUDE","MAX_SEVERITY_LEVEL","MCYCLE_DEATH_COUNT","MCYCLE_SUSP_SERIOUS_INJ_COUNT","MOTORCYCLE_COUNT","MUNICIPALITY","NONMOTR_COUNT","NONMOTR_DEATH_COUNT","NONMOTR_SUSP_SERIOUS_INJ_COUNT","NTFY_HIWY_MAINT","PED_COUNT","PED_DEATH_COUNT","PED_SUSP_SERIOUS_INJ_COUNT","PERSON_COUNT","POLICE_AGCY","POSSIBLE_INJ_COUNT","RDWY_SURF_TYPE_CD","RELATION_TO_ROAD","ROADWAY_CLEARED","ROAD_CONDITION","SCH_BUS_IND","SCH_ZONE_IND","SECONDARY_CRASH","SMALL_TRUCK_COUNT","SPEC_JURIS_CD","SUSP_MINOR_INJ_COUNT","SUSP_SERIOUS_INJ_COUNT","SUV_COUNT","TCD_FUNC_CD","TCD_TYPE","TFC_DETOUR_IND","TIME_OF_DAY","TOTAL_UNITS","TOT_INJ_COUNT","UNBELTED_OCC_COUNT","UNB_DEATH_COUNT","UNB_SUSP_SERIOUS_INJ_COUNT","UNK_INJ_DEG_COUNT","UNK_INJ_PER_COUNT","URBAN_RURAL","VAN_COUNT","VEHICLE_COUNT","WEATHER1","WEATHER2","WORKERS_PRES","WORK_ZONE_IND","WORK_ZONE_LOC","WORK_ZONE_TYPE","WZ_CLOSE_DETOUR","WZ_FLAGGER","WZ_LAW_OFFCR_IND","WZ_LN_CLOSURE","WZ_MOVING","WZ_OTHER","WZ_SHLDER_MDN","WZ_WORKERS_INJ_KILLED"
"2019092152","1606","3","0","0","0","0","0","0","0","0","1","0","","02","9","2019","6","40.438331","-80.069362","1604","11","0","0","0","1","0","0","0","0","","0","0","0","","","0","","2","","40 26:17.990","","0","80 04:09.702","0","0","0","0","2421","0","0","0","N","0","0","0","3","02421","0","","1.0","","1","N","N","","0","","0","0","0","","2","","","3","0","0","0","0","0","0","2","0","3","","","","N","","","","","","","","","",""
"2019094119","1624","3","0","0","0","0","0","0","0","0","1","0","","02","9","2019","3","40.420858","-80.0316","1608","11","0","0","2","0","0","1","0","0","2","0","0","0","","","1","","0","","40 25:15.087","3","0","80 01:53.759","3","0","0","0","2301","0","0","0","N","0","0","0","9","68B03","0","","1.0","","1","N","N","","0","","1","0","0","","0","N","","3","1","0","0","0","0","0","2","0","3","","","","N","","","","","","","","","",""
"2019091726","1313","2","0","0","0","0","0","0","0","0","4","0","","02","9","2019","5","40.453981","-80.014537","1306","11","0","0","0","0","0","0","1","0","","0","0","0","","","1","","1","","40 27:14.331","","0","80 00:52.333","4","0","0","0","2301","0","0","0","N","0","0","0","3","02301","1","","1.0","","1","N","N","","0","","0","0","0","","2","N","","2","1","0","0","0","0","0","2","0","2","","","","N","","","","","","","","","",""
"2019109171","1709","2","0","0","0","0","0","0","0","0","3","0","","02","10","2019","2","40.382336","-79.858475","1706","11","0","0","0","0","0","0","0","0","","0","0","0","","","1","","0","","40 22:56.409","","0","79 51:30.509","3","0","0","0","2303","0","0","0","N","0","0","0","4","02303","0","","1.0","","1","N","N","","0","","1","0","0","","0","","","2","1","2","0","0","0","0","2","0","2","","","","N","","","","","","","","","",""
"2019091147","1530","1","0","0","0","0","0","0","0","0","1","0","","02","9","2019","2","40.3259","-79.793273","1530","11","0","0","0","0","0","1","0","0","","0","0","0","","","0","","0","","40 19:33.240","","0","79 47:35.781","0","0","0","0","2477","0","0","0","N","0","0","0","2","02477","0","","1.0","","1","N","N","","1","","0","0","0","","0","N","","2","0","0","0","0","0","0","2","0","2","","","","N","","","","","","","","","",""
"2019093214","0024","2","0","0","0","0","0","0","0","0","2","0","","02","9","2019","1","40.477534","-79.951488","0010","11","0","0","0","0","0","0","0","0","","0","0","0","","","0","","0","","40 28:39.123","","0","79 57:05.355","0","0","0","0","2301","0","0","0","N","0","0","0","2","02301","0","","6.0","","1","N","N","","0","","0","0","0","","0","N","","2","0","0","0","0","0","0","2","0","2","","","","N","","","","","","","","","",""
"2019087438","0622","1","0","0","0","0","0","0","0","0","4","0","","02","8","2019","6","40.602882","-79.754873","0618","11","0","0","0","0","0","0","0","0","1","0","0","0","","","1","","1","","40 36:10.375","7","0","79 45:17.542","3","0","0","0","2464","0","0","0","N","0","0","0","2","02464","0","","1.0","","1","N","N","","0","","1","0","1","","3","Y","","2","1","0","0","0","0","0","2","0","2","","","","N","","","","","","","","","",""
"2019091367","1445","2","0","0","0","0","0","0","0","0","4","0","","02","9","2019","2","40.444754","-79.848221","9999","11","0","0","1","0","0","0","1","0","","0","0","0","","","0","","2","","40 26:41.114","","0","79 50:53.596","0","0","0","0","2419","0","0","0","N","0","0","0","4","02419","0","","1.0","","1","N","N","","0","","0","0","0","","2","","","2","0","0","0","0","0","0","2","0","2","","","","N","","","","","","","","","",""
"2019092879","1233","2","0","0","0","0","0","0","0","0","1","0","","02","9","2019","1","40.489414","-79.95336","1219","11","0","0","0","0","0","1","0","0","2","0","0","0","","","0","","0","","40 29:21.891","2","0","79 57:12.095","0","0","0","0","2118","0","0","0","N","0","0","0","2","02118","0","","1.0","","1","N","N","","0","","0","0","0","","0","N","","2","0","0","0","0","0","0","2","0","2","","","","N","","","","","","","","","",""
"2019092801","2243","1","0","0","0","0","0","0","0","0","4","0","","02","9","2019","1","40.355013","-79.878754","2237","11","0","0","0","0","0","0","0","0","3","0","0","0","","","0","","9","","40 21:18.046","6","0","79 52:43.514","0","0","0","0","2423","0","0","0","N","0","0","0","1","02304","0","","5.0","","1","N","N","","0","","0","0","0","","0","Y","","2","0","0","0","0","0","0","2","0","1","","","","N","","","","","","","","","",""
"2019134545","1442","1","0","0","0","0","0","0","0","0","1","0","","02","12","2019","5","40.437717","-79.75956","1442","11","0","0","0","0","0","0","0","0","","0","0","0","","","1","N","0","","40 26:15.781","","0","79 45:34.416","8","0","0","0","2446","0","0","0","N","0","0","0","4","02446","0","","1.0","","1","N","N","N","0","","0","0","1","","0","","","2","1","0","0","0","1","0","2","0","2","","03","","N","","","","","","","","","",""
"2019113143","1258","1","0","0","0","0","0","0","0","0","2","0","","02","11","2019","4","40.46625","-79.985278","1250","11","0","0","0","0","0","0","1","0","2","0","0","0","","","1","N","0","","40 27:58.500","2","7","79 59:07.000","4","0","0","0","2301","0","0","0","N","0","0","0","3","02301","1","","1.0","","1","N","N","","0","","0","0","1","","0","N","","2","1","0","0","0","0","0","2","0","2","","","","N","","","","","","","","","",""
"2019089966","0620","2","0","0","0","0","0","0","0","0","1","0","","02","9","2019","6","40.473423","-79.972396","0618","11","0","0","0","0","0","1","0","0","1","0","0","0","","","0","","6","","40 28:24.321","2","2","79 58:20.624","0","0","0","0","2445","0","0","0","N","0","0","0","2","02445","0","","7.0","","1","N","N","","0","","0","0","0","","4","N","","2","0","0","0","0","0","0","2","0","2","","","","N","","","","","","","","","",""
"2019132167","0244","1","0","0","0","0","0","0","0","0","7","0","","02","12","2019","1","40.346864","-79.880447","0244","11","0","0","0","0","0","0","0","0","","0","0","0","","","0","N","0","","40 20:48.710","3","0","79 52:49.610","0","0","0","0","2304","0","0","0","N","0","0","0","2","02304","0","","2.0","327.0","9","N","N","N","0","","0","0","0","","2","N","","1","0","0","0","0","0","0","2","0","1","","","","N","","","","","","","","","",""
"2019090242","2340","1","0","0","0","0","0","0","0","0","0","0","","02","9","2019","7","40.414677","-79.993016","2323","11","0","0","0","0","0","0","0","0","","0","0","0","","","0","","1","","40 24:52.837","","0","79 59:34.857","0","0","0","0","2301","0","0","0","N","0","0","0","1","02301","0","","1.0","","1","N","N","","0","","0","0","0","","0","","","1","0","0","0","0","0","0","2","0","1","","","","N","","","","","","","","","",""
"2019091786","1435","1","0","0","0","0","0","0","0","0","1","0","","02","9","2019","5","40.435203","-79.993383","1430","11","0","0","0","0","0","1","0","0","2","0","0","0","","","0","","0","","40 26:06.730","1","0","79 59:36.180","0","0","0","0","2301","0","0","0","N","0","0","0","2","02301","0","","1.0","","1","N","N","","0","","0","0","1","","0","N","","2","0","0","0","0","0","0","2","0","2","","","","N","","","","","","","","","",""
"2019133955","0828","0","0","0","0","0","0","0","0","0","7","0","","02","12","2019","6","40.306621","-79.909119","0822","11","0","0","0","0","0","0","0","0","","0","0","0","","","0","N","0","","40 18:23.834","","0","79 54:32.828","0","0","0","0","2440","0","0","0","N","0","0","0","1","02440","0","","5.0","","9","N","N","N","1","","0","0","0","","0","","","1","0","0","0","0","0","0","2","0","1","","03","","N","","","","","","","","","",""
"2019134386","1148","1","0","0","0","0","0","0","0","0","3","0","","02","12","2019","7","40.523975","-79.843544","1143","11","0","0","0","0","0","0","1","1","","0","0","0","","","0","N","0","","40 31:26.310","5","7","79 50:36.760","0","0","0","0","2451","0","0","0","N","0","0","0","3","02451","0","","1.0","1213.0","1","N","N","N","0","","0","0","1","","0","N","","2","0","0","0","0","0","0","2","0","2","","","","N","","","","","","","","","",""
"2019119872","1031","1","0","0","0","0","0","0","0","0","7","0","","02","11","2019","5","40.5013","-80.175165","1027","11","0","0","0","0","0","0","0","1","","0","0","0","","","1","","2","","40 30:04.679","","0","80 10:30.593","4","0","0","0","2213","0","0","0","N","0","0","0","1","02213","1","","5.0","","9","N","N","","0","","0","0","0","","0","","","1","1","0","0","0","0","0","2","0","1","","","","N","","","","","","","","","",""
"2019091591","2346","1","0","0","0","0","0","0","0","0","0","0","","02","9","2019","4","40.418143","-79.947812","2341","11","0","0","0","0","0","0","0","0","1","0","0","0","","","0","","0","","40 25:05.314","4","0","79 56:52.124","0","0","0","0","2301","0","0","0","N","0","0","0","1","02301","0","","4.0","","1","N","N","","0","","0","0","0","","0","N","","1","0","0","0","0","0","0","2","0","1","","","","N","","","","","","","","","",""
"2019134146","0046","0","0","0","0","0","0","0","0","0","7","0","","02","12","2019","6","40.351405","-80.023626","0043","11","0","0","1","0","0","0","0","0","2","0","0","0","","","1","","2","","40 21:05.058","2","0","80 01:25.054","3","0","0","0","2407","0","0","0","N","0","0","0","2","02407","0","","4.0","9999.0","9","N","N","","1","","1","0","0","","2","N","","1","1","0","0","0","0","0","2","0","1","","","","N","","","","","","","","","",""
"2019123893","2336","2","0","0","0","0","0","0","0","0","4","0","","02","11","2019","7","40.560869","-80.012247","2332","11","0","0","0","0","0","0","0","0","2","0","0","0","","","0","","0","","40 33:39.130","6","0","80 00:44.090","0","0","0","0","2108","0","0","0","N","0","0","0","2","02108","0","","1.0","","1","N","N","","0","","0","0","0","","0","Y","","2","0","0","0","0","0","0","2","0","2","","","","N","","","","","","","","","",""
"2019090868","1122","1","0","0","0","0","0","0","0","0","8","0","","02","9","2019","2","40.401761","-80.082403","1120","11","0","0","0","0","0","0","1","0","1","0","0","0","","","1","","0","","40 24:06.340","6","0","80 04:56.650","8","0","0","0","2415","1","0","0","N","1","0","0","2","02415","0","","1.0","","1","N","N","","0","","0","0","0","","0","Y","","2","1","0","0","0","1","0","2","0","1","","","","N","","","","","","","","","",""
"2019092209","1752","0","0","0","0","0","0","0","0","0","4","0","","02","9","2019","6","40.365711","-79.982328","1751","11","0","0","0","0","0","0","0","0","","0","0","0","","","0","","0","","40 21:56.560","","0","79 58:56.380","0","0","0","0","2413","0","0","0","N","0","0","0","2","02413","0","","1.0","","1","N","N","","1","","0","0","1","","0","N","","2","0","0","0","0","0","0","2","0","2","","","","N","","","","","","","","","",""
"2019091563","1624","1","0","0","0","0","0","0","0","0","7","0","","02","9","2019","4","40.36208","-79.866814","1617","11","0","0","0","1","0","0","0","0","","0","0","0","","","1","","5","","40 21:43.488","","0","79 52:00.531","8","0","0","0","2473","0","0","0","N","0","0","0","1","02473","0","","4.0","","1","N","N","","0","","0","0","0","","3","","","1","1","0","0","0","1","0","2","0","1","","","","N","","","","","","","","","",""
"2019089134","1931","0","0","0","0","0","0","0","0","0","7","0","","02","9","2019","3","40.27998","-79.905952","1929","11","0","0","0","0","0","1","0","0","","0","0","0","","","0","","0","","40 16:47.928","","1","79 54:21.427","0","0","0","0","2440","0","0","0","Y","0","0","0","1","02440","0","","5.0","","1","N","N","","1","","0","0","0","","0","N","","1","0","0","0","0","0","0","2","0","1","","","","N","","","","","","","","","",""
"2019108448","1915","2","0","0","0","0","0","0","0","0","6","0","","02","10","2019","7","40.42364","-79.891471","1908","11","0","1","0","0","0","0","0","0","","0","0","0","","","0","","1","","40 25:25.103","","0","79 53:29.295","0","0","0","0","2463","0","0","0","N","0","0","0","3","02463","0","","1.0","","9","N","N","","0","","0","0","0","","2","","","2","0","0","0","0","0","0","2","0","2","","","","N","","","","","","","","","",""
"2019108574","1225","1","0","0","0","0","0","0","0","0","7","0","","02","10","2019","1","40.449903","-79.903386","1220","11","0","1","0","0","0","0","0","0","","0","0","0","","","1","","0","","40 26:59.652","","0","79 54:12.189","3","0","0","0","2301","0","0","0","N","0","0","0","1","02301","0","","5.0","","1","N","N","","0","","1","0","0","","0","","","1","1","0","0","0","0","0","2","0","1","","","","N","","","","","","","","","",""
"2019089761","1308","2","0","0","0","0","0","0","0","0","7","0","","02","9","2019","3","40.416016","-79.938555","1304","11","0","0","0","0","0","0","0","0","","0","0","0","","","0","","2","","40 24:57.657","","0","79 56:18.798","0","0","0","0","2301","0","0","0","N","0","0","0","1","02301","0","","2.0","","1","N","N","","0","","0","0","1","","0","N","","4","0","0","0","0","0","0","2","0","3","","","","N","","","","","","","","","",""
"2019130760","0038","2","0","0","0","0","0","0","0","0","4","0","","02","11","2019","7","40.345134","-80.027362","0038","11","0","0","0","0","0","0","0","0","","0","0","0","","","0","","2","","40 20:42.483","","0","80 01:38.503","0","0","0","0","2407","0","0","0","N","0","0","0","2","02407","0","","1.0","","1","N","N","","0","","0","0","0","","2","","","2","0","0","0","0","0","0","2","0","2","","","","N","","","","","","","","","",""
"2019131640","1822","2","0","0","0","0","0","0","0","0","4","0","","02","12","2019","6","40.435126","-79.956406","1814","11","0","0","0","1","0","0","0","0","","0","0","0","","","0","","1","","40 26:06.452","7","0","79 57:23.060","0","0","0","0","2301","0","0","0","N","0","0","0","2","02301","0","","1.0","1853.0","1","N","N","N","0","","0","0","0","","2","Y","","2","0","0","0","0","0","0","2","0","2","","","","N","","","","","","","","","",""
"2019111086","0156","2","0","0","0","0","0","0","0","0","1","0","","02","11","2019","7","40.459794","-79.971379","0151","11","0","0","0","0","0","0","0","0","","0","0","0","","","0","","1","","40 27:35.259","","0","79 58:16.964","0","0","0","0","2301","0","0","0","N","0","0","0","2","02301","0","","1.0","","1","N","N","","0","","0","0","0","","2","N","","2","0","0","0","0","0","0","2","0","2","","","","N","","","","","","","","","",""
"2019100083","1710","1","0","0","0","0","0","0","0","0","0","0","","02","9","2019","1","40.480203","-80.0922","1708","11","0","0","0","0","0","0","1","0","","0","0","0","","","2","","0","","40 28:48.730","","0","80 05:31.920","3","0","0","1","2126","0","0","0","N","0","0","0","3","02126","0","","1.0","","1","N","N","","0","","1","0","0","","0","","","2","2","0","0","0","1","0","2","0","2","","","","N","","","","","","","","","",""
"2019087585","1630","2","0","0","0","0","0","0","0","0","4","0","","02","8","2019","6","40.526014","-79.84271","1628","11","0","0","0","0","1","0","0","1","1","0","0","0","","","0","","1","","40 31:33.650","3","0","79 50:33.755","0","0","0","0","2451","0","0","0","N","0","0","0","3","02451","0","","1.0","","1","","","","0","","0","0","0","","3","N","","2","0","0","0","0","0","0","2","0","2","","","","N","","","","","","","","","",""
"2019092592","1306","2","0","0","0","0","0","0","0","0","2","0","","02","9","2019","3","40.53565","-79.968629","1300","11","0","0","0","0","0","0","0","1","2","0","0","0","","","1","","0","","40 32:08.341","6","0","79 58:07.064","8","0","0","0","2118","0","0","0","N","0","0","0","2","02118","0","","1.0","","1","N","N","","0","","0","0","0","","0","Y","","2","1","0","0","0","1","0","2","0","2","","","","N","","","","","","","","","",""
"2019038050","1023","2","0","0","0","0","0","0","0","0","1","0","","02","4","2019","4","40.435861","-79.961512","1019","11","0","0","0","0","0","0","0","2","2","0","0","0","","","1","","1","","40 26:09.101","6","0","79 57:41.443","3","0","0","0","2301","0","0","0","N","0","0","0","2","02513","0","","1.0","","1","N","N","","0","","1","0","0","","2","N","","2","1","0","0","0","0","0","2","0","2","","","","N","","","","","","","","","",""
"2019121741","1615","1","0","0","0","0","0","0","0","0","1","0","25","02","11","2019","3","40.433708","-80.006516","1554","11","0","0","0","0","0","0","0","0","","0","0","0","","","0","N","0","","40 26:01.348","4","7","80 00:23.457","0","0","0","0","2301","0","0","0","N","0","0","0","4","02301","0","","1.0","1650.0","1","N","N","N","1","","0","0","0","","2","Y","","2","0","0","0","0","0","0","2","0","2","","03","Y","Y","3","1","","Y","N","","Y","","","N"
"2019093266","1845","2","0","0","0","0","0","0","0","0","1","0","","02","9","2019","6","40.353619","-79.978466","1845","11","0","0","0","0","1","1","0","0","2","0","0","0","","","0","","0","","40 21:13.029","2","0","79 58:42.478","0","0","0","0","2476","0","0","0","N","0","0","0","2","02476","0","","1.0","","1","N","N","","0","","0","0","0","","0","N","","2","0","0","0","0","0","0","2","0","2","","","","N","","","","","","","","","",""
"2019131524","1241","2","0","0","0","0","0","0","0","0","1","0","","02","12","2019","6","40.435128","-79.985758","1225","11","0","0","0","0","0","0","0","0","","0","0","0","","","1","Y","0","","40 26:06.461","","0","79 59:08.730","4","0","0","0","2301","0","0","0","N","0","0","0","2","02301","1","","1.0","","1","N","N","N","0","","0","0","0","","0","","","2","1","0","0","0","0","0","2","0","2","","03","","N","","","","","","","","","",""
"2019132913","2340","0","0","0","0","0","0","0","0","0","7","0","","02","12","2019","6","40.494349","-80.03399","2332","11","0","0","0","0","0","0","0","0","","0","0","0","","","0","","2","","40 29:39.656","4","0","80 02:02.364","0","0","0","0","2116","0","0","0","N","0","0","0","1","02116","0","","5.0","10.0","1","N","N","N","1","","0","0","0","","0","N","","1","0","0","0","0","0","0","2","0","1","","03","","N","","","","","","","","","",""
"2019133109","1309","2","0","0","0","0","0","0","0","0","4","0","","02","12","2019","3","40.365319","-80.108284","1302","11","0","0","0","1","0","0","0","0","","0","0","0","","","0","","0","","40 21:55.147","","7","80 06:29.822","0","0","0","0","2102","0","0","0","N","0","0","0","2","02102","0","","1.0","","1","N","N","N","0","","0","0","0","","0","","","2","0","0","0","0","0","0","2","0","2","","03","","N","","","","","","","","","",""
"2019090295","1207","1","0","0","0","0","0","0","0","0","1","0","","02","9","2019","1","40.525675","-79.879597","1204","11","0","0","0","0","0","1","0","0","1","0","0","0","","","0","","0","","40 31:32.430","2","0","79 52:46.550","9","0","0","0","2432","0","0","0","N","0","0","0","4","02432","0","","1.0","","1","N","N","","0","","0","0","1","","0","N","","2","0","0","0","0","0","3","2","0","2","","","","N","","","","","","","","","",""
"2019087879","1815","1","0","0","0","0","0","0","0","0","0","0","","02","8","2019","7","40.392725","-79.933717","1812","11","0","0","0","0","0","0","0","0","1","0","0","0","","","0","","7","","40 23:33.811","3","2","79 56:01.380","0","0","0","0","2301","0","0","0","N","0","0","0","1","02301","0","","3.0","","1","N","N","","0","","0","0","0","","0","N","","1","0","0","0","0","0","0","2","0","1","","","","N","","","","","","","","","",""
"2019103668","0756","1","0","0","0","0","0","0","0","0","8","0","","02","10","2019","3","40.483198","-79.815095","0753","11","0","0","0","0","0","0","0","0","","0","0","0","","","1","","3","","40 28:59.512","","7","79 48:54.341","8","0","0","0","2113","1","0","0","N","1","0","0","2","02113","0","","1.0","","1","N","Y","","0","","0","0","0","","8","","","2","1","0","0","0","1","0","2","0","1","","","","N","","","","","","","","","",""
"2019092591","1830","2","0","0","0","0","0","0","0","0","1","0","","02","9","2019","5","40.521843","-79.959729","1823","11","0","0","0","0","0","1","0","0","","0","0","0","","","1","","0","","40 31:18.636","","0","79 57:35.026","8","0","0","0","2118","0","0","0","N","0","0","0","3","02118","0","","1.0","","1","N","N","","0","","0","0","0","","0","N","","2","1","0","0","0","1","0","2","0","2","","","","N","","","","","","","","","",""
"2019121959","2350","1","0","0","0","0","0","0","0","0","4","0","","02","11","2019","2","40.496269","-79.976312","2344","11","0","0","0","0","0","0","0","0","","0","0","0","","","0","N","2","","40 29:46.567","4","0","79 58:34.722","0","0","0","0","2118","0","0","0","N","0","0","0","1","02118","0","","4.0","30.0","1","N","N","N","1","","0","0","0","","0","Y","","2","0","0","0","0","0","0","2","0","2","","98","","N","","","","","","","","","",""
"2019089631","1655","0","0","0","0","0","0","0","0","0","1","0","","02","9","2019","5","40.671042","-80.097746","1650","11","0","0","0","0","0","0","0","0","","0","0","0","","","1","","0","","40 40:15.750","","0","80 05:51.884","3","0","0","0","2212","0","0","0","N","0","0","0","3","02505","0","","1.0","","1","N","N","","0","","1","0","2","","0","","","2","1","0","0","0","0","0","2","0","2","","","","N","","","","","","","","","",""
"2019091698","0935","1","0","0","0","0","0","0","0","0","7","0","","02","9","2019","5","40.40402","-80.019314","0920","11","0","0","0","0","0","0","0","0","3","0","0","0","","","0","","0","","40 24:14.472","3","0","80 01:09.532","0","0","0","0","2301","0","0","0","N","0","0","0","1","02301","0","","5.0","","1","N","N","","0","","0","0","0","","0","N","","1","0","0","0","0","0","0","2","0","1","","","","N","","","","","","","","","",""
"2019133906","2107","1","0","0","0","0","0","0","0","0","1","0","","02","12","2019","5","40.399447","-80.024733","2059","11","0","0","0","0","0","0","0","0","","0","0","0","","","0","N","0","","40 23:58.008","","0","80 01:29.037","0","0","0","0","2301","0","0","0","N","0","0","0","2","02301","0","","1.0","","1","N","N","N","0","","0","0","2","","0","","","3","0","0","0","0","0","0","2","0","3","","","","N","","","","","","","","","",""
"2019088093","0134","2","0","0","0","0","0","0","0","0","1","0","","02","9","2019","1","40.373233","-79.846725","0130","11","0","1","0","0","0","0","0","0","1","0","0","0","","","0","","0","","40 22:23.640","7","0","79 50:48.210","0","0","0","0","2303","0","0","0","N","0","0","0","1","02303","0","","2.0","","1","N","N","","0","","0","0","1","","0","Y","","3","0","0","0","0","0","0","2","0","3","","","","N","","","","","","","","","",""
"2019089946","1952","2","0","0","0","0","0","0","0","0","8","0","","02","9","2019","6","40.468157","-79.824895","1951","11","0","0","0","0","0","0","0","0","","0","0","0","","","1","","0","","40 28:05.366","","7","79 49:29.621","3","0","0","0","2113","1","0","0","N","1","0","0","3","02113","0","","1.0","","1","N","N","","0","","1","0","0","","2","N","","3","1","0","0","0","0","1","2","0","2","","","","N","","","","","","","","","",""
"2019131731","2049","1","0","0","0","0","0","0","0","0","7","0","","02","12","2019","6","","","2045","11","0","0","0","0","0","1","0","0","","0","0","0","","","1","Y","0","","40 26:31.4","","0","79 58:53.1","8","0","0","0","2301","0","0","0","N","0","0","0","2","02301","0","","5.0","","1","N","N","N","0","","0","0","0","","0","","","1","1","0","0","0","1","0","1","0","1","","03","","N","","","","","","","","","",""
"2019134477","1535","1","0","0","0","0","0","0","0","0","1","0","","02","12","2019","7","40.408885","-79.905568","1533","11","0","0","0","0","0","0","0","0","","0","0","0","","","1","N","0","","40 24:31.987","4","0","79 54:20.046","4","0","0","0","2438","0","0","0","N","0","0","0","6","02438","1","","1.0","1625.0","1","N","N","N","2","","0","0","0","","0","N","","4","1","0","0","0","0","0","2","1","4","","03","","N","","","","","","","","","",""
"2019091721","1240","2","0","0","0","0","0","0","0","0","1","0","","02","9","2019","5","40.340032","-79.859868","1238","11","0","0","0","0","0","1","0","0","","0","0","0","","","1","N","2","","40 20:24.116","","3","79 51:35.525","8","0","0","0","2304","0","0","0","N","0","0","0","4","02304","0","","1.0","","1","N","N","","0","","0","0","0","","7","N","","2","1","1","0","0","1","0","2","0","2","","","","Y","","","","","","","","","",""
"2019090096","2117","2","0","0","0","0","0","0","0","0","2","0","","02","9","2019","6","40.435164","-80.001859","2115","11","0","0","0","0","2","1","0","0","","0","0","0","","","0","","0","","40 26:06.589","","3","80 00:06.694","0","0","0","2","2301","0","0","0","N","0","0","0","4","02301","0","","1.0","","1","N","N","","0","","0","0","0","","0","N","","4","0","0","0","0","0","0","2","0","4","","","","N","","","","","","","","","",""
"2019092011","0939","2","0","0","0","0","0","0","0","0","4","0","","02","9","2019","6","40.469459","-79.960407","0926","11","0","0","1","0","0","0","0","0","","0","0","0","","","0","","1","","40 28:10.052","","99","79 57:37.466","0","0","0","0","2301","0","0","0","N","0","0","0","3","02301","0","","1.0","","1","N","N","","0","","0","0","0","","0","N","","2","0","0","0","0","0","0","2","0","2","","","","N","","","","","","","","","",""
"2019123796","2321","0","0","0","0","0","0","0","0","0","7","0","","02","12","2019","2","40.441829","-79.993904","2318","11","0","0","0","0","0","0","0","0","","0","0","0","","","1","N","3","","40 26:30.585","4","2","79 59:38.054","8","0","0","0","2301","0","0","0","N","0","0","0","2","02301","0","","1.0","20.0","9","N","N","N","0","","0","0","1","","3","N","","1","1","0","0","0","1","1","2","0","1","","","","N","","","","","","","","","",""
"2019130861","0744","0","0","0","0","0","0","0","0","0","2","1","","02","12","2019","5","40.380944","-79.911722","0743","11","0","0","0","0","0","0","0","0","","0","1","0","","","0","N","0","","40 22:51.400","","0","79 54:42.200","0","0","0","0","2448","0","0","0","N","0","0","0","1","02448","0","","4.0","","1","N","N","N","1","","0","0","0","","0","","","2","0","0","0","0","0","0","2","0","2","","03","","N","","","","","","","","","",""
"2019090043","1112","2","0","0","0","0","0","0","0","0","4","0","","02","9","2019","2","40.34846","-80.052201","1105","11","0","0","0","0","1","0","1","0","","0","0","0","","","0","","1","","40 20:54.457","","0","80 03:07.925","0","0","0","0","2407","0","0","0","N","0","0","0","2","02407","0","","1.0","","1","N","N","","0","","0","0","0","","2","","","2","0","0","0","0","0","0","2","0","2","","","","N","","","","","","","","","",""
"2019090853","2318","0","0","0","0","0","0","0","0","0","4","0","","02","9","2019","2","40.460414","-80.0641","2305","11","0","0","0","0","0","0","0","0","","0","0","0","","","1","N","0","","40 27:37.490","","0","80 03:50.760","4","0","0","1","2301","0","0","0","N","0","0","0","1","02301","1","","1.0","","1","N","N","N","0","","0","0","1","","0","N","","2","1","0","0","0","0","0","2","0","2","","","","N","","","","","","","","","",""
"2019087792","0626","1","0","0","0","0","0","0","0","0","7","0","","02","8","2019","7","40.570444","-80.199989","0617","11","0","0","0","0","0","0","0","0","","0","0","0","","","0","","0","","40 34:13.600","","7","80 11:59.960","0","0","0","0","2119","0","0","0","N","0","0","0","1","02119","0","","6.0","","1","N","N","","0","","0","0","0","","0","","","1","0","0","0","0","0","0","1","0","1","","","","N","","","","","","","","","",""