"CRN","ARRIVAL_TM","AUTOMOBILE_COUNT","BELTED_DEATH_COUNT","BELTED_SUSP_SERIOUS_INJ_COUNT","BICYCLE_COUNT","BICYCLE_DEATH_COUNT","BICYCLE_SUSP_SERIOUS_INJ_COUNT","BUS_COUNT","CHLDPAS_DEATH_COUNT","CHLDPAS_SUSP_SERIOUS_INJ_COUNT","COLLISION_TYPE","COMM_VEH_COUNT","CONS_ZONE_SPD_LIM","COUNTY","CRASH_MONTH","CRASH_YEAR","DAY_OF_WEEK","DEC_LATITUDE","DEC_LONGITUDE","DISPATCH_TM","DISTRICT","DRIVER_COUNT_16YR","DRIVER_COUNT_17YR","DRIVER_COUNT_18YR","DRIVER_COUNT_19YR","DRIVER_COUNT_20YR","DRIVER_COUNT_50_64YR","DRIVER_COUNT_65_74YR","DRIVER_COUNT_75PLUS","EST_HRS_CLOSED","FATAL_COUNT","HEAVY_TRUCK_COUNT","HORSE_BUGGY_COUNT","HOUR_OF_DAY","ILLUMINATION","INJURY_COUNT","INTERSECTION_RELATED","INTERSECT_TYPE","LANE_CLOSED","LATITUDE","LN_CLOSE_DIR","LOCATION_TYPE","LONGITUDE","MAX_SEVERITY_LEVEL","MCYCLE_DEATH_COUNT","MCYCLE_SUSP_SERIOUS_INJ_COUNT","MOTORCYCLE_COUNT","MUNICIPALITY","NONMOTR_COUNT","NONMOTR_DEATH_COUNT","NONMOTR_SUSP_SERIOUS_INJ_COUNT","NTFY_HIWY_MAINT","PED_COUNT","PED_DEATH_COUNT","PED_SUSP_SERIOUS_INJ_COUNT","PERSON_COUNT","POLICE_AGCY","POSSIBLE_INJ_COUNT","RDWY_SURF_TYPE_CD","RELATION_TO_ROAD","ROADWAY_CLEARED","ROAD_CONDITION","SCH_BUS_IND","SCH_ZONE_IND","SECONDARY_CRASH","SMALL_TRUCK_COUNT","SPEC_JURIS_CD","SUSP_MINOR_INJ_COUNT","SUSP_SERIOUS_INJ_COUNT","SUV_COUNT","TCD_FUNC_CD","TCD_TYPE","TFC_DETOUR_IND","TIME_OF_DAY","TOTAL_UNITS","TOT_INJ_COUNT","UNBELTED_OCC_COUNT","UNB_DEATH_COUNT","UNB_SUSP_SERIOUS_INJ_COUNT","UNK_INJ_DEG_COUNT","UNK_INJ_PER_COUNT","URBAN_RURAL","VAN_COUNT","VEHICLE_COUNT","WEATHER1","WEATHER2","WORKERS_PRES","WORK_ZONE_IND","WORK_ZONE_LOC","WORK_ZONE_TYPE","WZ_CLOSE_DETOUR","WZ_FLAGGER","WZ_LAW_OFFCR_IND","WZ_LN_CLOSURE","WZ_MOVING","WZ_OTHER","WZ_SHLDER_MDN","WZ_WORKERS_INJ_KILLED"
"2019090932","1204","2","0","0","0","0","0","0","0","0","2","0","","02","9","2019","3","40.490539","-79.907215","1201","11","0","0","0","0","0","1","0","0","3","0","0","0","","","1","","0","","40 29:25.940","5","0","79 54:25.973","8","0","0","0","2112","0","0","0","Y","0","0","0","2","02112","0","","1.0","","1","N","N","","0","","0","0","0","","0","Y","","2","1","0","0","0","1","0","2","0","2","","","","N","","","","","","","","","",""
"2019092302","0357","1","0","0","0","0","0","0","0","0","7","0","","02","9","2019","7","40.452147","-79.891525","0350","11","0","0","0","0","0","0","0","0","","0","0","0","","","0","","0","","40 27:07.730","","0","79 53:29.490","0","0","0","0","2301","0","0","0","N","0","0","0","1","02301","0","","4.0","","1","N","N","","0","","0","0","0","","3","N","","2","0","0","0","0","0","0","2","0","1","","","","N","","","","","","","","","",""
"2019112457","2217","0","0","0","0","0","0","0","0","0","5","0","","02","11","2019","6","40.496932","-79.920192","2212","11","0","0","0","0","0","1","0","0","2","0","0","0","","","1","","0","","40 29:48.954","1","0","79 55:12.691","3","0","0","0","2112","0","0","0","N","0","0","0","2","68D02","0","","1.0","","1","N","N","","1","","1","0","1","","0","N","","2","1","0","0","0","0","0","2","0","2","","","","N","","","","","","","","","",""
"2019090821","1610","3","0","0","0","0","0","0","0","0","2","0","","02","9","2019","2","40.44776","-80.163967","1600","11","0","0","0","0","0","0","0","0","","0","0","0","","","0","","2","","40 26:51.935","","2","80 09:50.280","0","0","0","0","2115","0","0","0","N","0","0","0","3","02115","0","","1.0","","1","N","N","","0","","0","0","0","","2","N","","3","0","0","0","0","0","0","2","0","3","","","","N","","","","","","","","","",""
"2019094759","0048","1","0","0","0","0","0","0","0","0","7","0","","02","9","2019","1","40.466367","-80.0752","0048","11","0","0","0","0","0","0","0","0","2","0","0","0","","","1","","0","","40 27:58.920","5","0","80 04:30.720","3","0","0","0","2444","0","0","0","N","0","0","0","1","02444","0","","2.0","","1","N","N","","0","","1","0","0","","0","Y","","1","1","1","0","0","0","0","2","0","1","","","","N","","","","","","","","","",""
"2019093211","1020","2","0","0","0","0","0","0","0","0","4","0","","02","9","2019","2","40.356237","-80.113566","1018","11","0","0","0","0","0","0","1","0","","0","0","0","","","2","","0","","40 21:22.452","","7","80 06:48.837","8","0","0","0","2414","0","0","0","N","0","0","0","2","02414","0","","1.0","","1","N","N","","0","","0","0","0","","0","","","2","2","1","0","0","2","0","2","0","2","","","","N","","","","","","","","","",""
"2019092788","0305","1","0","0","0","0","0","0","0","0","5","0","","02","9","2019","1","40.465583","-79.955619","0254","11","0","0","0","0","0","0","0","0","","0","0","0","","","0","","0","","40 27:56.100","","0","79 57:20.230","0","0","0","0","2301","0","0","0","N","0","0","0","1","02301","0","","6.0","","1","N","N","","0","","0","0","1","","0","N","","2","0","0","0","0","0","0","2","0","2","","","","N","","","","","","","","","",""
"2019105417","1846","0","0","0","0","0","0","0","0","0","0","0","","02","10","2019","3","40.455278","-79.922186","1845","11","0","0","0","0","0","0","1","0","","0","0","0","","","1","","2","","40 27:19.001","","0","79 55:19.869","8","0","0","1","2301","0","0","0","N","0","0","0","2","02301","0","","1.0","","1","N","N","","1","","0","0","0","","0","","","2","1","0","0","0","1","0","2","0","2","","","","N","","","","","","","","","",""
"2019096639","1705","2","0","0","0","0","0","0","0","0","1","0","","02","9","2019","1","40.410058","-79.917544","1659","11","0","0","0","0","0","0","0","0","","0","0","0","","","0","","0","","40 24:36.210","","3","79 55:03.160","0","0","0","0","2301","0","0","0","N","0","0","0","2","02301","0","","1.0","","1","N","N","","0","","0","0","0","","0","","","2","0","0","0","0","0","0","2","0","2","","","","N","","","","","","","","","",""
"2019114411","1852","1","0","0","0","0","0","0","0","0","1","0","","02","10","2019","4","40.502466","-80.13603","1847","11","0","0","0","0","0","0","1","0","2","0","0","0","","","0","","6","","40 30:08.879","1","2","80 08:09.707","0","0","0","0","2115","0","0","0","N","0","0","0","2","68B03","0","","1.0","","8","N","N","","0","","0","0","1","","0","N","","2","0","0","0","0","0","0","2","0","2","","","","N","","","","","","","","","",""
"2019088367","1050","2","0","0","0","0","0","0","0","0","4","0","","02","8","2019","7","40.337706","-79.9514","1046","11","0","0","0","0","0","0","0","0","","0","0","0","","","0","","0","","40 20:15.743","","7","79 57:05.040","0","0","0","0","2454","0","0","0","N","0","0","0","3","02473","0","","1.0","","1","N","N","","0","","0","0","0","","2","N","","2","0","0","0","0","0","0","2","0","2","","","","N","","","","","","","","","",""
"2019092499","1810","0","0","0","0","0","0","0","0","0","1","0","","02","9","2019","7","40.436878","-79.896465","1802","11","0","0","0","0","0","0","0","0","","0","0","0","","","1","","2","","40 26:12.760","","0","79 53:47.274","3","0","0","0","2301","0","0","0","N","0","0","0","2","02301","0","","1.0","","1","N","N","","1","","1","0","1","","0","","","2","1","0","0","0","0","0","2","0","2","","","","N","","","","","","","","","",""
"2019093544","1418","2","0","0","0","0","0","0","0","0","1","0","","02","9","2019","6","40.490435","-79.951603","1416","11","0","0","0","0","0","0","0","0","1","0","0","0","","","1","","0","","40 29:25.565","1","0","79 57:05.772","4","0","0","0","2118","0","0","0","N","0","0","0","4","02118","1","","1.0","","1","N","N","","1","","0","0","0","","0","N","","3","1","0","0","0","0","0","2","0","3","","","","N","","","","","","","","","",""
"2019110301","1140","1","0","0","0","0","0","0","0","0","2","0","","02","10","2019","4","40.364077","-80.086912","1134","11","0","0","0","0","0","0","0","0","","0","0","0","","","0","","2","","40 21:50.677","","7","80 05:12.883","9","0","0","0","2117","0","0","0","N","0","0","0","3","02117","0","","1.0","","1","N","N","","0","","0","0","0","","2","N","","2","0","0","0","0","0","1","2","1","2","","","","N","","","","","","","","","",""
"2019090243","2350","0","0","0","0","0","0","0","0","0","7","0","","02","9","2019","6","40.466946","-79.978059","2345","11","0","0","0","0","0","0","0","0","2","0","0","0","","","2","","0","","40 28:01.004","2","0","79 58:41.012","3","0","0","0","2301","0","0","0","Y","0","0","0","3","02301","0","","7.0","","1","N","N","","0","","2","0","1","","0","N","","1","2","1","0","0","0","0","2","0","1","","","","N","","","","","","","","","",""
"2019092271","1839","1","0","0","0","0","0","0","0","0","7","0","","02","9","2019","6","40.434911","-79.947628","1838","11","0","0","0","0","0","0","0","0","","0","0","0","","","0","","0","","40 26:05.679","","0","79 56:51.460","0","0","0","0","2301","0","0","0","N","0","0","0","1","02301","0","","5.0","","1","N","N","","0","","0","0","0","","0","","","1","0","0","0","0","0","0","2","0","1","","","","N","","","","","","","","","",""
"2019117488","0841","0","0","0","0","0","0","0","0","0","7","0","","02","11","2019","4","40.491203","-79.874761","0841","11","0","0","0","0","0","0","0","0","","0","0","0","","","0","","0","","40 29:28.331","","0","79 52:29.141","9","0","0","0","2112","0","0","0","Y","0","0","0","1","68D02","0","","4.0","","1","N","N","","1","","0","0","0","","0","","","1","0","0","0","0","0","1","2","0","1","","","","N","","","","","","","","","",""
"2019089621","1841","1","0","0","0","0","0","0","0","0","1","0","","02","9","2019","4","40.46905","-79.999353","1839","11","0","0","0","0","0","0","0","0","2","0","0","0","","","0","","0","","40 28:08.580","7","0","79 59:57.670","0","0","0","0","2301","0","0","0","N","0","0","0","2","02301","0","","1.0","","1","N","N","","0","","0","0","1","","0","Y","","2","0","0","0","0","0","0","2","0","2","","","","N","","","","","","","","","",""
"2019090881","1408","0","0","0","0","0","0","0","0","0","7","0","","02","9","2019","1","40.429443","-79.994671","1408","11","0","0","0","0","0","0","0","0","3","0","0","0","","","1","","2","","40 25:45.994","7","0","79 59:40.815","4","0","0","0","2301","0","0","0","N","0","0","0","3","02301","1","","5.0","","1","","","","0","","0","0","1","","3","Y","","1","1","0","0","0","0","0","2","0","1","","","","N","","","","","","","","","",""
"2019096214","1325","1","0","0","0","0","0","0","0","0","1","0","","02","9","2019","1","40.433004","-79.996571","1315","11","0","0","0","0","0","2","0","0","1","0","0","0","","","2","","0","","40 25:58.815","1","3","79 59:47.654","8","0","0","0","2301","0","0","0","N","0","0","0","5","02301","0","","1.0","","1","N","N","","0","","0","0","2","","0","N","","3","2","0","0","0","2","0","2","0","3","","","","N","","","","","","","","","",""
"2019089244","2113","1","0","0","0","0","0","0","0","0","5","0","","02","9","2019","4","40.446812","-79.981666","2108","11","0","0","0","0","1","0","0","0","","0","0","0","","","0","","2","","40 26:48.522","","0","79 58:53.997","0","0","0","0","2301","0","0","0","N","0","0","0","3","02301","0","","1.0","","1","N","N","","1","","0","0","2","","0","","","4","0","0","0","0","0","0","2","0","4","","","","N","","","","","","","","","",""
"2019108398","1321","1","0","0","0","0","0","0","0","0","1","0","","02","10","2019","1","40.420438","-80.038774","1308","11","0","0","0","0","0","0","0","0","","0","0","0","","","0","","0","","40 25:13.578","","0","80 02:19.586","0","0","0","0","2301","0","0","0","N","0","0","0","7","68B03","0","","1.0","","1","N","N","","0","","0","0","3","","0","","","4","0","0","0","0","0","0","2","0","4","","","","N","","","","","","","","","",""
"2019091251","0946","1","0","0","0","0","0","0","0","0","4","0","","02","9","2019","4","40.409658","-80.083253","0944","11","0","0","0","0","0","0","0","0","","0","0","0","","","0","","1","","40 24:34.767","","0","80 04:59.709","0","0","0","0","2415","0","0","0","N","0","0","0","2","02415","0","","1.0","","1","N","N","","0","","0","0","1","","3","","","2","0","0","0","0","0","0","2","0","2","","","","N","","","","","","","","","",""
"2019014975","1711","2","0","0","0","0","0","0","0","0","1","0","","02","2","2019","5","40.437867","-79.963972","1709","11","0","0","0","0","0","0","0","0","","0","0","0","","","1","","1","","40 26:16.320","","0","79 57:50.300","3","0","0","0","2301","0","0","0","N","0","0","0","2","02513","0","","1.0","","9","N","N","","0","","1","0","0","","2","","","2","1","0","0","0","0","0","2","0","2","","","","N","","","","","","","","","",""
"2019089673","0135","1","0","0","0","0","0","0","0","0","7","0","","02","8","2019","6","40.438106","-80.064968","0132","11","0","0","0","0","0","0","0","0","","0","0","0","","","0","","0","","40 26:17.183","","0","80 03:53.886","0","0","0","0","2421","0","0","0","N","0","0","0","1","02421","0","","2.0","","1","N","N","","0","","0","0","0","","0","N","","1","0","0","0","0","0","0","2","0","1","","","","N","","","","","","","","","",""
"2019096433","0629","2","0","0","0","0","0","0","0","0","4","0","","02","9","2019","6","40.500044","-80.221987","0625","11","0","0","0","0","0","1","0","0","1","0","0","0","","","0","","1","","40 30:00.157","3","0","80 13:19.152","0","0","0","0","2213","0","0","0","N","0","0","0","2","02213","0","","1.0","","1","N","N","","0","","0","0","0","","2","Y","","2","0","0","0","0","0","0","2","0","2","","","","N","","","","","","","","","",""
"2019087884","1941","2","0","0","0","0","0","0","0","0","4","0","","02","8","2019","7","40.642195","-79.938474","1939","11","0","0","0","0","0","0","0","0","2","0","0","0","","","5","","1","","40 38:31.903","2","0","79 56:18.505","3","0","0","0","2217","0","0","0","N","0","0","0","6","02505","0","","1.0","","1","N","N","","0","","3","0","0","","2","N","","2","5","0","0","0","2","0","2","0","2","","","","N","","","","","","","","","",""
"2019091277","1304","1","0","0","0","0","0","0","0","0","7","0","","02","9","2019","4","40.345385","-80.154704","1301","11","0","0","0","0","0","0","0","0","","0","0","0","","","1","","1","","40 20:43.387","","0","80 09:16.933","3","0","0","0","2119","0","0","0","N","0","0","0","1","02119","0","","5.0","","1","N","N","","0","","1","0","0","","0","","","1","1","0","0","0","0","0","2","0","1","","","","N","","","","","","","","","",""
"2019107790","2051","2","0","0","0","0","0","0","0","0","2","0","","02","10","2019","5","40.453165","-79.943961","2045","11","0","0","0","0","0","0","0","0","2","0","0","0","","","1","","0","","40 27:11.395","1","0","79 56:38.259","3","0","0","0","2301","0","0","0","N","0","0","0","2","02301","0","","1.0","","1","N","N","","0","","1","0","0","","0","Y","","2","1","0","0","0","0","0","2","0","2","","","","N","","","","","","","","","",""
"2019090016","0730","2","0","0","0","0","0","0","0","0","4","0","","02","9","2019","7","40.440079","-80.050715","0721","11","0","0","0","0","0","1","0","0","","0","0","0","","","1","","1","","40 26:24.284","","0","80 03:02.573","8","0","0","0","2301","0","0","0","N","0","0","0","2","02301","0","","1.0","","1","Y","N","","0","","0","0","0","","0","N","","2","1","0","0","0","1","0","2","0","2","","","","N","","","","","","","","","",""
"2019090933","1705","0","0","0","0","0","0","0","0","0","1","0","","02","9","2019","1","40.445058","-80.000494","1700","11","0","0","0","0","0","1","0","0","2","0","0","0","","","0","","0","","40 26:42.210","4","0","80 00:01.777","0","0","0","0","2301","0","0","0","N","0","0","0","3","02301","0","","1.0","","1","N","N","","1","","0","0","2","","0","N","","3","0","0","0","0","0","0","2","0","3","","","","N","","","","","","","","","",""
"2019112965","1848","2","0","0","0","0","0","0","0","0","1","0","","02","11","2019","3","40.379417","-80.052113","1845","11","0","0","0","0","0","1","0","0","2","0","0","0","","","0","","2","","40 22:45.901","1","0","80 03:07.605","0","0","0","0","2109","0","0","0","N","0","0","0","2","02109","0","","1.0","","1","N","N","","0","","0","0","0","","0","N","","2","0","0","0","0","0","0","2","0","2","","","","N","","","","","","","","","",""
"2019091212","1032","2","0","0","0","0","0","0","0","0","4","0","","02","9","2019","5","40.435725","-79.771042","1030","11","0","0","0","0","0","0","0","1","","0","0","0","","","1","","0","","40 26:08.610","","7","79 46:15.750","4","0","0","0","2446","0","0","0","N","0","0","0","2","02446","1","","1.0","","1","N","N","","0","","0","0","0","","2","","","2","1","0","0","0","0","0","2","0","2","","","","N","","","","","","","","","",""
"2019088675","1621","3","0","0","0","0","0","0","0","0","1","0","","02","9","2019","3","40.485392","-79.910108","1615","11","0","0","0","0","0","0","0","0","1","0","0","0","","","0","","0","","40 29:07.412","2","0","79 54:36.389","0","0","0","0","2301","0","0","0","N","0","0","0","5","02301","0","","1.0","","1","N","N","","0","","0","0","1","","0","N","","4","0","0","0","0","0","0","2","0","4","","","","N","","","","","","","","","",""
"2019089304","0715","1","0","0","0","0","0","0","0","0","1","0","","02","9","2019","4","40.492843","-79.910163","0710","11","0","0","0","0","0","1","0","0","","0","0","0","","","1","","0","","40 29:34.233","","8","79 54:36.588","8","0","0","0","2301","0","0","0","N","0","0","0","7","02301","0","","1.0","","1","N","N","","1","","0","0","1","","0","","","3","1","1","0","0","1","0","2","0","3","","","","N","","","","","","","","","",""
"2019103844","1727","1","0","0","0","0","0","0","0","0","6","0","","02","10","2019","2","40.391468","-80.044523","1725","11","0","0","0","0","0","1","1","0","","0","0","0","","","2","","0","","40 23:29.283","","0","80 02:40.283","4","0","0","0","2109","0","0","0","N","0","0","0","2","02109","2","","1.0","","1","N","N","","0","","0","0","1","","0","","","2","2","0","0","0","0","0","2","0","2","","","","N","","","","","","","","","",""
"2019093311","1759","1","0","0","0","0","0","0","0","0","4","0","","02","9","2019","2","40.384364","-80.186075","1751","11","0","0","0","0","0","0","1","0","","0","0","0","","","1","","2","","40 23:03.709","","0","80 11:09.869","8","0","0","0","2119","0","0","0","N","0","0","0","2","02119","0","","1.0","","1","N","N","","0","","0","0","1","","0","N","","2","1","0","0","0","1","0","1","0","2","","","","N","","","","","","","","","",""
"2019112590","1711","2","0","0","0","0","0","0","0","0","4","0","","02","8","2019","7","40.400546","-79.83369","1711","11","0","0","0","0","0","0","1","0","1","0","0","0","","","0","","1","","40 24:01.967","4","0","79 50:01.285","0","0","0","0","2425","0","0","0","N","0","0","0","2","68B03","0","","1.0","","1","N","N","","0","","0","0","0","","2","N","","2","0","0","0","0","0","0","2","0","2","","","","N","","","","","","","","","",""
"2019122776","1426","1","0","0","0","0","0","0","0","0","4","0","","02","10","2019","3","40.433586","-79.963036","1358","11","0","0","0","0","0","0","0","0","","0","0","0","","","1","N","0","","40 26:00.908","4","0","79 57:46.929","8","0","0","0","2301","0","0","0","N","0","0","0","2","68B03","0","","4.0","1516.0","1","N","N","N","0","","0","0","0","","0","N","","1","1","1","0","0","1","0","2","0","1","","04","","N","","","","","","","","","",""
"2019087634","1808","1","0","0","0","0","0","0","0","0","4","0","","02","8","2019","6","40.460493","-79.924975","1805","11","0","0","0","0","1","0","0","0","","0","0","0","","","0","","2","","40 27:37.774","","0","79 55:29.909","0","0","0","0","2301","0","0","0","N","0","0","0","2","02301","0","","1.0","","1","N","N","","0","","0","0","1","","0","","","2","0","0","0","0","0","0","2","0","2","","","","N","","","","","","","","","",""
"2019091572","1730","1","0","0","1","0","0","0","0","0","8","0","","02","9","2019","4","40.465731","-79.929365","1727","11","0","0","0","0","0","0","0","0","","0","0","0","","","1","","0","","40 27:56.632","","7","79 55:45.714","8","0","0","0","2301","1","0","0","N","0","0","0","2","02301","0","","1.0","","1","N","N","","0","","0","0","0","","0","N","","2","1","0","0","0","1","0","2","0","1","","","","N","","","","","","","","","",""
"2019089945","1951","2","0","0","0","0","0","0","0","0","1","0","","02","9","2019","6","40.415898","-79.946664","1944","11","0","0","0","0","0","0","0","0","","0","0","0","","","0","","0","","40 24:57.232","","0","79 56:47.990","0","0","0","0","2301","0","0","0","Y","0","0","0","2","02301","0","","1.0","","1","N","N","","0","","0","0","0","","2","N","","2","0","0","0","0","0","0","2","0","2","","","","N","","","","","","","","","",""
"2019089140","2146","2","0","0","0","0","0","0","0","0","2","0","","02","8","2019","4","40.481059","-79.971793","2145","11","0","0","0","0","1","0","0","0","1","0","0","0","","","0","","0","","40 28:51.811","5","0","79 58:18.456","0","0","0","0","2445","0","0","0","N","0","0","0","2","02445","0","","1.0","","1","N","N","","0","","0","0","1","","0","N","","3","0","0","0","0","0","0","2","0","3","","","","N","","","","","","","","","",""
"2019091677","1138","0","0","0","0","0","0","0","0","0","6","0","","02","9","2019","4","40.328509","-79.944863","1136","11","0","0","0","0","0","0","1","0","1","0","0","0","","","3","","2","","40 19:42.631","4","0","79 56:41.506","4","0","0","0","2454","0","0","0","N","0","0","0","5","02454","3","","1.0","","1","N","N","","2","","0","0","1","","0","N","","3","3","0","0","0","0","0","2","0","3","","","","N","","","","","","","","","",""
"2019093174","1156","2","0","0","0","0","0","0","0","0","4","0","","02","9","2019","7","40.395528","-80.022439","1156","11","0","0","0","1","0","0","0","0","","0","0","0","","","1","","2","","40 23:43.900","","0","80 01:20.780","8","0","0","0","2301","0","0","0","N","0","0","0","5","02301","0","","1.0","","1","N","N","","0","","0","0","0","","2","N","","2","1","1","0","0","1","0","2","0","2","","","","N","","","","","","","","","",""
"2019092355","0820","2","0","0","0","0","0","0","0","0","5","0","","02","9","2019","4","40.418539","-80.045731","0818","11","0","0","1","0","0","0","0","0","","0","0","0","","","0","","1","","40 25:06.740","","0","80 02:44.633","0","0","0","0","2435","0","0","0","N","0","0","0","3","02435","0","","1.0","","1","N","N","","0","","0","0","1","","2","N","","3","0","0","0","0","0","0","2","0","3","","","","N","","","","","","","","","",""
"2019087686","1905","1","0","0","0","0","0","0","0","0","7","0","","02","8","2019","6","40.470219","-79.996979","1903","11","0","0","0","0","0","0","0","0","","0","0","0","","","0","","0","","40 28:12.789","","0","79 59:49.125","0","0","0","0","2301","0","0","0","N","0","0","0","1","02301","0","","1.0","","1","N","N","","0","","0","0","0","","0","N","","1","0","0","0","0","0","0","2","0","1","","","","N","","","","","","","","","",""
"2019092268","2141","2","0","0","0","0","0","0","0","0","4","0","","02","9","2019","6","40.426264","-79.963573","2141","11","0","0","0","0","0","0","0","0","2","0","0","0","","","0","","1","","40 25:34.552","1","0","79 57:48.863","0","0","0","0","2301","0","0","0","N","0","0","0","3","02301","0","","1.0","","1","N","N","","0","","0","0","0","","2","N","","2","0","0","0","0","0","0","2","0","2","","","","N","","","","","","","","","",""
"2019110306","0812","0","0","0","0","0","0","0","0","0","7","0","","02","10","2019","5","40.514674","-79.791689","0805","11","0","0","0","0","0","1","0","0","1","0","0","0","","","1","","0","","40 30:52.828","2","0","79 47:30.082","3","0","0","0","2466","0","0","0","N","0","0","0","1","02466","0","","4.0","","9","N","N","","1","","1","0","0","","0","N","","1","1","1","0","0","0","0","2","0","1","","","","N","","","","","","","","","",""
"2019092981","1858","1","0","0","1","0","0","0","0","0","8","0","","02","9","2019","5","40.463558","-79.930643","1858","11","0","0","0","0","0","0","0","0","","0","0","0","","","1","","1","","40 27:48.808","","0","79 55:50.314","3","0","0","0","2301","1","0","0","N","0","0","0","2","02301","0","","1.0","","1","N","N","","0","","1","0","0","","2","N","","2","1","0","0","0","0","0","2","0","1","","","","N","","","","","","","","","",""
"2019092320","1236","1","0","0","0","0","0","0","0","0","1","0","","02","9","2019","4","40.542033","-80.013164","1234","11","0","0","0","0","0","0","0","0","","0","0","0","","","0","","2","","40 32:31.320","","7","80 00:47.389","9","0","0","0","2116","0","0","0","N","0","0","0","3","02116","0","","1.0","","1","N","N","N","0","","0","0","1","","2","N","","2","0","0","0","0","0","2","2","0","2","","","","N","","","","","","","","","",""
"2019088572","2238","1","0","0","0","0","0","0","0","0","7","0","","02","9","2019","1","40.358342","-80.1047","2235","11","0","0","0","0","0","1","0","0","1","0","0","0","","","1","","0","","40 21:30.030","4","0","80 06:16.920","3","0","0","0","2414","0","0","0","N","0","0","0","1","02414","0","","5.0","","9","N","N","","0","","1","0","0","","0","N","","1","1","0","0","0","0","0","2","0","1","","","","N","","","","","","","","","",""
"2019087703","2144","2","0","0","0","0","0","0","0","0","2","0","","02","8","2019","6","40.372989","-80.099264","2141","11","0","0","0","0","0","0","0","0","2","0","0","0","","","0","","2","","40 22:22.759","7","2","80 05:57.352","0","0","0","0","2102","0","0","0","N","0","0","0","7","02102","0","","1.0","","1","N","N","","0","","0","0","0","","2","N","","2","0","0","0","0","0","0","2","0","2","","","","N","","","","","","","","","",""
"2019108179","0759","1","0","0","0","0","0","0","0","0","7","0","","02","10","2019","7","40.385792","-79.984087","0747","11","0","0","0","0","0","0","0","0","2","0","0","0","","","1","","0","","40 23:08.851","2","0","79 59:02.713","3","0","0","0","2301","0","0","0","N","0","0","0","1","02301","0","","4.0","","1","N","N","","0","","1","0","0","","0","N","","1","1","0","0","0","0","0","2","0","1","","","","N","","","","","","","","","",""
"2019099890","1938","1","0","0","1","0","0","0","0","0","8","0","","02","10","2019","6","40.444582","-79.942976","1937","11","0","0","0","0","0","1","0","0","","0","0","0","","","1","","2","","40 26:40.496","","0","79 56:34.715","8","0","0","0","2301","1","0","0","N","0","0","0","2","02301","0","","1.0","","1","N","N","","0","","0","0","0","","2","N","","2","1","0","0","0","1","0","2","0","1","","","","N","","","","","","","","","",""
"2019091158","2050","1","0","0","0","0","0","0","0","0","1","0","","02","9","2019","3","40.392956","-79.997313","2046","11","0","0","0","0","0","0","0","0","1","0","0","0","","","1","","2","","40 23:34.643","1","0","79 59:50.327","8","0","0","1","2301","0","0","0","N","0","0","0","5","02301","0","","1.0","","1","N","N","","0","","0","0","0","","2","N","","2","1","0","0","0","1","0","2","0","2","","","","N","","","","","","","","","",""
"2019089984","0106","2","0","0","0","0","0","0","0","0","4","0","","02","9","2019","7","40.465715","-79.948068","0102","11","0","0","0","0","0","0","0","0","","0","0","0","","","5","","2","","40 27:56.573","","0","79 56:53.044","8","0","0","0","2301","0","0","0","N","0","0","0","5","02301","0","","1.0","","1","N","N","","0","","0","0","0","","0","N","","2","5","1","0","0","5","0","2","0","2","","","","N","","","","","","","","","",""
"2019089704","1325","1","0","0","0","0","0","0","0","0","7","0","","02","9","2019","5","40.385779","-79.880081","1323","11","0","0","0","0","0","1","0","0","3","0","0","0","","","1","","2","","40 23:08.804","5","0","79 52:48.291","8","0","0","0","2473","0","0","0","Y","0","0","0","1","02473","0","","4.0","","1","N","N","","0","","0","0","0","","0","Y","","1","1","0","0","0","1","0","2","0","1","","","","N","","","","","","","","","",""
"2019094151","1110","3","0","0","0","0","0","0","0","0","1","0","","02","9","2019","6","40.425499","-79.908261","1110","11","0","0","0","0","0","1","1","0","2","0","0","0","","","0","","0","","40 25:31.796","4","0","79 54:29.741","0","0","0","0","2301","0","0","0","N","0","0","0","3","68B03","0","","1.0","","1","N","N","","0","","0","0","0","","0","N","","3","0","0","0","0","0","0","2","0","3","","","","N","","","","","","","","","",""
"2019093465","1621","2","0","0","0","0","0","0","0","0","4","0","","02","9","2019","6","40.5553","-79.862411","1615","11","0","0","0","0","0","2","0","0","1","0","0","0","","","0","N","2","","40 33:19.079","3","0","79 51:44.681","0","0","0","0","2208","0","0","0","N","0","0","0","2","02208","0","","1.0","","1","N","N","","0","","0","0","0","","3","Y","","2","0","0","0","0","0","0","2","0","2","","","","N","","","","","","","","","",""
"2019088013","1345","1","0","0","0","0","0","0","0","0","1","0","","02","8","2019","7","40.493983","-79.944161","1342","11","0","0","1","0","0","0","0","0","1","0","0","0","","","0","","0","","40 29:38.339","2","0","79 56:38.980","0","0","0","0","2430","0","0","0","N","0","0","0","5","02430","0","","1.0","","1","N","N","","1","","0","0","0","","0","N","","2","0","0","0","0","0","0","2","0","2","","","","N","","","","","","","","","",""
"2019088337","2306","0","0","0","0","0","0","0","0","0","5","0","","02","8","2019","7","40.44142","-80.033421","2306","11","0","0","0","0","0","0","0","0","2","0","0","0","","","1","","0","","40 26:29.112","3","0","80 02:00.316","8","0","0","0","2301","0","0","0","N","0","0","0","1","02301","0","","5.0","","9","N","N","","1","","0","0","2","","2","N","","3","1","0","0","0","1","0","2","0","3","","","","N","","","","","","","","","",""