"CRN","ARRIVAL_TM","AUTOMOBILE_COUNT","BELTED_DEATH_COUNT","BELTED_SUSP_SERIOUS_INJ_COUNT","BICYCLE_COUNT","BICYCLE_DEATH_COUNT","BICYCLE_SUSP_SERIOUS_INJ_COUNT","BUS_COUNT","CHLDPAS_DEATH_COUNT","CHLDPAS_SUSP_SERIOUS_INJ_COUNT","COLLISION_TYPE","COMM_VEH_COUNT","CONS_ZONE_SPD_LIM","COUNTY","CRASH_MONTH","CRASH_YEAR","DAY_OF_WEEK","DEC_LATITUDE","DEC_LONGITUDE","DISPATCH_TM","DISTRICT","DRIVER_COUNT_16YR","DRIVER_COUNT_17YR","DRIVER_COUNT_18YR","DRIVER_COUNT_19YR","DRIVER_COUNT_20YR","DRIVER_COUNT_50_64YR","DRIVER_COUNT_65_74YR","DRIVER_COUNT_75PLUS","EST_HRS_CLOSED","FATAL_COUNT","HEAVY_TRUCK_COUNT","HORSE_BUGGY_COUNT","HOUR_OF_DAY","ILLUMINATION","INJURY_COUNT","INTERSECTION_RELATED","INTERSECT_TYPE","LANE_CLOSED","LATITUDE","LN_CLOSE_DIR","LOCATION_TYPE","LONGITUDE","MAX_SEVERITY_LEVEL","MCYCLE_DEATH_COUNT","MCYCLE_SUSP_SERIOUS_INJ_COUNT","MOTORCYCLE_COUNT","MUNICIPALITY","NONMOTR_COUNT","NONMOTR_DEATH_COUNT","NONMOTR_SUSP_SERIOUS_INJ_COUNT","NTFY_HIWY_MAINT","PED_COUNT","PED_DEATH_COUNT","PED_SUSP_SERIOUS_INJ_COUNT","PERSON_COUNT","POLICE_AGCY","POSSIBLE_INJ_COUNT","RDWY_SURF_TYPE_CD","RELATION_TO_ROAD","ROADWAY_CLEARED","ROAD_CONDITION","SCH_BUS_IND","SCH_ZONE_IND","SECONDARY_CRASH","SMALL_TRUCK_COUNT","SPEC_JURIS_CD","SUSP_MINOR_INJ_COUNT","SUSP_SERIOUS_INJ_COUNT","SUV_COUNT","TCD_FUNC_CD","TCD_TYPE","TFC_DETOUR_IND","TIME_OF_DAY","TOTAL_UNITS","TOT_INJ_COUNT","UNBELTED_OCC_COUNT","UNB_DEATH_COUNT","UNB_SUSP_SERIOUS_INJ_COUNT","UNK_INJ_DEG_COUNT","UNK_INJ_PER_COUNT","URBAN_RURAL","VAN_COUNT","VEHICLE_COUNT","WEATHER1","WEATHER2","WORKERS_PRES","WORK_ZONE_IND","WORK_ZONE_LOC","WORK_ZONE_TYPE","WZ_CLOSE_DETOUR","WZ_FLAGGER","WZ_LAW_OFFCR_IND","WZ_LN_CLOSURE","WZ_MOVING","WZ_OTHER","WZ_SHLDER_MDN","WZ_WORKERS_INJ_KILLED"
"2019095588","2010","0","0","0","0","0","0","0","0","0","1","0","","02","9","2019","1","40.371634","-80.077733","2007","11","0","0","0","0","0","1","0","0","2","0","0","0","","","1","","0","","40 22:17.883","1","0","80 04:39.839","3","0","0","0","2109","0","0","0","N","0","0","0","3","02109","0","","1.0","","1","N","N","","0","","1","0","2","","0","N","","2","1","0","0","0","0","0","2","0","2","","","","N","","","","","","","","","",""
"2019104125","0715","0","0","0","0","0","0","0","0","0","8","0","","02","10","2019","4","40.442421","-79.999898","0715","11","0","0","0","0","0","1","0","0","","0","0","0","","","2","","1","","40 26:32.715","","0","79 59:59.634","8","0","0","0","2301","2","0","0","N","2","0","0","3","02301","0","","1.0","","9","N","N","","0","","0","0","1","","2","","","3","2","0","0","0","2","0","2","0","1","","","","N","","","","","","","","","",""
"2019085995","1620","0","0","0","0","0","0","0","0","0","4","0","","02","8","2019","2","40.265271","-79.892635","1616","11","0","0","0","0","0","0","0","0","","0","0","0","","","0","","2","","40 15:54.977","","0","79 53:33.487","0","0","0","0","2428","0","0","0","N","0","0","0","3","02428","0","","1.0","","1","N","N","","1","","0","0","1","","3","N","","2","0","0","0","0","0","0","2","0","2","","","","N","","","","","","","","","",""
"2019077737","1522","2","0","0","0","0","0","0","0","0","1","0","","02","8","2019","6","40.456019","-79.991542","1510","11","0","0","0","0","0","1","0","0","","0","0","0","","","1","","6","","40 27:21.667","","2","79 59:29.550","3","0","0","0","2301","0","0","0","N","0","0","0","2","02301","0","","1.0","","1","N","N","","0","","1","0","0","","0","N","","2","1","0","0","0","0","0","2","0","2","","","","N","","","","","","","","","",""
"2019084618","1130","1","0","0","1","0","0","0","0","0","8","0","","02","8","2019","5","40.475083","-79.969389","1124","11","0","0","0","0","0","0","0","0","1","0","0","0","","","1","","0","","40 28:30.300","2","7","79 58:09.800","3","0","0","0","2445","1","0","0","N","0","0","0","2","02445","0","","1.0","","1","N","N","","0","","1","0","0","","3","N","","2","1","0","0","0","0","0","2","0","1","","","","N","","","","","","","","","",""
"2019097845","2212","1","0","0","0","0","0","0","0","0","7","0","","02","9","2019","1","40.406636","-79.967507","2204","11","0","0","0","0","0","0","0","0","3","0","0","0","","","0","","0","","40 24:23.888","6","0","79 58:03.025","0","0","0","0","2301","0","0","0","N","0","0","0","1","02301","0","","2.0","","9","N","N","","0","","0","0","0","","0","Y","","1","0","0","0","0","0","0","2","0","1","","","","N","","","","","","","","","",""
"2019086392","1720","1","0","0","0","0","0","0","0","0","4","0","","02","8","2019","6","40.435412","-79.788201","1716","11","0","0","0","0","0","1","0","0","1","0","0","0","","","0","","0","","40 26:07.483","2","7","79 47:17.523","0","0","0","0","2446","0","0","0","N","0","0","0","2","02446","0","","1.0","","1","N","N","","0","","0","0","1","","0","N","","2","0","0","0","0","0","0","2","0","2","","","","N","","","","","","","","","",""
"2019096839","1258","0","0","0","0","0","0","0","0","0","7","0","","02","9","2019","4","40.524341","-79.912214","1251","11","0","0","0","0","0","0","0","0","1","0","0","0","","","1","","0","","40 31:27.629","1","0","79 54:43.970","3","0","0","0","2432","0","0","0","N","0","0","0","2","02432","0","","5.0","","1","N","N","","0","","1","0","1","","0","N","","1","1","0","0","0","0","0","2","0","1","","","","N","","","","","","","","","",""
"2019086640","1255","1","0","0","0","0","0","0","0","0","4","0","","02","8","2019","2","40.39353","-80.087568","1255","11","0","0","0","0","0","1","1","0","","0","0","0","","","1","","1","","40 23:36.709","","0","80 05:15.245","8","0","0","0","2437","0","0","0","N","0","0","0","3","02437","0","","1.0","","1","N","N","","0","","0","0","1","","2","N","","2","1","0","0","0","1","0","2","0","2","","","","N","","","","","","","","","",""
"2019098723","2048","0","0","0","0","0","0","0","0","0","8","0","","02","10","2019","3","40.521434","-79.959526","2046","11","0","0","0","0","0","0","1","0","","0","0","0","","","1","","0","","40 31:17.161","","0","79 57:34.292","8","0","0","0","2118","1","0","0","N","1","0","0","2","02118","0","","1.0","","1","N","Y","","0","","0","0","1","","0","N","","2","1","0","0","0","1","0","2","0","1","","","","N","","","","","","","","","",""
"2019096740","1012","2","0","0","0","0","0","0","0","0","4","0","","02","9","2019","4","40.451298","-80.020071","1002","11","0","0","0","0","0","1","0","0","","0","0","0","","","1","","2","","40 27:04.673","","0","80 01:12.255","3","0","0","0","2301","0","0","0","N","0","0","0","2","02301","0","","1.0","","1","N","N","","0","","1","0","0","","0","","","2","1","0","0","0","0","0","2","0","2","","","","N","","","","","","","","","",""
"2019084901","1649","0","0","0","0","0","0","0","0","0","1","0","","02","8","2019","5","40.490096","-79.952099","1646","11","0","0","0","0","0","0","0","0","1","0","0","0","","","0","","0","","40 29:24.347","1","0","79 57:07.558","0","0","0","0","2430","0","0","0","N","0","0","0","2","02430","0","","1.0","","1","N","N","","0","","0","0","2","","0","N","","2","0","0","0","0","0","0","2","0","2","","","","N","","","","","","","","","",""
"2019108452","1728","2","0","0","0","0","0","0","0","0","2","0","","02","10","2019","5","40.493038","-80.111754","1726","11","0","0","0","0","0","1","0","0","1","0","0","0","","","2","","3","","40 29:34.938","5","0","80 06:42.314","8","0","0","0","2126","0","0","0","N","0","0","0","3","02126","0","","1.0","","1","N","N","","0","","0","0","0","","3","N","","2","2","0","0","0","2","0","2","0","2","","","","N","","","","","","","","","",""
"2019086980","0539","1","0","0","0","0","0","0","0","0","7","0","","02","8","2019","5","40.429037","-79.998309","0531","11","0","0","0","0","0","0","0","0","","0","0","0","","","0","","1","","40 25:44.532","","0","79 59:53.911","0","0","0","0","2301","0","0","0","N","0","0","0","1","02301","0","","4.0","","1","N","N","","0","","0","0","0","","2","N","","1","0","0","0","0","0","0","2","0","1","","","","N","","","","","","","","","",""
"2019100255","1601","1","0","0","0","0","0","0","0","0","4","0","","02","8","2019","6","40.43575","-79.771111","1559","11","0","0","0","0","0","2","0","0","","0","0","0","","","0","","0","","40 26:08.700","","7","79 46:16.000","9","0","0","0","2446","0","0","0","N","0","0","0","2","02446","0","","1.0","","1","N","N","","0","","0","0","1","","3","N","","2","0","0","0","0","0","1","2","0","2","","","","N","","","","","","","","","",""
"2019087337","1921","1","0","0","0","0","0","0","0","0","7","0","","02","8","2019","5","40.470086","-79.995399","1917","11","0","0","0","0","0","0","0","0","","0","0","0","","","1","","2","","40 28:12.309","","0","79 59:43.436","3","0","0","0","2301","0","0","0","N","0","0","0","2","02301","0","","1.0","","1","N","N","","0","","1","0","0","","0","","","1","1","0","0","0","0","0","2","0","1","","","","N","","","","","","","","","",""
"2019084716","1533","1","0","0","0","0","0","0","0","0","1","0","","02","8","2019","5","40.46416","-79.980236","1515","11","0","0","0","0","0","2","0","0","2","0","0","0","","","0","","0","","40 27:50.977","3","0","79 58:48.849","0","0","0","0","2301","0","0","0","N","0","0","0","7","02301","0","","1.0","","1","N","N","","1","","0","0","3","","0","N","","5","0","0","0","0","0","0","2","0","5","","","","N","","","","","","","","","",""
"2019086927","1522","1","0","0","0","0","0","0","0","0","5","0","","02","8","2019","4","40.466639","-79.922472","1512","11","0","0","0","0","0","0","0","0","1","0","0","0","","","0","","0","","40 27:59.900","1","0","79 55:20.900","0","0","0","0","2301","0","0","0","N","0","0","0","3","02301","0","","1.0","","1","N","Y","","0","","0","0","1","","0","N","","2","0","0","0","0","0","0","2","0","2","","","","N","","","","","","","","","",""
"2019085479","2036","0","0","0","0","0","0","0","0","0","99","0","","02","8","2019","7","40.483449","-79.864993","2029","11","0","0","0","0","0","0","1","0","","0","0","0","","","1","","0","","40 29:00.416","","0","79 51:53.975","3","0","0","1","2113","0","0","0","N","0","0","0","1","02113","0","","1.0","","1","N","N","","0","","1","0","0","","0","","","1","1","0","0","0","0","0","2","0","1","","","","N","","","","","","","","","",""
"2019055993","1927","2","0","0","0","0","0","0","0","0","4","0","","02","6","2019","1","40.421543","-79.984409","1856","11","0","0","0","0","0","0","1","0","","0","0","0","","","2","","2","","40 25:17.554","","0","79 59:03.873","3","0","0","0","2301","0","0","0","N","0","0","0","3","02301","0","","1.0","","1","N","N","","0","","2","0","0","","2","","","2","2","0","0","0","0","0","2","0","2","","","","N","","","","","","","","","",""
"2019087981","1205","1","0","0","0","0","0","0","0","0","4","0","","02","8","2019","2","40.474235","-79.908209","1200","11","0","0","0","0","0","1","0","0","","0","0","0","","","1","","1","","40 28:27.247","","0","79 54:29.551","3","0","0","0","2301","0","0","0","N","0","0","0","3","02301","0","","1.0","","1","N","N","","0","","1","0","1","","2","N","","3","1","0","0","0","0","0","2","1","3","","","","N","","","","","","","","","",""
"2019079693","0853","0","0","0","1","0","0","0","0","0","8","0","","02","8","2019","5","40.33914","-79.84222","0851","11","0","0","0","0","0","0","0","0","","0","0","0","","","1","","1","","40 20:20.903","","0","79 50:31.991","3","0","0","0","2304","1","0","0","N","0","0","0","2","02304","0","","1.0","","1","N","N","","0","","1","0","0","","0","","","2","1","0","0","0","0","0","2","1","1","","","","N","","","","","","","","","",""
"2019084915","0041","1","0","0","0","0","0","0","0","0","2","0","","02","8","2019","6","40.340559","-79.860348","0038","11","0","0","0","0","0","1","0","0","","0","0","0","","","2","","0","","40 20:26.012","","0","79 51:37.252","8","0","0","0","2304","0","0","0","N","0","0","0","2","02304","0","","1.0","","1","N","N","","0","","0","0","0","","0","N","","2","2","0","0","0","2","0","2","1","2","","","","N","","","","","","","","","",""
"2019088303","0244","1","0","0","0","0","0","0","0","0","7","0","","02","8","2019","6","40.463939","-79.980519","0242","11","0","0","0","0","0","1","0","0","2","0","0","0","","","0","","0","","40 27:50.180","2","0","79 58:49.870","0","0","0","0","2301","0","0","0","N","0","0","0","1","02301","0","","2.0","","1","N","N","","0","","0","0","0","","0","Y","","1","0","0","0","0","0","0","2","0","1","","","","N","","","","","","","","","",""
"2019047810","0726","1","0","0","0","0","0","0","0","0","4","0","","02","5","2019","6","40.410904","-80.01406","0708","11","0","0","0","0","0","0","0","0","","0","0","0","","","0","","0","","40 24:39.254","","0","80 00:50.617","0","0","0","0","2301","0","0","0","N","0","0","0","2","02301","0","","1.0","","1","N","N","","1","","0","0","0","","0","","","2","0","0","0","0","0","0","2","0","2","","","","N","","","","","","","","","",""
"2019086426","1425","1","0","0","0","0","0","0","0","0","2","0","","02","8","2019","3","40.440773","-79.998157","1424","11","0","0","0","0","0","0","0","0","1","0","0","0","","","1","","1","","40 26:26.784","3","0","79 59:53.366","3","0","0","0","2301","0","0","0","N","0","0","0","2","02503","0","","1.0","","1","N","N","","0","","1","0","1","","2","N","","2","1","1","0","0","0","0","2","0","2","","","","N","","","","","","","","","",""
"2019090867","1444","2","0","0","0","0","0","0","0","0","4","0","","02","9","2019","7","40.407299","-80.089146","1438","11","0","0","0","0","0","1","0","0","1","0","0","0","","","0","","1","","40 24:26.276","4","0","80 05:20.924","0","0","0","0","2415","0","0","0","N","0","0","0","4","02415","0","","1.0","","1","N","N","","0","","0","0","0","","2","Y","","2","0","0","0","0","0","0","2","0","2","","","","N","","","","","","","","","",""
"2019093472","2155","1","0","0","0","0","0","0","0","0","99","0","","02","9","2019","3","40.524379","-79.851459","2148","11","0","0","0","0","0","0","0","0","2","0","0","0","","","0","","0","","40 31:27.765","2","0","79 51:05.252","0","0","0","0","2208","0","0","0","N","0","0","0","1","02208","0","","1.0","","1","N","N","","0","","0","0","0","","0","N","","1","0","0","0","0","0","0","2","0","1","","","","N","","","","","","","","","",""
"2019086122","1914","1","0","0","0","0","0","0","0","0","4","0","","02","8","2019","2","40.420152","-79.883553","1914","11","0","0","0","0","0","0","0","0","","0","0","0","","","0","","2","","40 25:12.547","","0","79 53:00.790","0","0","0","0","2463","0","0","0","N","0","0","0","2","02463","0","","1.0","","1","N","N","","0","","0","0","1","","3","","","2","0","0","0","0","0","0","2","0","2","","","","N","","","","","","","","","",""
"2019098906","1320","2","0","0","0","0","0","0","0","0","4","0","","02","10","2019","4","40.454043","-79.912443","1310","11","0","0","0","0","0","0","1","0","1","0","0","0","","","0","","1","","40 27:14.553","3","0","79 54:44.793","0","0","0","0","2301","0","0","0","N","0","0","0","3","02301","0","","1.0","","1","N","N","","0","","0","0","0","","0","N","","2","0","0","0","0","0","0","2","0","2","","","","N","","","","","","","","","",""
"2019108394","1910","2","0","0","0","0","0","0","0","0","4","0","","02","10","2019","6","40.419947","-80.033993","1853","11","0","0","0","0","0","0","0","0","","0","0","0","","","1","","6","","40 25:11.810","","0","80 02:02.373","8","0","0","0","2301","0","0","0","N","0","0","0","3","68B03","0","","1.0","","1","N","N","","0","","0","0","0","","0","","","2","1","0","0","0","1","0","2","0","2","","","","N","","","","","","","","","",""
"2019102867","0713","2","0","0","0","0","0","0","0","0","1","0","","02","10","2019","2","40.435833","-79.976151","0655","11","0","0","0","0","0","0","0","0","1","0","0","0","","","2","","0","","40 26:08.999","3","0","79 58:34.143","3","0","0","0","2301","0","0","0","N","0","0","0","2","68B03","1","","1.0","","9","N","N","","0","","1","0","0","","0","N","","2","2","0","0","0","0","0","2","0","2","","","","N","","","","","","","","","",""
"2019098452","1339","2","0","0","0","0","0","0","0","0","4","0","","02","10","2019","3","40.448628","-80.002278","1334","11","0","0","0","0","0","1","1","0","","0","0","0","","","1","","1","","40 26:55.061","","0","80 00:08.202","3","0","0","0","2301","0","0","0","N","0","0","0","2","02301","0","","1.0","","1","N","N","","0","","1","0","0","","2","N","","2","1","1","0","0","0","0","2","0","2","","","","N","","","","","","","","","",""
"2019085567","0938","2","0","0","0","0","0","0","0","0","4","0","","02","8","2019","1","40.431986","-80.015397","0927","11","0","0","0","0","0","1","0","0","","0","0","0","","","2","","1","","40 25:55.149","","0","80 00:55.429","4","0","0","0","2301","0","0","0","N","0","0","0","2","02301","2","","1.0","","1","N","N","","0","","0","0","0","","0","N","","2","2","0","0","0","0","0","2","0","2","","","","N","","","","","","","","","",""
"2019087195","1436","2","0","0","0","0","0","0","0","0","4","0","","02","8","2019","5","40.487363","-79.918129","1436","11","0","0","0","0","0","0","0","0","","0","0","0","","","2","","2","","40 29:14.506","","0","79 55:05.263","8","0","0","0","2301","0","0","0","N","0","0","0","2","02301","0","","1.0","","1","N","N","","0","","0","0","0","","2","","","2","2","0","0","0","2","0","2","0","2","","","","N","","","","","","","","","",""
"2019086770","0731","0","0","0","0","0","0","0","0","0","0","0","","02","8","2019","3","40.503804","-79.945113","0730","11","0","0","0","0","0","0","0","0","1","0","0","0","","","0","","2","","40 30:13.694","3","0","79 56:42.405","0","0","0","0","2430","0","0","0","N","0","0","0","1","02430","0","","5.0","","9","N","N","","0","","0","0","1","","0","N","","1","0","0","0","0","0","0","2","0","1","","","","N","","","","","","","","","",""
"2019086137","1912","2","0","0","0","0","0","0","0","0","1","0","","02","8","2019","7","40.436671","-79.736417","1904","11","0","0","0","0","0","1","0","0","","0","0","0","","","0","","0","","40 26:12.016","","0","79 44:11.100","0","0","0","0","2446","0","0","0","N","0","0","0","5","02446","0","","1.0","","1","N","N","","1","","0","0","0","","0","N","","3","0","0","0","0","0","0","2","0","3","","","","N","","","","","","","","","",""
"2019092290","0809","1","0","0","0","0","0","0","0","0","7","0","","02","9","2019","5","40.63012","-79.902696","0802","11","0","0","0","0","0","0","0","0","1","0","0","0","","","1","N","0","","40 37:48.433","5","0","79 54:09.707","4","0","0","0","2220","0","0","0","N","0","0","0","1","02220","1","","2.0","809.0","9","N","N","N","0","","0","0","0","","0","N","","1","1","0","0","0","0","0","1","0","1","","","","N","","","","","","","","","",""
"2019087432","1058","1","0","0","0","0","0","0","0","0","4","0","","02","8","2019","5","40.396224","-79.883672","1052","11","0","0","0","0","0","1","0","0","","0","0","0","","","0","","2","","40 23:46.407","","0","79 53:01.220","0","0","0","0","2473","0","0","0","N","0","0","0","2","02473","0","","1.0","","1","N","N","","1","","0","0","0","","3","","","2","0","0","0","0","0","0","2","0","2","","","","N","","","","","","","","","",""
"2019086543","1758","2","0","0","0","0","0","0","0","0","1","0","","02","8","2019","3","40.439192","-80.007408","1747","11","0","0","0","0","0","1","0","0","3","0","0","0","","","1","","2","","40 26:21.092","4","0","80 00:26.667","3","0","0","0","2301","0","0","0","N","0","0","0","2","02301","0","","1.0","","1","N","N","","0","","1","0","0","","4","Y","","2","1","0","0","0","0","1","2","0","2","","","","N","","","","","","","","","",""
"2019111868","0801","2","0","0","0","0","0","0","0","0","5","0","","02","10","2019","5","40.412336","-80.106163","0752","11","0","0","0","0","0","0","0","0","","0","0","0","","","0","","0","","40 24:44.411","","0","80 06:22.185","0","0","0","0","2102","0","0","0","N","0","0","0","2","68B03","0","","1.0","","1","N","N","","0","","0","0","0","","0","","","2","0","0","0","0","0","0","2","0","2","","","","N","","","","","","","","","",""
"2019104983","2155","2","0","0","0","0","0","0","0","0","4","0","","02","10","2019","5","40.441176","-80.038024","2155","11","0","0","0","0","0","0","0","0","","0","0","0","","","1","","2","","40 26:28.233","","0","80 02:16.886","4","0","0","0","2301","0","0","0","N","0","0","0","4","02301","1","","1.0","","1","N","N","","0","","0","0","0","","2","N","","2","1","0","0","0","0","0","2","0","2","","","","N","","","","","","","","","",""
"2019085203","1849","2","0","0","0","0","0","0","0","0","4","0","","02","8","2019","6","40.470622","-80.008446","1848","11","0","0","0","0","0","0","0","0","","0","0","0","","","0","","0","","40 28:14.238","","0","80 00:30.404","0","0","0","0","2301","0","0","0","N","0","0","0","3","02301","0","","1.0","","1","N","N","","0","","0","0","0","","0","","","2","0","0","0","0","0","0","2","0","2","","","","N","","","","","","","","","",""
"2019093256","1407","0","0","0","0","0","0","0","0","0","7","0","","02","9","2019","7","40.369888","-80.010801","1404","11","0","0","0","0","0","0","0","0","","0","0","0","","","0","","0","","40 22:11.595","","0","80 00:38.882","0","0","0","0","2416","0","0","0","N","0","0","0","1","02416","0","","2.0","","1","N","N","","0","","0","0","1","","0","","","1","0","0","0","0","0","0","2","0","1","","","","N","","","","","","","","","",""
"2019105266","1910","2","0","0","0","0","0","0","0","0","4","0","","02","10","2019","6","40.45559","-79.979269","1900","11","0","0","0","0","0","0","0","0","","0","0","0","","","0","","1","","40 27:20.124","","0","79 58:45.368","0","0","0","0","2301","0","0","0","N","0","0","0","4","02301","0","","1.0","","1","N","N","","0","","0","0","0","","3","","","2","0","1","0","0","0","0","2","0","2","","","","N","","","","","","","","","",""
"2019086335","1725","0","0","0","0","0","0","0","0","0","7","0","","02","8","2019","2","40.539864","-79.8232","1715","11","0","0","0","0","0","0","0","0","","0","0","0","","","0","","0","","40 32:23.510","","2","79 49:23.520","0","0","0","0","2208","0","0","0","N","0","0","0","1","68T02","0","","2.0","","1","N","N","","0","","0","0","0","","0","","","1","0","0","0","0","0","0","2","1","1","","","","N","","","","","","","","","",""
"2019114387","1335","1","0","0","0","0","0","0","0","0","4","0","","02","10","2019","4","40.427507","-79.95329","1335","11","0","0","0","0","0","0","0","1","1","0","0","0","","","0","","0","","40 25:39.026","4","0","79 57:11.843","0","0","0","0","2301","0","0","0","N","0","0","0","2","68B03","0","","1.0","","1","N","N","","0","","0","0","1","","0","N","","2","0","0","0","0","0","0","2","0","2","","","","N","","","","","","","","","",""
"2019094104","1611","0","0","0","0","0","0","0","0","0","1","0","","02","8","2019","5","40.605372","-80.093996","1548","11","0","0","0","0","0","2","0","0","1","0","0","0","","","0","","0","","40 36:19.339","1","0","80 05:38.384","0","0","0","0","2481","0","0","0","N","0","0","0","5","68B03","0","","1.0","","1","N","N","","3","","0","0","1","","0","N","","4","0","0","0","0","0","0","2","0","4","","","","N","","","","","","","","","",""
"2019085289","1102","1","0","0","0","0","0","0","0","0","1","0","","02","8","2019","7","40.428357","-79.973516","1059","11","0","0","0","0","0","0","0","0","","0","0","0","","","0","","1","","40 25:42.084","","0","79 58:24.659","0","0","0","0","2301","0","0","0","N","0","0","0","2","02301","0","","1.0","","1","N","N","","0","","0","0","1","","4","","","2","0","0","0","0","0","0","2","0","2","","","","N","","","","","","","","","",""
"2019100787","1542","1","0","0","0","0","0","0","0","0","1","0","","02","10","2019","2","40.592141","-80.074993","1537","11","0","0","0","0","0","1","0","0","","0","0","0","","","1","","3","","40 35:31.706","","0","80 04:29.976","3","0","0","0","2481","0","0","0","N","0","0","0","2","02481","0","","1.0","","9","N","N","","1","","1","0","0","","3","","","2","1","0","0","0","0","0","2","0","2","","","","N","","","","","","","","","",""
"2019093977","0845","1","0","0","0","0","0","0","0","0","7","0","","02","9","2019","2","40.480466","-79.835773","0816","11","0","0","0","0","0","0","0","0","","0","0","0","","","0","","0","","40 28:49.678","","0","79 50:08.782","0","0","0","0","2113","0","0","0","N","0","0","0","1","02113","0","","5.0","","1","N","N","","0","","0","0","0","","0","N","","1","0","0","0","0","0","0","2","0","1","","","","N","","","","","","","","","",""
"2019083740","0851","2","0","0","0","0","0","0","0","0","5","0","","02","8","2019","4","40.519902","-80.032609","0851","11","0","0","0","0","0","1","0","0","","0","0","0","","","0","N","0","","40 31:11.647","","0","80 01:57.394","0","0","0","0","2474","0","0","0","N","0","0","0","2","02474","0","","1.0","","1","N","N","N","0","","0","0","0","","0","","","2","0","0","0","0","0","0","2","0","2","","","","N","","","","","","","","","",""
"2019086364","1410","1","0","0","0","0","0","0","0","0","4","0","","02","8","2019","2","40.430198","-79.999328","1401","11","0","0","0","0","0","1","0","0","1","0","0","0","","","1","","0","","40 25:48.713","7","7","79 59:57.579","8","0","0","0","2301","0","0","0","N","0","0","0","3","02301","0","","1.0","","1","N","N","","0","","0","0","2","","3","N","","3","1","0","0","0","1","0","2","0","3","","","","N","","","","","","","","","",""
"2020006998","1848","1","0","0","0","0","0","0","0","0","1","0","","02","12","2019","6","40.440653","-79.859385","1845","11","0","0","0","0","0","1","0","0","","0","0","0","","","1","N","0","","40 26:26.351","4","0","79 51:33.785","3","0","0","0","2419","0","0","0","N","0","0","0","2","68B03","0","","1.0","1910.0","1","N","N","N","0","","1","0","1","","0","N","","2","1","0","0","0","0","0","2","0","2","","03","","N","","","","","","","","","",""
"2020023458","1331","0","0","0","0","0","0","0","0","0","4","0","","02","4","2019","4","40.369912","-79.828868","1327","11","0","0","0","0","0","0","1","0","","0","0","0","","","2","N","0","","40 22:11.683","1","7","79 49:43.923","3","0","0","0","2111","0","0","0","N","0","0","0","3","02111","0","","1.0","1357.0","1","N","N","N","0","","2","0","2","","0","N","","2","2","0","0","0","0","0","2","0","2","","03","","N","","","","","","","","","",""
"2020008871","1554","1","0","0","0","0","0","0","0","0","7","0","","02","11","2019","3","40.439536","-80.009653","1528","11","0","0","0","0","0","0","0","0","1","0","0","0","","","0","","0","","40 26:22.331","3","0","80 00:34.749","0","0","0","0","2301","0","0","0","N","0","0","0","1","68B03","0","","4.0","","1","N","N","","0","","0","0","0","","0","N","","1","0","0","0","0","0","0","2","0","1","","","","N","","","","","","","","","",""
"2020008072","1745","1","0","0","0","0","0","0","0","0","1","0","","02","9","2019","2","40.41924","-80.052383","1735","11","0","0","0","0","1","0","0","0","","0","0","0","","","0","","0","","40 25:09.264","","0","80 03:08.580","0","0","0","0","2435","0","0","0","N","0","0","0","2","68B03","0","","1.0","","1","N","N","","0","","0","0","1","","0","","","2","0","0","0","0","0","0","2","0","2","","","","N","","","","","","","","","",""
"2020008101","0335","0","0","0","0","0","0","0","0","0","7","0","","02","12","2019","2","40.519127","-80.275508","0250","11","0","0","0","0","0","1","0","0","","0","1","0","","","1","N","0","","40 31:08.858","","0","80 16:31.827","4","0","0","0","2203","0","0","0","Y","0","0","0","1","68B03","1","","2.0","","1","N","N","N","0","","0","0","0","","0","","","1","1","0","0","0","0","0","2","0","1","","03","","N","","","","","","","","","",""
"2020000621","0051","1","1","0","0","0","0","0","0","0","4","1","","02","12","2019","6","40.667333","-80.096528","0048","11","0","0","0","0","0","1","0","0","","1","1","0","","","0","","2","","40 40:02.400","5","0","80 05:47.500","1","0","0","0","2212","0","0","0","N","0","0","0","2","02505","0","2","1.0","520.0","9","N","N","N","0","0","0","0","0","","2","Y","","2","0","0","0","0","0","0","2","0","2","","","","N","","","","","","","","","",""
"2020008075","2054","2","0","0","0","0","0","0","0","0","1","0","","02","10","2019","1","40.428825","-79.933357","2015","11","0","0","0","0","0","0","0","0","","0","0","0","","","0","","0","","40 25:43.769","","0","79 56:00.086","0","0","0","0","2301","0","0","0","N","0","0","0","4","68B03","0","","1.0","","1","N","N","","0","","0","0","0","","0","","","2","0","0","0","0","0","0","2","0","2","","","","N","","","","","","","","","",""
"2020007865","","1","0","0","0","0","0","0","0","0","5","0","","02","2","2019","3","40.434099","-79.993957","","11","0","0","0","0","0","1","0","0","","0","0","0","","","1","N","0","","40 26:02.758","","0","79 59:38.245","8","0","0","0","2301","0","0","0","N","0","0","0","2","00000","0","","1.0","","9","N","N","N","0","","0","0","0","","0","","","2","1","0","0","0","1","0","2","0","2","","","","N","","","","","","","","","",""
"2020008092","1945","3","0","0","0","0","0","0","0","0","1","0","","02","12","2019","3","40.435996","-79.971819","1932","11","0","0","0","0","0","2","0","0","","0","0","0","","","0","N","0","","40 26:09.586","3","0","79 58:18.549","0","0","0","0","2301","0","0","0","N","0","0","0","3","68B03","0","","1.0","2030.0","1","N","N","N","0","","0","0","0","","0","N","","3","0","0","0","0","0","0","2","0","3","","03","","N","","","","","","","","","",""