"CRN","ARRIVAL_TM","AUTOMOBILE_COUNT","BELTED_DEATH_COUNT","BELTED_SUSP_SERIOUS_INJ_COUNT","BICYCLE_COUNT","BICYCLE_DEATH_COUNT","BICYCLE_SUSP_SERIOUS_INJ_COUNT","BUS_COUNT","CHLDPAS_DEATH_COUNT","CHLDPAS_SUSP_SERIOUS_INJ_COUNT","COLLISION_TYPE","COMM_VEH_COUNT","CONS_ZONE_SPD_LIM","COUNTY","CRASH_MONTH","CRASH_YEAR","DAY_OF_WEEK","DEC_LATITUDE","DEC_LONGITUDE","DISPATCH_TM","DISTRICT","DRIVER_COUNT_16YR","DRIVER_COUNT_17YR","DRIVER_COUNT_18YR","DRIVER_COUNT_19YR","DRIVER_COUNT_20YR","DRIVER_COUNT_50_64YR","DRIVER_COUNT_65_74YR","DRIVER_COUNT_75PLUS","EST_HRS_CLOSED","FATAL_COUNT","HEAVY_TRUCK_COUNT","HORSE_BUGGY_COUNT","HOUR_OF_DAY","ILLUMINATION","INJURY_COUNT","INTERSECTION_RELATED","INTERSECT_TYPE","LANE_CLOSED","LATITUDE","LN_CLOSE_DIR","LOCATION_TYPE","LONGITUDE","MAX_SEVERITY_LEVEL","MCYCLE_DEATH_COUNT","MCYCLE_SUSP_SERIOUS_INJ_COUNT","MOTORCYCLE_COUNT","MUNICIPALITY","NONMOTR_COUNT","NONMOTR_DEATH_COUNT","NONMOTR_SUSP_SERIOUS_INJ_COUNT","NTFY_HIWY_MAINT","PED_COUNT","PED_DEATH_COUNT","PED_SUSP_SERIOUS_INJ_COUNT","PERSON_COUNT","POLICE_AGCY","POSSIBLE_INJ_COUNT","RDWY_SURF_TYPE_CD","RELATION_TO_ROAD","ROADWAY_CLEARED","ROAD_CONDITION","SCH_BUS_IND","SCH_ZONE_IND","SECONDARY_CRASH","SMALL_TRUCK_COUNT","SPEC_JURIS_CD","SUSP_MINOR_INJ_COUNT","SUSP_SERIOUS_INJ_COUNT","SUV_COUNT","TCD_FUNC_CD","TCD_TYPE","TFC_DETOUR_IND","TIME_OF_DAY","TOTAL_UNITS","TOT_INJ_COUNT","UNBELTED_OCC_COUNT","UNB_DEATH_COUNT","UNB_SUSP_SERIOUS_INJ_COUNT","UNK_INJ_DEG_COUNT","UNK_INJ_PER_COUNT","URBAN_RURAL","VAN_COUNT","VEHICLE_COUNT","WEATHER1","WEATHER2","WORKERS_PRES","WORK_ZONE_IND","WORK_ZONE_LOC","WORK_ZONE_TYPE","WZ_CLOSE_DETOUR","WZ_FLAGGER","WZ_LAW_OFFCR_IND","WZ_LN_CLOSURE","WZ_MOVING","WZ_OTHER","WZ_SHLDER_MDN","WZ_WORKERS_INJ_KILLED"
"2020001023","0927","2","0","0","0","0","0","0","0","0","7","1","","02","12","2019","6","40.482917","-79.919667","0922","11","0","0","0","0","1","2","0","0","","0","0","0","","","0","Y","0","","40 28:58.500","3","0","79 55:10.800","0","0","0","0","2301","0","0","0","N","0","0","0","3","02301","0","","5.0","1010.0","1","N","N","N","0","","0","0","0","","0","N","","3","0","0","0","0","0","0","2","1","3","","03","","N","","","","","","","","","",""
"2020007013","1640","1","0","0","0","0","0","0","0","0","7","0","","02","12","2019","6","40.526323","-80.158562","1604","11","0","0","0","0","0","1","0","0","","0","0","0","","","0","N","1","","40 31:34.762","1","0","80 09:30.824","0","0","0","0","2436","0","0","0","N","0","0","0","1","68B03","0","","4.0","1700.0","1","N","N","N","0","","0","0","0","","2","N","","1","0","0","0","0","0","0","2","0","1","","","","N","","","","","","","","","",""
"2020009425","1659","1","0","0","0","0","0","0","0","0","1","1","","02","4","2019","7","40.423344","-80.030418","1649","11","0","0","0","0","0","1","0","0","","0","0","0","","","0","N","0","","40 25:24.040","","0","80 01:49.505","0","0","0","0","2301","0","0","0","N","0","0","0","5","68B03","0","","1.0","","1","N","N","N","1","","0","0","1","","0","","","3","0","0","0","0","0","0","2","0","3","","03","","N","","","","","","","","","",""
"2020003412","0756","1","0","0","0","0","0","0","0","0","7","0","","02","12","2019","5","40.537813","-80.087669","0751","11","0","0","1","0","0","0","0","0","","0","0","0","","","1","Y","0","","40 32:16.126","5","0","80 05:15.609","4","0","0","0","2215","0","0","0","N","0","0","0","1","02215","1","","5.0","855.0","2","N","N","Y","0","","0","0","0","","0","Y","","1","1","0","0","0","0","0","2","0","1","","06","","N","","","","","","","","","",""
"2020000618","1330","0","0","0","0","0","0","0","0","0","8","0","","02","12","2019","2","40.629384","-80.062811","1328","11","0","0","0","0","0","1","0","0","","0","0","0","","","2","N","0","","40 37:45.783","6","0","80 03:46.118","2","0","0","0","2216","1","0","1","N","1","0","1","2","02505","0","","2.0","1640.0","1","N","N","Y","1","","1","1","0","","0","Y","","2","2","1","0","0","0","0","2","0","1","","","","N","","","","","","","","","",""
"2020008423","1741","1","0","0","0","0","0","0","0","0","7","0","","02","2","2019","4","40.519075","-80.055478","1714","11","0","0","0","0","0","0","0","0","","0","0","0","","","0","N","0","","40 31:08.671","","0","80 03:19.719","0","0","0","0","2116","0","0","0","N","0","0","0","1","68B03","0","","4.0","","9","N","N","N","0","","0","0","0","","0","","","1","0","0","0","0","0","0","2","0","1","","03","","N","","","","","","","","","",""
"2020008612","1048","1","0","0","0","0","0","0","0","0","1","0","","02","12","2019","2","40.445214","-80.11086","1041","11","0","0","0","0","0","0","0","0","","0","0","0","","","0","N","0","","40 26:42.771","1","0","80 06:39.095","0","0","0","0","2115","0","0","0","N","0","0","0","3","68B03","0","","1.0","1120.0","1","N","N","N","1","","0","0","0","","0","N","","2","0","0","0","0","0","0","2","0","2","","03","","N","","","","","","","","","",""
"2020001159","2005","1","0","0","0","0","0","0","0","0","1","0","","02","12","2019","1","40.481364","-80.013543","1951","11","0","0","0","0","0","0","0","0","","0","0","0","","","0","N","0","","40 28:52.911","","0","80 00:48.753","9","0","0","0","2301","0","0","0","N","0","0","0","1","02301","0","","6.0","","1","N","N","N","0","","0","0","2","","0","","","3","0","0","0","0","0","1","2","0","3","","03","","N","","","","","","","","","",""
"2020008071","1057","1","0","0","0","0","0","0","0","0","7","0","","02","8","2019","6","40.435284","-79.982873","1033","11","0","0","0","0","0","0","0","0","","0","0","0","","","0","","0","","40 26:07.023","","0","79 58:58.343","0","0","0","0","2301","0","0","0","N","0","0","0","1","68B03","0","","4.0","","1","N","N","","0","","0","0","0","","0","","","1","0","0","0","0","0","0","2","0","1","","","","N","","","","","","","","","",""
"2020003506","0756","2","0","0","0","0","0","0","0","0","1","0","","02","12","2019","5","40.537813","-80.087669","0751","11","0","0","0","0","0","0","0","0","","0","0","0","","","0","N","0","","40 32:16.126","5","0","80 05:15.609","0","0","0","0","2215","0","0","0","N","0","0","0","2","02215","0","","1.0","855.0","2","N","N","N","0","","0","0","0","","0","Y","","2","0","0","0","0","0","0","2","0","2","","","","N","","","","","","","","","",""
"2020011470","","2","0","0","0","0","0","0","0","0","4","0","","02","5","2019","6","40.389018","-80.042344","","11","0","0","0","0","0","0","0","0","","0","0","0","","","1","","2","","40 23:20.466","","0","80 02:32.439","3","0","0","0","2109","0","0","0","N","0","0","0","2","00000","0","","1.0","","1","N","N","N","0","","1","0","0","","2","","","2","1","0","0","0","0","0","2","0","2","","","","N","","","","","","","","","",""
"2020009888","2229","1","0","0","0","0","0","0","0","0","1","0","","02","12","2019","1","40.63215","-80.097452","2153","11","0","0","0","0","0","0","0","0","","0","0","0","","","1","N","0","","40 37:55.740","","0","80 05:50.826","3","0","0","0","2212","0","0","0","N","0","0","0","2","68B03","0","","1.0","","9","N","N","N","0","","1","0","1","","0","","","2","1","0","0","0","0","0","2","0","2","","07","","N","","","","","","","","","",""
"2020011491","","0","0","0","0","0","0","0","0","0","1","0","","02","5","2019","5","40.54863","-79.823138","","11","0","0","0","0","0","1","0","0","","0","0","0","","","0","N","0","","40 32:55.068","","0","79 49:23.295","0","0","0","0","2208","0","0","0","N","0","0","0","2","00000","0","","1.0","","1","N","N","N","1","","0","0","0","","0","","","2","0","0","0","0","0","0","2","1","2","","","","N","","","","","","","","","",""
"2020002429","0213","0","0","1","0","0","0","0","0","0","7","0","","02","11","2019","1","40.50971","-79.956093","0211","11","0","0","0","0","0","0","0","0","","0","0","0","","","2","N","0","","40 30:34.955","5","0","79 57:21.935","2","0","0","0","2118","0","0","0","Y","0","0","0","2","02118","0","","5.0","900.0","9","N","N","N","1","","0","2","0","","0","Y","","1","2","1","0","1","0","0","2","0","1","","","","N","","","","","","","","","",""
"2020009106","0540","0","0","0","0","0","0","0","0","0","7","1","","02","12","2019","2","40.589194","-80.098841","0527","11","0","0","0","0","0","0","0","0","","0","1","0","","","1","N","3","","40 35:21.099","2","1","80 05:55.826","4","0","0","0","2481","0","0","0","N","0","0","0","2","68B03","1","","4.0","705.0","9","N","N","N","0","","0","0","0","","0","N","","1","1","0","0","0","0","0","2","0","1","","","","N","","","","","","","","","",""
"2020002881","1901","3","0","0","0","0","0","0","0","0","1","0","","02","12","2019","4","40.392204","-80.087738","1901","11","0","0","0","0","0","1","2","0","","0","0","0","","","0","N","2","","40 23:31.935","","0","80 05:15.858","0","0","0","0","2437","0","0","0","N","0","0","0","4","02437","0","","1.0","","1","N","N","N","0","","0","0","1","","0","","","4","0","0","0","0","0","0","2","0","4","","","","N","","","","","","","","","",""
"2020010662","0940","0","0","0","0","0","0","0","0","0","98","0","","02","10","2019","3","40.460018","-79.999577","0924","11","0","0","0","0","0","0","0","0","","0","0","0","","","0","N","0","","40 27:36.064","","0","79 59:58.477","0","0","0","0","2301","0","0","0","N","0","0","0","1","68B03","0","","4.0","","9","N","N","N","0","","0","0","1","","0","","","1","0","0","0","0","0","0","2","0","1","","","","N","","","","","","","","","",""
"2020011645","2225","0","0","0","0","0","0","0","0","0","98","0","","02","12","2019","7","40.46981","-80.207093","2220","11","0","0","0","0","0","0","0","0","","0","0","0","","","0","","7","","40 28:11.317","","0","80 12:25.534","0","0","0","0","2213","0","0","0","N","0","0","0","2","02213","0","","1.0","","1","N","N","N","0","","0","0","1","","0","","","1","0","0","0","0","0","0","2","0","1","","03","","N","","","","","","","","","",""
"2020003785","1451","0","0","0","0","0","0","0","0","0","7","0","","02","6","2019","1","40.36577","-79.822808","1449","11","0","0","0","0","0","1","0","0","","0","0","0","","","1","Y","0","","40 21:56.773","2","0","79 49:22.108","4","0","0","0","2111","0","0","0","Y","0","0","0","1","02111","1","","2.0","1600.0","1","N","N","N","0","","0","0","1","","0","N","","1","1","0","0","0","0","0","2","0","1","","03","","N","","","","","","","","","",""
"2020011646","1705","1","0","0","0","0","0","0","0","0","7","0","","02","12","2019","4","40.515853","-80.217772","1703","11","0","0","0","0","0","1","0","0","","0","0","0","","","0","N","0","","40 30:57.070","","0","80 13:03.980","0","0","0","0","2213","0","0","0","N","0","0","0","1","02213","0","","5.0","","1","N","N","N","0","","0","0","0","","0","","","1","0","0","0","0","0","0","2","0","1","","","","N","","","","","","","","","",""
"2020004819","0609","1","0","0","0","0","0","0","0","0","7","0","","02","10","2019","1","40.428002","-79.889966","0601","11","0","0","0","0","0","1","0","0","","0","0","0","","","1","Y","0","","40 25:40.808","3","0","79 53:23.877","2","0","0","0","2426","0","0","0","N","0","0","0","1","68B03","0","","5.0","20.0","9","N","N","N","0","","0","1","0","","0","N","","1","1","0","0","0","0","0","2","0","1","","","","N","","","","","","","","","",""
"2020024966","1238","1","0","0","0","0","0","0","0","0","2","0","","02","12","2019","6","40.609028","-79.749472","1235","11","0","0","0","0","0","0","0","0","","1","0","0","","","3","N","2","","40 36:32.500","6","0","79 44:58.100","1","0","0","0","2409","0","0","0","N","0","0","0","4","02409","0","2","1.0","9999.0","1","N","N","N","0","0","3","0","0","","0","Y","","2","3","0","0","0","0","0","2","1","2","","03","","N","","","","","","","","","",""
"2020004386","1147","1","0","0","0","0","0","0","0","0","1","0","","02","10","2019","5","40.419172","-80.052523","1138","11","0","0","0","0","0","1","0","0","1","0","0","0","","","0","","0","","40 25:09.019","3","0","80 03:09.081","0","0","0","0","2435","0","0","0","N","0","0","0","5","68B03","0","","1.0","","1","N","N","","1","","0","0","2","","0","N","","4","0","0","0","0","0","0","2","0","4","","","","N","","","","","","","","","",""
"2020020517","1523","2","0","0","0","0","0","0","0","0","1","0","","02","12","2019","6","40.438731","-79.747117","1513","11","0","0","0","0","0","0","1","0","","0","0","0","","","0","N","0","","40 26:19.432","","0","79 44:49.622","0","0","0","0","2446","0","0","0","N","0","0","0","2","02446","0","","1.0","","1","N","N","N","0","","0","0","0","","0","N","","2","0","0","0","0","0","0","2","0","2","","","","N","","","","","","","","","",""
"2020021270","1413","1","0","0","0","0","0","0","0","0","5","0","","02","7","2019","6","40.457511","-79.917391","1404","11","0","0","0","0","0","1","0","0","","0","0","0","","","1","","1","","40 27:27.038","3","0","79 55:02.607","2","0","1","1","2301","0","0","0","N","0","0","0","2","02301","0","","1.0","1500.0","1","N","N","N","0","","0","1","0","","2","N","","2","1","0","0","0","0","0","2","0","2","","03","","N","","","","","","","","","",""
"2020014503","","1","0","0","0","0","0","0","0","0","7","0","","02","8","2019","7","40.313536","-79.938882","","11","0","0","0","0","0","0","0","0","","0","0","0","","","0","N","0","","40 18:48.731","","0","79 56:19.975","0","0","0","0","2440","0","0","0","N","0","0","0","1","00000","0","","1.0","","1","N","N","N","0","","0","0","0","","0","","","1","0","0","0","0","0","0","2","0","1","","","","N","","","","","","","","","",""
"2020013673","","1","0","0","0","0","0","0","0","0","1","0","","02","7","2019","4","40.432556","-79.936139","","11","0","0","0","0","0","1","0","0","","0","0","0","","","1","Y","0","","40 25:57.200","","0","79 56:10.100","4","0","0","0","2301","0","0","0","N","0","0","0","3","00000","1","","1.0","","1","N","N","N","0","","0","0","0","","2","","","2","1","0","0","0","0","0","2","0","2","","","","N","","","","","","","","","",""
"2020010211","1829","1","0","0","0","0","0","0","0","0","0","0","","02","5","2019","5","40.469287","-80.205448","1816","11","0","0","0","0","0","1","0","0","","0","0","0","","","0","N","0","","40 28:09.433","","0","80 12:19.614","0","0","0","0","2203","0","0","0","N","0","0","0","1","68B03","0","","4.0","","1","N","N","N","0","","0","0","0","","0","","","1","0","0","0","0","0","0","2","0","1","","03","","N","","","","","","","","","",""
"2020000799","2227","1","0","0","0","0","0","0","0","0","7","0","","02","12","2019","1","40.356678","-79.991072","2225","11","0","0","0","0","0","0","0","0","","1","0","0","","","1","N","0","","40 21:24.040","5","0","79 59:27.860","1","0","0","0","2476","0","0","0","N","0","0","0","2","02476","0","2","4.0","330.0","1","N","N","N","0","0","1","0","0","","0","Y","","1","1","1","1","0","0","0","2","0","1","","","","N","","","","","","","","","",""
"2020004389","0722","2","0","0","0","0","0","0","0","0","99","1","","02","11","2019","2","40.410513","-80.071278","0708","11","0","0","0","0","0","1","1","0","","0","1","0","","","0","","0","","40 24:37.846","","0","80 04:16.600","0","0","0","0","2117","0","0","0","N","0","0","0","4","68B03","0","","1.0","","1","N","N","","0","","0","0","0","","0","","","3","0","0","0","0","0","0","2","0","3","","","","N","","","","","","","","","",""
"2020013347","1856","1","1","0","0","0","0","0","0","0","4","0","","02","11","2019","5","40.352194","-79.977639","1856","11","0","0","0","0","0","0","1","1","","1","0","0","","","2","","1","","40 21:07.900","2","0","79 58:39.500","1","0","0","0","2476","0","0","0","N","0","0","0","3","02476","0","2","1.0","9999.0","1","N","N","N","0","0","2","0","1","","2","N","","2","2","1","0","0","0","0","2","0","2","","","","N","","","","","","","","","",""
"2020016439","","0","0","0","0","0","0","0","0","0","5","1","","02","10","2019","3","40.384707","-79.99513","","11","0","0","0","0","0","0","0","0","","0","1","0","","","1","","2","","40 23:04.944","","0","79 59:42.468","4","0","0","0","2301","0","0","0","N","0","0","0","4","00000","1","","1.0","","9","N","N","N","0","","0","0","2","","2","","","3","1","0","0","0","0","0","2","0","3","","","","N","","","","","","","","","",""
"2020011672","0235","1","0","0","0","0","0","0","0","0","98","0","","02","9","2019","4","40.425641","-79.90356","0232","11","0","0","0","0","0","0","0","0","","0","0","0","","","0","N","0","","40 25:32.308","3","0","79 54:12.815","0","0","0","0","2301","0","0","0","N","0","0","0","1","68B03","0","","2.0","255.0","1","N","N","N","0","","0","0","0","","0","N","","1","0","0","0","0","0","0","2","0","1","","03","","N","","","","","","","","","",""
"2020006995","1840","1","0","0","0","0","0","0","0","0","1","0","","02","9","2019","6","40.357235","-80.1188","1823","11","0","0","0","0","1","0","0","0","","0","0","0","","","0","","0","","40 21:26.047","","0","80 07:07.679","0","0","0","0","2119","0","0","0","N","0","0","0","2","68B03","0","","1.0","","1","N","N","","1","","0","0","0","","0","","","2","0","0","0","0","0","0","2","0","2","","","","N","","","","","","","","","",""
"2020014102","0430","1","0","0","0","0","0","0","0","0","8","0","","02","8","2019","6","40.444671","-80.000889","0426","11","0","0","0","0","0","0","0","0","","0","0","0","","","1","","1","","40 26:40.817","4","0","80 00:03.200","2","0","0","0","2301","1","0","1","N","1","0","1","2","02301","0","","1.0","600.0","1","N","N","N","0","","0","1","0","","2","Y","","2","1","0","0","0","0","1","2","0","1","","","","N","","","","","","","","","",""
"2020002500","0920","2","0","1","0","0","0","0","0","0","3","0","","02","12","2019","2","40.518217","-80.031566","0916","11","0","0","0","0","0","0","1","1","","0","0","0","","","2","N","2","","40 31:05.580","4","0","80 01:53.638","2","0","0","0","2474","0","0","0","N","0","0","0","3","02474","0","","1.0","935.0","1","N","N","N","0","","1","1","0","","0","Y","","2","2","0","0","0","0","0","2","0","2","","","","N","","","","","","","","","",""
"2020012576","2120","2","0","0","0","0","0","0","0","0","4","0","","02","11","2019","4","40.431746","-80.024515","2059","11","0","1","0","0","0","1","0","0","","0","0","0","","","0","N","0","","40 25:54.285","3","4","80 01:28.253","0","0","0","0","2301","0","0","0","N","0","0","0","5","68B03","0","","1.0","2115.0","1","N","N","N","0","","0","0","0","","0","N","","2","0","1","0","0","0","0","2","0","2","","03","","N","","","","","","","","","",""
"2020016337","","2","0","0","0","0","0","0","0","0","1","0","","02","10","2019","4","40.434724","-80.019011","","11","0","0","0","0","0","0","0","0","","0","0","0","","","1","N","0","","40 26:05.007","","4","80 01:08.438","4","0","0","0","2301","0","0","0","N","0","0","0","2","00000","1","","1.0","","1","N","N","N","0","","0","0","0","","0","","","2","1","0","0","0","0","0","2","0","2","","","","N","","","","","","","","","",""
"2020015893","","1","0","0","0","0","0","0","0","0","1","0","","02","9","2019","4","40.456385","-79.954842","","11","0","0","0","0","0","0","0","0","","0","0","0","","","1","Y","0","","40 27:22.986","","0","79 57:17.430","4","0","0","0","2301","0","0","0","N","0","0","0","2","00000","1","","1.0","","1","N","N","N","0","","0","0","1","","2","","","2","1","0","0","0","0","0","2","0","2","","","","N","","","","","","","","","",""
"2020005614","1451","1","0","0","0","0","0","0","0","0","1","0","","02","10","2019","6","40.528853","-80.018096","1451","11","0","0","0","0","0","2","0","0","","0","0","0","","","0","N","0","","40 31:43.870","1","6","80 01:05.147","0","0","0","0","2116","0","0","0","N","0","0","0","2","02116","0","","1.0","1510.0","1","N","N","N","0","","0","0","1","","0","N","","2","0","0","0","0","0","0","2","0","2","","03","","N","","","","","","","","","",""
"2020008073","1720","2","0","0","0","0","0","0","0","0","1","0","","02","9","2019","4","40.426285","-79.894076","1659","11","0","0","0","0","0","1","0","0","","0","0","0","","","1","","0","","40 25:34.625","","3","79 53:38.674","4","0","0","0","2301","0","0","0","N","0","0","0","2","68B03","1","","1.0","","1","N","N","","0","","0","0","0","","0","","","2","1","0","0","0","0","0","2","0","2","","","","N","","","","","","","","","",""
"2020018284","","1","0","0","0","0","0","0","0","0","98","0","","02","11","2019","6","40.356835","-80.118722","","11","0","0","0","0","0","0","0","0","","0","0","0","","","1","N","0","","40 21:24.606","","0","80 07:07.398","4","0","0","0","2414","0","0","0","N","0","0","0","1","00000","1","","1.0","","1","N","N","N","0","","0","0","0","","0","","","1","1","0","0","0","0","0","2","0","1","","","","N","","","","","","","","","",""
"2020009094","2142","1","0","0","0","0","0","0","0","0","1","0","","02","11","2019","5","40.434731","-79.983431","2132","11","0","0","0","0","0","0","0","0","","0","0","0","","","1","N","0","","40 26:05.030","3","0","79 59:00.352","4","0","0","0","2301","0","0","0","N","0","0","0","2","68B03","1","","1.0","2200.0","1","N","N","N","0","","0","0","1","","0","N","","2","1","0","0","0","0","0","2","0","2","","03","","N","","","","","","","","","",""
"2020005862","1703","1","0","0","0","0","0","0","0","0","1","0","","02","12","2019","4","40.367069","-79.778328","1700","11","0","0","0","0","0","0","0","0","","0","0","0","","","1","N","0","","40 22:01.450","4","0","79 46:41.981","3","0","0","0","2111","0","0","0","N","0","0","0","6","02111","0","","1.0","1747.0","9","N","N","N","1","","1","0","0","","2","N","","2","1","0","0","0","0","0","2","0","2","","","","N","","","","","","","","","",""
"2020018289","","2","0","0","0","0","0","0","0","0","1","0","","02","11","2019","2","40.458588","-79.999413","","11","0","0","0","0","0","0","0","0","","0","0","0","","","0","Y","0","","40 27:30.916","","2","79 59:57.887","0","0","0","0","2301","0","0","0","N","0","0","0","2","00000","0","","1.0","","9","N","N","N","0","","0","0","0","","3","","","2","0","0","0","0","0","0","2","0","2","","","","N","","","","","","","","","",""
"2020001813","1612","2","0","0","0","0","0","0","0","0","1","0","45","02","10","2019","4","40.341363","-80.127562","1550","11","0","0","0","0","0","0","0","1","","0","0","0","","","0","N","0","","40 20:28.906","2","0","80 07:39.223","0","0","0","0","2119","0","0","0","N","0","0","0","2","68B03","0","","1.0","1620.0","1","N","N","N","0","","0","0","0","","0","N","","2","0","0","0","0","0","0","2","0","2","","03","N","Y","8","1","N","N","N","Y","N","N","N",""
"2020008594","1031","0","0","0","0","0","0","0","0","0","7","0","","02","12","2019","3","40.428148","-79.948281","1026","11","0","0","0","0","0","0","0","0","","0","0","0","","","0","N","0","","40 25:41.333","3","3","79 56:53.812","0","0","0","0","2301","0","0","0","N","0","0","0","1","68B03","0","","2.0","1100.0","1","N","N","N","1","","0","0","0","","0","N","","1","0","1","0","0","0","0","2","0","1","","","","N","","","","","","","","","",""
"2020004383","1755","1","0","0","0","0","0","0","0","0","1","0","","02","10","2019","3","40.421043","-80.042549","1723","11","0","0","0","0","0","1","0","0","","0","0","0","","","0","","0","","40 25:15.756","","0","80 02:33.177","0","0","0","0","2435","0","0","0","N","0","0","0","3","68B03","0","","4.0","","1","N","N","","0","","0","0","1","","0","","","3","0","0","0","0","0","0","2","1","3","","","","N","","","","","","","","","",""
"2020006996","0723","0","0","0","0","0","0","0","0","0","4","0","","02","11","2019","2","40.442205","-79.857036","0644","11","0","0","0","0","0","0","1","0","","0","0","0","","","0","N","0","","40 26:31.938","","0","79 51:25.329","0","0","0","0","2419","0","0","0","N","0","0","0","2","68B03","0","","1.0","","1","N","N","N","1","","0","0","1","","0","","","2","0","0","0","0","0","0","2","0","2","","","","N","","","","","","","","","",""
"2020009496","0831","1","0","0","0","0","0","0","0","0","4","0","","02","12","2019","4","","","0831","11","0","0","0","1","0","0","0","0","","0","0","0","","","0","","1","","40 30:29.4","","0","80 02:12.9","0","0","0","0","2116","0","0","0","N","0","0","0","2","02116","0","","1.0","","1","N","N","N","0","","0","0","1","","0","","","2","0","0","0","0","0","0","1","0","2","","03","","N","","","","","","","","","",""
"2020001681","1429","1","0","0","0","0","0","0","0","0","7","0","","02","12","2019","4","40.515899","-79.853816","1350","11","0","0","0","0","0","0","0","0","","0","0","0","","","0","N","0","","40 30:57.235","","0","79 51:13.738","0","0","0","0","2112","0","0","0","N","0","0","0","1","68D02","0","","2.0","","7","N","N","N","0","","0","0","0","","0","","","1","0","0","0","0","0","0","2","0","1","","02","","N","","","","","","","","","",""
"2020008076","0153","1","0","0","0","0","0","0","0","0","7","0","","02","10","2019","2","40.504365","-80.137818","0133","11","0","0","1","0","0","0","0","0","","0","0","0","","","0","","0","","40 30:15.714","","0","80 08:16.146","0","0","0","0","2115","0","0","0","N","0","0","0","1","68B03","0","","4.0","","1","N","N","","0","","0","0","0","","0","","","1","0","0","0","0","0","0","2","0","1","","","","N","","","","","","","","","",""
"2020016244","0129","1","0","0","0","0","0","0","0","0","7","0","","02","10","2019","7","40.511636","-80.101955","0129","11","0","0","0","0","0","0","0","0","","0","0","0","","","0","N","2","","40 30:41.889","2","0","80 06:07.038","0","0","0","0","2429","0","0","0","N","0","0","0","1","02215","0","","2.0","9999.0","1","N","N","N","0","","0","0","0","","0","N","","1","0","0","0","0","0","0","2","0","1","","","","N","","","","","","","","","",""
"2020014174","1825","2","0","0","0","0","0","0","0","0","1","0","","02","9","2019","4","40.45365","-79.760611","1820","11","0","0","0","0","0","2","0","0","","0","0","0","","","0","N","0","","40 27:13.140","","0","79 45:38.200","0","0","0","0","2446","0","0","0","N","0","0","0","2","02446","0","","1.0","","1","N","N","N","0","","0","0","0","","0","N","","2","0","0","0","0","0","0","2","0","2","","03","","N","","","","","","","","","",""
"2020018371","","1","0","0","0","0","0","0","0","0","5","1","","02","11","2019","3","40.437686","-80.003769","","11","0","0","0","0","0","0","0","0","","0","1","0","","","0","N","0","","40 26:15.668","","0","80 00:13.567","0","0","0","0","2301","0","0","0","N","0","0","0","2","00000","0","","1.0","","1","N","N","N","0","","0","0","0","","0","","","2","0","0","0","0","0","0","2","0","2","","","","N","","","","","","","","","",""
"2020016267","0519","0","0","0","0","0","0","0","0","0","7","0","","02","12","2019","2","40.534309","-80.157528","0509","11","0","0","0","0","0","0","0","0","","0","0","0","","","0","","1","","40 32:03.512","","0","80 09:27.100","0","0","0","0","2125","0","0","0","N","0","0","0","2","02215","0","","5.0","","1","N","N","N","0","","0","0","1","","0","N","","1","0","0","0","0","0","0","2","0","1","","","","N","","","","","","","","","",""
"2020000146","2303","2","0","0","0","0","0","0","0","0","5","0","","02","12","2019","7","40.385306","-79.9785","2253","11","0","0","0","0","0","1","0","0","","0","0","0","","","0","N","0","","40 23:07.100","3","0","79 58:42.600","0","0","0","0","2301","0","0","0","N","0","0","0","1","02301","0","","4.0","2307.0","1","N","N","N","0","","0","0","0","","0","N","","2","0","0","0","0","0","0","2","0","2","","","","N","","","","","","","","","",""
"2020000139","1852","2","0","0","0","0","0","0","0","0","1","0","","02","12","2019","6","40.330089","-80.058575","1845","11","0","0","1","0","0","0","0","0","2","0","0","0","","","0","Y","0","","40 19:48.320","4","0","80 03:30.870","0","0","0","0","2123","0","0","0","N","0","0","0","2","02407","0","","1.0","","1","N","N","","0","","0","0","0","","0","N","","2","0","0","0","0","0","0","2","0","2","","","","N","","","","","","","","","",""
"2020004905","1828","2","0","0","0","0","0","0","0","0","2","0","","02","11","2019","1","40.493883","-79.948536","1826","11","0","0","0","0","0","1","0","0","1","0","0","0","","","0","","2","","40 29:37.980","3","0","79 56:54.731","0","0","0","0","2430","0","0","0","N","0","0","0","2","02430","0","","1.0","","1","N","N","","0","","0","0","0","","3","N","","2","0","0","0","0","0","0","2","0","2","","","","N","","","","","","","","","",""
"2020000284","1900","1","0","0","0","0","0","0","0","0","1","0","","02","12","2019","5","40.407681","-79.909619","1900","11","0","0","0","0","0","1","0","0","","0","0","0","","","2","N","0","","40 24:27.650","4","0","79 54:34.627","4","0","0","0","2438","0","0","0","N","0","0","0","3","02438","2","","1.0","1935.0","1","N","N","N","0","","0","0","1","","2","Y","","2","2","0","0","0","0","0","2","0","2","","03","","N","","","","","","","","","",""
"2020004499","0910","1","0","0","0","0","0","0","0","0","7","0","","02","12","2019","5","40.471018","-80.198628","0903","11","0","0","0","0","0","0","0","0","","0","0","0","","","0","","0","","40 28:15.666","4","2","80 11:55.059","0","0","0","0","2213","0","0","0","N","0","0","0","1","02213","0","","2.0","955.0","1","N","N","N","0","","0","0","0","","0","N","","1","0","0","0","0","0","0","2","0","1","","03","","N","","","","","","","","","",""