"CRN","ARRIVAL_TM","AUTOMOBILE_COUNT","BELTED_DEATH_COUNT","BELTED_SUSP_SERIOUS_INJ_COUNT","BICYCLE_COUNT","BICYCLE_DEATH_COUNT","BICYCLE_SUSP_SERIOUS_INJ_COUNT","BUS_COUNT","CHLDPAS_DEATH_COUNT","CHLDPAS_SUSP_SERIOUS_INJ_COUNT","COLLISION_TYPE","COMM_VEH_COUNT","CONS_ZONE_SPD_LIM","COUNTY","CRASH_MONTH","CRASH_YEAR","DAY_OF_WEEK","DEC_LATITUDE","DEC_LONGITUDE","DISPATCH_TM","DISTRICT","DRIVER_COUNT_16YR","DRIVER_COUNT_17YR","DRIVER_COUNT_18YR","DRIVER_COUNT_19YR","DRIVER_COUNT_20YR","DRIVER_COUNT_50_64YR","DRIVER_COUNT_65_74YR","DRIVER_COUNT_75PLUS","EST_HRS_CLOSED","FATAL_COUNT","HEAVY_TRUCK_COUNT","HORSE_BUGGY_COUNT","HOUR_OF_DAY","ILLUMINATION","INJURY_COUNT","INTERSECTION_RELATED","INTERSECT_TYPE","LANE_CLOSED","LATITUDE","LN_CLOSE_DIR","LOCATION_TYPE","LONGITUDE","MAX_SEVERITY_LEVEL","MCYCLE_DEATH_COUNT","MCYCLE_SUSP_SERIOUS_INJ_COUNT","MOTORCYCLE_COUNT","MUNICIPALITY","NONMOTR_COUNT","NONMOTR_DEATH_COUNT","NONMOTR_SUSP_SERIOUS_INJ_COUNT","NTFY_HIWY_MAINT","PED_COUNT","PED_DEATH_COUNT","PED_SUSP_SERIOUS_INJ_COUNT","PERSON_COUNT","POLICE_AGCY","POSSIBLE_INJ_COUNT","RDWY_SURF_TYPE_CD","RELATION_TO_ROAD","ROADWAY_CLEARED","ROAD_CONDITION","SCH_BUS_IND","SCH_ZONE_IND","SECONDARY_CRASH","SMALL_TRUCK_COUNT","SPEC_JURIS_CD","SUSP_MINOR_INJ_COUNT","SUSP_SERIOUS_INJ_COUNT","SUV_COUNT","TCD_FUNC_CD","TCD_TYPE","TFC_DETOUR_IND","TIME_OF_DAY","TOTAL_UNITS","TOT_INJ_COUNT","UNBELTED_OCC_COUNT","UNB_DEATH_COUNT","UNB_SUSP_SERIOUS_INJ_COUNT","UNK_INJ_DEG_COUNT","UNK_INJ_PER_COUNT","URBAN_RURAL","VAN_COUNT","VEHICLE_COUNT","WEATHER1","WEATHER2","WORKERS_PRES","WORK_ZONE_IND","WORK_ZONE_LOC","WORK_ZONE_TYPE","WZ_CLOSE_DETOUR","WZ_FLAGGER","WZ_LAW_OFFCR_IND","WZ_LN_CLOSURE","WZ_MOVING","WZ_OTHER","WZ_SHLDER_MDN","WZ_WORKERS_INJ_KILLED"
"2020004820","1843","1","0","0","0","0","0","0","0","0","1","0","","02","10","2019","4","40.427762","-79.890331","1831","11","0","0","0","0","0","1","0","0","","0","0","0","","","0","N","0","","40 25:39.943","","0","79 53:25.192","0","0","0","0","2301","0","0","0","N","0","0","0","3","68B03","0","","1.0","","9","N","N","N","0","","0","0","2","","0","","","3","0","0","0","0","0","0","2","0","3","","","","N","","","","","","","","","",""
"2020007014","1853","0","0","0","0","0","0","0","0","0","1","0","","02","12","2019","7","40.440894","-79.83485","1849","11","0","0","0","0","0","0","1","1","","0","0","0","","","0","N","0","","40 26:27.218","4","0","79 50:05.459","9","0","0","0","2419","0","0","0","N","0","0","0","3","68B03","0","","1.0","2000.0","1","N","N","N","0","","0","0","2","","0","N","","2","0","0","0","0","0","2","2","0","2","","03","","N","","","","","","","","","",""
"2020004192","0519","1","0","0","0","0","0","0","0","0","7","0","","02","12","2019","2","40.429195","-79.943296","0504","11","0","0","0","0","0","1","0","0","","0","0","0","","","0","N","0","","40 25:45.102","3","0","79 56:35.864","0","0","0","0","2301","0","0","0","N","0","0","0","1","68B03","0","","2.0","615.0","9","N","N","N","0","","0","0","0","","0","N","","1","0","0","0","0","0","0","2","0","1","","","","N","","","","","","","","","",""
"2020001039","1130","4","0","0","0","0","0","0","0","0","1","0","","02","12","2019","3","40.367373","-79.818574","1125","11","0","0","0","0","0","2","0","0","","0","0","0","","","2","N","2","","40 22:02.544","5","0","79 49:06.866","3","0","0","0","2111","0","0","0","N","0","0","0","4","02111","0","","1.0","1311.0","9","N","N","N","0","","1","0","0","","0","N","","4","2","0","0","0","1","0","2","0","4","","04","","N","","","","","","","","","",""
"2020019374","","0","0","0","0","0","0","0","0","0","5","0","","02","12","2019","6","40.452056","-79.996306","","11","0","0","0","0","0","1","0","0","","0","0","0","","","1","","7","","40 27:07.400","","2","79 59:46.700","8","0","0","0","2301","0","0","0","N","0","0","0","2","00000","0","","7.0","","1","N","N","N","2","","0","0","0","","0","","","2","1","0","0","0","1","0","2","0","2","","","","N","","","","","","","","","",""
"2020002708","1752","1","0","0","0","0","0","0","0","0","8","0","","02","12","2019","6","40.518214","-80.222519","1751","11","1","0","0","0","0","0","0","0","","0","0","0","","","1","","0","","40 31:05.572","","7","80 13:21.069","4","0","0","0","2213","1","0","0","N","1","0","0","2","02213","1","","1.0","","1","N","N","N","0","","0","0","0","","2","","","2","1","0","0","0","0","0","2","0","1","","","","N","","","","","","","","","",""
"2020007011","0730","1","0","0","0","0","0","0","0","0","7","0","","02","12","2019","6","40.429239","-79.942288","0730","11","0","0","0","0","0","0","0","0","","0","0","0","","","0","N","0","","40 25:45.259","","0","79 56:32.235","0","0","0","0","2301","0","0","0","N","0","0","0","1","68B03","0","","3.0","","9","N","N","Y","0","","0","0","0","","0","","","1","0","0","0","0","0","0","2","0","1","","","","N","","","","","","","","","",""
"2020002710","0905","0","0","0","0","0","0","0","0","0","4","0","","02","12","2019","2","40.487074","-80.188322","0900","11","0","0","0","0","0","1","1","0","","0","0","0","","","1","","0","","40 29:13.465","","7","80 11:17.960","3","0","0","0","2213","0","0","0","N","0","0","0","4","02213","0","","1.0","","9","N","N","N","0","","1","0","2","","0","","","2","1","0","0","0","0","0","2","0","2","","03","","N","","","","","","","","","",""
"2020004823","1931","2","0","0","0","0","0","0","0","0","1","0","","02","11","2019","6","40.416206","-80.058755","1910","11","0","0","0","0","0","1","0","0","","0","0","0","","","7","N","0","","40 24:58.340","","0","80 03:31.519","4","0","0","0","2435","0","0","0","N","0","0","0","7","68B03","1","","1.0","","1","N","N","N","1","","0","0","0","","0","","","3","7","1","0","0","6","0","2","0","3","","03","","N","","","","","","","","","",""
"2020000590","1736","1","0","0","0","0","0","0","0","0","4","0","","02","12","2019","6","40.448411","-79.761136","1726","11","0","0","0","0","1","0","0","0","","0","0","0","","","0","","1","","40 26:54.279","","0","79 45:40.091","0","0","0","0","2446","0","0","0","N","0","0","0","2","02446","0","","1.0","","1","N","N","N","0","","0","0","1","","3","","","2","0","0","0","0","0","0","2","0","2","","03","","N","","","","","","","","","",""
"2020000369","1141","2","0","0","0","0","0","0","0","0","4","0","","02","12","2019","3","40.586863","-80.041644","1138","11","0","0","0","0","0","0","1","0","","0","0","0","","","0","","2","","40 35:12.706","","0","80 02:29.918","0","0","0","0","2108","0","0","0","N","0","0","0","3","02108","0","","1.0","","9","N","N","","0","","0","0","0","","3","","","2","0","0","0","0","0","0","2","0","2","","","","N","","","","","","","","","",""
"2020000923","2305","1","0","0","0","0","0","0","0","0","7","0","","02","12","2019","3","40.447581","-79.753809","2237","11","0","0","0","0","0","0","0","0","","0","0","0","","","0","N","0","","40 26:51.290","","0","79 45:13.712","0","0","0","0","2446","0","0","0","N","0","0","0","2","68T02","0","","3.0","","6","N","N","N","0","","0","0","0","","0","","","1","0","0","0","0","0","0","2","0","1","","09","","N","","","","","","","","","",""
"2020001754","2235","3","0","0","0","0","0","0","0","0","5","0","","02","12","2019","1","40.460613","-79.872793","2228","11","0","0","0","0","0","0","0","0","","0","0","0","","","1","N","0","","40 27:38.207","3","0","79 52:22.056","4","0","0","0","2301","0","0","0","N","0","0","0","3","02301","1","","1.0","2300.0","1","N","N","N","0","","0","0","0","","0","Y","","3","1","0","0","0","0","0","2","0","3","","","","N","","","","","","","","","",""
"2020004396","1800","1","0","0","0","0","0","0","0","0","1","0","","02","12","2019","1","40.449341","-80.002743","1742","11","0","0","0","0","1","0","0","0","","0","0","0","","","0","N","0","","40 26:57.629","1","0","80 00:09.874","0","0","0","0","2301","0","0","0","N","0","0","0","4","68B03","0","","1.0","1845.0","1","N","N","N","0","","0","0","2","","0","Y","","3","0","0","0","0","0","0","2","0","3","","","","N","","","","","","","","","",""
"2020010846","0257","1","0","0","0","0","0","0","0","0","7","0","","02","11","2019","7","40.418426","-80.088529","0257","11","0","0","0","0","0","0","0","0","","0","0","0","","","3","N","0","","40 25:06.332","4","0","80 05:18.704","8","0","0","0","2457","0","0","0","N","0","0","0","3","68B03","0","","4.0","340.0","9","N","N","N","0","","0","0","0","","0","N","","1","3","3","0","0","3","0","2","0","1","","","","N","","","","","","","","","",""
"2020010677","2253","1","0","0","0","0","0","0","0","0","4","0","","02","12","2019","3","40.42357","-80.030567","2253","11","0","0","0","0","0","1","0","0","","0","0","0","","","0","N","0","","40 25:24.851","4","0","80 01:50.041","0","0","0","0","2301","0","0","0","N","0","0","0","2","68B03","0","","1.0","2253.0","2","N","N","N","1","","0","0","0","","0","N","","2","0","1","0","0","0","0","2","0","2","","","","N","","","","","","","","","",""
"2020002646","1722","1","0","0","0","0","0","0","0","0","1","0","","02","12","2019","1","40.432566","-79.730894","1720","11","0","0","0","0","0","0","0","0","","0","0","0","","","1","N","0","","40 25:57.239","4","0","79 43:51.217","8","0","0","0","2446","0","0","0","N","0","0","0","5","02446","0","","1.0","1740.0","9","N","N","N","1","","0","0","0","","0","N","","2","1","0","0","0","1","0","2","0","2","","07","","N","","","","","","","","","",""
"2020004403","1006","3","0","0","0","0","0","0","0","0","1","0","","02","12","2019","6","40.42927","-79.941241","0949","11","0","0","0","0","0","0","0","0","","0","0","0","","","0","N","0","","40 25:45.371","","0","79 56:28.466","0","0","0","0","2301","0","0","0","N","0","0","0","7","68B03","0","","1.0","","1","N","N","Y","0","","0","0","0","","0","","","3","0","0","0","0","0","0","2","0","3","","","","N","","","","","","","","","",""
"2020011897","1714","1","0","0","0","0","0","0","0","0","7","0","","02","12","2019","1","40.552361","-80.086639","1658","11","0","0","0","1","0","0","0","0","","0","0","0","","","0","N","0","","40 33:08.499","","0","80 05:11.899","0","0","0","0","2215","0","0","0","Y","0","0","0","1","68B03","0","","2.0","","9","N","N","N","0","","0","0","0","","0","","","1","0","0","0","0","0","0","2","0","1","","03","","N","","","","","","","","","",""
"2020011644","1112","1","0","0","0","0","0","0","0","0","4","0","","02","12","2019","5","40.520149","-80.187158","1105","11","0","0","0","0","0","1","1","0","","0","0","0","","","0","N","0","","40 31:12.537","","6","80 11:13.768","0","0","0","0","2213","0","0","0","N","0","0","0","2","02213","0","","5.0","","1","N","N","N","1","","0","0","0","","0","","","2","0","0","0","0","0","0","2","0","2","","03","","N","","","","","","","","","",""
"2020002828","0827","3","0","0","0","0","0","0","0","0","1","0","","02","12","2019","2","40.396042","-79.843379","0754","11","0","0","0","0","0","0","0","0","","0","0","0","","","1","N","0","","40 23:45.751","3","0","79 50:36.164","3","0","0","0","2425","0","0","0","N","0","0","0","1","68B03","0","","1.0","856.0","9","N","N","N","0","","1","0","0","","0","Y","","3","1","0","0","0","0","0","2","0","3","","03","","N","","","","","","","","","",""
"2020000919","1931","1","0","0","0","0","0","0","0","0","7","0","","02","12","2019","3","40.650654","-80.039767","1925","11","0","0","0","0","0","0","0","0","","0","0","0","","","1","N","0","","40 39:02.354","4","3","80 02:23.160","8","0","0","0","2216","0","0","0","N","0","0","0","2","68T02","0","","4.0","2000.0","7","N","N","N","0","","0","0","0","","0","N","","1","1","0","0","0","1","0","2","0","1","","","","N","","","","","","","","","",""
"2020000563","1257","1","0","0","0","0","0","0","0","0","98","0","","02","12","2019","5","40.492134","-79.895144","1235","11","0","0","0","0","0","0","0","1","","0","0","0","","","1","N","7","","40 29:31.683","","2","79 53:42.517","3","0","0","0","2401","0","0","0","N","0","0","0","1","68D02","0","","4.0","","1","N","N","N","0","","1","0","0","","0","","","1","1","0","0","0","0","0","2","0","1","","","","N","","","","","","","","","",""
"2020006997","1400","0","0","0","0","0","0","0","0","0","1","0","","02","11","2019","7","40.438113","-80.004923","1344","11","0","0","0","0","0","0","0","1","","0","0","0","","","1","N","0","","40 26:17.208","4","0","80 00:17.723","4","0","0","0","2301","0","0","0","N","0","0","0","4","68B03","1","","1.0","1416.0","1","N","N","N","0","","0","0","2","","0","N","","3","1","0","0","0","0","0","2","1","3","","03","","N","","","","","","","","","",""
"2020003238","1835","1","0","0","0","0","0","0","0","0","4","0","","02","12","2019","4","40.427357","-79.721399","1757","11","0","0","0","0","0","0","0","0","","0","0","0","","","1","N","1","","40 25:38.484","3","0","79 43:17.037","8","0","0","0","2446","0","0","0","N","0","0","0","3","68B03","0","","1.0","1930.0","1","N","N","N","1","","0","0","1","","2","N","","3","1","0","0","0","1","0","2","0","3","","","","N","","","","","","","","","",""
"2020004825","1820","3","0","0","0","0","0","0","0","0","1","0","","02","12","2019","3","40.44289","-80.160396","1820","11","0","0","0","0","0","0","0","0","","0","0","0","","","0","N","0","","40 26:34.403","4","0","80 09:37.426","0","0","0","0","2115","0","0","0","N","0","0","0","5","68B03","0","","1.0","630.0","1","N","N","N","0","","0","0","0","","0","N","","3","0","0","0","0","0","0","2","0","3","","03","","N","","","","","","","","","",""
"2020004475","1033","2","0","0","0","0","0","0","0","0","1","0","","02","12","2019","3","40.509073","-80.029338","1028","11","0","0","0","0","0","0","1","0","","0","0","0","","","0","","2","","40 30:32.661","","0","80 01:45.615","0","0","0","0","2116","0","0","0","N","0","0","0","1","02116","0","","2.0","","9","N","N","N","1","","0","0","0","","3","","","4","0","0","0","0","0","0","2","0","3","","","","N","","","","","","","","","",""
"2020000726","0253","2","0","0","0","0","0","0","0","0","4","0","","02","12","2019","1","40.425884","-79.89891","0241","11","0","0","0","0","0","0","0","0","","0","0","0","","","3","N","0","","40 25:33.182","","0","79 53:56.076","3","0","0","0","2463","0","0","0","N","0","0","0","5","68B03","0","","1.0","","1","N","N","N","0","","3","0","1","","0","","","3","3","2","0","0","0","0","2","0","3","","03","","N","","","","","","","","","",""
"2020001594","1912","2","0","0","0","0","0","0","0","0","4","0","","02","12","2019","2","40.525753","-80.059223","1906","11","0","0","0","0","0","0","0","0","","0","0","0","","","0","N","0","","40 31:32.709","5","0","80 03:33.204","0","0","0","0","2116","0","0","0","N","0","0","0","1","02116","0","","5.0","300.0","1","N","N","N","0","","0","0","0","","0","Y","","2","0","1","0","0","0","0","2","0","2","","03","","N","","","","","","","","","",""
"2020003752","1002","0","0","0","0","0","0","0","0","0","7","0","","02","12","2019","6","40.393532","-79.835493","0958","11","0","0","0","0","0","0","0","0","","0","0","0","","","0","Y","0","","40 23:36.715","6","3","79 50:07.775","0","0","0","0","2111","0","0","0","N","0","0","0","1","02111","0","","3.0","1115.0","2","N","N","Y","0","","0","0","1","","0","Y","","1","0","0","0","0","0","0","2","0","1","","04","","N","","","","","","","","","",""
"2020002711","1623","0","0","0","0","0","0","0","0","0","7","0","","02","12","2019","3","40.495603","-80.184356","1621","11","0","0","0","0","0","0","1","0","","0","0","0","","","1","","0","","40 29:44.170","5","0","80 11:03.680","4","0","0","0","2213","0","0","0","N","0","0","0","1","02213","1","","5.0","1725.0","2","N","N","N","1","","0","0","0","","0","Y","","1","1","0","0","0","0","0","2","0","1","","","","N","","","","","","","","","",""
"2020007006","1739","2","0","0","0","0","0","0","0","0","4","0","","02","12","2019","7","40.475538","-80.007274","1728","11","0","0","0","0","0","1","0","0","","0","0","0","","","1","N","0","","40 28:31.936","","0","80 00:26.186","8","0","0","0","2301","0","0","0","N","0","0","0","4","68B03","0","","4.0","","1","N","N","N","0","","0","0","0","","0","","","2","1","0","0","0","1","0","2","0","2","","","","N","","","","","","","","","",""
"2020000748","1127","2","0","0","0","0","0","0","0","0","1","0","","02","12","2019","2","40.590393","-80.098018","1113","11","0","0","0","0","1","0","0","0","","0","0","0","","","0","N","0","","40 35:25.416","2","0","80 05:52.864","0","0","0","0","2481","0","0","0","N","0","0","0","2","68B03","0","","1.0","1200.0","1","N","N","N","0","","0","0","0","","0","N","","2","0","0","0","0","0","0","2","0","2","","03","","N","","","","","","","","","",""
"2020001515","1818","2","0","0","0","0","0","0","0","0","1","0","","02","12","2019","5","40.353466","-80.027098","1806","11","0","0","0","1","0","1","0","0","","0","0","0","","","0","N","3","","40 21:12.476","","0","80 01:37.553","0","0","0","0","2407","0","0","0","N","0","0","0","2","02407","0","","1.0","","9","N","N","N","0","","0","0","0","","2","","","2","0","0","0","0","0","0","2","0","2","","03","","N","","","","","","","","","",""
"2020000772","2120","0","0","0","0","0","0","0","0","0","0","0","","02","12","2019","6","40.282838","-79.847986","2117","11","0","0","0","0","0","0","0","0","","0","0","0","","","0","N","0","","40 16:58.216","6","0","79 50:52.748","0","0","0","0","2443","0","0","0","N","0","0","0","2","02443","0","","1.0","2159.0","2","N","N","N","1","","0","0","0","","0","Y","","1","0","1","0","0","0","0","1","0","1","","","","N","","","","","","","","","",""
"2020000704","0716","0","0","0","0","0","0","0","0","0","1","0","","02","11","2019","5","40.367298","-79.77858","0714","11","0","0","0","0","0","1","0","0","","0","0","0","","","0","N","0","","40 22:02.272","","7","79 46:42.887","0","0","0","0","2111","0","0","0","N","0","0","0","2","02111","0","","1.0","","9","N","N","N","1","","0","0","1","","0","","","2","0","1","0","0","0","0","2","0","2","","07","","N","","","","","","","","","",""
"2020002304","0238","1","0","0","0","0","0","0","0","0","4","0","","02","11","2019","2","40.4475","-80.165227","0233","11","0","0","0","0","0","0","0","0","","0","0","0","","","0","N","6","","40 26:51.000","","2","80 09:54.818","9","0","0","0","2115","0","0","0","Y","0","0","0","2","68B03","0","","1.0","","1","N","N","N","0","","0","0","1","","4","","","2","0","0","0","0","0","1","2","0","2","","","","N","","","","","","","","","",""
"2020000696","1348","2","0","0","0","0","0","0","0","0","4","0","","02","12","2019","2","40.292065","-80.030485","1339","11","0","0","0","0","0","1","0","1","","0","0","0","","","0","","2","","40 17:31.433","","0","80 01:49.747","0","0","0","0","2407","0","0","0","N","0","0","0","2","02407","0","","1.0","","1","N","N","","0","","0","0","0","","3","","","2","0","0","0","0","0","0","2","0","2","","","","N","","","","","","","","","",""
"2020007001","1034","1","0","0","0","0","0","0","0","0","7","0","","02","12","2019","4","40.608871","-80.094448","1009","11","0","0","0","0","0","0","0","0","","0","0","0","","","0","N","0","","40 36:31.936","","0","80 05:40.011","0","0","0","0","2481","0","0","0","N","0","0","0","1","68B03","0","","5.0","","1","N","N","N","0","","0","0","0","","0","","","2","0","0","0","0","0","0","2","0","1","","03","","N","","","","","","","","","",""
"2020011303","0314","1","0","0","0","0","0","0","0","0","1","0","","02","12","2019","2","40.435838","-79.969737","0257","11","0","0","0","0","0","0","0","0","","0","0","0","","","0","N","0","","40 26:09.016","","2","79 58:11.052","0","0","0","0","2301","0","0","0","N","0","0","0","3","68B03","0","","1.0","","9","N","N","N","0","","0","0","1","","0","","","2","0","0","0","0","0","0","2","0","2","","","","N","","","","","","","","","",""
"2020042168","1807","2","0","0","0","0","0","0","0","0","1","0","","02","10","2019","6","40.509149","-80.222985","1804","11","0","0","0","0","0","2","0","0","","0","0","0","","","0","","2","","40 30:32.935","","0","80 13:22.746","0","0","0","0","2213","0","0","0","N","0","0","0","2","02213","0","","1.0","","1","N","N","","0","","0","0","0","","2","","","2","0","0","0","0","0","0","2","0","2","","","","N","","","","","","","","","",""
"2020000702","1112","2","0","0","0","0","0","0","0","0","4","0","","02","12","2019","1","40.37847","-79.975459","1112","11","0","0","0","0","1","0","0","0","","0","0","0","","","0","N","2","","40 22:42.491","","0","79 58:31.652","0","0","0","0","2413","0","0","0","N","0","0","0","2","02413","0","","1.0","","1","N","N","N","0","","0","0","0","","3","","","2","0","0","0","0","0","0","2","0","2","","03","","N","","","","","","","","","",""
"2020002175","2052","1","0","0","0","0","0","0","0","0","98","0","","02","12","2019","3","40.426218","-79.894619","2045","11","0","0","0","0","0","0","0","0","","0","0","0","","","1","N","0","","40 25:34.384","","0","79 53:40.627","8","0","0","0","2301","0","0","0","N","0","0","0","2","68B03","0","","3.0","","9","N","N","N","0","","0","0","0","","0","","","1","1","0","0","0","1","0","2","0","1","","06","","N","","","","","","","","","",""
"2020011298","1919","1","0","0","0","0","0","0","0","0","4","0","","02","11","2019","7","40.466435","-80.000751","1908","11","0","0","0","0","0","0","1","0","1","0","0","0","","","1","","0","","40 27:59.167","2","0","80 00:02.705","3","0","0","0","2301","0","0","0","N","0","0","0","2","68B03","0","","1.0","","1","N","N","","0","","1","0","1","","0","N","","2","1","0","0","0","0","0","2","0","2","","","","N","","","","","","","","","",""
"2020008601","1352","1","0","0","0","0","0","0","0","0","1","0","","02","12","2019","1","40.425714","-79.910238","1352","11","0","0","0","0","0","1","0","0","","0","0","0","","","0","N","0","","40 25:32.571","4","0","79 54:36.858","0","0","0","0","2301","0","0","0","N","0","0","0","3","68B03","0","","1.0","1400.0","1","N","N","N","0","","0","0","2","","0","N","","3","0","0","0","0","0","0","2","0","3","","","","N","","","","","","","","","",""
"2020007002","0200","1","0","0","0","0","0","0","0","0","2","0","","02","12","2019","3","40.44229","-80.008915","0151","11","0","0","0","0","0","0","0","0","","0","0","0","","","0","N","7","","40 26:32.243","","3","80 00:32.094","0","0","0","0","2301","0","0","0","N","0","0","0","1","68B03","0","","4.0","","9","N","N","N","0","","0","0","0","","0","","","1","0","0","0","0","0","0","2","0","1","","","","N","","","","","","","","","",""
"2020011887","2007","2","0","0","0","0","0","0","0","0","1","0","","02","11","2019","6","40.42935","-79.941927","2007","11","0","0","0","0","0","0","0","0","","0","0","0","","","0","N","0","","40 25:45.660","4","0","79 56:30.936","0","0","0","0","2301","0","0","0","N","0","0","0","3","68B03","0","","1.0","2121.0","1","N","N","N","0","","0","0","0","","0","N","","2","0","0","0","0","0","0","2","0","2","","03","","N","","","","","","","","","",""
"2020002813","2225","1","0","0","0","0","0","0","0","0","7","0","","02","12","2019","3","40.528489","-80.1582","2206","11","0","0","1","0","0","0","0","0","","0","0","0","","","0","N","0","","40 31:42.561","2","0","80 09:29.521","0","0","0","0","2436","0","0","0","N","0","0","0","1","68B03","0","","2.0","2245.0","9","N","N","N","0","","0","0","0","","0","N","","1","0","0","0","0","0","0","2","0","1","","07","","N","","","","","","","","","",""
"2020042166","0824","1","0","0","0","0","0","0","0","0","7","0","","02","3","2019","7","40.509425","-80.240381","0819","11","0","0","0","0","0","1","0","0","2","0","0","0","","","1","","0","","40 30:33.931","4","0","80 14:25.372","3","0","0","0","2213","0","0","0","N","0","0","0","1","02213","0","","4.0","","1","N","N","","0","","1","0","0","","0","N","","1","1","0","0","0","0","0","2","0","1","","","","N","","","","","","","","","",""
"2020012246","1754","2","0","0","0","0","0","0","0","0","4","0","","02","12","2019","3","40.491601","-80.061176","1751","11","0","0","0","0","0","1","1","0","","0","0","0","","","1","","2","","40 29:29.763","3","0","80 03:40.233","3","0","0","0","2404","0","0","0","N","0","0","0","2","02404","0","","1.0","1820.0","9","N","N","N","0","","1","0","0","","2","N","","2","1","1","0","0","0","0","2","0","2","","","","N","","","","","","","","","",""
"2020002706","1303","1","0","0","0","0","0","0","0","0","1","0","","02","12","2019","7","40.522873","-80.216989","1258","11","0","0","0","0","0","1","0","0","","0","0","0","","","1","","0","","40 31:22.341","","7","80 13:01.162","3","0","0","0","2213","0","0","0","N","0","0","0","3","02213","0","","1.0","","1","N","N","","0","","1","0","1","","0","","","2","1","1","0","0","0","0","2","0","2","","","","N","","","","","","","","","",""
"2020004826","1741","1","0","0","0","0","0","0","0","0","1","0","","02","12","2019","5","40.435716","-80.146668","1825","11","0","0","0","0","0","0","0","0","","0","0","0","","","0","N","0","","40 26:08.578","","0","80 08:48.005","0","0","0","0","2115","0","0","0","N","0","0","0","2","68B03","0","","1.0","","1","N","N","N","1","","0","0","0","","0","","","2","0","0","0","0","0","0","2","0","2","","","","N","","","","","","","","","",""
"2020008606","1148","2","0","0","0","0","0","0","0","0","1","0","","02","12","2019","5","40.43921","-80.010643","1138","11","0","0","0","0","0","0","0","0","","0","0","0","","","1","N","0","","40 26:21.156","3","3","80 00:38.313","8","0","0","0","2301","0","0","0","N","0","0","0","3","68B03","0","","1.0","1220.0","1","N","N","Y","0","","0","0","1","","0","N","","3","1","0","0","0","1","0","2","0","3","","","","N","","","","","","","","","",""
"2020007000","1801","2","0","0","0","0","0","0","0","0","1","0","","02","12","2019","3","40.419084","-80.103086","1801","11","0","0","0","0","0","0","0","0","","0","0","0","","","0","N","0","","40 25:08.702","1","0","80 06:11.111","9","0","0","0","2115","0","0","0","N","0","0","0","3","68B03","0","","1.0","1920.0","1","N","N","N","0","","0","0","1","","0","N","","3","0","0","0","0","0","1","2","0","3","","03","","N","","","","","","","","","",""
"2020042164","1644","1","0","0","0","0","0","0","0","0","1","0","","02","1","2019","2","40.500945","-80.226309","1644","11","0","0","0","0","0","0","0","0","","0","0","0","","","1","","2","","40 30:03.401","","0","80 13:34.714","4","0","0","0","2213","0","0","0","N","0","0","0","2","02213","1","","1.0","","1","N","N","","0","","0","0","1","","2","","","2","1","0","0","0","0","0","2","0","2","","","","N","","","","","","","","","",""
"2020001052","1431","1","0","0","0","0","0","0","0","0","1","0","","02","12","2019","5","40.38223","-79.776198","1424","11","0","0","0","0","0","2","0","0","","0","0","0","","","1","N","0","","40 22:56.029","5","0","79 46:34.313","8","0","0","0","2111","0","0","0","N","0","0","0","3","02111","0","","1.0","1515.0","1","N","N","N","2","","0","0","0","","0","N","","3","1","1","0","0","1","0","2","0","3","","03","","N","","","","","","","","","",""
"2020000276","2325","2","0","0","0","0","0","0","0","0","4","0","","02","12","2019","3","40.426898","-79.99956","2318","11","0","0","0","0","0","0","0","0","","0","0","0","","","0","N","0","","40 25:36.831","","0","79 59:58.415","0","0","0","0","2301","0","0","0","N","0","0","0","2","02301","0","","1.0","","2","N","N","N","0","","0","0","0","","0","","","2","0","0","0","0","0","0","2","0","2","","07","","N","","","","","","","","","",""
"2020000150","1635","2","0","0","0","0","0","0","0","0","1","0","","02","12","2019","1","40.305879","-80.031601","1628","11","0","1","0","0","0","0","0","0","1","0","0","0","","","0","","0","","40 18:21.166","2","0","80 01:53.764","0","0","0","0","2407","0","0","0","N","0","0","0","2","02407","0","","1.0","","9","N","N","","0","","0","0","0","","0","N","","2","0","0","0","0","0","0","2","0","2","","","","N","","","","","","","","","",""
"2020012578","0355","1","0","0","0","0","0","0","0","0","7","0","","02","12","2019","1","40.395361","-79.838638","0327","11","0","0","0","0","0","0","0","0","","0","0","0","","","1","N","0","","40 23:43.299","","0","79 50:19.095","4","0","0","0","2425","0","0","0","N","0","0","0","2","68B03","1","","2.0","","1","N","N","N","0","","0","0","0","","0","","","1","1","0","0","0","0","0","2","0","1","","","","N","","","","","","","","","",""
"2020001041","1440","2","0","0","0","0","0","0","0","0","4","0","","02","12","2019","5","40.346611","-80.048694","1433","11","0","0","0","0","0","1","0","0","","0","0","0","","","0","","0","","40 20:47.800","","7","80 02:55.300","0","0","0","0","2407","0","0","0","N","0","0","0","2","02407","0","","1.0","","1","N","N","","0","","0","0","0","","0","","","2","0","1","0","0","0","0","2","0","2","","","","N","","","","","","","","","",""
"2020042165","0845","1","0","0","0","0","0","0","0","0","7","0","","02","1","2019","5","40.487153","-80.195453","0835","11","0","0","0","0","0","0","0","0","","0","0","0","","","0","","0","","40 29:13.750","","0","80 11:43.630","0","0","0","0","2213","0","0","0","N","0","0","0","1","02213","0","","4.0","","1","N","N","","0","","0","0","0","","0","","","1","0","0","0","0","0","0","2","0","1","","","","N","","","","","","","","","",""