"CRN","ARRIVAL_TM","AUTOMOBILE_COUNT","BELTED_DEATH_COUNT","BELTED_SUSP_SERIOUS_INJ_COUNT","BICYCLE_COUNT","BICYCLE_DEATH_COUNT","BICYCLE_SUSP_SERIOUS_INJ_COUNT","BUS_COUNT","CHLDPAS_DEATH_COUNT","CHLDPAS_SUSP_SERIOUS_INJ_COUNT","COLLISION_TYPE","COMM_VEH_COUNT","CONS_ZONE_SPD_LIM","COUNTY","CRASH_MONTH","CRASH_YEAR","DAY_OF_WEEK","DEC_LATITUDE","DEC_LONGITUDE","DISPATCH_TM","DISTRICT","DRIVER_COUNT_16YR","DRIVER_COUNT_17YR","DRIVER_COUNT_18YR","DRIVER_COUNT_19YR","DRIVER_COUNT_20YR","DRIVER_COUNT_50_64YR","DRIVER_COUNT_65_74YR","DRIVER_COUNT_75PLUS","EST_HRS_CLOSED","FATAL_COUNT","HEAVY_TRUCK_COUNT","HORSE_BUGGY_COUNT","HOUR_OF_DAY","ILLUMINATION","INJURY_COUNT","INTERSECTION_RELATED","INTERSECT_TYPE","LANE_CLOSED","LATITUDE","LN_CLOSE_DIR","LOCATION_TYPE","LONGITUDE","MAX_SEVERITY_LEVEL","MCYCLE_DEATH_COUNT","MCYCLE_SUSP_SERIOUS_INJ_COUNT","MOTORCYCLE_COUNT","MUNICIPALITY","NONMOTR_COUNT","NONMOTR_DEATH_COUNT","NONMOTR_SUSP_SERIOUS_INJ_COUNT","NTFY_HIWY_MAINT","PED_COUNT","PED_DEATH_COUNT","PED_SUSP_SERIOUS_INJ_COUNT","PERSON_COUNT","POLICE_AGCY","POSSIBLE_INJ_COUNT","RDWY_SURF_TYPE_CD","RELATION_TO_ROAD","ROADWAY_CLEARED","ROAD_CONDITION","SCH_BUS_IND","SCH_ZONE_IND","SECONDARY_CRASH","SMALL_TRUCK_COUNT","SPEC_JURIS_CD","SUSP_MINOR_INJ_COUNT","SUSP_SERIOUS_INJ_COUNT","SUV_COUNT","TCD_FUNC_CD","TCD_TYPE","TFC_DETOUR_IND","TIME_OF_DAY","TOTAL_UNITS","TOT_INJ_COUNT","UNBELTED_OCC_COUNT","UNB_DEATH_COUNT","UNB_SUSP_SERIOUS_INJ_COUNT","UNK_INJ_DEG_COUNT","UNK_INJ_PER_COUNT","URBAN_RURAL","VAN_COUNT","VEHICLE_COUNT","WEATHER1","WEATHER2","WORKERS_PRES","WORK_ZONE_IND","WORK_ZONE_LOC","WORK_ZONE_TYPE","WZ_CLOSE_DETOUR","WZ_FLAGGER","WZ_LAW_OFFCR_IND","WZ_LN_CLOSURE","WZ_MOVING","WZ_OTHER","WZ_SHLDER_MDN","WZ_WORKERS_INJ_KILLED"
"2020007010","0657","0","0","0","0","0","0","0","0","0","1","0","","02","12","2019","6","40.429233","-79.942096","0638","11","0","0","0","0","0","0","0","0","","0","0","0","","","1","N","0","","40 25:45.238","3","0","79 56:31.545","4","0","0","0","2301","0","0","0","N","0","0","0","2","68B03","1","","1.0","710.0","9","N","N","N","0","","0","0","2","","0","N","","2","1","0","0","0","0","0","2","0","2","","","","N","","","","","","","","","",""
"2020011898","0922","1","0","0","0","0","0","0","0","0","4","0","","02","12","2019","2","40.438103","-80.151062","0921","11","0","0","0","0","0","0","0","0","","0","0","0","","","0","N","0","","40 26:17.169","4","0","80 09:03.824","0","0","0","0","2115","0","0","0","N","0","0","0","1","68B03","0","","4.0","935.0","1","N","N","N","0","","0","0","0","","0","N","","1","0","0","0","0","0","0","2","0","1","","03","","N","","","","","","","","","",""
"2020000360","1221","3","0","0","0","0","0","0","0","0","1","0","","02","12","2019","1","","","1219","11","0","0","0","0","0","1","1","0","","0","0","0","","","0","N","3","","40 23:34.1","4","0","80 04:00.07","0","0","0","0","2109","0","0","0","N","0","0","0","7","02117","0","","1.0","1250.0","1","N","N","N","0","","0","0","0","","0","N","","3","0","0","0","0","0","0","2","0","3","","03","","N","","","","","","","","","",""
"2020000274","2343","1","0","0","0","0","0","0","0","0","7","0","","02","12","2019","3","40.428083","-79.929152","2343","11","0","0","0","0","0","0","1","0","","0","0","0","","","0","N","0","","40 25:41.099","","0","79 55:44.947","0","0","0","0","2301","0","0","0","N","0","0","0","1","02301","0","","3.0","","9","N","N","N","0","","0","0","0","","0","","","1","0","0","0","0","0","0","2","0","1","","","","N","","","","","","","","","",""
"2020042167","1650","2","0","0","0","0","0","0","0","0","4","0","","02","5","2019","4","40.461142","-80.168645","1648","11","0","0","0","1","0","1","0","0","","0","0","0","","","0","","2","","40 27:40.111","","0","80 10:07.121","0","0","0","0","2213","0","0","0","N","0","0","0","4","02213","0","","1.0","","1","N","N","","0","","0","0","0","","3","","","2","0","0","0","0","0","0","2","0","2","","","","N","","","","","","","","","",""
"2020000189","1759","2","0","0","0","0","0","0","0","0","1","0","","02","12","2019","2","40.335286","-80.051273","1752","11","0","0","0","0","0","0","0","0","","0","0","0","","","0","","2","","40 20:07.029","","0","80 03:04.582","0","0","0","0","2407","0","0","0","N","0","0","0","4","02407","0","","1.0","","1","N","N","","0","","0","0","0","","2","","","2","0","0","0","0","0","0","2","0","2","","","","N","","","","","","","","","",""
"2020003761","1002","2","0","0","0","0","0","0","0","0","1","0","","02","12","2019","6","40.393532","-79.835493","0958","11","0","0","0","0","0","0","0","0","","0","0","0","","","1","N","0","","40 23:36.715","6","3","79 50:07.775","8","0","0","0","2111","0","0","0","N","0","0","0","1","02111","0","","1.0","1130.0","2","N","N","Y","0","","0","0","1","","0","Y","","3","1","0","0","0","1","0","2","0","3","","04","","N","","","","","","","","","",""
"2020000721","2328","2","0","0","0","0","0","0","0","0","3","0","","02","12","2019","1","40.396636","-79.838944","2300","11","0","0","0","0","0","0","0","0","","0","0","0","","","0","N","0","","40 23:47.890","","0","79 50:20.200","0","0","0","0","2425","0","0","0","N","0","0","0","1","68B03","0","","6.0","","1","N","N","N","0","","0","0","1","","0","","","3","0","0","0","0","0","0","2","0","3","","","","N","","","","","","","","","",""
"2020007015","0759","0","0","0","0","0","0","0","0","0","1","0","","02","12","2019","2","40.523147","-80.149624","0746","11","0","0","0","0","0","0","0","0","","0","0","0","","","0","N","0","","40 31:23.329","1","0","80 08:58.648","0","0","0","0","2434","0","0","0","N","0","0","0","5","68B03","0","","1.0","820.0","9","N","N","N","1","","0","0","2","","0","N","","3","0","0","0","0","0","0","2","0","3","","","","N","","","","","","","","","",""
"2020042169","2059","1","0","0","0","0","0","0","0","0","7","0","","02","10","2019","3","40.456378","-80.178091","2054","11","0","0","0","0","0","1","0","0","","0","0","0","","","1","","0","","40 27:22.961","","0","80 10:41.126","3","0","0","0","2213","0","0","0","N","0","0","0","1","02213","0","","4.0","","1","N","N","","0","","1","0","0","","0","","","1","1","0","0","0","0","0","2","0","1","","","","N","","","","","","","","","",""
"2020004821","2125","1","0","0","0","0","0","0","0","0","98","0","","02","11","2019","1","40.442626","-79.785914","2117","11","0","0","0","0","0","1","0","0","","0","0","0","","","0","N","0","","40 26:33.455","","0","79 47:09.292","0","0","0","0","2446","0","0","0","N","0","0","0","1","68B03","0","","1.0","","1","N","N","N","0","","0","0","0","","0","","","1","0","0","0","0","0","0","2","0","1","","","","N","","","","","","","","","",""
"2020002332","0120","0","0","0","0","0","0","0","0","0","7","0","","02","12","2019","7","40.477529","-80.007446","0105","11","0","0","0","0","0","0","0","0","","0","0","0","","","1","N","0","","40 28:39.103","","0","80 00:26.804","3","0","0","0","2301","0","0","0","N","0","0","0","1","68B03","0","","2.0","","1","N","N","N","0","","1","0","1","","0","","","1","1","0","0","0","0","0","2","0","1","","","","N","","","","","","","","","",""
"2020015814","0630","2","0","0","0","0","0","0","0","0","1","0","","02","11","2019","6","40.378453","-79.804579","0627","11","0","0","0","0","0","0","0","0","","0","0","0","","","0","N","0","","40 22:42.429","3","0","79 48:16.483","9","0","0","0","2111","0","0","0","N","0","0","0","2","02111","0","","1.0","658.0","9","N","N","N","0","","0","0","0","","0","N","","2","0","0","0","0","0","1","2","0","2","","","","N","","","","","","","","","",""
"2020000791","1803","1","0","0","0","0","0","0","0","0","98","0","","02","12","2019","3","40.47853","-79.967369","1802","11","0","0","0","0","0","0","0","0","","0","0","0","","","0","N","6","","40 28:42.707","1","2","79 58:02.529","0","0","0","0","2445","0","0","0","N","0","0","0","1","02118","0","","2.0","1845.0","9","N","N","N","0","","0","0","0","","3","N","","1","0","0","0","0","0","0","2","0","1","","10","","N","","","","","","","","","",""
"2020001312","1736","1","0","0","0","0","0","0","0","0","2","0","","02","12","2019","2","40.346544","-80.149006","1731","11","0","0","0","0","0","1","0","0","","0","0","0","","","0","N","0","","40 20:47.560","3","0","80 08:56.420","0","0","0","0","2119","0","0","0","N","0","0","0","3","02119","0","","1.0","1756.0","1","N","N","N","1","","0","0","0","","0","N","","2","0","0","0","0","0","0","2","0","2","","","","N","","","","","","","","","",""
"2020004193","0617","0","0","0","0","0","0","0","0","0","7","0","","02","12","2019","2","40.429195","-79.943296","0616","11","0","0","0","0","0","1","0","0","","0","0","0","","","0","N","0","","40 25:45.102","3","0","79 56:35.864","0","0","0","0","2301","0","0","0","N","0","0","0","1","68B03","0","","2.0","625.0","9","N","N","Y","0","","0","0","1","","8","N","","1","0","0","0","0","0","0","2","0","1","","","","N","","","","","","","","","",""
"2020007003","0634","4","0","0","0","0","0","0","0","0","4","0","","02","12","2019","4","40.451209","-80.169264","0634","11","0","0","0","0","0","2","0","0","","0","0","0","","","1","N","0","","40 27:04.354","4","0","80 10:09.351","3","0","0","0","2115","0","0","0","N","0","0","0","8","68B03","0","","1.0","722.0","1","N","N","N","2","","1","0","2","","0","N","","8","1","0","0","0","0","0","2","0","8","","03","","N","","","","","","","","","",""
"2020002827","0533","1","0","0","0","0","0","0","0","0","7","1","","02","12","2019","2","40.429047","-79.944221","0519","11","0","0","0","0","0","1","0","0","","0","1","0","","","0","N","0","","40 25:44.570","","0","79 56:39.195","0","0","0","0","2301","0","0","0","N","0","0","0","3","68B03","0","","4.0","","9","N","N","N","0","","0","0","1","","0","","","3","0","0","0","0","0","0","2","0","3","","","","N","","","","","","","","","",""
"2020003672","0654","1","0","0","0","0","0","0","0","0","4","0","","02","12","2019","3","40.449456","-80.107355","0647","11","0","0","0","0","0","0","0","0","","0","0","0","","","0","","1","","40 26:58.043","","0","80 06:26.477","0","0","0","0","2115","0","0","0","N","0","0","0","2","02115","0","","1.0","","1","N","N","N","0","","0","0","1","","2","N","","2","0","0","0","0","0","0","2","0","2","","03","","N","","","","","","","","","",""
"2020000622","0218","0","0","0","0","0","0","0","0","0","4","0","","02","12","2019","2","40.421764","-80.004381","0215","11","0","0","1","0","0","1","0","0","","0","0","0","","","1","","0","","40 25:18.351","2","4","80 00:15.773","3","0","0","0","2301","0","0","0","N","0","0","0","2","02301","0","","1.0","255.0","1","N","N","N","2","","1","0","0","","0","N","","2","1","0","0","0","0","0","2","0","2","","03","","N","","","","","","","","","",""
"2020003952","1602","2","0","0","0","0","0","0","0","0","4","0","","02","12","2019","4","40.340329","-79.93829","1601","11","0","0","0","0","0","2","0","0","","0","0","0","","","1","","1","","40 20:25.183","","0","79 56:17.845","4","0","0","0","2473","0","0","0","N","0","0","0","2","02473","1","","1.0","","7","N","N","N","0","","0","0","0","","0","","","2","1","0","0","0","0","0","2","0","2","","10","","N","","","","","","","","","",""
"2020000880","1449","1","0","0","0","0","0","0","0","0","4","0","","02","12","2019","4","40.510426","-79.790254","1435","11","0","0","0","0","0","1","0","0","","0","0","0","","","0","N","0","","40 30:37.534","","0","79 47:24.914","0","0","0","0","2466","0","0","0","N","0","0","0","2","68T02","0","","1.0","","6","N","N","N","0","","0","0","1","","0","","","2","0","0","0","0","0","0","2","0","2","","","","N","","","","","","","","","",""
"2020007012","1006","1","0","0","0","0","0","0","0","0","98","0","","02","12","2019","6","40.429146","-79.944263","0949","11","0","0","0","0","0","0","0","0","","0","0","0","","","0","N","0","","40 25:44.927","","0","79 56:39.346","0","0","0","0","2301","0","0","0","N","0","0","0","1","68B03","0","","4.0","","9","N","N","N","0","","0","0","0","","0","","","1","0","0","0","0","0","0","2","0","1","","","","N","","","","","","","","","",""
"2020001422","2015","0","0","0","0","0","0","0","0","0","7","0","","02","12","2019","7","40.366893","-79.778136","2013","11","0","0","0","0","0","0","1","0","","0","0","0","","","1","N","0","","40 22:00.815","4","0","79 46:41.291","3","0","0","0","2111","0","0","0","N","0","0","0","1","02111","0","","5.0","2055.0","1","N","N","N","1","","1","0","0","","0","Y","","1","1","1","0","0","0","0","2","0","1","","03","","N","","","","","","","","","",""
"2020008872","0840","1","0","0","0","0","0","0","0","0","1","0","","02","11","2019","4","40.443718","-80.162061","0830","11","0","0","1","0","0","1","0","0","1","0","0","0","","","0","","0","","40 26:37.385","4","0","80 09:43.420","0","0","0","0","2115","0","0","0","N","0","0","0","3","68B03","0","","1.0","","1","N","N","","0","","0","0","2","","0","N","","3","0","0","0","0","0","0","2","0","3","","","","N","","","","","","","","","",""
"2020001803","2216","1","0","0","0","0","0","0","0","0","4","0","","02","12","2019","3","40.413623","-80.030353","2211","11","0","0","0","0","0","0","0","0","","0","0","0","","","0","","2","","40 24:49.043","1","0","80 01:49.272","0","0","0","0","2301","0","0","0","N","0","0","0","5","02301","0","","1.0","2230.0","2","N","N","N","0","","0","0","1","","0","N","","2","0","0","0","0","0","0","2","0","2","","04","","N","","","","","","","","","",""
"2020001191","2340","0","0","0","0","0","0","0","0","0","7","0","","02","12","2019","3","40.377569","-80.146758","2238","11","0","1","0","0","0","0","0","0","","0","0","0","","","0","N","2","","40 22:39.248","","0","80 08:48.327","0","0","0","0","2119","0","0","0","Y","0","0","0","4","02119","0","","5.0","","7","N","N","N","1","","0","0","0","","0","","","1","0","0","0","0","0","0","1","0","1","","","","N","","","","","","","","","",""
"2020001759","1916","2","0","0","0","0","0","0","0","0","4","0","","02","11","2019","5","40.427609","-79.891134","1914","11","0","0","0","0","0","0","0","0","","0","0","0","","","0","","2","","40 25:39.392","","2","79 53:28.083","0","0","0","0","2426","0","0","0","N","0","0","0","2","02426","0","","7.0","","1","N","N","N","0","","0","0","0","","2","","","2","0","0","0","0","0","0","2","0","2","","03","","N","","","","","","","","","",""
"2020000723","0505","0","0","0","0","0","0","0","0","0","7","0","","02","12","2019","4","40.500449","-80.124232","0456","11","0","0","0","0","0","0","0","0","","0","0","0","","","1","N","0","","40 30:01.615","2","0","80 07:27.234","8","0","0","0","2115","0","0","0","Y","0","0","0","1","68B03","0","","4.0","535.0","1","N","N","N","0","","0","0","1","","0","N","","1","1","0","0","0","1","0","2","0","1","","03","","N","","","","","","","","","",""
"2020004391","0838","1","0","0","0","0","0","0","0","0","7","0","","02","12","2019","7","40.665826","-80.09177","0807","11","0","0","0","0","0","0","0","0","","0","0","0","","","0","N","0","","40 39:56.973","","0","80 05:30.373","0","0","0","0","2212","0","0","0","N","0","0","0","1","68B03","0","","3.0","","1","N","N","N","0","","0","0","0","","0","","","1","0","0","0","0","0","0","2","0","1","","","","N","","","","","","","","","",""
"2020000736","0950","1","0","0","0","0","0","0","0","0","7","0","","02","12","2019","5","40.518644","-80.054301","0950","11","0","0","0","0","0","0","0","0","","0","0","0","","","0","N","0","","40 31:07.119","","0","80 03:15.485","0","0","0","0","2116","0","0","0","Y","0","0","0","1","68B03","0","","2.0","","7","N","N","N","0","","0","0","0","","0","","","1","0","0","0","0","0","0","2","0","1","","","","N","","","","","","","","","",""
"2020005564","0117","2","0","0","0","0","0","0","0","0","4","0","","02","11","2019","7","40.550031","-80.026421","0115","11","0","0","0","0","0","0","0","0","","0","0","0","","","2","","2","","40 33:00.111","3","0","80 01:35.115","8","0","0","0","2116","0","0","0","N","0","0","0","3","02116","0","","1.0","145.0","1","N","N","N","0","","0","0","0","","3","N","","2","2","0","0","0","2","0","2","0","2","","03","","N","","","","","","","","","",""
"2020009092","0852","1","0","0","0","0","0","0","0","0","5","0","","02","11","2019","2","40.638273","-80.097716","0829","11","0","0","0","0","0","0","0","0","","0","0","0","","","1","","0","","40 38:17.781","","0","80 05:51.776","3","0","0","0","2212","0","0","0","N","0","0","0","2","68B03","0","","1.0","","1","N","N","","1","","1","0","0","","0","","","2","1","0","0","0","0","0","2","0","2","","","","N","","","","","","","","","",""
"2020001243","2016","2","0","0","0","0","0","0","0","0","1","0","","02","12","2019","7","40.434685","-79.73307","2013","11","0","0","0","0","0","0","0","1","","0","0","0","","","0","N","0","","40 26:04.867","","0","79 43:59.052","0","0","0","0","2446","0","0","0","N","0","0","0","8","02446","0","","1.0","","1","N","N","N","0","","0","0","1","","2","","","3","0","0","0","0","0","0","2","0","3","","","","N","","","","","","","","","",""
"2020000026","2240","0","0","0","0","0","0","0","0","0","7","0","","02","12","2019","2","40.439097","-80.028218","2229","11","0","0","0","0","0","0","0","0","","0","0","0","","","0","N","1","","40 26:20.749","7","0","80 01:41.584","0","0","0","0","2301","0","0","0","N","0","0","0","1","02301","0","","5.0","30.0","2","N","N","N","0","","0","0","1","","0","Y","","1","0","0","0","0","0","0","2","0","1","","","","N","","","","","","","","","",""
"2020003111","1745","1","0","0","0","0","0","0","0","0","1","0","","02","12","2019","2","40.563948","-80.208836","1743","11","0","0","1","0","0","0","0","0","","0","0","0","","","1","Y","0","","40 33:50.211","2","0","80 12:31.810","3","0","0","0","2441","0","0","0","N","0","0","0","3","02441","0","","1.0","9999.0","1","N","N","N","0","","1","0","1","","0","N","","2","1","0","0","0","0","0","2","0","2","","03","","N","","","","","","","","","",""
"2020000009","2115","2","0","0","0","0","0","0","0","0","4","0","","02","12","2019","6","40.387636","-79.866648","2110","11","0","0","0","0","0","0","0","0","","0","0","0","","","0","N","0","","40 23:15.490","","0","79 51:59.934","0","0","0","0","2473","0","0","0","N","0","0","0","2","02473","0","","1.0","","1","N","N","Y","0","","0","0","0","","0","","","2","0","0","0","0","0","0","2","0","2","","03","","N","","","","","","","","","",""
"2020001038","1518","3","0","0","0","0","0","0","0","0","4","0","","02","12","2019","3","40.309203","-79.890393","1515","11","0","0","0","0","0","1","0","0","","0","0","0","","","0","","2","","40 18:33.131","2","0","79 53:25.415","0","0","0","0","2302","0","0","0","N","0","0","0","3","02302","0","","1.0","1540.0","9","N","N","N","0","","0","0","0","","0","N","","3","0","0","0","0","0","0","2","0","3","","04","","N","","","","","","","","","",""
"2020008605","1511","0","0","0","0","0","0","0","0","0","1","0","","02","12","2019","4","40.431872","-80.02464","1454","11","0","0","1","0","0","0","0","0","","0","0","0","","","0","N","0","","40 25:54.739","4","0","80 01:28.705","0","0","0","0","2301","0","0","0","N","0","0","0","2","68B03","0","","1.0","1454.0","6","N","N","N","0","","0","0","2","","0","N","","2","0","0","0","0","0","0","2","0","2","","","","N","","","","","","","","","",""
"2020000922","1946","1","0","0","0","0","0","0","0","0","7","0","","02","12","2019","3","40.656217","-80.079331","1929","11","0","0","0","0","0","0","0","0","","0","0","0","","","0","N","0","","40 39:22.380","3","0","80 04:45.591","0","0","0","0","2212","0","0","0","N","0","0","0","1","68T02","0","","4.0","1720.0","6","N","N","N","0","","0","0","0","","0","N","","1","0","0","0","0","0","0","2","0","1","","02","","N","","","","","","","","","",""
"2020000215","1942","0","0","0","0","0","0","0","0","0","7","0","","02","12","2019","7","40.425753","-80.106077","1932","11","0","0","0","0","0","0","0","0","","0","0","0","","","0","N","0","","40 25:32.710","","0","80 06:21.878","0","0","0","0","2115","0","0","0","Y","0","0","0","1","68B01","0","","4.0","","9","N","N","N","0","","0","0","0","","0","","","1","0","0","0","0","0","0","2","1","1","","98","","N","","","","","","","","","",""
"2020000974","0055","0","0","0","0","0","0","0","0","0","7","0","","02","12","2019","6","40.524603","-80.035306","0050","11","0","0","0","0","0","0","0","0","","0","0","0","","","0","N","0","","40 31:28.572","","0","80 02:07.102","0","0","0","0","2116","0","0","0","N","0","0","0","1","02116","0","","5.0","","1","N","N","N","0","","0","0","1","","0","N","","1","0","0","0","0","0","0","2","0","1","","","","N","","","","","","","","","",""
"2020000742","2039","0","0","0","0","0","0","0","0","0","4","0","","02","12","2019","3","40.395287","-79.838638","2033","11","0","0","0","0","0","1","1","0","","0","0","0","","","0","N","0","","40 23:43.033","","7","79 50:19.096","0","0","0","0","2425","0","0","0","N","0","0","0","2","68B03","0","","1.0","","1","N","N","N","0","","0","0","2","","2","","","2","0","0","0","0","0","0","2","0","2","","","","N","","","","","","","","","",""
"2020000352","1111","1","0","0","0","0","0","0","0","0","1","0","","02","12","2019","1","40.432363","-79.730703","1101","11","0","0","0","0","0","0","0","0","","0","0","0","","","0","N","0","","40 25:56.507","4","0","79 43:50.532","0","0","0","0","2446","0","0","0","N","0","0","0","6","02446","0","","1.0","1145.0","1","N","N","N","1","","0","0","1","","0","N","","3","0","0","0","0","0","0","2","0","3","","03","","N","","","","","","","","","",""
"2020000194","1646","1","0","0","0","0","0","0","0","0","7","0","","02","12","2019","2","40.327151","-79.911164","1636","11","0","0","0","0","0","0","0","0","","0","0","0","","","0","","2","","40 19:37.745","","0","79 54:40.189","0","0","0","0","2473","0","0","0","N","0","0","0","1","02473","0","","3.0","","1","N","N","N","0","","0","0","0","","0","","","1","0","0","0","0","0","0","2","0","1","","04","","N","","","","","","","","","",""
"2020000654","0702","2","0","0","0","0","0","0","0","0","8","0","","02","10","2019","4","40.378008","-79.803363","0658","11","0","0","0","0","0","2","0","0","","1","0","0","","","0","N","0","","40 22:40.830","6","0","79 48:12.107","1","0","0","0","2111","1","1","0","N","1","1","0","3","02111","0","2","1.0","1036.0","1","N","N","N","0","0","0","0","0","","0","Y","","3","0","0","0","0","0","0","2","0","2","","03","","N","","","","","","","","","",""
"2020002709","0735","0","0","0","0","0","0","0","0","0","8","0","","02","12","2019","2","40.522528","-80.222581","0731","11","0","0","0","0","0","0","1","0","","0","0","0","","","1","N","0","","40 31:21.100","6","0","80 13:21.290","8","0","0","0","2213","1","0","0","N","1","0","0","2","02213","0","","1.0","735.0","9","N","N","N","1","","0","0","0","","0","N","","2","1","0","0","0","1","0","2","0","1","","","","N","","","","","","","","","",""
"2020005266","","1","0","0","0","0","0","0","0","0","1","0","","02","1","2019","2","40.440033","-80.009195","","11","0","0","0","0","0","1","0","0","","0","0","0","","","1","N","0","","40 26:24.118","","2","80 00:33.103","3","0","0","0","2301","0","0","0","N","0","0","0","2","00000","0","","1.0","","1","N","N","N","0","","1","0","0","","0","","","2","1","0","0","0","0","0","2","1","2","","","","N","","","","","","","","","",""
"2020004835","2003","2","0","0","0","0","0","0","0","0","5","0","","02","12","2019","5","40.425806","-79.910854","1947","11","0","0","0","0","0","0","0","0","","0","0","0","","","3","N","0","","40 25:32.900","4","4","79 54:39.076","3","0","0","0","2301","0","0","0","N","0","0","0","10","68B03","2","","1.0","2010.0","1","N","N","N","0","","1","0","2","","0","N","","4","3","0","0","0","0","1","2","0","4","","","","N","","","","","","","","","",""
"2020000262","1535","1","0","0","0","0","0","0","0","0","1","0","","02","12","2019","5","40.339333","-80.127887","1529","11","0","0","0","0","0","1","0","0","","0","0","0","","","0","Y","0","","40 20:21.599","","0","80 07:40.392","0","0","0","0","2119","0","0","0","N","0","0","0","2","02119","0","","1.0","","1","N","N","N","0","","0","0","1","","0","","","2","0","0","0","0","0","0","2","0","2","","03","","N","","","","","","","","","",""
"2020000267","2025","0","0","0","0","0","0","0","0","0","4","0","","02","12","2019","2","40.353907","-79.914795","2021","11","0","0","0","1","0","0","0","0","","0","0","0","","","4","","2","","40 21:14.065","3","0","79 54:53.263","3","0","0","0","2473","0","0","0","Y","0","0","0","6","02473","0","","1.0","2110.0","1","N","N","N","0","","4","0","2","","2","N","","2","4","0","0","0","0","0","2","0","2","","03","","N","","","","","","","","","",""
"2020000879","1449","0","0","0","0","0","0","0","0","0","1","0","","02","12","2019","4","40.510596","-79.790365","1435","11","0","0","0","0","0","1","0","0","","0","0","0","","","0","N","0","","40 30:38.144","","0","79 47:25.313","9","0","0","0","2466","0","0","0","N","0","0","0","2","68T02","0","","1.0","","6","N","N","N","1","","0","0","1","","0","","","2","0","0","0","0","0","1","2","0","2","","","","N","","","","","","","","","",""
"2020000261","1720","2","0","0","0","0","0","0","0","0","1","0","","02","12","2019","6","40.648563","-80.075995","1716","11","0","0","0","2","0","0","0","0","","0","0","0","","","0","Y","0","","40 38:54.825","1","0","80 04:33.582","0","0","0","0","2212","0","0","0","N","0","0","0","3","02505","0","","1.0","1735.0","1","N","N","N","0","","0","0","1","","0","N","","3","0","1","0","0","0","0","2","0","3","","","","N","","","","","","","","","",""
"2020002707","0936","1","0","0","0","0","0","0","0","0","1","0","","02","12","2019","6","40.510556","-80.21306","0933","11","0","0","0","0","0","2","0","0","","0","0","0","","","0","","0","","40 30:38.003","","0","80 12:47.017","0","0","0","0","2213","0","0","0","N","0","0","0","3","02213","0","","1.0","","1","N","N","","0","","0","0","2","","0","","","3","0","0","0","0","0","0","2","0","3","","","","N","","","","","","","","","",""
"2020004062","2230","3","0","0","0","0","0","0","0","0","1","0","","02","12","2019","6","40.529059","-79.996664","2226","11","0","0","1","0","0","1","0","0","","0","0","0","","","0","N","0","","40 31:44.614","6","0","79 59:47.990","0","0","0","0","2116","0","0","0","N","0","0","0","3","02116","0","","1.0","2315.0","1","N","N","N","0","","0","0","0","","0","Y","","3","0","1","0","0","0","0","2","0","3","","03","","N","","","","","","","","","",""
"2020000995","0600","1","0","0","0","0","0","0","0","0","7","0","","02","12","2019","1","40.505117","-80.021106","0559","11","0","0","0","0","0","0","0","0","","0","0","0","","","0","N","0","","40 30:18.422","6","0","80 01:15.981","0","0","0","0","2116","0","0","0","N","0","0","0","1","02116","0","","2.0","634.0","1","N","N","N","0","","0","0","0","","0","Y","","1","0","0","0","0","0","0","2","0","1","","","","N","","","","","","","","","",""
"2020001040","1158","3","0","0","0","0","0","0","0","0","4","0","","02","12","2019","2","40.348841","-80.017393","1151","11","0","0","0","0","0","1","1","0","","0","0","0","","","3","N","0","","40 20:55.829","","7","80 01:02.615","3","0","0","0","2407","0","0","0","N","0","0","0","4","02407","1","","1.0","","1","N","N","","1","","2","0","0","","0","","","4","3","0","0","0","0","0","2","0","4","","","","N","","","","","","","","","",""
"2020001740","1942","1","0","0","0","0","0","0","0","0","4","0","","02","12","2019","2","40.383157","-79.827797","1940","11","0","1","0","0","0","0","0","0","","0","0","0","","","1","N","1","","40 22:59.366","2","0","79 49:40.068","3","0","0","0","2111","0","0","0","N","0","0","0","3","02111","0","","1.0","1955.0","1","N","N","N","0","","1","0","1","","2","Y","","2","1","1","0","0","0","0","2","0","2","","03","","N","","","","","","","","","",""
"2020000724","0815","1","0","0","0","0","0","0","0","0","1","0","","02","12","2019","4","40.526086","-80.158118","0759","11","0","0","0","0","0","0","0","0","","0","0","0","","","1","Y","0","","40 31:33.910","","0","80 09:29.225","4","0","0","0","2436","0","0","0","N","0","0","0","3","68B03","1","","1.0","","1","N","N","N","0","","0","0","1","","0","","","2","1","0","0","0","0","0","2","0","2","","03","","N","","","","","","","","","",""
"2020000746","1936","1","0","0","0","0","0","0","0","0","7","0","","02","12","2019","1","40.429039","-79.940502","1912","11","0","0","0","0","0","0","0","0","2","0","0","0","","","1","","0","","40 25:44.542","3","0","79 56:25.807","8","0","0","0","2301","0","0","0","N","0","0","0","1","68B03","0","","3.0","","9","N","N","","0","","0","0","0","","0","N","","1","1","0","0","0","1","0","2","0","1","","","","N","","","","","","","","","",""
"2020000734","0750","1","0","0","0","0","0","0","0","0","1","0","","02","12","2019","4","40.423164","-80.099623","0742","11","0","0","0","0","0","2","0","0","","0","0","0","","","0","N","7","","40 25:23.392","","0","80 05:58.642","0","0","0","0","2115","0","0","0","N","0","0","0","3","68B03","0","","1.0","","1","N","N","N","1","","0","0","1","","0","","","3","0","0","0","0","0","0","2","0","3","","03","","N","","","","","","","","","",""