"CRN","ARRIVAL_TM","AUTOMOBILE_COUNT","BELTED_DEATH_COUNT","BELTED_SUSP_SERIOUS_INJ_COUNT","BICYCLE_COUNT","BICYCLE_DEATH_COUNT","BICYCLE_SUSP_SERIOUS_INJ_COUNT","BUS_COUNT","CHLDPAS_DEATH_COUNT","CHLDPAS_SUSP_SERIOUS_INJ_COUNT","COLLISION_TYPE","COMM_VEH_COUNT","CONS_ZONE_SPD_LIM","COUNTY","CRASH_MONTH","CRASH_YEAR","DAY_OF_WEEK","DEC_LATITUDE","DEC_LONGITUDE","DISPATCH_TM","DISTRICT","DRIVER_COUNT_16YR","DRIVER_COUNT_17YR","DRIVER_COUNT_18YR","DRIVER_COUNT_19YR","DRIVER_COUNT_20YR","DRIVER_COUNT_50_64YR","DRIVER_COUNT_65_74YR","DRIVER_COUNT_75PLUS","EST_HRS_CLOSED","FATAL_COUNT","HEAVY_TRUCK_COUNT","HORSE_BUGGY_COUNT","HOUR_OF_DAY","ILLUMINATION","INJURY_COUNT","INTERSECTION_RELATED","INTERSECT_TYPE","LANE_CLOSED","LATITUDE","LN_CLOSE_DIR","LOCATION_TYPE","LONGITUDE","MAX_SEVERITY_LEVEL","MCYCLE_DEATH_COUNT","MCYCLE_SUSP_SERIOUS_INJ_COUNT","MOTORCYCLE_COUNT","MUNICIPALITY","NONMOTR_COUNT","NONMOTR_DEATH_COUNT","NONMOTR_SUSP_SERIOUS_INJ_COUNT","NTFY_HIWY_MAINT","PED_COUNT","PED_DEATH_COUNT","PED_SUSP_SERIOUS_INJ_COUNT","PERSON_COUNT","POLICE_AGCY","POSSIBLE_INJ_COUNT","RDWY_SURF_TYPE_CD","RELATION_TO_ROAD","ROADWAY_CLEARED","ROAD_CONDITION","SCH_BUS_IND","SCH_ZONE_IND","SECONDARY_CRASH","SMALL_TRUCK_COUNT","SPEC_JURIS_CD","SUSP_MINOR_INJ_COUNT","SUSP_SERIOUS_INJ_COUNT","SUV_COUNT","TCD_FUNC_CD","TCD_TYPE","TFC_DETOUR_IND","TIME_OF_DAY","TOTAL_UNITS","TOT_INJ_COUNT","UNBELTED_OCC_COUNT","UNB_DEATH_COUNT","UNB_SUSP_SERIOUS_INJ_COUNT","UNK_INJ_DEG_COUNT","UNK_INJ_PER_COUNT","URBAN_RURAL","VAN_COUNT","VEHICLE_COUNT","WEATHER1","WEATHER2","WORKERS_PRES","WORK_ZONE_IND","WORK_ZONE_LOC","WORK_ZONE_TYPE","WZ_CLOSE_DETOUR","WZ_FLAGGER","WZ_LAW_OFFCR_IND","WZ_LN_CLOSURE","WZ_MOVING","WZ_OTHER","WZ_SHLDER_MDN","WZ_WORKERS_INJ_KILLED"
"2020004407","1812","3","0","0","0","0","0","0","0","0","1","0","","02","12","2019","7","40.438874","-79.86208","1812","11","0","0","1","0","0","2","0","0","","0","0","0","","","3","N","0","","40 26:19.946","4","0","79 51:43.487","4","0","0","0","2419","0","0","0","N","0","0","0","14","68B03","3","","1.0","1830.0","1","N","N","N","0","","0","0","2","","0","N","","5","3","0","0","0","0","0","2","0","5","","","","N","","","","","","","","","",""
"2020000518","1721","1","0","0","0","0","0","0","0","0","4","0","","02","12","2019","1","40.35577","-80.113904","1719","11","0","0","0","0","0","1","0","0","1","0","0","0","","","2","","1","","40 21:20.772","1","0","80 06:50.055","8","0","0","0","2414","0","0","0","N","0","0","0","3","02414","0","","1.0","","9","N","N","","0","","0","0","1","","1","Y","","2","2","0","0","0","2","0","2","0","2","","","","N","","","","","","","","","",""
"2020001943","0605","0","0","0","0","0","0","0","0","0","4","0","","02","12","2019","1","40.429179","-79.921213","0550","11","0","0","0","0","0","0","0","0","","0","0","0","","","0","N","1","","40 25:45.044","6","0","79 55:16.366","0","0","0","0","2301","0","0","0","N","0","0","0","2","02301","0","","1.0","645.0","9","N","N","N","1","","0","0","1","","1","N","","2","0","0","0","0","0","0","2","0","2","","","","N","","","","","","","","","",""
"2020000703","1313","1","0","0","0","0","0","0","0","0","4","0","","02","12","2019","7","40.335281","-80.051166","1308","11","0","0","0","1","0","0","0","0","","0","0","0","","","0","","2","","40 20:07.011","","0","80 03:04.197","0","0","0","0","2407","0","0","0","N","0","0","0","4","02407","0","","1.0","","1","N","N","","1","","0","0","0","","2","","","2","0","0","0","0","0","0","2","0","2","","","","N","","","","","","","","","",""
"2020004986","0214","0","0","1","0","0","0","0","0","0","7","0","","02","12","2019","2","40.339958","-79.900446","0212","11","0","0","0","0","0","0","0","0","","0","0","0","","","2","N","0","","40 20:23.849","7","1","79 54:01.607","2","0","0","0","2473","0","0","0","N","0","0","0","2","02473","0","","4.0","300.0","1","N","N","N","0","","1","1","1","","0","Y","","1","2","1","0","0","0","0","2","0","1","","03","","N","","","","","","","","","",""
"2020000519","1035","2","0","0","0","0","0","0","0","0","4","0","","02","12","2019","2","40.358332","-80.105266","1035","11","0","0","0","0","0","0","0","0","","0","0","0","","","0","","2","","40 21:29.995","","0","80 06:18.957","0","0","0","0","2414","0","0","0","N","0","0","0","2","02414","0","","1.0","","1","N","N","","0","","0","0","0","","0","","","2","0","0","0","0","0","0","2","0","2","","","","N","","","","","","","","","",""
"2020003308","1805","2","0","0","0","0","0","0","0","0","1","0","","02","12","2019","2","40.438586","-79.743388","1757","11","0","0","0","0","0","0","0","2","","0","0","0","","","0","Y","0","","40 26:18.909","3","0","79 44:36.196","0","0","0","0","2446","0","0","0","N","0","0","0","2","02446","0","","1.0","1820.0","1","Y","N","N","0","","0","0","0","","2","N","","2","0","0","0","0","0","0","2","0","2","","03","","N","","","","","","","","","",""
"2020004392","1135","1","0","0","0","0","0","0","0","0","5","0","","02","12","2019","5","40.468395","-80.234197","1117","11","0","0","0","0","0","0","0","0","","0","0","0","","","0","N","0","","40 28:06.223","3","0","80 14:03.110","0","0","0","0","2203","0","0","0","Y","0","0","0","2","68B03","0","","1.0","1215.0","1","N","N","N","0","","0","0","1","","0","N","","2","0","0","0","0","0","0","2","0","2","","03","","N","","","","","","","","","",""
"2020000706","1810","1","0","0","0","0","0","0","0","0","7","0","","02","12","2019","5","40.352482","-80.150209","1810","11","1","0","0","0","0","0","0","0","","0","0","0","","","0","","3","","40 21:08.935","","0","80 09:00.752","0","0","0","0","2119","0","0","0","N","0","0","0","1","02119","0","","5.0","","1","N","N","N","0","","0","0","0","","0","","","1","0","0","0","0","0","0","2","0","1","","03","","N","","","","","","","","","",""
"2020005253","","1","0","0","0","0","0","0","0","0","1","1","","02","1","2019","3","40.440279","-80.082158","","11","0","0","0","0","0","0","0","0","","0","1","0","","","1","Y","0","","40 26:25.006","","3","80 04:55.769","4","0","0","0","2301","0","0","0","N","0","0","0","3","00000","1","","1.0","","1","N","Y","N","0","","0","0","0","","2","","","3","1","0","0","0","0","0","2","0","3","","","","N","","","","","","","","","",""
"2020003014","1412","1","0","0","0","0","0","0","0","0","7","0","","02","12","2019","4","40.373556","-79.781147","1406","11","0","0","0","0","0","0","0","1","","0","0","0","","","0","N","11","","40 22:24.801","","0","79 46:52.129","0","0","0","0","2111","0","0","0","N","0","0","0","1","02111","0","","5.0","","7","N","N","N","0","","0","0","0","","3","","","1","0","0","0","0","0","0","2","0","1","","10","","N","","","","","","","","","",""
"2020003873","2316","0","0","1","0","0","0","0","0","0","2","0","","02","12","2019","7","40.3585","-80.049726","2311","11","0","0","0","0","0","1","0","0","","0","0","0","","","2","N","0","","40 21:30.601","5","0","80 02:59.013","2","0","0","0","2109","0","0","0","N","0","0","0","2","02109","0","","1.0","417.0","1","N","N","N","2","","0","2","0","","0","Y","","2","2","1","0","1","0","0","2","0","2","","","","N","","","","","","","","","",""
"2020001296","1408","0","0","0","0","0","0","0","0","0","4","0","","02","12","2019","3","40.426264","-79.963573","1400","11","0","0","0","0","0","2","0","0","","0","1","0","","","1","N","1","","40 25:34.552","","0","79 57:48.863","4","0","0","0","2301","0","0","0","N","0","0","0","2","02301","1","","1.0","","1","N","N","N","0","","0","0","1","","2","","","2","1","0","0","0","0","0","2","0","2","","","","N","","","","","","","","","",""
"2020001876","2259","0","0","0","0","0","0","0","0","0","5","0","","02","12","2019","2","40.315196","-80.100579","2251","11","0","0","0","0","0","0","0","1","","0","0","0","","","0","Y","0","","40 18:54.704","4","0","80 06:02.086","9","0","0","0","2123","0","0","0","N","0","0","0","2","02123","0","","1.0","13.0","9","N","N","N","0","","0","0","2","","0","N","","2","0","0","0","0","0","1","2","0","2","","","","N","","","","","","","","","",""
"2020002489","1357","2","0","0","0","0","0","0","0","0","5","0","","02","12","2019","4","40.510237","-80.094597","1357","11","0","0","0","1","0","0","0","0","","0","0","0","","","0","N","1","","40 30:36.852","","0","80 05:40.550","0","0","0","0","2429","0","0","0","N","0","0","0","2","02215","0","","1.0","","1","N","N","N","0","","0","0","0","","0","N","","2","0","0","0","0","0","0","2","0","2","","03","","N","","","","","","","","","",""
"2020000608","2354","3","0","0","0","0","0","0","0","0","4","0","","02","12","2019","2","40.413356","-80.076905","2348","11","0","0","0","0","0","0","0","0","","0","0","0","","","0","N","0","","40 24:48.081","","0","80 04:36.858","0","0","0","0","2117","0","0","0","N","0","0","0","1","02117","0","","4.0","","1","N","N","N","0","","0","0","0","","0","","","3","0","0","0","0","0","0","2","0","3","","03","","N","","","","","","","","","",""
"2020002256","1902","0","0","0","0","0","0","0","0","0","1","0","","02","12","2019","2","40.438721","-79.74712","1855","11","0","0","0","0","0","1","0","0","","0","0","0","","","1","N","0","","40 26:19.396","4","0","79 44:49.633","3","0","0","0","2446","0","0","0","N","0","0","0","2","02446","0","","1.0","2000.0","1","N","N","N","1","","1","0","0","","0","N","","2","1","0","0","0","0","0","2","0","2","","03","","N","","","","","","","","","",""
"2020000282","0252","1","0","0","0","0","0","0","0","0","7","0","","02","12","2019","1","40.468997","-80.00906","0252","11","0","0","0","0","0","1","0","0","","0","0","0","","","0","N","0","","40 28:08.390","","0","80 00:32.615","0","0","0","0","2301","0","0","0","N","0","0","0","1","02301","0","","5.0","","1","N","N","N","0","","0","0","0","","0","","","1","0","0","0","0","0","0","2","0","1","","03","","N","","","","","","","","","",""
"2020000942","2203","2","0","0","0","0","0","0","0","0","4","0","","02","12","2019","5","40.343531","-79.970134","2159","11","0","0","0","0","0","0","0","0","","0","0","0","","","1","","1","","40 20:36.711","5","0","79 58:12.481","3","0","0","0","2403","0","0","0","Y","0","0","0","4","02403","0","","1.0","2223.0","9","N","N","N","0","","1","0","0","","2","N","","2","1","0","0","0","0","0","2","0","2","","","","N","","","","","","","","","",""
"2020004914","","1","0","0","0","0","0","0","0","0","1","0","","02","1","2019","4","40.435679","-79.963526","","11","0","0","0","0","0","0","0","0","","0","0","0","","","0","N","0","","40 26:08.446","","0","79 57:48.694","0","0","0","0","2301","0","0","0","N","0","0","0","3","00000","0","","1.0","","9","N","N","N","0","","0","0","1","","0","","","3","0","0","0","0","0","0","2","0","3","","","","N","","","","","","","","","",""
"2020003376","","1","0","0","0","0","0","0","0","0","7","0","","02","12","2019","1","40.461689","-80.152058","","11","0","0","0","0","0","0","0","0","","0","0","0","","","0","N","3","","40 27:42.082","","0","80 09:07.409","0","0","0","0","2115","0","0","0","Y","0","0","0","1","02115","0","","2.0","","1","N","N","N","0","","0","0","0","","0","","","1","0","0","0","0","0","0","2","0","1","","03","","N","","","","","","","","","",""
"2020051264","1451","1","0","0","0","0","0","0","0","0","98","0","","02","9","2019","1","40.390561","-79.833","1449","11","0","0","0","0","0","0","1","0","","0","0","0","","","0","N","0","","40 23:26.021","4","3","79 49:58.800","0","0","0","0","2111","0","0","0","N","0","0","0","2","02111","0","","1.0","1515.0","1","N","N","N","1","","0","0","0","","0","N","","2","0","0","0","0","0","0","2","0","2","","","","N","","","","","","","","","",""
"2020110956","0553","2","0","0","0","0","0","0","0","0","5","1","","02","1","2019","5","40.395775","-80.033054","0551","11","0","0","0","0","0","2","0","0","","0","1","0","","","1","","2","","40 23:44.789","","0","80 01:58.993","3","0","0","0","2422","0","0","0","N","0","0","0","3","02422","0","","1.0","","9","N","N","","0","","1","0","0","3","2","","","3","1","0","0","0","0","0","2","0","3","","","","N","","","","","","","","","",""
"2020110971","1521","0","0","0","0","0","0","0","0","0","4","0","","02","3","2019","5","40.391356","-80.039023","1520","11","1","0","0","0","0","0","0","0","","0","0","0","","","1","N","0","","40 23:28.882","2","7","80 02:20.482","8","0","0","0","2422","0","0","0","N","0","0","0","2","02422","0","","1.0","1630.0","1","N","N","","0","","0","0","2","0","0","N","","2","1","0","0","0","1","0","2","0","2","","","","N","","","","","","","","","",""
"2020110967","2334","0","0","0","0","0","0","0","0","0","4","0","","02","2","2019","5","40.385285","-80.040238","2334","11","0","0","1","0","0","0","0","0","","0","0","0","23","","0","N","0","","40 23:07.025","6","0","80 02:24.858","0","0","0","0","2422","0","0","0","N","0","0","0","5","02422","0","","1.0","30.0","7","N","N","","0","","0","0","2","","0","Y","2334","2","0","0","0","0","0","0","2","0","2","","","","N","","","","","","","","","",""
"2020110969","2334","1","0","0","0","0","0","0","0","0","7","0","","02","2","2019","5","40.384783","-80.039615","2334","11","0","0","0","0","0","0","1","0","","0","0","0","23","","0","","2","","40 23:05.217","7","0","80 02:22.615","0","0","0","0","2422","0","0","0","N","0","0","0","3","02422","0","","4.0","30.0","7","N","N","N","0","","0","0","0","","0","Y","2334","1","0","0","0","0","0","0","2","0","1","","","","N","","","","","","","","","",""
"2020110974","2109","0","0","0","0","0","0","0","0","0","4","0","","02","3","2019","4","40.38778","-80.035337","2104","11","0","1","0","0","0","1","0","0","","0","0","0","21","","0","","2","","40 23:16.008","","0","80 02:07.213","0","0","0","0","2422","0","0","0","N","0","0","0","2","02422","0","","1.0","","1","N","N","","2","","0","0","0","","0","","2104","2","0","0","0","0","0","0","2","0","2","","","","N","","","","","","","","","",""
"2020099137","0645","2","0","0","0","0","0","0","0","0","2","0","","02","4","2019","5","40.403847","-79.883073","0639","11","0","0","0","0","1","0","0","0","","0","0","0","","","2","N","2","","40 24:13.850","","99","79 52:59.062","8","0","0","0","2475","0","0","0","N","0","0","0","4","02475","0","","9.0","","1","N","N","N","0","","0","0","0","3","2","","","2","2","0","0","0","2","0","2","0","2","","98","","N","","","","","","","","","",""
"2021027407","1907","1","0","0","0","0","0","1","0","0","8","1","","02","11","2019","3","40.408892","-79.905443","1907","11","0","0","0","0","0","0","1","0","","0","0","0","","","1","N","2","","40 24:32.010","3","0","79 54:19.595","8","0","0","0","2448","1","0","0","N","1","0","0","5","02448","0","","1.0","1920.0","1","N","N","N","0","","0","0","0","3","2","N","","3","1","0","0","0","1","0","2","0","2","","03","","N","","","","","","","","","",""
"2023037419","2225","1","0","0","0","0","0","0","0","0","4","0","","02","2","2019","2","40.430024","-79.811498","2217","11","0","0","0","0","0","0","0","0","","0","0","0","","","0","N","2","","40 25:48.088","","7","79 48:41.391","0","0","0","0","2124","0","0","0","N","0","0","0","2","02124","0","","1.0","","1","N","N","N","0","","0","0","1","3","2","","","2","0","0","0","0","0","0","2","0","2","","03","","N","","","","","","","","","",""
"2023037765","1938","2","0","0","0","0","0","0","0","0","4","0","","02","5","2019","4","40.43075","-79.805205","1938","11","0","0","0","0","0","0","0","0","","0","0","0","","","1","N","0","","40 25:50.701","","7","79 48:18.737","8","0","0","0","2124","0","0","0","N","0","0","0","3","02124","0","","1.0","","1","N","N","","0","","0","0","0","3","2","","","2","1","0","0","0","1","1","2","0","2","","","","N","","","","","","","","","",""
"2021004199","0724","0","0","0","0","0","0","0","0","0","1","0","","02","6","2019","7","40.392085","-80.038065","0723","11","0","0","0","0","0","0","0","0","","0","0","0","","","0","","2","","40 23:31.507","","0","80 02:17.033","0","0","0","0","2422","0","0","0","N","0","0","0","1","02422","0","","1.0","","99","N","N","","2","","0","0","0","0","0","","","2","0","1","0","0","0","0","2","0","2","","","","N","","","","","","","","","",""
"2021004497","0822","2","0","0","0","0","0","0","0","0","4","0","","02","9","2019","5","40.394256","-80.035335","0819","11","0","0","0","0","0","0","0","0","","0","0","0","","","2","","2","","40 23:39.321","","0","80 02:07.205","3","0","0","0","2422","0","0","0","N","0","0","0","2","02422","1","","1.0","","99","N","N","","0","","1","0","0","0","0","","","2","2","0","0","0","0","0","2","0","2","","","","N","","","","","","","","","",""
"2021004794","1704","1","0","0","0","0","0","0","0","0","4","0","","02","11","2019","2","40.397046","-80.029712","1658","11","0","0","0","0","0","0","0","0","","0","0","0","","","1","","2","","40 23:49.366","2","0","80 01:46.963","4","0","0","0","2422","0","0","0","N","0","0","0","3","02422","1","","1.0","1745.0","99","N","N","","0","","0","0","1","0","0","N","","2","1","0","0","0","0","0","2","0","2","","","","N","","","","","","","","","",""
"2021004472","0834","1","0","0","0","0","0","0","0","0","8","0","","02","7","2019","6","40.395013","-80.034227","0831","11","0","0","0","0","0","0","0","0","","0","0","0","","","2","","2","","40 23:42.047","","0","80 02:03.217","8","0","0","0","2422","2","0","0","N","2","0","0","3","02422","0","","1.0","","1","N","N","","0","","0","0","0","3","2","","","3","2","0","0","0","2","0","2","0","1","","","","N","","","","","","","","","",""
"2021004803","1022","1","0","0","0","0","0","0","0","0","4","0","","02","12","2019","3","40.393813","-80.040391","1022","11","0","0","0","0","0","0","1","0","","0","0","0","","","0","","1","","40 23:37.726","","0","80 02:25.407","0","0","0","0","2422","0","0","0","N","0","0","0","2","02422","0","","1.0","","99","N","N","","0","","0","0","1","3","3","","","2","0","0","0","0","0","0","2","0","2","","","","N","","","","","","","","","",""
"2021004204","1808","2","0","0","0","0","0","0","0","0","4","0","","02","6","2019","6","40.385621","-80.040618","1806","11","0","0","0","0","0","0","1","0","","0","0","0","","","0","","2","","40 23:08.234","6","0","80 02:26.223","0","0","0","0","2422","0","0","0","N","0","0","0","2","02422","0","","1.0","1910.0","1","N","N","","0","","0","0","0","0","0","Y","","2","0","0","0","0","0","0","2","0","2","","","","N","","","","","","","","","",""
"2021004481","1001","2","0","0","0","0","0","0","0","0","1","0","","02","8","2019","6","40.396117","-80.046431","0958","11","0","0","0","1","0","0","0","1","","0","0","0","","","0","","2","","40 23:46.021","","0","80 02:47.153","0","0","0","0","2109","0","0","0","N","0","0","0","2","02422","0","","1.0","","99","N","N","","0","","0","0","0","0","0","","","2","0","1","0","0","0","0","2","0","2","","","","N","","","","","","","","","",""
"2021004798","1116","0","0","0","0","0","0","0","0","0","1","0","","02","11","2019","7","40.396771","-80.030704","1114","11","0","1","0","0","0","0","0","0","","0","0","0","","","0","N","0","","40 23:48.377","","0","80 01:50.536","0","0","0","0","2422","0","0","0","N","0","0","0","5","02422","0","","1.0","","99","N","N","","0","","0","0","2","0","0","","","2","0","1","0","0","0","0","2","0","2","","","","N","","","","","","","","","",""
"2021004801","0855","0","0","0","0","0","0","0","0","0","4","0","","02","11","2019","4","40.394226","-80.030338","0853","11","0","0","0","0","0","1","0","0","","0","0","0","","","0","","2","","40 23:39.213","","0","80 01:49.216","0","0","0","0","2422","0","0","0","N","0","0","0","2","02422","0","","1.0","","99","N","N","","0","","0","0","2","3","3","","","2","0","0","0","0","0","0","2","0","2","","","","N","","","","","","","","","",""
"2021004477","1920","0","0","0","0","0","0","0","0","0","4","0","","02","7","2019","1","40.395712","-80.033297","1918","11","0","0","0","0","0","1","0","1","","0","0","0","","","1","Y","0","","40 23:44.562","","7","80 01:59.869","4","0","0","1","2422","0","0","0","N","0","0","0","2","02422","1","","1.0","","99","N","N","","1","","0","0","0","0","0","","","2","1","0","0","0","0","0","2","0","2","","","","N","","","","","","","","","",""
"2021004209","1659","2","0","0","0","0","0","0","0","0","2","0","","02","7","2019","6","40.399304","-80.044543","1657","11","0","0","0","0","0","1","0","0","","0","0","0","","","0","","2","","40 23:57.493","","0","80 02:40.355","0","0","0","0","2422","0","0","0","N","0","0","0","2","02422","0","","1.0","","1","N","N","","0","","0","0","0","3","2","","","2","0","0","0","0","0","0","2","0","2","","","","N","","","","","","","","","",""
"2021004200","1249","1","0","0","0","0","0","0","0","0","8","0","","02","6","2019","5","40.39369","-80.036212","1248","11","0","0","0","0","0","0","0","1","","0","0","0","","","1","","2","","40 23:37.283","","0","80 02:10.363","3","0","0","0","2422","1","0","0","N","1","0","0","2","02422","0","","1.0","","1","N","N","","0","","1","0","0","3","2","","","2","1","0","0","0","0","0","2","0","1","","","","N","","","","","","","","","",""
"2021004498","1250","0","0","0","0","0","0","0","0","0","4","0","","02","9","2019","1","40.400216","-80.036712","1247","11","0","0","0","0","0","0","0","0","","0","0","0","","","1","","1","","40 24:00.778","","0","80 02:12.162","4","0","0","0","2422","0","0","0","N","0","0","0","1","02422","1","","5.0","","99","N","N","","0","","0","0","2","3","3","","","2","1","1","0","0","0","0","2","0","2","","","","N","","","","","","","","","",""
"2021003743","1632","1","0","0","0","0","0","0","0","0","2","0","","02","4","2019","3","40.398673","-80.034409","1628","11","0","0","0","0","0","0","0","0","","0","0","0","","","0","","1","","40 23:55.223","","0","80 02:03.874","0","0","0","0","2422","0","0","0","N","0","0","0","6","02422","0","","1.0","","1","N","N","Y","0","","0","0","1","0","0","","","2","0","0","0","0","0","0","2","0","2","","","","N","","","","","","","","","",""
"2023037424","1446","2","0","0","0","0","0","0","0","0","1","0","","02","9","2019","1","40.431482","-79.803426","1446","11","0","0","0","0","0","0","1","0","","0","0","0","","","4","N","0","","40 25:53.336","4","3","79 48:12.332","4","0","0","0","2124","0","0","0","N","0","0","0","5","02124","4","","1.0","1500.0","1","N","N","N","0","","0","0","1","0","0","N","","3","4","1","0","0","0","0","2","0","3","","03","","N","","","","","","","","","",""
"2021003781","0744","1","0","0","0","0","0","0","0","0","8","0","","02","6","2019","3","40.393257","-80.036694","0743","11","0","0","0","0","0","1","0","0","","0","0","0","","","1","","2","","40 23:35.726","","0","80 02:12.097","4","0","0","0","2422","1","0","0","N","1","0","0","2","02422","1","","1.0","","99","N","N","","0","","0","0","0","3","2","","","2","1","1","0","0","0","0","2","0","1","","","","N","","","","","","","","","",""
"2023037904","0901","3","0","1","0","0","0","0","0","0","5","0","","02","4","2019","2","40.429924","-79.808451","0859","11","0","0","0","0","0","0","0","0","","0","0","0","","","2","N","0","","40 25:47.725","4","0","79 48:30.423","2","0","0","0","2124","0","0","0","N","0","0","0","3","02124","0","","1.0","914.0","1","N","N","N","0","","1","1","0","3","2","N","","3","2","0","0","0","0","0","2","0","3","","","","N","","","","","","","","","",""
"2021003756","0643","1","0","0","0","0","0","0","0","0","1","0","","02","4","2019","5","40.394232","-80.035369","0640","11","0","0","0","0","0","0","0","0","","0","0","0","","","0","N","0","","40 23:39.235","","0","80 02:07.329","0","0","0","0","2422","0","0","0","N","0","0","0","4","02422","0","","1.0","","99","N","N","Y","0","","0","0","1","0","0","","","2","0","1","0","0","0","0","2","0","2","","","","N","","","","","","","","","",""
"2021003780","1451","0","0","0","0","0","0","0","0","0","1","0","","02","5","2019","5","40.393389","-80.041083","1448","11","0","0","2","0","0","0","0","0","","0","0","0","","","2","N","0","","40 23:36.200","4","0","80 02:27.900","4","0","0","0","2422","0","0","0","N","0","0","0","10","02422","2","","1.0","1545.0","99","N","N","","0","","0","0","3","0","0","Y","","3","2","0","0","0","0","1","2","0","3","","","","N","","","","","","","","","",""
"2023037638","1435","2","0","0","0","0","0","0","0","0","4","0","","02","12","2019","1","40.43075","-79.805205","1427","11","0","0","0","0","0","1","0","0","","0","0","0","","","2","N","0","","40 25:50.701","3","7","79 48:18.737","3","0","0","0","2124","0","0","0","N","0","0","0","2","02124","1","","1.0","1500.0","1","N","N","","0","","1","0","0","3","2","N","","2","2","0","0","0","0","0","2","0","2","","03","","N","","","","","","","","","",""
"2021003760","0844","2","0","0","0","0","0","0","0","0","4","0","","02","5","2019","2","40.397667","-80.032623","0838","11","0","0","0","0","0","0","0","0","","0","0","0","","","0","","1","","40 23:51.601","","0","80 01:57.442","0","0","0","0","2422","0","0","0","N","0","0","0","2","02422","0","","1.0","","99","N","N","N","0","","0","0","0","0","0","","","2","0","0","0","0","0","0","2","0","2","","","","N","","","","","","","","","",""
"2021003772","0948","1","0","0","0","0","0","0","0","0","4","0","","02","5","2019","6","40.395463","-80.033566","0945","11","0","0","0","1","0","1","0","0","","0","0","0","","","1","N","0","","40 23:43.665","","7","80 02:00.839","3","0","0","1","2422","0","0","0","N","0","0","0","2","02422","0","","1.0","","99","N","N","","0","","1","0","0","0","0","","","2","1","0","0","0","0","0","2","0","2","","","","N","","","","","","","","","",""
"2023037771","0024","1","0","0","0","0","0","0","0","0","4","0","","02","11","2019","3","40.430024","-79.811498","0011","11","0","0","0","1","0","1","0","0","","0","0","0","","","0","N","2","","40 25:48.088","","7","79 48:41.391","0","0","0","0","2124","0","0","0","N","0","0","0","3","02124","0","","1.0","","1","N","N","N","1","","0","0","0","3","2","","","2","0","0","0","0","0","0","2","0","2","","04","","N","","","","","","","","","",""
"2023037895","1744","1","0","0","0","0","0","0","0","0","1","0","","02","8","2019","4","40.432261","-79.801206","1744","11","0","0","0","1","0","1","0","0","","0","0","0","","","0","N","0","","40 25:56.141","4","3","79 48:04.343","0","0","0","0","2124","0","0","0","N","0","0","0","4","02124","0","","1.0","1800.0","1","N","N","N","0","","0","0","2","0","0","N","","3","0","0","0","0","0","0","2","0","3","","03","","N","","","","","","","","","",""
"2023037906","2118","1","0","0","0","0","0","0","0","0","1","0","","02","8","2019","7","40.430013","-79.808578","2116","11","0","0","0","0","0","1","0","0","","0","0","0","","","1","N","2","","40 25:48.047","","7","79 48:30.881","8","0","0","0","2124","0","0","0","N","0","0","0","5","02124","0","","1.0","","1","N","N","","0","","0","0","2","3","2","","","3","1","0","0","0","1","0","2","0","3","","03","","N","","","","","","","","","",""
"2023037512","2040","1","0","0","0","0","0","0","0","0","5","0","","02","10","2019","4","40.430666","-79.814516","2037","11","0","0","0","0","0","0","0","0","","0","0","0","","","0","N","0","","40 25:50.398","","7","79 48:52.259","0","0","0","0","2124","0","0","0","N","0","0","0","2","02124","0","","1.0","","1","N","N","N","0","","0","0","1","0","0","","","2","0","0","0","0","0","0","2","0","2","","","","N","","","","","","","","","",""
"2023037892","1316","1","0","0","0","0","0","0","0","0","4","0","","02","3","2019","1","40.429909","-79.808562","1310","11","0","0","0","0","0","0","0","1","","0","0","0","","","1","N","2","","40 25:47.671","4","7","79 48:30.823","4","0","0","0","2124","0","0","0","N","0","0","0","2","02124","1","","1.0","1340.0","1","N","N","N","0","","0","0","1","3","2","N","","2","1","0","0","0","0","0","2","0","2","","03","","N","","","","","","","","","",""
"2021004500","1550","3","0","0","0","0","0","0","0","0","2","0","","02","10","2019","6","40.397046","-80.029712","1547","11","0","0","0","0","0","0","1","0","","0","0","0","","","1","","2","","40 23:49.366","2","0","80 01:46.963","3","0","0","0","2422","0","0","0","N","0","0","0","4","02422","0","","1.0","1630.0","99","N","N","","0","","1","0","0","0","0","N","","3","1","0","0","0","0","0","2","0","3","","","","N","","","","","","","","","",""
"2023037611","1205","1","0","0","0","0","0","0","0","0","5","0","","02","6","2019","2","40.430512","-79.806227","1200","11","0","0","0","0","0","0","0","1","","0","0","0","","","0","N","0","","40 25:49.842","4","0","79 48:22.417","0","0","0","0","2124","0","0","0","N","0","0","0","3","02124","0","","1.0","1245.0","1","N","N","","0","","0","0","1","0","0","N","","2","0","0","0","0","0","0","2","0","2","","03","","N","","","","","","","","","",""
"2023037905","0137","1","0","0","0","0","0","0","0","0","98","0","","02","7","2019","1","40.430811","-79.805331","0133","11","0","0","0","1","0","0","0","0","","0","0","0","","","0","N","0","","40 25:50.920","","0","79 48:19.190","0","0","0","0","2124","0","0","0","N","0","0","0","1","02124","0","","1.0","","1","N","N","N","0","","0","0","0","0","0","","","1","0","0","0","0","0","0","2","0","1","","03","","N","","","","","","","","","",""